ticker,date,category,agreement_score,directional_agreement,thesis_similarity,avg_target_price,num_models,calls_json
AAPL,2022-09-30,large_cap,0.5748,0.75,0.3121,129.38,4,"[{""model"": ""Simulated-AI-Momentum-Quant"", ""call"": ""sell"", ""target_price"": 118.52, ""thesis"": ""Persistent negative price trajectory (-12.5%) indicates structural distribution headwinds.""}, {""model"": ""Simulated-AI-Fundamental-Value"", ""call"": ""buy"", ""target_price"": 156.7, ""thesis"": ""Recent price softening provides an attractive risk-adjusted entry point against fundamental book value.""}, {""model"": ""Simulated-AI-Quality-Compounder"", ""call"": ""sell"", ""target_price"": 120.3, ""thesis"": ""Heightened earnings volatility and cyclical margin pressures elevate downside risk.""}, {""model"": ""Simulated-AI-Macro-Tactical"", ""call"": ""sell"", ""target_price"": 122.0, ""thesis"": ""Macro headwinds and declining momentum justify a defensive posture.""}]"
MSFT,2022-09-30,large_cap,0.5752,0.75,0.313,215.48,4,"[{""model"": ""Simulated-AI-Momentum-Quant"", ""call"": ""sell"", ""target_price"": 194.2, ""thesis"": ""Persistent negative price trajectory (-10.6%) indicates structural distribution headwinds.""}, {""model"": ""Simulated-AI-Fundamental-Value"", ""call"": ""buy"", ""target_price"": 262.69, ""thesis"": ""Recent price softening provides an attractive risk-adjusted entry point against fundamental book value.""}, {""model"": ""Simulated-AI-Quality-Compounder"", ""call"": ""sell"", ""target_price"": 202.17, ""thesis"": ""Heightened earnings volatility and cyclical margin pressures elevate downside risk.""}, {""model"": ""Simulated-AI-Macro-Tactical"", ""call"": ""sell"", ""target_price"": 202.85, ""thesis"": ""Macro headwinds and declining momentum justify a defensive posture.""}]"
NVDA,2022-09-30,large_cap,0.5744,0.75,0.311,11.52,4,"[{""model"": ""Simulated-AI-Momentum-Quant"", ""call"": ""sell"", ""target_price"": 10.44, ""thesis"": ""Persistent negative price trajectory (-12.9%) indicates structural distribution headwinds.""}, {""model"": ""Simulated-AI-Fundamental-Value"", ""call"": ""buy"", ""target_price"": 13.92, ""thesis"": ""Recent price softening provides an attractive risk-adjusted entry point against fundamental book value.""}, {""model"": ""Simulated-AI-Quality-Compounder"", ""call"": ""sell"", ""target_price"": 10.84, ""thesis"": ""Heightened earnings volatility and cyclical margin pressures elevate downside risk.""}, {""model"": ""Simulated-AI-Macro-Tactical"", ""call"": ""sell"", ""target_price"": 10.89, ""thesis"": ""Macro headwinds and declining momentum justify a defensive posture.""}]"
AMZN,2022-09-30,large_cap,0.5759,0.75,0.3146,107.51,4,"[{""model"": ""Simulated-AI-Momentum-Quant"", ""call"": ""sell"", ""target_price"": 98.9, ""thesis"": ""Persistent negative price trajectory (-11.6%) indicates structural distribution headwinds.""}, {""model"": ""Simulated-AI-Fundamental-Value"", ""call"": ""buy"", ""target_price"": 129.95, ""thesis"": ""Recent price softening provides an attractive risk-adjusted entry point against fundamental book value.""}, {""model"": ""Simulated-AI-Quality-Compounder"", ""call"": ""sell"", ""target_price"": 99.5, ""thesis"": ""Heightened earnings volatility and cyclical margin pressures elevate downside risk.""}, {""model"": ""Simulated-AI-Macro-Tactical"", ""call"": ""sell"", ""target_price"": 101.7, ""thesis"": ""Macro headwinds and declining momentum justify a defensive posture.""}]"
GOOGL,2022-09-30,large_cap,0.5664,0.75,0.291,86.39,4,"[{""model"": ""Simulated-AI-Momentum-Quant"", ""call"": ""sell"", ""target_price"": 81.79, ""thesis"": ""Persistent negative price trajectory (-12.8%) indicates structural distribution headwinds.""}, {""model"": ""Simulated-AI-Fundamental-Value"", ""call"": ""hold"", ""target_price"": 93.5, ""thesis"": ""Fair valuation reflects balanced risk-reward relative to sector peers.""}, {""model"": ""Simulated-AI-Quality-Compounder"", ""call"": ""sell"", ""target_price"": 84.99, ""thesis"": ""Heightened earnings volatility and cyclical margin pressures elevate downside risk.""}, {""model"": ""Simulated-AI-Macro-Tactical"", ""call"": ""sell"", ""target_price"": 85.28, ""thesis"": ""Macro headwinds and declining momentum justify a defensive posture.""}]"
META,2022-09-30,large_cap,0.5754,0.75,0.3134,127.6,4,"[{""model"": ""Simulated-AI-Momentum-Quant"", ""call"": ""sell"", ""target_price"": 113.09, ""thesis"": ""Persistent negative price trajectory (-17.9%) indicates structural distribution headwinds.""}, {""model"": ""Simulated-AI-Fundamental-Value"", ""call"": ""buy"", ""target_price"": 157.1, ""thesis"": ""Recent price softening provides an attractive risk-adjusted entry point against fundamental book value.""}, {""model"": ""Simulated-AI-Quality-Compounder"", ""call"": ""sell"", ""target_price"": 119.17, ""thesis"": ""Heightened earnings volatility and cyclical margin pressures elevate downside risk.""}, {""model"": ""Simulated-AI-Macro-Tactical"", ""call"": ""sell"", ""target_price"": 121.05, ""thesis"": ""Macro headwinds and declining momentum justify a defensive posture.""}]"
BRK-B,2022-09-30,large_cap,0.409,0.5,0.2725,254.15,4,"[{""model"": ""Simulated-AI-Momentum-Quant"", ""call"": ""sell"", ""target_price"": 233.91, ""thesis"": ""Persistent negative price trajectory (-5.5%) indicates structural distribution headwinds.""}, {""model"": ""Simulated-AI-Fundamental-Value"", ""call"": ""hold"", ""target_price"": 264.03, ""thesis"": ""Fair valuation reflects balanced risk-reward relative to sector peers.""}, {""model"": ""Simulated-AI-Quality-Compounder"", ""call"": ""hold"", ""target_price"": 278.34, ""thesis"": ""Defensive operational balance sheet balanced by limited immediate re-rating catalysts.""}, {""model"": ""Simulated-AI-Macro-Tactical"", ""call"": ""sell"", ""target_price"": 240.32, ""thesis"": ""Macro headwinds and declining momentum justify a defensive posture.""}]"
JPM,2022-09-30,large_cap,0.4042,0.5,0.2606,94.37,4,"[{""model"": ""Simulated-AI-Momentum-Quant"", ""call"": ""sell"", ""target_price"": 82.18, ""thesis"": ""Persistent negative price trajectory (-8.7%) indicates structural distribution headwinds.""}, {""model"": ""Simulated-AI-Fundamental-Value"", ""call"": ""buy"", ""target_price"": 110.88, ""thesis"": ""Recent price softening provides an attractive risk-adjusted entry point against fundamental book value.""}, {""model"": ""Simulated-AI-Quality-Compounder"", ""call"": ""hold"", ""target_price"": 99.06, ""thesis"": ""Defensive operational balance sheet balanced by limited immediate re-rating catalysts.""}, {""model"": ""Simulated-AI-Macro-Tactical"", ""call"": ""sell"", ""target_price"": 85.36, ""thesis"": ""Macro headwinds and declining momentum justify a defensive posture.""}]"
V,2022-09-30,large_cap,0.5746,0.75,0.3115,163.08,4,"[{""model"": ""Simulated-AI-Momentum-Quant"", ""call"": ""sell"", ""target_price"": 147.45, ""thesis"": ""Persistent negative price trajectory (-11.2%) indicates structural distribution headwinds.""}, {""model"": ""Simulated-AI-Fundamental-Value"", ""call"": ""buy"", ""target_price"": 198.44, ""thesis"": ""Recent price softening provides an attractive risk-adjusted entry point against fundamental book value.""}, {""model"": ""Simulated-AI-Quality-Compounder"", ""call"": ""sell"", ""target_price"": 151.42, ""thesis"": ""Heightened earnings volatility and cyclical margin pressures elevate downside risk.""}, {""model"": ""Simulated-AI-Macro-Tactical"", ""call"": ""sell"", ""target_price"": 155.03, ""thesis"": ""Macro headwinds and declining momentum justify a defensive posture.""}]"
LLY,2022-09-30,large_cap,0.4023,0.5,0.2556,335.79,4,"[{""model"": ""Simulated-AI-Momentum-Quant"", ""call"": ""buy"", ""target_price"": 357.49, ""thesis"": ""Strong upward medium-term momentum (+4.6%) signals continued institutional accumulation.""}, {""model"": ""Simulated-AI-Fundamental-Value"", ""call"": ""hold"", ""target_price"": 318.26, ""thesis"": ""Fair valuation reflects balanced risk-reward relative to sector peers.""}, {""model"": ""Simulated-AI-Quality-Compounder"", ""call"": ""buy"", ""target_price"": 350.91, ""thesis"": ""Stable financial profile and durable competitive moat support long-term compounding potential.""}, {""model"": ""Simulated-AI-Macro-Tactical"", ""call"": ""hold"", ""target_price"": 316.5, ""thesis"": ""Balanced near-term catalysts recommend maintaining current position.""}]"
UNH,2022-09-30,large_cap,0.7327,1.0,0.3317,478.81,4,"[{""model"": ""Simulated-AI-Momentum-Quant"", ""call"": ""hold"", ""target_price"": 482.26, ""thesis"": ""Consolidating trading range warrants a neutral rating until breakout confirmation.""}, {""model"": ""Simulated-AI-Fundamental-Value"", ""call"": ""hold"", ""target_price"": 472.34, ""thesis"": ""Fair valuation reflects balanced risk-reward relative to sector peers.""}, {""model"": ""Simulated-AI-Quality-Compounder"", ""call"": ""hold"", ""target_price"": 485.69, ""thesis"": ""Defensive operational balance sheet balanced by limited immediate re-rating catalysts.""}, {""model"": ""Simulated-AI-Macro-Tactical"", ""call"": ""hold"", ""target_price"": 474.97, ""thesis"": ""Balanced near-term catalysts recommend maintaining current position.""}]"
XOM,2022-09-30,large_cap,0.4169,0.5,0.2922,69.91,4,"[{""model"": ""Simulated-AI-Momentum-Quant"", ""call"": ""sell"", ""target_price"": 67.15, ""thesis"": ""Persistent negative price trajectory (-7.0%) indicates structural distribution headwinds.""}, {""model"": ""Simulated-AI-Fundamental-Value"", ""call"": ""hold"", ""target_price"": 76.41, ""thesis"": ""Fair valuation reflects balanced risk-reward relative to sector peers.""}, {""model"": ""Simulated-AI-Quality-Compounder"", ""call"": ""sell"", ""target_price"": 67.13, ""thesis"": ""Heightened earnings volatility and cyclical margin pressures elevate downside risk.""}, {""model"": ""Simulated-AI-Macro-Tactical"", ""call"": ""hold"", ""target_price"": 68.93, ""thesis"": ""Macro headwinds and declining momentum justify a defensive posture.""}]"
JNJ,2022-09-30,large_cap,0.5475,0.75,0.2436,153.68,4,"[{""model"": ""Simulated-AI-Momentum-Quant"", ""call"": ""buy"", ""target_price"": 168.92, ""thesis"": ""Strong upward medium-term momentum (-1.2%) signals continued institutional accumulation.""}, {""model"": ""Simulated-AI-Fundamental-Value"", ""call"": ""hold"", ""target_price"": 144.83, ""thesis"": ""Fair valuation reflects balanced risk-reward relative to sector peers.""}, {""model"": ""Simulated-AI-Quality-Compounder"", ""call"": ""hold"", ""target_price"": 153.69, ""thesis"": ""Defensive operational balance sheet balanced by limited immediate re-rating catalysts.""}, {""model"": ""Simulated-AI-Macro-Tactical"", ""call"": ""hold"", ""target_price"": 147.28, ""thesis"": ""Balanced near-term catalysts recommend maintaining current position.""}]"
PG,2022-09-30,large_cap,0.4096,0.5,0.2739,118.16,4,"[{""model"": ""Simulated-AI-Momentum-Quant"", ""call"": ""hold"", ""target_price"": 118.35, ""thesis"": ""Consolidating trading range warrants a neutral rating until breakout confirmation.""}, {""model"": ""Simulated-AI-Fundamental-Value"", ""call"": ""buy"", ""target_price"": 133.13, ""thesis"": ""Recent price softening provides an attractive risk-adjusted entry point against fundamental book value.""}, {""model"": ""Simulated-AI-Quality-Compounder"", ""call"": ""hold"", ""target_price"": 118.83, ""thesis"": ""Defensive operational balance sheet balanced by limited immediate re-rating catalysts.""}, {""model"": ""Simulated-AI-Macro-Tactical"", ""call"": ""sell"", ""target_price"": 102.32, ""thesis"": ""Macro headwinds and declining momentum justify a defensive posture.""}]"
HD,2022-09-30,large_cap,0.5643,0.75,0.2857,247.14,4,"[{""model"": ""Simulated-AI-Momentum-Quant"", ""call"": ""hold"", ""target_price"": 258.57, ""thesis"": ""Consolidating trading range warrants a neutral rating until breakout confirmation.""}, {""model"": ""Simulated-AI-Fundamental-Value"", ""call"": ""hold"", ""target_price"": 246.35, ""thesis"": ""Fair valuation reflects balanced risk-reward relative to sector peers.""}, {""model"": ""Simulated-AI-Quality-Compounder"", ""call"": ""hold"", ""target_price"": 259.78, ""thesis"": ""Defensive operational balance sheet balanced by limited immediate re-rating catalysts.""}, {""model"": ""Simulated-AI-Macro-Tactical"", ""call"": ""sell"", ""target_price"": 223.87, ""thesis"": ""Macro headwinds and declining momentum justify a defensive posture.""}]"
MA,2022-09-30,large_cap,0.425,0.5,0.3126,264.99,4,"[{""model"": ""Simulated-AI-Momentum-Quant"", ""call"": ""sell"", ""target_price"": 244.04, ""thesis"": ""Persistent negative price trajectory (-12.6%) indicates structural distribution headwinds.""}, {""model"": ""Simulated-AI-Fundamental-Value"", ""call"": ""buy"", ""target_price"": 321.98, ""thesis"": ""Recent price softening provides an attractive risk-adjusted entry point against fundamental book value.""}, {""model"": ""Simulated-AI-Quality-Compounder"", ""call"": ""sell"", ""target_price"": 244.12, ""thesis"": ""Heightened earnings volatility and cyclical margin pressures elevate downside risk.""}, {""model"": ""Simulated-AI-Macro-Tactical"", ""call"": ""hold"", ""target_price"": 249.81, ""thesis"": ""Macro headwinds and declining momentum justify a defensive posture.""}]"
COST,2022-09-30,large_cap,0.4172,0.5,0.2931,406.67,4,"[{""model"": ""Simulated-AI-Momentum-Quant"", ""call"": ""sell"", ""target_price"": 381.28, ""thesis"": ""Persistent negative price trajectory (-10.8%) indicates structural distribution headwinds.""}, {""model"": ""Simulated-AI-Fundamental-Value"", ""call"": ""hold"", ""target_price"": 444.7, ""thesis"": ""Fair valuation reflects balanced risk-reward relative to sector peers.""}, {""model"": ""Simulated-AI-Quality-Compounder"", ""call"": ""sell"", ""target_price"": 395.29, ""thesis"": ""Heightened earnings volatility and cyclical margin pressures elevate downside risk.""}, {""model"": ""Simulated-AI-Macro-Tactical"", ""call"": ""hold"", ""target_price"": 405.42, ""thesis"": ""Macro headwinds and declining momentum justify a defensive posture.""}]"
ABBV,2022-09-30,large_cap,0.4058,0.5,0.2646,118.55,4,"[{""model"": ""Simulated-AI-Momentum-Quant"", ""call"": ""hold"", ""target_price"": 118.55, ""thesis"": ""Consolidating trading range warrants a neutral rating until breakout confirmation.""}, {""model"": ""Simulated-AI-Fundamental-Value"", ""call"": ""buy"", ""target_price"": 136.22, ""thesis"": ""Recent price softening provides an attractive risk-adjusted entry point against fundamental book value.""}, {""model"": ""Simulated-AI-Quality-Compounder"", ""call"": ""sell"", ""target_price"": 101.98, ""thesis"": ""Heightened earnings volatility and cyclical margin pressures elevate downside risk.""}, {""model"": ""Simulated-AI-Macro-Tactical"", ""call"": ""hold"", ""target_price"": 117.44, ""thesis"": ""Balanced near-term catalysts recommend maintaining current position.""}]"
MRK,2022-09-30,large_cap,0.5496,0.75,0.249,68.94,4,"[{""model"": ""Simulated-AI-Momentum-Quant"", ""call"": ""sell"", ""target_price"": 66.18, ""thesis"": ""Persistent negative price trajectory (-0.4%) indicates structural distribution headwinds.""}, {""model"": ""Simulated-AI-Fundamental-Value"", ""call"": ""sell"", ""target_price"": 64.37, ""thesis"": ""Elevated multi-month valuation multiples leave little safety margin against forward earnings revisions.""}, {""model"": ""Simulated-AI-Quality-Compounder"", ""call"": ""sell"", ""target_price"": 67.49, ""thesis"": ""Heightened earnings volatility and cyclical margin pressures elevate downside risk.""}, {""model"": ""Simulated-AI-Macro-Tactical"", ""call"": ""hold"", ""target_price"": 77.72, ""thesis"": ""Balanced near-term catalysts recommend maintaining current position.""}]"
BAC,2022-09-30,large_cap,0.4026,0.5,0.2566,26.95,4,"[{""model"": ""Simulated-AI-Momentum-Quant"", ""call"": ""sell"", ""target_price"": 23.36, ""thesis"": ""Persistent negative price trajectory (-9.8%) indicates structural distribution headwinds.""}, {""model"": ""Simulated-AI-Fundamental-Value"", ""call"": ""buy"", ""target_price"": 31.56, ""thesis"": ""Recent price softening provides an attractive risk-adjusted entry point against fundamental book value.""}, {""model"": ""Simulated-AI-Quality-Compounder"", ""call"": ""hold"", ""target_price"": 28.3, ""thesis"": ""Defensive operational balance sheet balanced by limited immediate re-rating catalysts.""}, {""model"": ""Simulated-AI-Macro-Tactical"", ""call"": ""sell"", ""target_price"": 24.58, ""thesis"": ""Macro headwinds and declining momentum justify a defensive posture.""}]"
CVX,2022-09-30,large_cap,0.4052,0.5,0.2631,120.94,4,"[{""model"": ""Simulated-AI-Momentum-Quant"", ""call"": ""sell"", ""target_price"": 103.78, ""thesis"": ""Persistent negative price trajectory (-7.6%) indicates structural distribution headwinds.""}, {""model"": ""Simulated-AI-Fundamental-Value"", ""call"": ""buy"", ""target_price"": 140.61, ""thesis"": ""Recent price softening provides an attractive risk-adjusted entry point against fundamental book value.""}, {""model"": ""Simulated-AI-Quality-Compounder"", ""call"": ""hold"", ""target_price"": 129.31, ""thesis"": ""Defensive operational balance sheet balanced by limited immediate re-rating catalysts.""}, {""model"": ""Simulated-AI-Macro-Tactical"", ""call"": ""sell"", ""target_price"": 110.04, ""thesis"": ""Macro headwinds and declining momentum justify a defensive posture.""}]"
CRM,2022-09-30,large_cap,0.4114,0.5,0.2784,140.21,4,"[{""model"": ""Simulated-AI-Momentum-Quant"", ""call"": ""hold"", ""target_price"": 145.99, ""thesis"": ""Consolidating trading range warrants a neutral rating until breakout confirmation.""}, {""model"": ""Simulated-AI-Fundamental-Value"", ""call"": ""buy"", ""target_price"": 163.38, ""thesis"": ""Recent price softening provides an attractive risk-adjusted entry point against fundamental book value.""}, {""model"": ""Simulated-AI-Quality-Compounder"", ""call"": ""sell"", ""target_price"": 124.21, ""thesis"": ""Heightened earnings volatility and cyclical margin pressures elevate downside risk.""}, {""model"": ""Simulated-AI-Macro-Tactical"", ""call"": ""sell"", ""target_price"": 127.25, ""thesis"": ""Macro headwinds and declining momentum justify a defensive posture.""}]"
NFLX,2022-09-30,large_cap,0.5539,0.75,0.2599,24.4,4,"[{""model"": ""Simulated-AI-Momentum-Quant"", ""call"": ""hold"", ""target_price"": 23.68, ""thesis"": ""Consolidating trading range warrants a neutral rating until breakout confirmation.""}, {""model"": ""Simulated-AI-Fundamental-Value"", ""call"": ""hold"", ""target_price"": 23.8, ""thesis"": ""Fair valuation reflects balanced risk-reward relative to sector peers.""}, {""model"": ""Simulated-AI-Quality-Compounder"", ""call"": ""buy"", ""target_price"": 26.35, ""thesis"": ""Stable financial profile and durable competitive moat support long-term compounding potential.""}, {""model"": ""Simulated-AI-Macro-Tactical"", ""call"": ""hold"", ""target_price"": 23.78, ""thesis"": ""Balanced near-term catalysts recommend maintaining current position.""}]"
AMD,2022-09-30,large_cap,0.5738,0.75,0.3095,60.51,4,"[{""model"": ""Simulated-AI-Momentum-Quant"", ""call"": ""sell"", ""target_price"": 55.3, ""thesis"": ""Persistent negative price trajectory (-23.0%) indicates structural distribution headwinds.""}, {""model"": ""Simulated-AI-Fundamental-Value"", ""call"": ""buy"", ""target_price"": 73.15, ""thesis"": ""Recent price softening provides an attractive risk-adjusted entry point against fundamental book value.""}, {""model"": ""Simulated-AI-Quality-Compounder"", ""call"": ""sell"", ""target_price"": 56.55, ""thesis"": ""Heightened earnings volatility and cyclical margin pressures elevate downside risk.""}, {""model"": ""Simulated-AI-Macro-Tactical"", ""call"": ""sell"", ""target_price"": 57.02, ""thesis"": ""Macro headwinds and declining momentum justify a defensive posture.""}]"
PEP,2022-09-30,large_cap,0.5763,0.75,0.3157,135.69,4,"[{""model"": ""Simulated-AI-Momentum-Quant"", ""call"": ""sell"", ""target_price"": 123.22, ""thesis"": ""Persistent negative price trajectory (-5.5%) indicates structural distribution headwinds.""}, {""model"": ""Simulated-AI-Fundamental-Value"", ""call"": ""buy"", ""target_price"": 165.71, ""thesis"": ""Recent price softening provides an attractive risk-adjusted entry point against fundamental book value.""}, {""model"": ""Simulated-AI-Quality-Compounder"", ""call"": ""sell"", ""target_price"": 125.5, ""thesis"": ""Heightened earnings volatility and cyclical margin pressures elevate downside risk.""}, {""model"": ""Simulated-AI-Macro-Tactical"", ""call"": ""sell"", ""target_price"": 128.35, ""thesis"": ""Macro headwinds and declining momentum justify a defensive posture.""}]"
KO,2022-09-30,large_cap,0.5662,0.75,0.2905,45.38,4,"[{""model"": ""Simulated-AI-Momentum-Quant"", ""call"": ""sell"", ""target_price"": 42.7, ""thesis"": ""Persistent negative price trajectory (-9.0%) indicates structural distribution headwinds.""}, {""model"": ""Simulated-AI-Fundamental-Value"", ""call"": ""hold"", ""target_price"": 49.64, ""thesis"": ""Fair valuation reflects balanced risk-reward relative to sector peers.""}, {""model"": ""Simulated-AI-Quality-Compounder"", ""call"": ""sell"", ""target_price"": 44.04, ""thesis"": ""Heightened earnings volatility and cyclical margin pressures elevate downside risk.""}, {""model"": ""Simulated-AI-Macro-Tactical"", ""call"": ""sell"", ""target_price"": 45.14, ""thesis"": ""Macro headwinds and declining momentum justify a defensive posture.""}]"
TMO,2022-09-30,large_cap,0.4047,0.5,0.2617,498.76,4,"[{""model"": ""Simulated-AI-Momentum-Quant"", ""call"": ""sell"", ""target_price"": 440.85, ""thesis"": ""Persistent negative price trajectory (-7.9%) indicates structural distribution headwinds.""}, {""model"": ""Simulated-AI-Fundamental-Value"", ""call"": ""buy"", ""target_price"": 581.65, ""thesis"": ""Recent price softening provides an attractive risk-adjusted entry point against fundamental book value.""}, {""model"": ""Simulated-AI-Quality-Compounder"", ""call"": ""hold"", ""target_price"": 521.28, ""thesis"": ""Defensive operational balance sheet balanced by limited immediate re-rating catalysts.""}, {""model"": ""Simulated-AI-Macro-Tactical"", ""call"": ""sell"", ""target_price"": 451.28, ""thesis"": ""Macro headwinds and declining momentum justify a defensive posture.""}]"
WMT,2022-09-30,large_cap,0.5481,0.75,0.2452,40.4,4,"[{""model"": ""Simulated-AI-Momentum-Quant"", ""call"": ""sell"", ""target_price"": 34.86, ""thesis"": ""Persistent negative price trajectory (-3.6%) indicates structural distribution headwinds.""}, {""model"": ""Simulated-AI-Fundamental-Value"", ""call"": ""hold"", ""target_price"": 41.38, ""thesis"": ""Fair valuation reflects balanced risk-reward relative to sector peers.""}, {""model"": ""Simulated-AI-Quality-Compounder"", ""call"": ""hold"", ""target_price"": 43.69, ""thesis"": ""Defensive operational balance sheet balanced by limited immediate re-rating catalysts.""}, {""model"": ""Simulated-AI-Macro-Tactical"", ""call"": ""hold"", ""target_price"": 41.67, ""thesis"": ""Balanced near-term catalysts recommend maintaining current position.""}]"
MCD,2022-09-30,large_cap,0.402,0.5,0.2551,208.61,4,"[{""model"": ""Simulated-AI-Momentum-Quant"", ""call"": ""sell"", ""target_price"": 178.54, ""thesis"": ""Persistent negative price trajectory (-10.0%) indicates structural distribution headwinds.""}, {""model"": ""Simulated-AI-Fundamental-Value"", ""call"": ""buy"", ""target_price"": 245.22, ""thesis"": ""Recent price softening provides an attractive risk-adjusted entry point against fundamental book value.""}, {""model"": ""Simulated-AI-Quality-Compounder"", ""call"": ""hold"", ""target_price"": 221.71, ""thesis"": ""Defensive operational balance sheet balanced by limited immediate re-rating catalysts.""}, {""model"": ""Simulated-AI-Macro-Tactical"", ""call"": ""hold"", ""target_price"": 188.95, ""thesis"": ""Macro headwinds and declining momentum justify a defensive posture.""}]"
CSCO,2022-09-30,large_cap,0.5687,0.75,0.2967,32.46,4,"[{""model"": ""Simulated-AI-Momentum-Quant"", ""call"": ""sell"", ""target_price"": 30.8, ""thesis"": ""Persistent negative price trajectory (-11.7%) indicates structural distribution headwinds.""}, {""model"": ""Simulated-AI-Fundamental-Value"", ""call"": ""hold"", ""target_price"": 35.08, ""thesis"": ""Fair valuation reflects balanced risk-reward relative to sector peers.""}, {""model"": ""Simulated-AI-Quality-Compounder"", ""call"": ""sell"", ""target_price"": 31.75, ""thesis"": ""Heightened earnings volatility and cyclical margin pressures elevate downside risk.""}, {""model"": ""Simulated-AI-Macro-Tactical"", ""call"": ""sell"", ""target_price"": 32.2, ""thesis"": ""Macro headwinds and declining momentum justify a defensive posture.""}]"
KNSL,2022-09-30,small_cap,0.586,0.75,0.3401,268.65,4,"[{""model"": ""Simulated-AI-Momentum-Quant"", ""call"": ""hold"", ""target_price"": 257.42, ""thesis"": ""Consolidating trading range warrants a neutral rating until breakout confirmation.""}, {""model"": ""Simulated-AI-Fundamental-Value"", ""call"": ""buy"", ""target_price"": 296.86, ""thesis"": ""Recent price softening provides an attractive risk-adjusted entry point against fundamental book value.""}, {""model"": ""Simulated-AI-Quality-Compounder"", ""call"": ""hold"", ""target_price"": 264.17, ""thesis"": ""Defensive operational balance sheet balanced by limited immediate re-rating catalysts.""}, {""model"": ""Simulated-AI-Macro-Tactical"", ""call"": ""hold"", ""target_price"": 256.16, ""thesis"": ""Balanced near-term catalysts recommend maintaining current position.""}]"
SAIA,2022-09-30,small_cap,0.4037,0.5,0.2592,188.66,4,"[{""model"": ""Simulated-AI-Momentum-Quant"", ""call"": ""sell"", ""target_price"": 165.38, ""thesis"": ""Persistent negative price trajectory (-9.5%) indicates structural distribution headwinds.""}, {""model"": ""Simulated-AI-Fundamental-Value"", ""call"": ""buy"", ""target_price"": 222.49, ""thesis"": ""Recent price softening provides an attractive risk-adjusted entry point against fundamental book value.""}, {""model"": ""Simulated-AI-Quality-Compounder"", ""call"": ""hold"", ""target_price"": 195.78, ""thesis"": ""Defensive operational balance sheet balanced by limited immediate re-rating catalysts.""}, {""model"": ""Simulated-AI-Macro-Tactical"", ""call"": ""hold"", ""target_price"": 171.0, ""thesis"": ""Macro headwinds and declining momentum justify a defensive posture.""}]"
MEDP,2022-09-30,small_cap,0.4331,0.5,0.3328,160.07,4,"[{""model"": ""Simulated-AI-Momentum-Quant"", ""call"": ""hold"", ""target_price"": 158.9, ""thesis"": ""Consolidating trading range warrants a neutral rating until breakout confirmation.""}, {""model"": ""Simulated-AI-Fundamental-Value"", ""call"": ""sell"", ""target_price"": 131.47, ""thesis"": ""Elevated multi-month valuation multiples leave little safety margin against forward earnings revisions.""}, {""model"": ""Simulated-AI-Quality-Compounder"", ""call"": ""buy"", ""target_price"": 177.04, ""thesis"": ""Stable financial profile and durable competitive moat support long-term compounding potential.""}, {""model"": ""Simulated-AI-Macro-Tactical"", ""call"": ""buy"", ""target_price"": 172.89, ""thesis"": ""Positive operating execution and robust revenue traction support upside.""}]"
SSD,2022-09-30,small_cap,0.5744,0.75,0.311,72.43,4,"[{""model"": ""Simulated-AI-Momentum-Quant"", ""call"": ""sell"", ""target_price"": 65.3, ""thesis"": ""Persistent negative price trajectory (-15.8%) indicates structural distribution headwinds.""}, {""model"": ""Simulated-AI-Fundamental-Value"", ""call"": ""buy"", ""target_price"": 87.78, ""thesis"": ""Recent price softening provides an attractive risk-adjusted entry point against fundamental book value.""}, {""model"": ""Simulated-AI-Quality-Compounder"", ""call"": ""sell"", ""target_price"": 68.2, ""thesis"": ""Heightened earnings volatility and cyclical margin pressures elevate downside risk.""}, {""model"": ""Simulated-AI-Macro-Tactical"", ""call"": ""sell"", ""target_price"": 68.46, ""thesis"": ""Macro headwinds and declining momentum justify a defensive posture.""}]"
EXPO,2022-09-30,small_cap,0.4031,0.5,0.2578,84.09,4,"[{""model"": ""Simulated-AI-Momentum-Quant"", ""call"": ""sell"", ""target_price"": 70.28, ""thesis"": ""Persistent negative price trajectory (-4.6%) indicates structural distribution headwinds.""}, {""model"": ""Simulated-AI-Fundamental-Value"", ""call"": ""buy"", ""target_price"": 96.52, ""thesis"": ""Recent price softening provides an attractive risk-adjusted entry point against fundamental book value.""}, {""model"": ""Simulated-AI-Quality-Compounder"", ""call"": ""hold"", ""target_price"": 85.75, ""thesis"": ""Defensive operational balance sheet balanced by limited immediate re-rating catalysts.""}, {""model"": ""Simulated-AI-Macro-Tactical"", ""call"": ""hold"", ""target_price"": 83.79, ""thesis"": ""Balanced near-term catalysts recommend maintaining current position.""}]"
FORM,2022-09-30,small_cap,0.4259,0.5,0.3146,23.72,4,"[{""model"": ""Simulated-AI-Momentum-Quant"", ""call"": ""sell"", ""target_price"": 21.08, ""thesis"": ""Persistent negative price trajectory (-11.6%) indicates structural distribution headwinds.""}, {""model"": ""Simulated-AI-Fundamental-Value"", ""call"": ""buy"", ""target_price"": 29.26, ""thesis"": ""Recent price softening provides an attractive risk-adjusted entry point against fundamental book value.""}, {""model"": ""Simulated-AI-Quality-Compounder"", ""call"": ""sell"", ""target_price"": 21.99, ""thesis"": ""Heightened earnings volatility and cyclical margin pressures elevate downside risk.""}, {""model"": ""Simulated-AI-Macro-Tactical"", ""call"": ""hold"", ""target_price"": 22.55, ""thesis"": ""Macro headwinds and declining momentum justify a defensive posture.""}]"
CRVL,2022-09-30,small_cap,0.5739,0.75,0.3097,44.14,4,"[{""model"": ""Simulated-AI-Momentum-Quant"", ""call"": ""sell"", ""target_price"": 40.34, ""thesis"": ""Persistent negative price trajectory (-10.2%) indicates structural distribution headwinds.""}, {""model"": ""Simulated-AI-Fundamental-Value"", ""call"": ""buy"", ""target_price"": 53.57, ""thesis"": ""Recent price softening provides an attractive risk-adjusted entry point against fundamental book value.""}, {""model"": ""Simulated-AI-Quality-Compounder"", ""call"": ""sell"", ""target_price"": 41.13, ""thesis"": ""Heightened earnings volatility and cyclical margin pressures elevate downside risk.""}, {""model"": ""Simulated-AI-Macro-Tactical"", ""call"": ""sell"", ""target_price"": 41.53, ""thesis"": ""Macro headwinds and declining momentum justify a defensive posture.""}]"
TKR,2022-09-30,small_cap,0.4114,0.5,0.2784,54.99,4,"[{""model"": ""Simulated-AI-Momentum-Quant"", ""call"": ""hold"", ""target_price"": 56.93, ""thesis"": ""Consolidating trading range warrants a neutral rating until breakout confirmation.""}, {""model"": ""Simulated-AI-Fundamental-Value"", ""call"": ""buy"", ""target_price"": 64.51, ""thesis"": ""Recent price softening provides an attractive risk-adjusted entry point against fundamental book value.""}, {""model"": ""Simulated-AI-Quality-Compounder"", ""call"": ""sell"", ""target_price"": 48.72, ""thesis"": ""Heightened earnings volatility and cyclical margin pressures elevate downside risk.""}, {""model"": ""Simulated-AI-Macro-Tactical"", ""call"": ""sell"", ""target_price"": 49.8, ""thesis"": ""Macro headwinds and declining momentum justify a defensive posture.""}]"
POWI,2022-09-30,small_cap,0.5596,0.75,0.2739,62.91,4,"[{""model"": ""Simulated-AI-Momentum-Quant"", ""call"": ""hold"", ""target_price"": 62.98, ""thesis"": ""Consolidating trading range warrants a neutral rating until breakout confirmation.""}, {""model"": ""Simulated-AI-Fundamental-Value"", ""call"": ""buy"", ""target_price"": 70.88, ""thesis"": ""Recent price softening provides an attractive risk-adjusted entry point against fundamental book value.""}, {""model"": ""Simulated-AI-Quality-Compounder"", ""call"": ""hold"", ""target_price"": 62.88, ""thesis"": ""Defensive operational balance sheet balanced by limited immediate re-rating catalysts.""}, {""model"": ""Simulated-AI-Macro-Tactical"", ""call"": ""hold"", ""target_price"": 54.9, ""thesis"": ""Macro headwinds and declining momentum justify a defensive posture.""}]"
CALM,2022-09-30,small_cap,0.4328,0.5,0.3321,46.03,4,"[{""model"": ""Simulated-AI-Momentum-Quant"", ""call"": ""buy"", ""target_price"": 50.38, ""thesis"": ""Strong upward medium-term momentum (+6.7%) signals continued institutional accumulation.""}, {""model"": ""Simulated-AI-Fundamental-Value"", ""call"": ""sell"", ""target_price"": 36.86, ""thesis"": ""Elevated multi-month valuation multiples leave little safety margin against forward earnings revisions.""}, {""model"": ""Simulated-AI-Quality-Compounder"", ""call"": ""buy"", ""target_price"": 48.79, ""thesis"": ""Stable financial profile and durable competitive moat support long-term compounding potential.""}, {""model"": ""Simulated-AI-Macro-Tactical"", ""call"": ""hold"", ""target_price"": 48.1, ""thesis"": ""Positive operating execution and robust revenue traction support upside.""}]"
PLUS,2022-09-30,small_cap,0.5742,0.75,0.3105,39.09,4,"[{""model"": ""Simulated-AI-Momentum-Quant"", ""call"": ""sell"", ""target_price"": 35.62, ""thesis"": ""Persistent negative price trajectory (-10.3%) indicates structural distribution headwinds.""}, {""model"": ""Simulated-AI-Fundamental-Value"", ""call"": ""buy"", ""target_price"": 47.51, ""thesis"": ""Recent price softening provides an attractive risk-adjusted entry point against fundamental book value.""}, {""model"": ""Simulated-AI-Quality-Compounder"", ""call"": ""sell"", ""target_price"": 36.45, ""thesis"": ""Heightened earnings volatility and cyclical margin pressures elevate downside risk.""}, {""model"": ""Simulated-AI-Macro-Tactical"", ""call"": ""sell"", ""target_price"": 36.8, ""thesis"": ""Macro headwinds and declining momentum justify a defensive posture.""}]"
FSS,2022-09-30,small_cap,0.4096,0.5,0.2739,37.66,4,"[{""model"": ""Simulated-AI-Momentum-Quant"", ""call"": ""hold"", ""target_price"": 37.85, ""thesis"": ""Consolidating trading range warrants a neutral rating until breakout confirmation.""}, {""model"": ""Simulated-AI-Fundamental-Value"", ""call"": ""buy"", ""target_price"": 42.21, ""thesis"": ""Recent price softening provides an attractive risk-adjusted entry point against fundamental book value.""}, {""model"": ""Simulated-AI-Quality-Compounder"", ""call"": ""hold"", ""target_price"": 37.75, ""thesis"": ""Defensive operational balance sheet balanced by limited immediate re-rating catalysts.""}, {""model"": ""Simulated-AI-Macro-Tactical"", ""call"": ""sell"", ""target_price"": 32.81, ""thesis"": ""Macro headwinds and declining momentum justify a defensive posture.""}]"
AMWD,2022-09-30,small_cap,0.5994,0.75,0.3736,97.79,4,"[{""model"": ""Simulated-AI-Momentum-Quant"", ""call"": ""hold"", ""target_price"": 102.5, ""thesis"": ""Consolidating trading range warrants a neutral rating until breakout confirmation.""}, {""model"": ""Simulated-AI-Fundamental-Value"", ""call"": ""sell"", ""target_price"": 82.85, ""thesis"": ""Elevated multi-month valuation multiples leave little safety margin against forward earnings revisions.""}, {""model"": ""Simulated-AI-Quality-Compounder"", ""call"": ""hold"", ""target_price"": 104.8, ""thesis"": ""Defensive operational balance sheet balanced by limited immediate re-rating catalysts.""}, {""model"": ""Simulated-AI-Macro-Tactical"", ""call"": ""hold"", ""target_price"": 101.0, ""thesis"": ""Balanced near-term catalysts recommend maintaining current position.""}]"
ATKR,2022-09-30,small_cap,0.5671,0.75,0.2927,68.1,4,"[{""model"": ""Simulated-AI-Momentum-Quant"", ""call"": ""sell"", ""target_price"": 64.87, ""thesis"": ""Persistent negative price trajectory (-10.4%) indicates structural distribution headwinds.""}, {""model"": ""Simulated-AI-Fundamental-Value"", ""call"": ""hold"", ""target_price"": 73.98, ""thesis"": ""Fair valuation reflects balanced risk-reward relative to sector peers.""}, {""model"": ""Simulated-AI-Quality-Compounder"", ""call"": ""sell"", ""target_price"": 66.53, ""thesis"": ""Heightened earnings volatility and cyclical margin pressures elevate downside risk.""}, {""model"": ""Simulated-AI-Macro-Tactical"", ""call"": ""sell"", ""target_price"": 67.01, ""thesis"": ""Macro headwinds and declining momentum justify a defensive posture.""}]"
BRC,2022-09-30,small_cap,0.4072,0.5,0.2681,37.41,4,"[{""model"": ""Simulated-AI-Momentum-Quant"", ""call"": ""sell"", ""target_price"": 33.86, ""thesis"": ""Persistent negative price trajectory (-9.9%) indicates structural distribution headwinds.""}, {""model"": ""Simulated-AI-Fundamental-Value"", ""call"": ""hold"", ""target_price"": 38.85, ""thesis"": ""Fair valuation reflects balanced risk-reward relative to sector peers.""}, {""model"": ""Simulated-AI-Quality-Compounder"", ""call"": ""hold"", ""target_price"": 41.58, ""thesis"": ""Defensive operational balance sheet balanced by limited immediate re-rating catalysts.""}, {""model"": ""Simulated-AI-Macro-Tactical"", ""call"": ""sell"", ""target_price"": 35.33, ""thesis"": ""Macro headwinds and declining momentum justify a defensive posture.""}]"
CNO,2022-09-30,small_cap,0.4025,0.5,0.2561,16.9,4,"[{""model"": ""Simulated-AI-Momentum-Quant"", ""call"": ""sell"", ""target_price"": 13.98, ""thesis"": ""Persistent negative price trajectory (-0.6%) indicates structural distribution headwinds.""}, {""model"": ""Simulated-AI-Fundamental-Value"", ""call"": ""buy"", ""target_price"": 19.43, ""thesis"": ""Recent price softening provides an attractive risk-adjusted entry point against fundamental book value.""}, {""model"": ""Simulated-AI-Quality-Compounder"", ""call"": ""hold"", ""target_price"": 17.41, ""thesis"": ""Defensive operational balance sheet balanced by limited immediate re-rating catalysts.""}, {""model"": ""Simulated-AI-Macro-Tactical"", ""call"": ""hold"", ""target_price"": 16.78, ""thesis"": ""Balanced near-term catalysts recommend maintaining current position.""}]"
CSGS,2022-09-30,small_cap,0.3863,0.5,0.2158,100.94,4,"[{""model"": ""Simulated-AI-Momentum-Quant"", ""call"": ""buy"", ""target_price"": 115.28, ""thesis"": ""Strong upward medium-term momentum (+0.0%) signals continued institutional accumulation.""}, {""model"": ""Simulated-AI-Fundamental-Value"", ""call"": ""hold"", ""target_price"": 99.44, ""thesis"": ""Fair valuation reflects balanced risk-reward relative to sector peers.""}, {""model"": ""Simulated-AI-Quality-Compounder"", ""call"": ""sell"", ""target_price"": 88.05, ""thesis"": ""Heightened earnings volatility and cyclical margin pressures elevate downside risk.""}, {""model"": ""Simulated-AI-Macro-Tactical"", ""call"": ""hold"", ""target_price"": 101.0, ""thesis"": ""Balanced near-term catalysts recommend maintaining current position.""}]"
ENSG,2022-09-30,small_cap,0.4047,0.5,0.2618,78.87,4,"[{""model"": ""Simulated-AI-Momentum-Quant"", ""call"": ""sell"", ""target_price"": 68.88, ""thesis"": ""Persistent negative price trajectory (-5.3%) indicates structural distribution headwinds.""}, {""model"": ""Simulated-AI-Fundamental-Value"", ""call"": ""buy"", ""target_price"": 92.65, ""thesis"": ""Recent price softening provides an attractive risk-adjusted entry point against fundamental book value.""}, {""model"": ""Simulated-AI-Quality-Compounder"", ""call"": ""hold"", ""target_price"": 82.9, ""thesis"": ""Defensive operational balance sheet balanced by limited immediate re-rating catalysts.""}, {""model"": ""Simulated-AI-Macro-Tactical"", ""call"": ""sell"", ""target_price"": 71.03, ""thesis"": ""Macro headwinds and declining momentum justify a defensive posture.""}]"
FIX,2022-09-30,small_cap,0.3766,0.5,0.1916,89.5,4,"[{""model"": ""Simulated-AI-Momentum-Quant"", ""call"": ""sell"", ""target_price"": 81.42, ""thesis"": ""Persistent negative price trajectory (-3.6%) indicates structural distribution headwinds.""}, {""model"": ""Simulated-AI-Fundamental-Value"", ""call"": ""hold"", ""target_price"": 95.65, ""thesis"": ""Fair valuation reflects balanced risk-reward relative to sector peers.""}, {""model"": ""Simulated-AI-Quality-Compounder"", ""call"": ""sell"", ""target_price"": 84.03, ""thesis"": ""Heightened earnings volatility and cyclical margin pressures elevate downside risk.""}, {""model"": ""Simulated-AI-Macro-Tactical"", ""call"": ""hold"", ""target_price"": 96.88, ""thesis"": ""Balanced near-term catalysts recommend maintaining current position.""}]"
GBCI,2022-09-30,small_cap,0.5412,0.75,0.2281,42.2,4,"[{""model"": ""Simulated-AI-Momentum-Quant"", ""call"": ""hold"", ""target_price"": 44.21, ""thesis"": ""Consolidating trading range warrants a neutral rating until breakout confirmation.""}, {""model"": ""Simulated-AI-Fundamental-Value"", ""call"": ""hold"", ""target_price"": 42.87, ""thesis"": ""Fair valuation reflects balanced risk-reward relative to sector peers.""}, {""model"": ""Simulated-AI-Quality-Compounder"", ""call"": ""sell"", ""target_price"": 38.0, ""thesis"": ""Heightened earnings volatility and cyclical margin pressures elevate downside risk.""}, {""model"": ""Simulated-AI-Macro-Tactical"", ""call"": ""hold"", ""target_price"": 43.73, ""thesis"": ""Balanced near-term catalysts recommend maintaining current position.""}]"
GPI,2022-09-30,small_cap,0.4245,0.5,0.3113,132.96,4,"[{""model"": ""Simulated-AI-Momentum-Quant"", ""call"": ""sell"", ""target_price"": 120.28, ""thesis"": ""Persistent negative price trajectory (-18.4%) indicates structural distribution headwinds.""}, {""model"": ""Simulated-AI-Fundamental-Value"", ""call"": ""buy"", ""target_price"": 163.45, ""thesis"": ""Recent price softening provides an attractive risk-adjusted entry point against fundamental book value.""}, {""model"": ""Simulated-AI-Quality-Compounder"", ""call"": ""sell"", ""target_price"": 122.69, ""thesis"": ""Heightened earnings volatility and cyclical margin pressures elevate downside risk.""}, {""model"": ""Simulated-AI-Macro-Tactical"", ""call"": ""hold"", ""target_price"": 125.41, ""thesis"": ""Macro headwinds and declining momentum justify a defensive posture.""}]"
HLNE,2022-09-30,small_cap,0.5664,0.75,0.2911,50.42,4,"[{""model"": ""Simulated-AI-Momentum-Quant"", ""call"": ""sell"", ""target_price"": 46.97, ""thesis"": ""Persistent negative price trajectory (-12.3%) indicates structural distribution headwinds.""}, {""model"": ""Simulated-AI-Fundamental-Value"", ""call"": ""hold"", ""target_price"": 55.05, ""thesis"": ""Fair valuation reflects balanced risk-reward relative to sector peers.""}, {""model"": ""Simulated-AI-Quality-Compounder"", ""call"": ""sell"", ""target_price"": 49.58, ""thesis"": ""Heightened earnings volatility and cyclical margin pressures elevate downside risk.""}, {""model"": ""Simulated-AI-Macro-Tactical"", ""call"": ""sell"", ""target_price"": 50.09, ""thesis"": ""Macro headwinds and declining momentum justify a defensive posture.""}]"
HWKN,2022-09-30,small_cap,0.4002,0.5,0.2506,41.2,4,"[{""model"": ""Simulated-AI-Momentum-Quant"", ""call"": ""buy"", ""target_price"": 43.58, ""thesis"": ""Strong upward medium-term momentum (+2.2%) signals continued institutional accumulation.""}, {""model"": ""Simulated-AI-Fundamental-Value"", ""call"": ""buy"", ""target_price"": 44.22, ""thesis"": ""Recent price softening provides an attractive risk-adjusted entry point against fundamental book value.""}, {""model"": ""Simulated-AI-Quality-Compounder"", ""call"": ""hold"", ""target_price"": 38.88, ""thesis"": ""Defensive operational balance sheet balanced by limited immediate re-rating catalysts.""}, {""model"": ""Simulated-AI-Macro-Tactical"", ""call"": ""hold"", ""target_price"": 38.13, ""thesis"": ""Balanced near-term catalysts recommend maintaining current position.""}]"
IBP,2022-09-30,small_cap,0.4038,0.5,0.2594,75.77,4,"[{""model"": ""Simulated-AI-Momentum-Quant"", ""call"": ""sell"", ""target_price"": 66.49, ""thesis"": ""Persistent negative price trajectory (-8.6%) indicates structural distribution headwinds.""}, {""model"": ""Simulated-AI-Fundamental-Value"", ""call"": ""buy"", ""target_price"": 89.16, ""thesis"": ""Recent price softening provides an attractive risk-adjusted entry point against fundamental book value.""}, {""model"": ""Simulated-AI-Quality-Compounder"", ""call"": ""hold"", ""target_price"": 78.94, ""thesis"": ""Defensive operational balance sheet balanced by limited immediate re-rating catalysts.""}, {""model"": ""Simulated-AI-Macro-Tactical"", ""call"": ""sell"", ""target_price"": 68.5, ""thesis"": ""Macro headwinds and declining momentum justify a defensive posture.""}]"
KAR,2022-09-30,small_cap,0.4111,0.5,0.2779,92.84,4,"[{""model"": ""Simulated-AI-Momentum-Quant"", ""call"": ""sell"", ""target_price"": 84.24, ""thesis"": ""Persistent negative price trajectory (+0.0%) indicates structural distribution headwinds.""}, {""model"": ""Simulated-AI-Fundamental-Value"", ""call"": ""sell"", ""target_price"": 82.5, ""thesis"": ""Elevated multi-month valuation multiples leave little safety margin against forward earnings revisions.""}, {""model"": ""Simulated-AI-Quality-Compounder"", ""call"": ""hold"", ""target_price"": 103.6, ""thesis"": ""Defensive operational balance sheet balanced by limited immediate re-rating catalysts.""}, {""model"": ""Simulated-AI-Macro-Tactical"", ""call"": ""hold"", ""target_price"": 101.0, ""thesis"": ""Balanced near-term catalysts recommend maintaining current position.""}]"
MC,2022-09-30,small_cap,0.5742,0.75,0.3105,26.74,4,"[{""model"": ""Simulated-AI-Momentum-Quant"", ""call"": ""sell"", ""target_price"": 24.07, ""thesis"": ""Persistent negative price trajectory (-18.8%) indicates structural distribution headwinds.""}, {""model"": ""Simulated-AI-Fundamental-Value"", ""call"": ""buy"", ""target_price"": 32.83, ""thesis"": ""Recent price softening provides an attractive risk-adjusted entry point against fundamental book value.""}, {""model"": ""Simulated-AI-Quality-Compounder"", ""call"": ""sell"", ""target_price"": 24.74, ""thesis"": ""Heightened earnings volatility and cyclical margin pressures elevate downside risk.""}, {""model"": ""Simulated-AI-Macro-Tactical"", ""call"": ""sell"", ""target_price"": 25.33, ""thesis"": ""Macro headwinds and declining momentum justify a defensive posture.""}]"
OII,2022-09-30,small_cap,0.4027,0.5,0.2568,7.91,4,"[{""model"": ""Simulated-AI-Momentum-Quant"", ""call"": ""sell"", ""target_price"": 6.93, ""thesis"": ""Persistent negative price trajectory (-9.9%) indicates structural distribution headwinds.""}, {""model"": ""Simulated-AI-Fundamental-Value"", ""call"": ""buy"", ""target_price"": 9.23, ""thesis"": ""Recent price softening provides an attractive risk-adjusted entry point against fundamental book value.""}, {""model"": ""Simulated-AI-Quality-Compounder"", ""call"": ""hold"", ""target_price"": 8.3, ""thesis"": ""Defensive operational balance sheet balanced by limited immediate re-rating catalysts.""}, {""model"": ""Simulated-AI-Macro-Tactical"", ""call"": ""sell"", ""target_price"": 7.16, ""thesis"": ""Macro headwinds and declining momentum justify a defensive posture.""}]"
PRDO,2022-09-30,small_cap,0.5755,0.75,0.3138,9.2,4,"[{""model"": ""Simulated-AI-Momentum-Quant"", ""call"": ""sell"", ""target_price"": 8.29, ""thesis"": ""Persistent negative price trajectory (-11.5%) indicates structural distribution headwinds.""}, {""model"": ""Simulated-AI-Fundamental-Value"", ""call"": ""buy"", ""target_price"": 11.26, ""thesis"": ""Recent price softening provides an attractive risk-adjusted entry point against fundamental book value.""}, {""model"": ""Simulated-AI-Quality-Compounder"", ""call"": ""sell"", ""target_price"": 8.61, ""thesis"": ""Heightened earnings volatility and cyclical margin pressures elevate downside risk.""}, {""model"": ""Simulated-AI-Macro-Tactical"", ""call"": ""sell"", ""target_price"": 8.66, ""thesis"": ""Macro headwinds and declining momentum justify a defensive posture.""}]"
SHOO,2022-09-30,small_cap,0.4052,0.5,0.263,24.34,4,"[{""model"": ""Simulated-AI-Momentum-Quant"", ""call"": ""sell"", ""target_price"": 21.4, ""thesis"": ""Persistent negative price trajectory (-7.4%) indicates structural distribution headwinds.""}, {""model"": ""Simulated-AI-Fundamental-Value"", ""call"": ""buy"", ""target_price"": 28.49, ""thesis"": ""Recent price softening provides an attractive risk-adjusted entry point against fundamental book value.""}, {""model"": ""Simulated-AI-Quality-Compounder"", ""call"": ""hold"", ""target_price"": 25.48, ""thesis"": ""Defensive operational balance sheet balanced by limited immediate re-rating catalysts.""}, {""model"": ""Simulated-AI-Macro-Tactical"", ""call"": ""hold"", ""target_price"": 21.99, ""thesis"": ""Macro headwinds and declining momentum justify a defensive posture.""}]"
SLVM,2022-09-30,small_cap,0.5735,0.75,0.3087,28.65,4,"[{""model"": ""Simulated-AI-Momentum-Quant"", ""call"": ""sell"", ""target_price"": 26.14, ""thesis"": ""Persistent negative price trajectory (-21.0%) indicates structural distribution headwinds.""}, {""model"": ""Simulated-AI-Fundamental-Value"", ""call"": ""buy"", ""target_price"": 34.77, ""thesis"": ""Recent price softening provides an attractive risk-adjusted entry point against fundamental book value.""}, {""model"": ""Simulated-AI-Quality-Compounder"", ""call"": ""sell"", ""target_price"": 26.58, ""thesis"": ""Heightened earnings volatility and cyclical margin pressures elevate downside risk.""}, {""model"": ""Simulated-AI-Macro-Tactical"", ""call"": ""sell"", ""target_price"": 27.11, ""thesis"": ""Macro headwinds and declining momentum justify a defensive posture.""}]"
AAPL,2022-12-30,large_cap,0.4038,0.5,0.2594,125.61,4,"[{""model"": ""Simulated-AI-Momentum-Quant"", ""call"": ""sell"", ""target_price"": 107.43, ""thesis"": ""Persistent negative price trajectory (-8.6%) indicates structural distribution headwinds.""}, {""model"": ""Simulated-AI-Fundamental-Value"", ""call"": ""buy"", ""target_price"": 146.8, ""thesis"": ""Recent price softening provides an attractive risk-adjusted entry point against fundamental book value.""}, {""model"": ""Simulated-AI-Quality-Compounder"", ""call"": ""hold"", ""target_price"": 133.32, ""thesis"": ""Defensive operational balance sheet balanced by limited immediate re-rating catalysts.""}, {""model"": ""Simulated-AI-Macro-Tactical"", ""call"": ""sell"", ""target_price"": 114.89, ""thesis"": ""Macro headwinds and declining momentum justify a defensive posture.""}]"
MSFT,2022-12-30,large_cap,0.5473,0.75,0.2433,243.89,4,"[{""model"": ""Simulated-AI-Momentum-Quant"", ""call"": ""buy"", ""target_price"": 269.05, ""thesis"": ""Strong upward medium-term momentum (-0.1%) signals continued institutional accumulation.""}, {""model"": ""Simulated-AI-Fundamental-Value"", ""call"": ""hold"", ""target_price"": 231.72, ""thesis"": ""Fair valuation reflects balanced risk-reward relative to sector peers.""}, {""model"": ""Simulated-AI-Quality-Compounder"", ""call"": ""hold"", ""target_price"": 239.72, ""thesis"": ""Defensive operational balance sheet balanced by limited immediate re-rating catalysts.""}, {""model"": ""Simulated-AI-Macro-Tactical"", ""call"": ""hold"", ""target_price"": 235.07, ""thesis"": ""Balanced near-term catalysts recommend maintaining current position.""}]"
NVDA,2022-12-30,large_cap,0.5825,0.75,0.3312,15.17,4,"[{""model"": ""Simulated-AI-Momentum-Quant"", ""call"": ""buy"", ""target_price"": 16.33, ""thesis"": ""Strong upward medium-term momentum (+16.8%) signals continued institutional accumulation.""}, {""model"": ""Simulated-AI-Fundamental-Value"", ""call"": ""sell"", ""target_price"": 12.25, ""thesis"": ""Elevated multi-month valuation multiples leave little safety margin against forward earnings revisions.""}, {""model"": ""Simulated-AI-Quality-Compounder"", ""call"": ""buy"", ""target_price"": 16.07, ""thesis"": ""Stable financial profile and durable competitive moat support long-term compounding potential.""}, {""model"": ""Simulated-AI-Macro-Tactical"", ""call"": ""buy"", ""target_price"": 16.03, ""thesis"": ""Positive operating execution and robust revenue traction support upside.""}]"
AMZN,2022-12-30,large_cap,0.5751,0.75,0.3129,80.44,4,"[{""model"": ""Simulated-AI-Momentum-Quant"", ""call"": ""sell"", ""target_price"": 73.65, ""thesis"": ""Persistent negative price trajectory (-27.5%) indicates structural distribution headwinds.""}, {""model"": ""Simulated-AI-Fundamental-Value"", ""call"": ""buy"", ""target_price"": 97.9, ""thesis"": ""Recent price softening provides an attractive risk-adjusted entry point against fundamental book value.""}, {""model"": ""Simulated-AI-Quality-Compounder"", ""call"": ""sell"", ""target_price"": 74.63, ""thesis"": ""Heightened earnings volatility and cyclical margin pressures elevate downside risk.""}, {""model"": ""Simulated-AI-Macro-Tactical"", ""call"": ""sell"", ""target_price"": 75.6, ""thesis"": ""Macro headwinds and declining momentum justify a defensive posture.""}]"
GOOGL,2022-12-30,large_cap,0.5752,0.75,0.313,83.4,4,"[{""model"": ""Simulated-AI-Momentum-Quant"", ""call"": ""sell"", ""target_price"": 75.86, ""thesis"": ""Persistent negative price trajectory (-10.6%) indicates structural distribution headwinds.""}, {""model"": ""Simulated-AI-Fundamental-Value"", ""call"": ""buy"", ""target_price"": 100.51, ""thesis"": ""Recent price softening provides an attractive risk-adjusted entry point against fundamental book value.""}, {""model"": ""Simulated-AI-Quality-Compounder"", ""call"": ""sell"", ""target_price"": 78.57, ""thesis"": ""Heightened earnings volatility and cyclical margin pressures elevate downside risk.""}, {""model"": ""Simulated-AI-Macro-Tactical"", ""call"": ""sell"", ""target_price"": 78.66, ""thesis"": ""Macro headwinds and declining momentum justify a defensive posture.""}]"
META,2022-12-30,large_cap,0.5736,0.75,0.3089,112.94,4,"[{""model"": ""Simulated-AI-Momentum-Quant"", ""call"": ""sell"", ""target_price"": 100.87, ""thesis"": ""Persistent negative price trajectory (-13.2%) indicates structural distribution headwinds.""}, {""model"": ""Simulated-AI-Fundamental-Value"", ""call"": ""buy"", ""target_price"": 138.08, ""thesis"": ""Recent price softening provides an attractive risk-adjusted entry point against fundamental book value.""}, {""model"": ""Simulated-AI-Quality-Compounder"", ""call"": ""sell"", ""target_price"": 105.45, ""thesis"": ""Heightened earnings volatility and cyclical margin pressures elevate downside risk.""}, {""model"": ""Simulated-AI-Macro-Tactical"", ""call"": ""sell"", ""target_price"": 107.36, ""thesis"": ""Macro headwinds and declining momentum justify a defensive posture.""}]"
BRK-B,2022-12-30,large_cap,0.4246,0.5,0.3116,319.45,4,"[{""model"": ""Simulated-AI-Momentum-Quant"", ""call"": ""buy"", ""target_price"": 352.89, ""thesis"": ""Strong upward medium-term momentum (+13.2%) signals continued institutional accumulation.""}, {""model"": ""Simulated-AI-Fundamental-Value"", ""call"": ""hold"", ""target_price"": 312.36, ""thesis"": ""Fair valuation reflects balanced risk-reward relative to sector peers.""}, {""model"": ""Simulated-AI-Quality-Compounder"", ""call"": ""sell"", ""target_price"": 272.76, ""thesis"": ""Heightened earnings volatility and cyclical margin pressures elevate downside risk.""}, {""model"": ""Simulated-AI-Macro-Tactical"", ""call"": ""hold"", ""target_price"": 339.79, ""thesis"": ""Positive operating execution and robust revenue traction support upside.""}]"
JPM,2022-12-30,large_cap,0.4119,0.5,0.2797,126.37,4,"[{""model"": ""Simulated-AI-Momentum-Quant"", ""call"": ""buy"", ""target_price"": 141.07, ""thesis"": ""Strong upward medium-term momentum (+25.6%) signals continued institutional accumulation.""}, {""model"": ""Simulated-AI-Fundamental-Value"", ""call"": ""sell"", ""target_price"": 102.78, ""thesis"": ""Elevated multi-month valuation multiples leave little safety margin against forward earnings revisions.""}, {""model"": ""Simulated-AI-Quality-Compounder"", ""call"": ""hold"", ""target_price"": 126.53, ""thesis"": ""Defensive operational balance sheet balanced by limited immediate re-rating catalysts.""}, {""model"": ""Simulated-AI-Macro-Tactical"", ""call"": ""buy"", ""target_price"": 135.08, ""thesis"": ""Positive operating execution and robust revenue traction support upside.""}]"
V,2022-12-30,large_cap,0.4122,0.5,0.2804,206.9,4,"[{""model"": ""Simulated-AI-Momentum-Quant"", ""call"": ""buy"", ""target_price"": 230.0, ""thesis"": ""Strong upward medium-term momentum (+14.6%) signals continued institutional accumulation.""}, {""model"": ""Simulated-AI-Fundamental-Value"", ""call"": ""sell"", ""target_price"": 167.48, ""thesis"": ""Elevated multi-month valuation multiples leave little safety margin against forward earnings revisions.""}, {""model"": ""Simulated-AI-Quality-Compounder"", ""call"": ""hold"", ""target_price"": 208.04, ""thesis"": ""Defensive operational balance sheet balanced by limited immediate re-rating catalysts.""}, {""model"": ""Simulated-AI-Macro-Tactical"", ""call"": ""buy"", ""target_price"": 222.09, ""thesis"": ""Positive operating execution and robust revenue traction support upside.""}]"
LLY,2022-12-30,large_cap,0.445,0.5,0.3626,350.44,4,"[{""model"": ""Simulated-AI-Momentum-Quant"", ""call"": ""buy"", ""target_price"": 399.34, ""thesis"": ""Strong upward medium-term momentum (+14.1%) signals continued institutional accumulation.""}, {""model"": ""Simulated-AI-Fundamental-Value"", ""call"": ""sell"", ""target_price"": 298.12, ""thesis"": ""Elevated multi-month valuation multiples leave little safety margin against forward earnings revisions.""}, {""model"": ""Simulated-AI-Quality-Compounder"", ""call"": ""sell"", ""target_price"": 313.23, ""thesis"": ""Heightened earnings volatility and cyclical margin pressures elevate downside risk.""}, {""model"": ""Simulated-AI-Macro-Tactical"", ""call"": ""hold"", ""target_price"": 391.09, ""thesis"": ""Positive operating execution and robust revenue traction support upside.""}]"
UNH,2022-12-30,large_cap,0.5492,0.75,0.2479,517.93,4,"[{""model"": ""Simulated-AI-Momentum-Quant"", ""call"": ""buy"", ""target_price"": 562.15, ""thesis"": ""Strong upward medium-term momentum (+3.2%) signals continued institutional accumulation.""}, {""model"": ""Simulated-AI-Fundamental-Value"", ""call"": ""hold"", ""target_price"": 497.18, ""thesis"": ""Fair valuation reflects balanced risk-reward relative to sector peers.""}, {""model"": ""Simulated-AI-Quality-Compounder"", ""call"": ""hold"", ""target_price"": 512.23, ""thesis"": ""Defensive operational balance sheet balanced by limited immediate re-rating catalysts.""}, {""model"": ""Simulated-AI-Macro-Tactical"", ""call"": ""hold"", ""target_price"": 500.15, ""thesis"": ""Balanced near-term catalysts recommend maintaining current position.""}]"
XOM,2022-12-30,large_cap,0.5832,0.75,0.3329,102.5,4,"[{""model"": ""Simulated-AI-Momentum-Quant"", ""call"": ""buy"", ""target_price"": 111.34, ""thesis"": ""Strong upward medium-term momentum (+21.0%) signals continued institutional accumulation.""}, {""model"": ""Simulated-AI-Fundamental-Value"", ""call"": ""sell"", ""target_price"": 81.93, ""thesis"": ""Elevated multi-month valuation multiples leave little safety margin against forward earnings revisions.""}, {""model"": ""Simulated-AI-Quality-Compounder"", ""call"": ""buy"", ""target_price"": 109.45, ""thesis"": ""Stable financial profile and durable competitive moat support long-term compounding potential.""}, {""model"": ""Simulated-AI-Macro-Tactical"", ""call"": ""buy"", ""target_price"": 107.28, ""thesis"": ""Positive operating execution and robust revenue traction support upside.""}]"
JNJ,2022-12-30,large_cap,0.5825,0.75,0.3311,166.96,4,"[{""model"": ""Simulated-AI-Momentum-Quant"", ""call"": ""buy"", ""target_price"": 183.33, ""thesis"": ""Strong upward medium-term momentum (+8.9%) signals continued institutional accumulation.""}, {""model"": ""Simulated-AI-Fundamental-Value"", ""call"": ""sell"", ""target_price"": 134.82, ""thesis"": ""Elevated multi-month valuation multiples leave little safety margin against forward earnings revisions.""}, {""model"": ""Simulated-AI-Quality-Compounder"", ""call"": ""buy"", ""target_price"": 175.14, ""thesis"": ""Stable financial profile and durable competitive moat support long-term compounding potential.""}, {""model"": ""Simulated-AI-Macro-Tactical"", ""call"": ""buy"", ""target_price"": 174.57, ""thesis"": ""Positive operating execution and robust revenue traction support upside.""}]"
PG,2022-12-30,large_cap,0.4115,0.5,0.2787,141.57,4,"[{""model"": ""Simulated-AI-Momentum-Quant"", ""call"": ""buy"", ""target_price"": 159.0, ""thesis"": ""Strong upward medium-term momentum (+18.8%) signals continued institutional accumulation.""}, {""model"": ""Simulated-AI-Fundamental-Value"", ""call"": ""sell"", ""target_price"": 113.88, ""thesis"": ""Elevated multi-month valuation multiples leave little safety margin against forward earnings revisions.""}, {""model"": ""Simulated-AI-Quality-Compounder"", ""call"": ""hold"", ""target_price"": 142.23, ""thesis"": ""Defensive operational balance sheet balanced by limited immediate re-rating catalysts.""}, {""model"": ""Simulated-AI-Macro-Tactical"", ""call"": ""hold"", ""target_price"": 151.19, ""thesis"": ""Positive operating execution and robust revenue traction support upside.""}]"
HD,2022-12-30,large_cap,0.5746,0.75,0.3115,312.09,4,"[{""model"": ""Simulated-AI-Momentum-Quant"", ""call"": ""buy"", ""target_price"": 325.87, ""thesis"": ""Strong upward medium-term momentum (+12.0%) signals continued institutional accumulation.""}, {""model"": ""Simulated-AI-Fundamental-Value"", ""call"": ""hold"", ""target_price"": 288.86, ""thesis"": ""Fair valuation reflects balanced risk-reward relative to sector peers.""}, {""model"": ""Simulated-AI-Quality-Compounder"", ""call"": ""buy"", ""target_price"": 318.53, ""thesis"": ""Stable financial profile and durable competitive moat support long-term compounding potential.""}, {""model"": ""Simulated-AI-Macro-Tactical"", ""call"": ""buy"", ""target_price"": 315.1, ""thesis"": ""Positive operating execution and robust revenue traction support upside.""}]"
MA,2022-12-30,large_cap,0.5828,0.75,0.332,354.63,4,"[{""model"": ""Simulated-AI-Momentum-Quant"", ""call"": ""buy"", ""target_price"": 385.42, ""thesis"": ""Strong upward medium-term momentum (+19.9%) signals continued institutional accumulation.""}, {""model"": ""Simulated-AI-Fundamental-Value"", ""call"": ""sell"", ""target_price"": 283.05, ""thesis"": ""Elevated multi-month valuation multiples leave little safety margin against forward earnings revisions.""}, {""model"": ""Simulated-AI-Quality-Compounder"", ""call"": ""buy"", ""target_price"": 376.04, ""thesis"": ""Stable financial profile and durable competitive moat support long-term compounding potential.""}, {""model"": ""Simulated-AI-Macro-Tactical"", ""call"": ""buy"", ""target_price"": 374.0, ""thesis"": ""Positive operating execution and robust revenue traction support upside.""}]"
COST,2022-12-30,large_cap,0.7327,1.0,0.3317,445.99,4,"[{""model"": ""Simulated-AI-Momentum-Quant"", ""call"": ""hold"", ""target_price"": 455.62, ""thesis"": ""Consolidating trading range warrants a neutral rating until breakout confirmation.""}, {""model"": ""Simulated-AI-Fundamental-Value"", ""call"": ""hold"", ""target_price"": 431.15, ""thesis"": ""Fair valuation reflects balanced risk-reward relative to sector peers.""}, {""model"": ""Simulated-AI-Quality-Compounder"", ""call"": ""hold"", ""target_price"": 456.62, ""thesis"": ""Defensive operational balance sheet balanced by limited immediate re-rating catalysts.""}, {""model"": ""Simulated-AI-Macro-Tactical"", ""call"": ""hold"", ""target_price"": 440.57, ""thesis"": ""Balanced near-term catalysts recommend maintaining current position.""}]"
ABBV,2022-12-30,large_cap,0.4246,0.5,0.3115,147.22,4,"[{""model"": ""Simulated-AI-Momentum-Quant"", ""call"": ""buy"", ""target_price"": 163.97, ""thesis"": ""Strong upward medium-term momentum (+18.0%) signals continued institutional accumulation.""}, {""model"": ""Simulated-AI-Fundamental-Value"", ""call"": ""hold"", ""target_price"": 144.22, ""thesis"": ""Fair valuation reflects balanced risk-reward relative to sector peers.""}, {""model"": ""Simulated-AI-Quality-Compounder"", ""call"": ""sell"", ""target_price"": 125.11, ""thesis"": ""Heightened earnings volatility and cyclical margin pressures elevate downside risk.""}, {""model"": ""Simulated-AI-Macro-Tactical"", ""call"": ""buy"", ""target_price"": 155.59, ""thesis"": ""Positive operating execution and robust revenue traction support upside.""}]"
MRK,2022-12-30,large_cap,0.4444,0.5,0.361,98.94,4,"[{""model"": ""Simulated-AI-Momentum-Quant"", ""call"": ""buy"", ""target_price"": 114.24, ""thesis"": ""Strong upward medium-term momentum (+27.6%) signals continued institutional accumulation.""}, {""model"": ""Simulated-AI-Fundamental-Value"", ""call"": ""sell"", ""target_price"": 84.07, ""thesis"": ""Elevated multi-month valuation multiples leave little safety margin against forward earnings revisions.""}, {""model"": ""Simulated-AI-Quality-Compounder"", ""call"": ""sell"", ""target_price"": 87.67, ""thesis"": ""Heightened earnings volatility and cyclical margin pressures elevate downside risk.""}, {""model"": ""Simulated-AI-Macro-Tactical"", ""call"": ""buy"", ""target_price"": 109.77, ""thesis"": ""Positive operating execution and robust revenue traction support upside.""}]"
BAC,2022-12-30,large_cap,0.4471,0.5,0.3678,28.77,4,"[{""model"": ""Simulated-AI-Momentum-Quant"", ""call"": ""hold"", ""target_price"": 30.16, ""thesis"": ""Consolidating trading range warrants a neutral rating until breakout confirmation.""}, {""model"": ""Simulated-AI-Fundamental-Value"", ""call"": ""sell"", ""target_price"": 25.34, ""thesis"": ""Elevated multi-month valuation multiples leave little safety margin against forward earnings revisions.""}, {""model"": ""Simulated-AI-Quality-Compounder"", ""call"": ""sell"", ""target_price"": 26.42, ""thesis"": ""Heightened earnings volatility and cyclical margin pressures elevate downside risk.""}, {""model"": ""Simulated-AI-Macro-Tactical"", ""call"": ""hold"", ""target_price"": 33.14, ""thesis"": ""Positive operating execution and robust revenue traction support upside.""}]"
CVX,2022-12-30,large_cap,0.5824,0.75,0.3311,160.55,4,"[{""model"": ""Simulated-AI-Momentum-Quant"", ""call"": ""buy"", ""target_price"": 172.78, ""thesis"": ""Strong upward medium-term momentum (+19.2%) signals continued institutional accumulation.""}, {""model"": ""Simulated-AI-Fundamental-Value"", ""call"": ""sell"", ""target_price"": 129.93, ""thesis"": ""Elevated multi-month valuation multiples leave little safety margin against forward earnings revisions.""}, {""model"": ""Simulated-AI-Quality-Compounder"", ""call"": ""buy"", ""target_price"": 170.17, ""thesis"": ""Stable financial profile and durable competitive moat support long-term compounding potential.""}, {""model"": ""Simulated-AI-Macro-Tactical"", ""call"": ""buy"", ""target_price"": 169.33, ""thesis"": ""Positive operating execution and robust revenue traction support upside.""}]"
CRM,2022-12-30,large_cap,0.5671,0.75,0.2927,119.13,4,"[{""model"": ""Simulated-AI-Momentum-Quant"", ""call"": ""sell"", ""target_price"": 114.59, ""thesis"": ""Persistent negative price trajectory (-10.4%) indicates structural distribution headwinds.""}, {""model"": ""Simulated-AI-Fundamental-Value"", ""call"": ""hold"", ""target_price"": 128.62, ""thesis"": ""Fair valuation reflects balanced risk-reward relative to sector peers.""}, {""model"": ""Simulated-AI-Quality-Compounder"", ""call"": ""sell"", ""target_price"": 116.0, ""thesis"": ""Heightened earnings volatility and cyclical margin pressures elevate downside risk.""}, {""model"": ""Simulated-AI-Macro-Tactical"", ""call"": ""sell"", ""target_price"": 117.31, ""thesis"": ""Macro headwinds and declining momentum justify a defensive posture.""}]"
NFLX,2022-12-30,large_cap,0.5832,0.75,0.333,30.72,4,"[{""model"": ""Simulated-AI-Momentum-Quant"", ""call"": ""buy"", ""target_price"": 33.43, ""thesis"": ""Strong upward medium-term momentum (+23.4%) signals continued institutional accumulation.""}, {""model"": ""Simulated-AI-Fundamental-Value"", ""call"": ""sell"", ""target_price"": 24.51, ""thesis"": ""Elevated multi-month valuation multiples leave little safety margin against forward earnings revisions.""}, {""model"": ""Simulated-AI-Quality-Compounder"", ""call"": ""buy"", ""target_price"": 32.51, ""thesis"": ""Stable financial profile and durable competitive moat support long-term compounding potential.""}, {""model"": ""Simulated-AI-Macro-Tactical"", ""call"": ""buy"", ""target_price"": 32.44, ""thesis"": ""Positive operating execution and robust revenue traction support upside.""}]"
AMD,2022-12-30,large_cap,0.7327,1.0,0.3317,66.08,4,"[{""model"": ""Simulated-AI-Momentum-Quant"", ""call"": ""hold"", ""target_price"": 66.16, ""thesis"": ""Consolidating trading range warrants a neutral rating until breakout confirmation.""}, {""model"": ""Simulated-AI-Fundamental-Value"", ""call"": ""hold"", ""target_price"": 64.64, ""thesis"": ""Fair valuation reflects balanced risk-reward relative to sector peers.""}, {""model"": ""Simulated-AI-Quality-Compounder"", ""call"": ""hold"", ""target_price"": 68.09, ""thesis"": ""Defensive operational balance sheet balanced by limited immediate re-rating catalysts.""}, {""model"": ""Simulated-AI-Macro-Tactical"", ""call"": ""hold"", ""target_price"": 65.42, ""thesis"": ""Balanced near-term catalysts recommend maintaining current position.""}]"
PEP,2022-12-30,large_cap,0.4333,0.5,0.3331,166.21,4,"[{""model"": ""Simulated-AI-Momentum-Quant"", ""call"": ""buy"", ""target_price"": 179.0, ""thesis"": ""Strong upward medium-term momentum (+10.0%) signals continued institutional accumulation.""}, {""model"": ""Simulated-AI-Fundamental-Value"", ""call"": ""sell"", ""target_price"": 132.84, ""thesis"": ""Elevated multi-month valuation multiples leave little safety margin against forward earnings revisions.""}, {""model"": ""Simulated-AI-Quality-Compounder"", ""call"": ""buy"", ""target_price"": 178.3, ""thesis"": ""Stable financial profile and durable competitive moat support long-term compounding potential.""}, {""model"": ""Simulated-AI-Macro-Tactical"", ""call"": ""hold"", ""target_price"": 174.68, ""thesis"": ""Positive operating execution and robust revenue traction support upside.""}]"
KO,2022-12-30,large_cap,0.5751,0.75,0.3127,63.05,4,"[{""model"": ""Simulated-AI-Momentum-Quant"", ""call"": ""buy"", ""target_price"": 66.53, ""thesis"": ""Strong upward medium-term momentum (+13.1%) signals continued institutional accumulation.""}, {""model"": ""Simulated-AI-Fundamental-Value"", ""call"": ""hold"", ""target_price"": 58.06, ""thesis"": ""Fair valuation reflects balanced risk-reward relative to sector peers.""}, {""model"": ""Simulated-AI-Quality-Compounder"", ""call"": ""buy"", ""target_price"": 64.5, ""thesis"": ""Stable financial profile and durable competitive moat support long-term compounding potential.""}, {""model"": ""Simulated-AI-Macro-Tactical"", ""call"": ""buy"", ""target_price"": 63.09, ""thesis"": ""Positive operating execution and robust revenue traction support upside.""}]"
TMO,2022-12-30,large_cap,0.5811,0.75,0.3277,565.0,4,"[{""model"": ""Simulated-AI-Momentum-Quant"", ""call"": ""hold"", ""target_price"": 549.61, ""thesis"": ""Consolidating trading range warrants a neutral rating until breakout confirmation.""}, {""model"": ""Simulated-AI-Fundamental-Value"", ""call"": ""hold"", ""target_price"": 547.54, ""thesis"": ""Fair valuation reflects balanced risk-reward relative to sector peers.""}, {""model"": ""Simulated-AI-Quality-Compounder"", ""call"": ""hold"", ""target_price"": 563.67, ""thesis"": ""Defensive operational balance sheet balanced by limited immediate re-rating catalysts.""}, {""model"": ""Simulated-AI-Macro-Tactical"", ""call"": ""buy"", ""target_price"": 599.18, ""thesis"": ""Positive operating execution and robust revenue traction support upside.""}]"
WMT,2022-12-30,large_cap,0.4331,0.5,0.3328,45.71,4,"[{""model"": ""Simulated-AI-Momentum-Quant"", ""call"": ""hold"", ""target_price"": 45.17, ""thesis"": ""Consolidating trading range warrants a neutral rating until breakout confirmation.""}, {""model"": ""Simulated-AI-Fundamental-Value"", ""call"": ""sell"", ""target_price"": 37.79, ""thesis"": ""Elevated multi-month valuation multiples leave little safety margin against forward earnings revisions.""}, {""model"": ""Simulated-AI-Quality-Compounder"", ""call"": ""buy"", ""target_price"": 50.08, ""thesis"": ""Stable financial profile and durable competitive moat support long-term compounding potential.""}, {""model"": ""Simulated-AI-Macro-Tactical"", ""call"": ""buy"", ""target_price"": 49.81, ""thesis"": ""Positive operating execution and robust revenue traction support upside.""}]"
MCD,2022-12-30,large_cap,0.4057,0.5,0.2644,258.94,4,"[{""model"": ""Simulated-AI-Momentum-Quant"", ""call"": ""buy"", ""target_price"": 275.09, ""thesis"": ""Strong upward medium-term momentum (+12.6%) signals continued institutional accumulation.""}, {""model"": ""Simulated-AI-Fundamental-Value"", ""call"": ""hold"", ""target_price"": 245.77, ""thesis"": ""Fair valuation reflects balanced risk-reward relative to sector peers.""}, {""model"": ""Simulated-AI-Quality-Compounder"", ""call"": ""hold"", ""target_price"": 249.63, ""thesis"": ""Defensive operational balance sheet balanced by limited immediate re-rating catalysts.""}, {""model"": ""Simulated-AI-Macro-Tactical"", ""call"": ""buy"", ""target_price"": 265.25, ""thesis"": ""Positive operating execution and robust revenue traction support upside.""}]"
CSCO,2022-12-30,large_cap,0.5831,0.75,0.3327,45.32,4,"[{""model"": ""Simulated-AI-Momentum-Quant"", ""call"": ""buy"", ""target_price"": 49.58, ""thesis"": ""Strong upward medium-term momentum (+16.5%) signals continued institutional accumulation.""}, {""model"": ""Simulated-AI-Fundamental-Value"", ""call"": ""sell"", ""target_price"": 36.17, ""thesis"": ""Elevated multi-month valuation multiples leave little safety margin against forward earnings revisions.""}, {""model"": ""Simulated-AI-Quality-Compounder"", ""call"": ""buy"", ""target_price"": 48.21, ""thesis"": ""Stable financial profile and durable competitive moat support long-term compounding potential.""}, {""model"": ""Simulated-AI-Macro-Tactical"", ""call"": ""buy"", ""target_price"": 47.31, ""thesis"": ""Positive operating execution and robust revenue traction support upside.""}]"
KNSL,2022-12-30,small_cap,0.7327,1.0,0.3317,265.31,4,"[{""model"": ""Simulated-AI-Momentum-Quant"", ""call"": ""hold"", ""target_price"": 268.09, ""thesis"": ""Consolidating trading range warrants a neutral rating until breakout confirmation.""}, {""model"": ""Simulated-AI-Fundamental-Value"", ""call"": ""hold"", ""target_price"": 258.01, ""thesis"": ""Fair valuation reflects balanced risk-reward relative to sector peers.""}, {""model"": ""Simulated-AI-Quality-Compounder"", ""call"": ""hold"", ""target_price"": 272.77, ""thesis"": ""Defensive operational balance sheet balanced by limited immediate re-rating catalysts.""}, {""model"": ""Simulated-AI-Macro-Tactical"", ""call"": ""hold"", ""target_price"": 262.38, ""thesis"": ""Balanced near-term catalysts recommend maintaining current position.""}]"
SAIA,2022-12-30,small_cap,0.5827,0.75,0.3317,217.81,4,"[{""model"": ""Simulated-AI-Momentum-Quant"", ""call"": ""buy"", ""target_price"": 236.52, ""thesis"": ""Strong upward medium-term momentum (+5.8%) signals continued institutional accumulation.""}, {""model"": ""Simulated-AI-Fundamental-Value"", ""call"": ""sell"", ""target_price"": 173.3, ""thesis"": ""Elevated multi-month valuation multiples leave little safety margin against forward earnings revisions.""}, {""model"": ""Simulated-AI-Quality-Compounder"", ""call"": ""buy"", ""target_price"": 230.77, ""thesis"": ""Stable financial profile and durable competitive moat support long-term compounding potential.""}, {""model"": ""Simulated-AI-Macro-Tactical"", ""call"": ""buy"", ""target_price"": 230.65, ""thesis"": ""Positive operating execution and robust revenue traction support upside.""}]"
MEDP,2022-12-30,small_cap,0.4459,0.5,0.3647,209.1,4,"[{""model"": ""Simulated-AI-Momentum-Quant"", ""call"": ""buy"", ""target_price"": 238.24, ""thesis"": ""Strong upward medium-term momentum (+32.1%) signals continued institutional accumulation.""}, {""model"": ""Simulated-AI-Fundamental-Value"", ""call"": ""sell"", ""target_price"": 176.62, ""thesis"": ""Elevated multi-month valuation multiples leave little safety margin against forward earnings revisions.""}, {""model"": ""Simulated-AI-Quality-Compounder"", ""call"": ""sell"", ""target_price"": 187.88, ""thesis"": ""Heightened earnings volatility and cyclical margin pressures elevate downside risk.""}, {""model"": ""Simulated-AI-Macro-Tactical"", ""call"": ""buy"", ""target_price"": 233.65, ""thesis"": ""Positive operating execution and robust revenue traction support upside.""}]"
SSD,2022-12-30,small_cap,0.4183,0.5,0.2957,91.05,4,"[{""model"": ""Simulated-AI-Momentum-Quant"", ""call"": ""hold"", ""target_price"": 86.43, ""thesis"": ""Consolidating trading range warrants a neutral rating until breakout confirmation.""}, {""model"": ""Simulated-AI-Fundamental-Value"", ""call"": ""hold"", ""target_price"": 87.61, ""thesis"": ""Fair valuation reflects balanced risk-reward relative to sector peers.""}, {""model"": ""Simulated-AI-Quality-Compounder"", ""call"": ""buy"", ""target_price"": 95.24, ""thesis"": ""Stable financial profile and durable competitive moat support long-term compounding potential.""}, {""model"": ""Simulated-AI-Macro-Tactical"", ""call"": ""buy"", ""target_price"": 94.93, ""thesis"": ""Positive operating execution and robust revenue traction support upside.""}]"
EXPO,2022-12-30,small_cap,0.583,0.75,0.3325,98.64,4,"[{""model"": ""Simulated-AI-Momentum-Quant"", ""call"": ""buy"", ""target_price"": 106.1, ""thesis"": ""Strong upward medium-term momentum (+10.7%) signals continued institutional accumulation.""}, {""model"": ""Simulated-AI-Fundamental-Value"", ""call"": ""sell"", ""target_price"": 79.7, ""thesis"": ""Elevated multi-month valuation multiples leave little safety margin against forward earnings revisions.""}, {""model"": ""Simulated-AI-Quality-Compounder"", ""call"": ""buy"", ""target_price"": 105.36, ""thesis"": ""Stable financial profile and durable competitive moat support long-term compounding potential.""}, {""model"": ""Simulated-AI-Macro-Tactical"", ""call"": ""buy"", ""target_price"": 103.39, ""thesis"": ""Positive operating execution and robust revenue traction support upside.""}]"
FORM,2022-12-30,small_cap,0.4243,0.5,0.3109,21.14,4,"[{""model"": ""Simulated-AI-Momentum-Quant"", ""call"": ""sell"", ""target_price"": 19.05, ""thesis"": ""Persistent negative price trajectory (-15.3%) indicates structural distribution headwinds.""}, {""model"": ""Simulated-AI-Fundamental-Value"", ""call"": ""buy"", ""target_price"": 25.76, ""thesis"": ""Recent price softening provides an attractive risk-adjusted entry point against fundamental book value.""}, {""model"": ""Simulated-AI-Quality-Compounder"", ""call"": ""sell"", ""target_price"": 19.72, ""thesis"": ""Heightened earnings volatility and cyclical margin pressures elevate downside risk.""}, {""model"": ""Simulated-AI-Macro-Tactical"", ""call"": ""hold"", ""target_price"": 20.01, ""thesis"": ""Macro headwinds and declining momentum justify a defensive posture.""}]"
CRVL,2022-12-30,small_cap,0.4229,0.5,0.3071,48.0,4,"[{""model"": ""Simulated-AI-Momentum-Quant"", ""call"": ""hold"", ""target_price"": 49.48, ""thesis"": ""Consolidating trading range warrants a neutral rating until breakout confirmation.""}, {""model"": ""Simulated-AI-Fundamental-Value"", ""call"": ""sell"", ""target_price"": 40.18, ""thesis"": ""Elevated multi-month valuation multiples leave little safety margin against forward earnings revisions.""}, {""model"": ""Simulated-AI-Quality-Compounder"", ""call"": ""buy"", ""target_price"": 53.4, ""thesis"": ""Stable financial profile and durable competitive moat support long-term compounding potential.""}, {""model"": ""Simulated-AI-Macro-Tactical"", ""call"": ""hold"", ""target_price"": 48.92, ""thesis"": ""Balanced near-term catalysts recommend maintaining current position.""}]"
TKR,2022-12-30,small_cap,0.4118,0.5,0.2795,68.22,4,"[{""model"": ""Simulated-AI-Momentum-Quant"", ""call"": ""buy"", ""target_price"": 74.98, ""thesis"": ""Strong upward medium-term momentum (+16.3%) signals continued institutional accumulation.""}, {""model"": ""Simulated-AI-Fundamental-Value"", ""call"": ""sell"", ""target_price"": 56.31, ""thesis"": ""Elevated multi-month valuation multiples leave little safety margin against forward earnings revisions.""}, {""model"": ""Simulated-AI-Quality-Compounder"", ""call"": ""hold"", ""target_price"": 68.41, ""thesis"": ""Defensive operational balance sheet balanced by limited immediate re-rating catalysts.""}, {""model"": ""Simulated-AI-Macro-Tactical"", ""call"": ""hold"", ""target_price"": 73.17, ""thesis"": ""Positive operating execution and robust revenue traction support upside.""}]"
POWI,2022-12-30,small_cap,0.5738,0.75,0.3096,74.44,4,"[{""model"": ""Simulated-AI-Momentum-Quant"", ""call"": ""buy"", ""target_price"": 77.23, ""thesis"": ""Strong upward medium-term momentum (+8.2%) signals continued institutional accumulation.""}, {""model"": ""Simulated-AI-Fundamental-Value"", ""call"": ""hold"", ""target_price"": 69.11, ""thesis"": ""Fair valuation reflects balanced risk-reward relative to sector peers.""}, {""model"": ""Simulated-AI-Quality-Compounder"", ""call"": ""buy"", ""target_price"": 76.43, ""thesis"": ""Stable financial profile and durable competitive moat support long-term compounding potential.""}, {""model"": ""Simulated-AI-Macro-Tactical"", ""call"": ""buy"", ""target_price"": 75.0, ""thesis"": ""Positive operating execution and robust revenue traction support upside.""}]"
CALM,2022-12-30,small_cap,0.7327,1.0,0.3317,44.15,4,"[{""model"": ""Simulated-AI-Momentum-Quant"", ""call"": ""hold"", ""target_price"": 43.77, ""thesis"": ""Consolidating trading range warrants a neutral rating until breakout confirmation.""}, {""model"": ""Simulated-AI-Fundamental-Value"", ""call"": ""hold"", ""target_price"": 43.23, ""thesis"": ""Fair valuation reflects balanced risk-reward relative to sector peers.""}, {""model"": ""Simulated-AI-Quality-Compounder"", ""call"": ""hold"", ""target_price"": 45.68, ""thesis"": ""Defensive operational balance sheet balanced by limited immediate re-rating catalysts.""}, {""model"": ""Simulated-AI-Macro-Tactical"", ""call"": ""hold"", ""target_price"": 43.9, ""thesis"": ""Balanced near-term catalysts recommend maintaining current position.""}]"
PLUS,2022-12-30,small_cap,0.4229,0.5,0.3071,43.13,4,"[{""model"": ""Simulated-AI-Momentum-Quant"", ""call"": ""hold"", ""target_price"": 43.76, ""thesis"": ""Consolidating trading range warrants a neutral rating until breakout confirmation.""}, {""model"": ""Simulated-AI-Fundamental-Value"", ""call"": ""sell"", ""target_price"": 36.4, ""thesis"": ""Elevated multi-month valuation multiples leave little safety margin against forward earnings revisions.""}, {""model"": ""Simulated-AI-Quality-Compounder"", ""call"": ""buy"", ""target_price"": 48.34, ""thesis"": ""Stable financial profile and durable competitive moat support long-term compounding potential.""}, {""model"": ""Simulated-AI-Macro-Tactical"", ""call"": ""hold"", ""target_price"": 44.03, ""thesis"": ""Balanced near-term catalysts recommend maintaining current position.""}]"
FSS,2022-12-30,small_cap,0.5825,0.75,0.3313,47.62,4,"[{""model"": ""Simulated-AI-Momentum-Quant"", ""call"": ""buy"", ""target_price"": 51.07, ""thesis"": ""Strong upward medium-term momentum (+19.8%) signals continued institutional accumulation.""}, {""model"": ""Simulated-AI-Fundamental-Value"", ""call"": ""sell"", ""target_price"": 38.19, ""thesis"": ""Elevated multi-month valuation multiples leave little safety margin against forward earnings revisions.""}, {""model"": ""Simulated-AI-Quality-Compounder"", ""call"": ""buy"", ""target_price"": 51.22, ""thesis"": ""Stable financial profile and durable competitive moat support long-term compounding potential.""}, {""model"": ""Simulated-AI-Macro-Tactical"", ""call"": ""buy"", ""target_price"": 50.02, ""thesis"": ""Positive operating execution and robust revenue traction support upside.""}]"
AMWD,2022-12-30,small_cap,0.5526,0.75,0.2565,97.85,4,"[{""model"": ""Simulated-AI-Momentum-Quant"", ""call"": ""sell"", ""target_price"": 84.32, ""thesis"": ""Persistent negative price trajectory (+0.0%) indicates structural distribution headwinds.""}, {""model"": ""Simulated-AI-Fundamental-Value"", ""call"": ""hold"", ""target_price"": 100.2, ""thesis"": ""Fair valuation reflects balanced risk-reward relative to sector peers.""}, {""model"": ""Simulated-AI-Quality-Compounder"", ""call"": ""hold"", ""target_price"": 105.88, ""thesis"": ""Defensive operational balance sheet balanced by limited immediate re-rating catalysts.""}, {""model"": ""Simulated-AI-Macro-Tactical"", ""call"": ""hold"", ""target_price"": 101.0, ""thesis"": ""Balanced near-term catalysts recommend maintaining current position.""}]"
ATKR,2022-12-30,small_cap,0.4114,0.5,0.2785,110.96,4,"[{""model"": ""Simulated-AI-Momentum-Quant"", ""call"": ""buy"", ""target_price"": 122.43, ""thesis"": ""Strong upward medium-term momentum (+38.0%) signals continued institutional accumulation.""}, {""model"": ""Simulated-AI-Fundamental-Value"", ""call"": ""sell"", ""target_price"": 89.93, ""thesis"": ""Elevated multi-month valuation multiples leave little safety margin against forward earnings revisions.""}, {""model"": ""Simulated-AI-Quality-Compounder"", ""call"": ""hold"", ""target_price"": 112.1, ""thesis"": ""Defensive operational balance sheet balanced by limited immediate re-rating catalysts.""}, {""model"": ""Simulated-AI-Macro-Tactical"", ""call"": ""buy"", ""target_price"": 119.39, ""thesis"": ""Positive operating execution and robust revenue traction support upside.""}]"
BRC,2022-12-30,small_cap,0.5828,0.75,0.3321,46.56,4,"[{""model"": ""Simulated-AI-Momentum-Quant"", ""call"": ""buy"", ""target_price"": 50.48, ""thesis"": ""Strong upward medium-term momentum (+10.8%) signals continued institutional accumulation.""}, {""model"": ""Simulated-AI-Fundamental-Value"", ""call"": ""sell"", ""target_price"": 37.61, ""thesis"": ""Elevated multi-month valuation multiples leave little safety margin against forward earnings revisions.""}, {""model"": ""Simulated-AI-Quality-Compounder"", ""call"": ""buy"", ""target_price"": 49.12, ""thesis"": ""Stable financial profile and durable competitive moat support long-term compounding potential.""}, {""model"": ""Simulated-AI-Macro-Tactical"", ""call"": ""buy"", ""target_price"": 49.02, ""thesis"": ""Positive operating execution and robust revenue traction support upside.""}]"
CNO,2022-12-30,small_cap,0.4117,0.5,0.2793,21.88,4,"[{""model"": ""Simulated-AI-Momentum-Quant"", ""call"": ""buy"", ""target_price"": 24.28, ""thesis"": ""Strong upward medium-term momentum (+25.3%) signals continued institutional accumulation.""}, {""model"": ""Simulated-AI-Fundamental-Value"", ""call"": ""sell"", ""target_price"": 17.9, ""thesis"": ""Elevated multi-month valuation multiples leave little safety margin against forward earnings revisions.""}, {""model"": ""Simulated-AI-Quality-Compounder"", ""call"": ""hold"", ""target_price"": 21.97, ""thesis"": ""Defensive operational balance sheet balanced by limited immediate re-rating catalysts.""}, {""model"": ""Simulated-AI-Macro-Tactical"", ""call"": ""buy"", ""target_price"": 23.38, ""thesis"": ""Positive operating execution and robust revenue traction support upside.""}]"
CSGS,2022-12-30,small_cap,0.586,0.75,0.3401,106.4,4,"[{""model"": ""Simulated-AI-Momentum-Quant"", ""call"": ""hold"", ""target_price"": 102.85, ""thesis"": ""Consolidating trading range warrants a neutral rating until breakout confirmation.""}, {""model"": ""Simulated-AI-Fundamental-Value"", ""call"": ""buy"", ""target_price"": 117.45, ""thesis"": ""Recent price softening provides an attractive risk-adjusted entry point against fundamental book value.""}, {""model"": ""Simulated-AI-Quality-Compounder"", ""call"": ""hold"", ""target_price"": 104.28, ""thesis"": ""Defensive operational balance sheet balanced by limited immediate re-rating catalysts.""}, {""model"": ""Simulated-AI-Macro-Tactical"", ""call"": ""hold"", ""target_price"": 101.0, ""thesis"": ""Balanced near-term catalysts recommend maintaining current position.""}]"
ENSG,2022-12-30,small_cap,0.4117,0.5,0.2792,97.05,4,"[{""model"": ""Simulated-AI-Momentum-Quant"", ""call"": ""buy"", ""target_price"": 108.72, ""thesis"": ""Strong upward medium-term momentum (+16.2%) signals continued institutional accumulation.""}, {""model"": ""Simulated-AI-Fundamental-Value"", ""call"": ""sell"", ""target_price"": 79.41, ""thesis"": ""Elevated multi-month valuation multiples leave little safety margin against forward earnings revisions.""}, {""model"": ""Simulated-AI-Quality-Compounder"", ""call"": ""hold"", ""target_price"": 96.69, ""thesis"": ""Defensive operational balance sheet balanced by limited immediate re-rating catalysts.""}, {""model"": ""Simulated-AI-Macro-Tactical"", ""call"": ""buy"", ""target_price"": 103.38, ""thesis"": ""Positive operating execution and robust revenue traction support upside.""}]"
FIX,2022-12-30,small_cap,0.5751,0.75,0.3128,123.02,4,"[{""model"": ""Simulated-AI-Momentum-Quant"", ""call"": ""buy"", ""target_price"": 127.45, ""thesis"": ""Strong upward medium-term momentum (+11.5%) signals continued institutional accumulation.""}, {""model"": ""Simulated-AI-Fundamental-Value"", ""call"": ""hold"", ""target_price"": 114.69, ""thesis"": ""Fair valuation reflects balanced risk-reward relative to sector peers.""}, {""model"": ""Simulated-AI-Quality-Compounder"", ""call"": ""buy"", ""target_price"": 125.04, ""thesis"": ""Stable financial profile and durable competitive moat support long-term compounding potential.""}, {""model"": ""Simulated-AI-Macro-Tactical"", ""call"": ""buy"", ""target_price"": 124.91, ""thesis"": ""Positive operating execution and robust revenue traction support upside.""}]"
GBCI,2022-12-30,small_cap,0.7327,1.0,0.3317,44.98,4,"[{""model"": ""Simulated-AI-Momentum-Quant"", ""call"": ""hold"", ""target_price"": 45.4, ""thesis"": ""Consolidating trading range warrants a neutral rating until breakout confirmation.""}, {""model"": ""Simulated-AI-Fundamental-Value"", ""call"": ""hold"", ""target_price"": 43.78, ""thesis"": ""Fair valuation reflects balanced risk-reward relative to sector peers.""}, {""model"": ""Simulated-AI-Quality-Compounder"", ""call"": ""hold"", ""target_price"": 46.2, ""thesis"": ""Defensive operational balance sheet balanced by limited immediate re-rating catalysts.""}, {""model"": ""Simulated-AI-Macro-Tactical"", ""call"": ""hold"", ""target_price"": 44.52, ""thesis"": ""Balanced near-term catalysts recommend maintaining current position.""}]"
GPI,2022-12-30,small_cap,0.4451,0.5,0.3628,174.03,4,"[{""model"": ""Simulated-AI-Momentum-Quant"", ""call"": ""buy"", ""target_price"": 198.69, ""thesis"": ""Strong upward medium-term momentum (+21.4%) signals continued institutional accumulation.""}, {""model"": ""Simulated-AI-Fundamental-Value"", ""call"": ""sell"", ""target_price"": 147.71, ""thesis"": ""Elevated multi-month valuation multiples leave little safety margin against forward earnings revisions.""}, {""model"": ""Simulated-AI-Quality-Compounder"", ""call"": ""sell"", ""target_price"": 155.82, ""thesis"": ""Heightened earnings volatility and cyclical margin pressures elevate downside risk.""}, {""model"": ""Simulated-AI-Macro-Tactical"", ""call"": ""hold"", ""target_price"": 193.9, ""thesis"": ""Positive operating execution and robust revenue traction support upside.""}]"
HLNE,2022-12-30,small_cap,0.5539,0.75,0.2599,62.09,4,"[{""model"": ""Simulated-AI-Momentum-Quant"", ""call"": ""hold"", ""target_price"": 61.31, ""thesis"": ""Consolidating trading range warrants a neutral rating until breakout confirmation.""}, {""model"": ""Simulated-AI-Fundamental-Value"", ""call"": ""hold"", ""target_price"": 60.39, ""thesis"": ""Fair valuation reflects balanced risk-reward relative to sector peers.""}, {""model"": ""Simulated-AI-Quality-Compounder"", ""call"": ""buy"", ""target_price"": 66.1, ""thesis"": ""Stable financial profile and durable competitive moat support long-term compounding potential.""}, {""model"": ""Simulated-AI-Macro-Tactical"", ""call"": ""hold"", ""target_price"": 60.56, ""thesis"": ""Balanced near-term catalysts recommend maintaining current position.""}]"
HWKN,2022-12-30,small_cap,0.7327,1.0,0.3317,38.24,4,"[{""model"": ""Simulated-AI-Momentum-Quant"", ""call"": ""hold"", ""target_price"": 38.64, ""thesis"": ""Consolidating trading range warrants a neutral rating until breakout confirmation.""}, {""model"": ""Simulated-AI-Fundamental-Value"", ""call"": ""hold"", ""target_price"": 37.8, ""thesis"": ""Fair valuation reflects balanced risk-reward relative to sector peers.""}, {""model"": ""Simulated-AI-Quality-Compounder"", ""call"": ""hold"", ""target_price"": 38.64, ""thesis"": ""Defensive operational balance sheet balanced by limited immediate re-rating catalysts.""}, {""model"": ""Simulated-AI-Macro-Tactical"", ""call"": ""hold"", ""target_price"": 37.88, ""thesis"": ""Balanced near-term catalysts recommend maintaining current position.""}]"
IBP,2022-12-30,small_cap,0.7327,1.0,0.3317,82.53,4,"[{""model"": ""Simulated-AI-Momentum-Quant"", ""call"": ""hold"", ""target_price"": 82.32, ""thesis"": ""Consolidating trading range warrants a neutral rating until breakout confirmation.""}, {""model"": ""Simulated-AI-Fundamental-Value"", ""call"": ""hold"", ""target_price"": 81.23, ""thesis"": ""Fair valuation reflects balanced risk-reward relative to sector peers.""}, {""model"": ""Simulated-AI-Quality-Compounder"", ""call"": ""hold"", ""target_price"": 85.07, ""thesis"": ""Defensive operational balance sheet balanced by limited immediate re-rating catalysts.""}, {""model"": ""Simulated-AI-Macro-Tactical"", ""call"": ""hold"", ""target_price"": 81.52, ""thesis"": ""Balanced near-term catalysts recommend maintaining current position.""}]"
KAR,2022-12-30,small_cap,0.4054,0.5,0.2635,101.47,4,"[{""model"": ""Simulated-AI-Momentum-Quant"", ""call"": ""sell"", ""target_price"": 84.48, ""thesis"": ""Persistent negative price trajectory (+0.0%) indicates structural distribution headwinds.""}, {""model"": ""Simulated-AI-Fundamental-Value"", ""call"": ""buy"", ""target_price"": 116.3, ""thesis"": ""Recent price softening provides an attractive risk-adjusted entry point against fundamental book value.""}, {""model"": ""Simulated-AI-Quality-Compounder"", ""call"": ""hold"", ""target_price"": 104.12, ""thesis"": ""Defensive operational balance sheet balanced by limited immediate re-rating catalysts.""}, {""model"": ""Simulated-AI-Macro-Tactical"", ""call"": ""hold"", ""target_price"": 101.0, ""thesis"": ""Balanced near-term catalysts recommend maintaining current position.""}]"
MC,2022-12-30,small_cap,0.5829,0.75,0.3322,33.89,4,"[{""model"": ""Simulated-AI-Momentum-Quant"", ""call"": ""buy"", ""target_price"": 36.56, ""thesis"": ""Strong upward medium-term momentum (+12.7%) signals continued institutional accumulation.""}, {""model"": ""Simulated-AI-Fundamental-Value"", ""call"": ""sell"", ""target_price"": 27.53, ""thesis"": ""Elevated multi-month valuation multiples leave little safety margin against forward earnings revisions.""}, {""model"": ""Simulated-AI-Quality-Compounder"", ""call"": ""buy"", ""target_price"": 35.79, ""thesis"": ""Stable financial profile and durable competitive moat support long-term compounding potential.""}, {""model"": ""Simulated-AI-Macro-Tactical"", ""call"": ""buy"", ""target_price"": 35.67, ""thesis"": ""Positive operating execution and robust revenue traction support upside.""}]"
OII,2022-12-30,small_cap,0.4336,0.5,0.3339,18.23,4,"[{""model"": ""Simulated-AI-Momentum-Quant"", ""call"": ""buy"", ""target_price"": 19.67, ""thesis"": ""Strong upward medium-term momentum (+94.5%) signals continued institutional accumulation.""}, {""model"": ""Simulated-AI-Fundamental-Value"", ""call"": ""sell"", ""target_price"": 14.57, ""thesis"": ""Elevated multi-month valuation multiples leave little safety margin against forward earnings revisions.""}, {""model"": ""Simulated-AI-Quality-Compounder"", ""call"": ""buy"", ""target_price"": 19.43, ""thesis"": ""Stable financial profile and durable competitive moat support long-term compounding potential.""}, {""model"": ""Simulated-AI-Macro-Tactical"", ""call"": ""hold"", ""target_price"": 19.24, ""thesis"": ""Positive operating execution and robust revenue traction support upside.""}]"
PRDO,2022-12-30,small_cap,0.5836,0.75,0.3339,13.64,4,"[{""model"": ""Simulated-AI-Momentum-Quant"", ""call"": ""buy"", ""target_price"": 14.62, ""thesis"": ""Strong upward medium-term momentum (+34.8%) signals continued institutional accumulation.""}, {""model"": ""Simulated-AI-Fundamental-Value"", ""call"": ""sell"", ""target_price"": 10.99, ""thesis"": ""Elevated multi-month valuation multiples leave little safety margin against forward earnings revisions.""}, {""model"": ""Simulated-AI-Quality-Compounder"", ""call"": ""buy"", ""target_price"": 14.66, ""thesis"": ""Stable financial profile and durable competitive moat support long-term compounding potential.""}, {""model"": ""Simulated-AI-Macro-Tactical"", ""call"": ""buy"", ""target_price"": 14.29, ""thesis"": ""Positive operating execution and robust revenue traction support upside.""}]"
SHOO,2022-12-30,small_cap,0.4121,0.5,0.2802,30.3,4,"[{""model"": ""Simulated-AI-Momentum-Quant"", ""call"": ""buy"", ""target_price"": 33.56, ""thesis"": ""Strong upward medium-term momentum (+17.2%) signals continued institutional accumulation.""}, {""model"": ""Simulated-AI-Fundamental-Value"", ""call"": ""sell"", ""target_price"": 24.83, ""thesis"": ""Elevated multi-month valuation multiples leave little safety margin against forward earnings revisions.""}, {""model"": ""Simulated-AI-Quality-Compounder"", ""call"": ""hold"", ""target_price"": 30.4, ""thesis"": ""Defensive operational balance sheet balanced by limited immediate re-rating catalysts.""}, {""model"": ""Simulated-AI-Macro-Tactical"", ""call"": ""buy"", ""target_price"": 32.41, ""thesis"": ""Positive operating execution and robust revenue traction support upside.""}]"
SLVM,2022-12-30,small_cap,0.4325,0.5,0.3313,45.58,4,"[{""model"": ""Simulated-AI-Momentum-Quant"", ""call"": ""buy"", ""target_price"": 49.95, ""thesis"": ""Strong upward medium-term momentum (+37.7%) signals continued institutional accumulation.""}, {""model"": ""Simulated-AI-Fundamental-Value"", ""call"": ""sell"", ""target_price"": 36.34, ""thesis"": ""Elevated multi-month valuation multiples leave little safety margin against forward earnings revisions.""}, {""model"": ""Simulated-AI-Quality-Compounder"", ""call"": ""buy"", ""target_price"": 48.53, ""thesis"": ""Stable financial profile and durable competitive moat support long-term compounding potential.""}, {""model"": ""Simulated-AI-Macro-Tactical"", ""call"": ""hold"", ""target_price"": 47.5, ""thesis"": ""Positive operating execution and robust revenue traction support upside.""}]"
AAPL,2023-03-31,large_cap,0.5827,0.75,0.3317,170.17,4,"[{""model"": ""Simulated-AI-Momentum-Quant"", ""call"": ""buy"", ""target_price"": 183.16, ""thesis"": ""Strong upward medium-term momentum (+27.1%) signals continued institutional accumulation.""}, {""model"": ""Simulated-AI-Fundamental-Value"", ""call"": ""sell"", ""target_price"": 136.95, ""thesis"": ""Elevated multi-month valuation multiples leave little safety margin against forward earnings revisions.""}, {""model"": ""Simulated-AI-Quality-Compounder"", ""call"": ""buy"", ""target_price"": 182.09, ""thesis"": ""Stable financial profile and durable competitive moat support long-term compounding potential.""}, {""model"": ""Simulated-AI-Macro-Tactical"", ""call"": ""buy"", ""target_price"": 178.49, ""thesis"": ""Positive operating execution and robust revenue traction support upside.""}]"
MSFT,2023-03-31,large_cap,0.583,0.75,0.3324,293.67,4,"[{""model"": ""Simulated-AI-Momentum-Quant"", ""call"": ""buy"", ""target_price"": 319.76, ""thesis"": ""Strong upward medium-term momentum (+20.5%) signals continued institutional accumulation.""}, {""model"": ""Simulated-AI-Fundamental-Value"", ""call"": ""sell"", ""target_price"": 232.95, ""thesis"": ""Elevated multi-month valuation multiples leave little safety margin against forward earnings revisions.""}, {""model"": ""Simulated-AI-Quality-Compounder"", ""call"": ""buy"", ""target_price"": 313.42, ""thesis"": ""Stable financial profile and durable competitive moat support long-term compounding potential.""}, {""model"": ""Simulated-AI-Macro-Tactical"", ""call"": ""buy"", ""target_price"": 308.54, ""thesis"": ""Positive operating execution and robust revenue traction support upside.""}]"
NVDA,2023-03-31,large_cap,0.4331,0.5,0.3327,29.06,4,"[{""model"": ""Simulated-AI-Momentum-Quant"", ""call"": ""buy"", ""target_price"": 31.61, ""thesis"": ""Strong upward medium-term momentum (+90.1%) signals continued institutional accumulation.""}, {""model"": ""Simulated-AI-Fundamental-Value"", ""call"": ""sell"", ""target_price"": 23.2, ""thesis"": ""Elevated multi-month valuation multiples leave little safety margin against forward earnings revisions.""}, {""model"": ""Simulated-AI-Quality-Compounder"", ""call"": ""buy"", ""target_price"": 30.99, ""thesis"": ""Stable financial profile and durable competitive moat support long-term compounding potential.""}, {""model"": ""Simulated-AI-Macro-Tactical"", ""call"": ""hold"", ""target_price"": 30.46, ""thesis"": ""Positive operating execution and robust revenue traction support upside.""}]"
AMZN,2023-03-31,large_cap,0.4128,0.5,0.2819,106.4,4,"[{""model"": ""Simulated-AI-Momentum-Quant"", ""call"": ""buy"", ""target_price"": 118.41, ""thesis"": ""Strong upward medium-term momentum (+23.0%) signals continued institutional accumulation.""}, {""model"": ""Simulated-AI-Fundamental-Value"", ""call"": ""sell"", ""target_price"": 87.02, ""thesis"": ""Elevated multi-month valuation multiples leave little safety margin against forward earnings revisions.""}, {""model"": ""Simulated-AI-Quality-Compounder"", ""call"": ""hold"", ""target_price"": 106.55, ""thesis"": ""Defensive operational balance sheet balanced by limited immediate re-rating catalysts.""}, {""model"": ""Simulated-AI-Macro-Tactical"", ""call"": ""buy"", ""target_price"": 113.62, ""thesis"": ""Positive operating execution and robust revenue traction support upside.""}]"
GOOGL,2023-03-31,large_cap,0.4334,0.5,0.3334,107.28,4,"[{""model"": ""Simulated-AI-Momentum-Quant"", ""call"": ""buy"", ""target_price"": 115.24, ""thesis"": ""Strong upward medium-term momentum (+17.6%) signals continued institutional accumulation.""}, {""model"": ""Simulated-AI-Fundamental-Value"", ""call"": ""sell"", ""target_price"": 86.52, ""thesis"": ""Elevated multi-month valuation multiples leave little safety margin against forward earnings revisions.""}, {""model"": ""Simulated-AI-Quality-Compounder"", ""call"": ""buy"", ""target_price"": 114.32, ""thesis"": ""Stable financial profile and durable competitive moat support long-term compounding potential.""}, {""model"": ""Simulated-AI-Macro-Tactical"", ""call"": ""hold"", ""target_price"": 113.03, ""thesis"": ""Positive operating execution and robust revenue traction support upside.""}]"
META,2023-03-31,large_cap,0.4454,0.5,0.3634,206.96,4,"[{""model"": ""Simulated-AI-Momentum-Quant"", ""call"": ""buy"", ""target_price"": 235.65, ""thesis"": ""Strong upward medium-term momentum (+76.1%) signals continued institutional accumulation.""}, {""model"": ""Simulated-AI-Fundamental-Value"", ""call"": ""sell"", ""target_price"": 175.54, ""thesis"": ""Elevated multi-month valuation multiples leave little safety margin against forward earnings revisions.""}, {""model"": ""Simulated-AI-Quality-Compounder"", ""call"": ""sell"", ""target_price"": 185.52, ""thesis"": ""Heightened earnings volatility and cyclical margin pressures elevate downside risk.""}, {""model"": ""Simulated-AI-Macro-Tactical"", ""call"": ""hold"", ""target_price"": 231.11, ""thesis"": ""Positive operating execution and robust revenue traction support upside.""}]"
BRK-B,2023-03-31,large_cap,0.5994,0.75,0.3736,301.17,4,"[{""model"": ""Simulated-AI-Momentum-Quant"", ""call"": ""hold"", ""target_price"": 318.34, ""thesis"": ""Consolidating trading range warrants a neutral rating until breakout confirmation.""}, {""model"": ""Simulated-AI-Fundamental-Value"", ""call"": ""sell"", ""target_price"": 257.05, ""thesis"": ""Elevated multi-month valuation multiples leave little safety margin against forward earnings revisions.""}, {""model"": ""Simulated-AI-Quality-Compounder"", ""call"": ""hold"", ""target_price"": 317.42, ""thesis"": ""Defensive operational balance sheet balanced by limited immediate re-rating catalysts.""}, {""model"": ""Simulated-AI-Macro-Tactical"", ""call"": ""hold"", ""target_price"": 311.86, ""thesis"": ""Balanced near-term catalysts recommend maintaining current position.""}]"
JPM,2023-03-31,large_cap,0.7327,1.0,0.3317,122.52,4,"[{""model"": ""Simulated-AI-Momentum-Quant"", ""call"": ""hold"", ""target_price"": 122.49, ""thesis"": ""Consolidating trading range warrants a neutral rating until breakout confirmation.""}, {""model"": ""Simulated-AI-Fundamental-Value"", ""call"": ""hold"", ""target_price"": 120.88, ""thesis"": ""Fair valuation reflects balanced risk-reward relative to sector peers.""}, {""model"": ""Simulated-AI-Quality-Compounder"", ""call"": ""hold"", ""target_price"": 125.31, ""thesis"": ""Defensive operational balance sheet balanced by limited immediate re-rating catalysts.""}, {""model"": ""Simulated-AI-Macro-Tactical"", ""call"": ""hold"", ""target_price"": 121.41, ""thesis"": ""Balanced near-term catalysts recommend maintaining current position.""}]"
V,2023-03-31,large_cap,0.5741,0.75,0.3102,239.17,4,"[{""model"": ""Simulated-AI-Momentum-Quant"", ""call"": ""buy"", ""target_price"": 249.56, ""thesis"": ""Strong upward medium-term momentum (+8.7%) signals continued institutional accumulation.""}, {""model"": ""Simulated-AI-Fundamental-Value"", ""call"": ""hold"", ""target_price"": 221.9, ""thesis"": ""Fair valuation reflects balanced risk-reward relative to sector peers.""}, {""model"": ""Simulated-AI-Quality-Compounder"", ""call"": ""buy"", ""target_price"": 243.72, ""thesis"": ""Stable financial profile and durable competitive moat support long-term compounding potential.""}, {""model"": ""Simulated-AI-Macro-Tactical"", ""call"": ""buy"", ""target_price"": 241.48, ""thesis"": ""Positive operating execution and robust revenue traction support upside.""}]"
LLY,2023-03-31,large_cap,0.5643,0.75,0.2857,332.83,4,"[{""model"": ""Simulated-AI-Momentum-Quant"", ""call"": ""hold"", ""target_price"": 344.37, ""thesis"": ""Consolidating trading range warrants a neutral rating until breakout confirmation.""}, {""model"": ""Simulated-AI-Fundamental-Value"", ""call"": ""hold"", ""target_price"": 332.29, ""thesis"": ""Fair valuation reflects balanced risk-reward relative to sector peers.""}, {""model"": ""Simulated-AI-Quality-Compounder"", ""call"": ""hold"", ""target_price"": 353.31, ""thesis"": ""Defensive operational balance sheet balanced by limited immediate re-rating catalysts.""}, {""model"": ""Simulated-AI-Macro-Tactical"", ""call"": ""sell"", ""target_price"": 301.35, ""thesis"": ""Macro headwinds and declining momentum justify a defensive posture.""}]"
UNH,2023-03-31,large_cap,0.4179,0.5,0.2948,403.22,4,"[{""model"": ""Simulated-AI-Momentum-Quant"", ""call"": ""sell"", ""target_price"": 382.39, ""thesis"": ""Persistent negative price trajectory (-10.5%) indicates structural distribution headwinds.""}, {""model"": ""Simulated-AI-Fundamental-Value"", ""call"": ""hold"", ""target_price"": 436.43, ""thesis"": ""Fair valuation reflects balanced risk-reward relative to sector peers.""}, {""model"": ""Simulated-AI-Quality-Compounder"", ""call"": ""sell"", ""target_price"": 395.37, ""thesis"": ""Heightened earnings volatility and cyclical margin pressures elevate downside risk.""}, {""model"": ""Simulated-AI-Macro-Tactical"", ""call"": ""hold"", ""target_price"": 398.69, ""thesis"": ""Macro headwinds and declining momentum justify a defensive posture.""}]"
XOM,2023-03-31,large_cap,0.4058,0.5,0.2646,99.54,4,"[{""model"": ""Simulated-AI-Momentum-Quant"", ""call"": ""hold"", ""target_price"": 98.98, ""thesis"": ""Consolidating trading range warrants a neutral rating until breakout confirmation.""}, {""model"": ""Simulated-AI-Fundamental-Value"", ""call"": ""buy"", ""target_price"": 114.42, ""thesis"": ""Recent price softening provides an attractive risk-adjusted entry point against fundamental book value.""}, {""model"": ""Simulated-AI-Quality-Compounder"", ""call"": ""sell"", ""target_price"": 86.08, ""thesis"": ""Heightened earnings volatility and cyclical margin pressures elevate downside risk.""}, {""model"": ""Simulated-AI-Macro-Tactical"", ""call"": ""hold"", ""target_price"": 98.69, ""thesis"": ""Balanced near-term catalysts recommend maintaining current position.""}]"
JNJ,2023-03-31,large_cap,0.5759,0.75,0.3146,134.13,4,"[{""model"": ""Simulated-AI-Momentum-Quant"", ""call"": ""sell"", ""target_price"": 123.08, ""thesis"": ""Persistent negative price trajectory (-11.6%) indicates structural distribution headwinds.""}, {""model"": ""Simulated-AI-Fundamental-Value"", ""call"": ""buy"", ""target_price"": 163.88, ""thesis"": ""Recent price softening provides an attractive risk-adjusted entry point against fundamental book value.""}, {""model"": ""Simulated-AI-Quality-Compounder"", ""call"": ""sell"", ""target_price"": 123.35, ""thesis"": ""Heightened earnings volatility and cyclical margin pressures elevate downside risk.""}, {""model"": ""Simulated-AI-Macro-Tactical"", ""call"": ""sell"", ""target_price"": 126.23, ""thesis"": ""Macro headwinds and declining momentum justify a defensive posture.""}]"
PG,2023-03-31,large_cap,0.5482,0.75,0.2456,132.15,4,"[{""model"": ""Simulated-AI-Momentum-Quant"", ""call"": ""sell"", ""target_price"": 115.28, ""thesis"": ""Persistent negative price trajectory (-1.3%) indicates structural distribution headwinds.""}, {""model"": ""Simulated-AI-Fundamental-Value"", ""call"": ""hold"", ""target_price"": 134.33, ""thesis"": ""Fair valuation reflects balanced risk-reward relative to sector peers.""}, {""model"": ""Simulated-AI-Quality-Compounder"", ""call"": ""hold"", ""target_price"": 141.93, ""thesis"": ""Defensive operational balance sheet balanced by limited immediate re-rating catalysts.""}, {""model"": ""Simulated-AI-Macro-Tactical"", ""call"": ""hold"", ""target_price"": 137.05, ""thesis"": ""Balanced near-term catalysts recommend maintaining current position.""}]"
HD,2023-03-31,large_cap,0.4088,0.5,0.2721,254.88,4,"[{""model"": ""Simulated-AI-Momentum-Quant"", ""call"": ""sell"", ""target_price"": 230.54, ""thesis"": ""Persistent negative price trajectory (-5.9%) indicates structural distribution headwinds.""}, {""model"": ""Simulated-AI-Fundamental-Value"", ""call"": ""hold"", ""target_price"": 267.85, ""thesis"": ""Fair valuation reflects balanced risk-reward relative to sector peers.""}, {""model"": ""Simulated-AI-Quality-Compounder"", ""call"": ""hold"", ""target_price"": 278.53, ""thesis"": ""Defensive operational balance sheet balanced by limited immediate re-rating catalysts.""}, {""model"": ""Simulated-AI-Macro-Tactical"", ""call"": ""sell"", ""target_price"": 242.62, ""thesis"": ""Macro headwinds and declining momentum justify a defensive posture.""}]"
MA,2023-03-31,large_cap,0.4115,0.5,0.2788,345.43,4,"[{""model"": ""Simulated-AI-Momentum-Quant"", ""call"": ""buy"", ""target_price"": 411.15, ""thesis"": ""Strong upward medium-term momentum (+4.7%) signals continued institutional accumulation.""}, {""model"": ""Simulated-AI-Fundamental-Value"", ""call"": ""sell"", ""target_price"": 298.07, ""thesis"": ""Elevated multi-month valuation multiples leave little safety margin against forward earnings revisions.""}, {""model"": ""Simulated-AI-Quality-Compounder"", ""call"": ""sell"", ""target_price"": 313.02, ""thesis"": ""Heightened earnings volatility and cyclical margin pressures elevate downside risk.""}, {""model"": ""Simulated-AI-Macro-Tactical"", ""call"": ""hold"", ""target_price"": 359.47, ""thesis"": ""Balanced near-term catalysts recommend maintaining current position.""}]"
COST,2023-03-31,large_cap,0.5748,0.75,0.312,515.61,4,"[{""model"": ""Simulated-AI-Momentum-Quant"", ""call"": ""buy"", ""target_price"": 535.35, ""thesis"": ""Strong upward medium-term momentum (+9.0%) signals continued institutional accumulation.""}, {""model"": ""Simulated-AI-Fundamental-Value"", ""call"": ""hold"", ""target_price"": 480.18, ""thesis"": ""Fair valuation reflects balanced risk-reward relative to sector peers.""}, {""model"": ""Simulated-AI-Quality-Compounder"", ""call"": ""buy"", ""target_price"": 523.74, ""thesis"": ""Stable financial profile and durable competitive moat support long-term compounding potential.""}, {""model"": ""Simulated-AI-Macro-Tactical"", ""call"": ""buy"", ""target_price"": 523.17, ""thesis"": ""Positive operating execution and robust revenue traction support upside.""}]"
ABBV,2023-03-31,large_cap,0.5412,0.75,0.2281,137.29,4,"[{""model"": ""Simulated-AI-Momentum-Quant"", ""call"": ""hold"", ""target_price"": 142.51, ""thesis"": ""Consolidating trading range warrants a neutral rating until breakout confirmation.""}, {""model"": ""Simulated-AI-Fundamental-Value"", ""call"": ""hold"", ""target_price"": 140.99, ""thesis"": ""Fair valuation reflects balanced risk-reward relative to sector peers.""}, {""model"": ""Simulated-AI-Quality-Compounder"", ""call"": ""sell"", ""target_price"": 123.43, ""thesis"": ""Heightened earnings volatility and cyclical margin pressures elevate downside risk.""}, {""model"": ""Simulated-AI-Macro-Tactical"", ""call"": ""hold"", ""target_price"": 142.23, ""thesis"": ""Balanced near-term catalysts recommend maintaining current position.""}]"
MRK,2023-03-31,large_cap,0.5475,0.75,0.2438,94.62,4,"[{""model"": ""Simulated-AI-Momentum-Quant"", ""call"": ""sell"", ""target_price"": 84.41, ""thesis"": ""Persistent negative price trajectory (-3.4%) indicates structural distribution headwinds.""}, {""model"": ""Simulated-AI-Fundamental-Value"", ""call"": ""hold"", ""target_price"": 96.55, ""thesis"": ""Fair valuation reflects balanced risk-reward relative to sector peers.""}, {""model"": ""Simulated-AI-Quality-Compounder"", ""call"": ""hold"", ""target_price"": 100.21, ""thesis"": ""Defensive operational balance sheet balanced by limited immediate re-rating catalysts.""}, {""model"": ""Simulated-AI-Macro-Tactical"", ""call"": ""hold"", ""target_price"": 97.32, ""thesis"": ""Balanced near-term catalysts recommend maintaining current position.""}]"
BAC,2023-03-31,large_cap,0.5657,0.75,0.2893,23.62,4,"[{""model"": ""Simulated-AI-Momentum-Quant"", ""call"": ""sell"", ""target_price"": 22.08, ""thesis"": ""Persistent negative price trajectory (-13.1%) indicates structural distribution headwinds.""}, {""model"": ""Simulated-AI-Fundamental-Value"", ""call"": ""hold"", ""target_price"": 25.82, ""thesis"": ""Fair valuation reflects balanced risk-reward relative to sector peers.""}, {""model"": ""Simulated-AI-Quality-Compounder"", ""call"": ""sell"", ""target_price"": 23.03, ""thesis"": ""Heightened earnings volatility and cyclical margin pressures elevate downside risk.""}, {""model"": ""Simulated-AI-Macro-Tactical"", ""call"": ""sell"", ""target_price"": 23.57, ""thesis"": ""Macro headwinds and declining momentum justify a defensive posture.""}]"
CVX,2023-03-31,large_cap,0.5643,0.75,0.2857,140.17,4,"[{""model"": ""Simulated-AI-Momentum-Quant"", ""call"": ""hold"", ""target_price"": 146.39, ""thesis"": ""Consolidating trading range warrants a neutral rating until breakout confirmation.""}, {""model"": ""Simulated-AI-Fundamental-Value"", ""call"": ""hold"", ""target_price"": 139.14, ""thesis"": ""Fair valuation reflects balanced risk-reward relative to sector peers.""}, {""model"": ""Simulated-AI-Quality-Compounder"", ""call"": ""hold"", ""target_price"": 148.12, ""thesis"": ""Defensive operational balance sheet balanced by limited immediate re-rating catalysts.""}, {""model"": ""Simulated-AI-Macro-Tactical"", ""call"": ""sell"", ""target_price"": 127.05, ""thesis"": ""Macro headwinds and declining momentum justify a defensive posture.""}]"
CRM,2023-03-31,large_cap,0.4446,0.5,0.3615,193.63,4,"[{""model"": ""Simulated-AI-Momentum-Quant"", ""call"": ""buy"", ""target_price"": 223.09, ""thesis"": ""Strong upward medium-term momentum (+50.7%) signals continued institutional accumulation.""}, {""model"": ""Simulated-AI-Fundamental-Value"", ""call"": ""sell"", ""target_price"": 162.5, ""thesis"": ""Elevated multi-month valuation multiples leave little safety margin against forward earnings revisions.""}, {""model"": ""Simulated-AI-Quality-Compounder"", ""call"": ""sell"", ""target_price"": 172.91, ""thesis"": ""Heightened earnings volatility and cyclical margin pressures elevate downside risk.""}, {""model"": ""Simulated-AI-Macro-Tactical"", ""call"": ""buy"", ""target_price"": 216.02, ""thesis"": ""Positive operating execution and robust revenue traction support upside.""}]"
NFLX,2023-03-31,large_cap,0.5831,0.75,0.3328,36.18,4,"[{""model"": ""Simulated-AI-Momentum-Quant"", ""call"": ""buy"", ""target_price"": 38.78, ""thesis"": ""Strong upward medium-term momentum (+17.2%) signals continued institutional accumulation.""}, {""model"": ""Simulated-AI-Fundamental-Value"", ""call"": ""sell"", ""target_price"": 28.9, ""thesis"": ""Elevated multi-month valuation multiples leave little safety margin against forward earnings revisions.""}, {""model"": ""Simulated-AI-Quality-Compounder"", ""call"": ""buy"", ""target_price"": 39.02, ""thesis"": ""Stable financial profile and durable competitive moat support long-term compounding potential.""}, {""model"": ""Simulated-AI-Macro-Tactical"", ""call"": ""buy"", ""target_price"": 38.01, ""thesis"": ""Positive operating execution and robust revenue traction support upside.""}]"
AMD,2023-03-31,large_cap,0.4119,0.5,0.2798,100.93,4,"[{""model"": ""Simulated-AI-Momentum-Quant"", ""call"": ""buy"", ""target_price"": 111.81, ""thesis"": ""Strong upward medium-term momentum (+51.3%) signals continued institutional accumulation.""}, {""model"": ""Simulated-AI-Fundamental-Value"", ""call"": ""sell"", ""target_price"": 83.06, ""thesis"": ""Elevated multi-month valuation multiples leave little safety margin against forward earnings revisions.""}, {""model"": ""Simulated-AI-Quality-Compounder"", ""call"": ""hold"", ""target_price"": 101.03, ""thesis"": ""Defensive operational balance sheet balanced by limited immediate re-rating catalysts.""}, {""model"": ""Simulated-AI-Macro-Tactical"", ""call"": ""buy"", ""target_price"": 107.81, ""thesis"": ""Positive operating execution and robust revenue traction support upside.""}]"
PEP,2023-03-31,large_cap,0.7327,1.0,0.3317,163.91,4,"[{""model"": ""Simulated-AI-Momentum-Quant"", ""call"": ""hold"", ""target_price"": 164.14, ""thesis"": ""Consolidating trading range warrants a neutral rating until breakout confirmation.""}, {""model"": ""Simulated-AI-Fundamental-Value"", ""call"": ""hold"", ""target_price"": 161.45, ""thesis"": ""Fair valuation reflects balanced risk-reward relative to sector peers.""}, {""model"": ""Simulated-AI-Quality-Compounder"", ""call"": ""hold"", ""target_price"": 167.13, ""thesis"": ""Defensive operational balance sheet balanced by limited immediate re-rating catalysts.""}, {""model"": ""Simulated-AI-Macro-Tactical"", ""call"": ""hold"", ""target_price"": 162.93, ""thesis"": ""Balanced near-term catalysts recommend maintaining current position.""}]"
KO,2023-03-31,large_cap,0.4042,0.5,0.2606,57.69,4,"[{""model"": ""Simulated-AI-Momentum-Quant"", ""call"": ""sell"", ""target_price"": 48.74, ""thesis"": ""Persistent negative price trajectory (-1.7%) indicates structural distribution headwinds.""}, {""model"": ""Simulated-AI-Fundamental-Value"", ""call"": ""buy"", ""target_price"": 65.66, ""thesis"": ""Recent price softening provides an attractive risk-adjusted entry point against fundamental book value.""}, {""model"": ""Simulated-AI-Quality-Compounder"", ""call"": ""hold"", ""target_price"": 59.45, ""thesis"": ""Defensive operational balance sheet balanced by limited immediate re-rating catalysts.""}, {""model"": ""Simulated-AI-Macro-Tactical"", ""call"": ""hold"", ""target_price"": 56.92, ""thesis"": ""Balanced near-term catalysts recommend maintaining current position.""}]"
TMO,2023-03-31,large_cap,0.5539,0.75,0.2599,590.17,4,"[{""model"": ""Simulated-AI-Momentum-Quant"", ""call"": ""hold"", ""target_price"": 571.34, ""thesis"": ""Consolidating trading range warrants a neutral rating until breakout confirmation.""}, {""model"": ""Simulated-AI-Fundamental-Value"", ""call"": ""hold"", ""target_price"": 575.04, ""thesis"": ""Fair valuation reflects balanced risk-reward relative to sector peers.""}, {""model"": ""Simulated-AI-Quality-Compounder"", ""call"": ""buy"", ""target_price"": 638.14, ""thesis"": ""Stable financial profile and durable competitive moat support long-term compounding potential.""}, {""model"": ""Simulated-AI-Macro-Tactical"", ""call"": ""hold"", ""target_price"": 576.18, ""thesis"": ""Balanced near-term catalysts recommend maintaining current position.""}]"
WMT,2023-03-31,large_cap,0.5539,0.75,0.2599,48.91,4,"[{""model"": ""Simulated-AI-Momentum-Quant"", ""call"": ""hold"", ""target_price"": 47.63, ""thesis"": ""Consolidating trading range warrants a neutral rating until breakout confirmation.""}, {""model"": ""Simulated-AI-Fundamental-Value"", ""call"": ""hold"", ""target_price"": 47.51, ""thesis"": ""Fair valuation reflects balanced risk-reward relative to sector peers.""}, {""model"": ""Simulated-AI-Quality-Compounder"", ""call"": ""buy"", ""target_price"": 52.77, ""thesis"": ""Stable financial profile and durable competitive moat support long-term compounding potential.""}, {""model"": ""Simulated-AI-Macro-Tactical"", ""call"": ""hold"", ""target_price"": 47.75, ""thesis"": ""Balanced near-term catalysts recommend maintaining current position.""}]"
MCD,2023-03-31,large_cap,0.4445,0.5,0.3613,253.98,4,"[{""model"": ""Simulated-AI-Momentum-Quant"", ""call"": ""buy"", ""target_price"": 291.92, ""thesis"": ""Strong upward medium-term momentum (+6.7%) signals continued institutional accumulation.""}, {""model"": ""Simulated-AI-Fundamental-Value"", ""call"": ""sell"", ""target_price"": 214.74, ""thesis"": ""Elevated multi-month valuation multiples leave little safety margin against forward earnings revisions.""}, {""model"": ""Simulated-AI-Quality-Compounder"", ""call"": ""sell"", ""target_price"": 226.19, ""thesis"": ""Heightened earnings volatility and cyclical margin pressures elevate downside risk.""}, {""model"": ""Simulated-AI-Macro-Tactical"", ""call"": ""buy"", ""target_price"": 283.06, ""thesis"": ""Positive operating execution and robust revenue traction support upside.""}]"
CSCO,2023-03-31,large_cap,0.5749,0.75,0.3122,51.76,4,"[{""model"": ""Simulated-AI-Momentum-Quant"", ""call"": ""buy"", ""target_price"": 54.24, ""thesis"": ""Strong upward medium-term momentum (+10.6%) signals continued institutional accumulation.""}, {""model"": ""Simulated-AI-Fundamental-Value"", ""call"": ""hold"", ""target_price"": 47.94, ""thesis"": ""Fair valuation reflects balanced risk-reward relative to sector peers.""}, {""model"": ""Simulated-AI-Quality-Compounder"", ""call"": ""buy"", ""target_price"": 52.51, ""thesis"": ""Stable financial profile and durable competitive moat support long-term compounding potential.""}, {""model"": ""Simulated-AI-Macro-Tactical"", ""call"": ""buy"", ""target_price"": 52.34, ""thesis"": ""Positive operating execution and robust revenue traction support upside.""}]"
KNSL,2023-03-31,small_cap,0.4448,0.5,0.3621,295.54,4,"[{""model"": ""Simulated-AI-Momentum-Quant"", ""call"": ""buy"", ""target_price"": 339.81, ""thesis"": ""Strong upward medium-term momentum (+14.8%) signals continued institutional accumulation.""}, {""model"": ""Simulated-AI-Fundamental-Value"", ""call"": ""sell"", ""target_price"": 253.1, ""thesis"": ""Elevated multi-month valuation multiples leave little safety margin against forward earnings revisions.""}, {""model"": ""Simulated-AI-Quality-Compounder"", ""call"": ""sell"", ""target_price"": 261.15, ""thesis"": ""Heightened earnings volatility and cyclical margin pressures elevate downside risk.""}, {""model"": ""Simulated-AI-Macro-Tactical"", ""call"": ""hold"", ""target_price"": 328.12, ""thesis"": ""Positive operating execution and robust revenue traction support upside.""}]"
SAIA,2023-03-31,small_cap,0.5826,0.75,0.3314,284.72,4,"[{""model"": ""Simulated-AI-Momentum-Quant"", ""call"": ""buy"", ""target_price"": 307.78, ""thesis"": ""Strong upward medium-term momentum (+29.8%) signals continued institutional accumulation.""}, {""model"": ""Simulated-AI-Fundamental-Value"", ""call"": ""sell"", ""target_price"": 224.87, ""thesis"": ""Elevated multi-month valuation multiples leave little safety margin against forward earnings revisions.""}, {""model"": ""Simulated-AI-Quality-Compounder"", ""call"": ""buy"", ""target_price"": 306.96, ""thesis"": ""Stable financial profile and durable competitive moat support long-term compounding potential.""}, {""model"": ""Simulated-AI-Macro-Tactical"", ""call"": ""buy"", ""target_price"": 299.29, ""thesis"": ""Positive operating execution and robust revenue traction support upside.""}]"
MEDP,2023-03-31,small_cap,0.4255,0.5,0.3138,179.3,4,"[{""model"": ""Simulated-AI-Momentum-Quant"", ""call"": ""sell"", ""target_price"": 162.17, ""thesis"": ""Persistent negative price trajectory (-11.5%) indicates structural distribution headwinds.""}, {""model"": ""Simulated-AI-Fundamental-Value"", ""call"": ""buy"", ""target_price"": 217.76, ""thesis"": ""Recent price softening provides an attractive risk-adjusted entry point against fundamental book value.""}, {""model"": ""Simulated-AI-Quality-Compounder"", ""call"": ""sell"", ""target_price"": 168.02, ""thesis"": ""Heightened earnings volatility and cyclical margin pressures elevate downside risk.""}, {""model"": ""Simulated-AI-Macro-Tactical"", ""call"": ""hold"", ""target_price"": 169.25, ""thesis"": ""Macro headwinds and declining momentum justify a defensive posture.""}]"
SSD,2023-03-31,small_cap,0.5829,0.75,0.3322,112.73,4,"[{""model"": ""Simulated-AI-Momentum-Quant"", ""call"": ""buy"", ""target_price"": 122.94, ""thesis"": ""Strong upward medium-term momentum (+24.0%) signals continued institutional accumulation.""}, {""model"": ""Simulated-AI-Fundamental-Value"", ""call"": ""sell"", ""target_price"": 90.86, ""thesis"": ""Elevated multi-month valuation multiples leave little safety margin against forward earnings revisions.""}, {""model"": ""Simulated-AI-Quality-Compounder"", ""call"": ""buy"", ""target_price"": 119.39, ""thesis"": ""Stable financial profile and durable competitive moat support long-term compounding potential.""}, {""model"": ""Simulated-AI-Macro-Tactical"", ""call"": ""buy"", ""target_price"": 117.72, ""thesis"": ""Positive operating execution and robust revenue traction support upside.""}]"
EXPO,2023-03-31,small_cap,0.5529,0.75,0.2571,92.03,4,"[{""model"": ""Simulated-AI-Momentum-Quant"", ""call"": ""sell"", ""target_price"": 80.47, ""thesis"": ""Persistent negative price trajectory (+0.9%) indicates structural distribution headwinds.""}, {""model"": ""Simulated-AI-Fundamental-Value"", ""call"": ""hold"", ""target_price"": 94.12, ""thesis"": ""Fair valuation reflects balanced risk-reward relative to sector peers.""}, {""model"": ""Simulated-AI-Quality-Compounder"", ""call"": ""hold"", ""target_price"": 97.76, ""thesis"": ""Defensive operational balance sheet balanced by limited immediate re-rating catalysts.""}, {""model"": ""Simulated-AI-Macro-Tactical"", ""call"": ""hold"", ""target_price"": 95.75, ""thesis"": ""Balanced near-term catalysts recommend maintaining current position.""}]"
FORM,2023-03-31,small_cap,0.4324,0.5,0.331,33.31,4,"[{""model"": ""Simulated-AI-Momentum-Quant"", ""call"": ""buy"", ""target_price"": 36.0, ""thesis"": ""Strong upward medium-term momentum (+43.3%) signals continued institutional accumulation.""}, {""model"": ""Simulated-AI-Fundamental-Value"", ""call"": ""sell"", ""target_price"": 26.83, ""thesis"": ""Elevated multi-month valuation multiples leave little safety margin against forward earnings revisions.""}, {""model"": ""Simulated-AI-Quality-Compounder"", ""call"": ""buy"", ""target_price"": 35.38, ""thesis"": ""Stable financial profile and durable competitive moat support long-term compounding potential.""}, {""model"": ""Simulated-AI-Macro-Tactical"", ""call"": ""hold"", ""target_price"": 35.04, ""thesis"": ""Positive operating execution and robust revenue traction support upside.""}]"
CRVL,2023-03-31,small_cap,0.5834,0.75,0.3336,65.94,4,"[{""model"": ""Simulated-AI-Momentum-Quant"", ""call"": ""buy"", ""target_price"": 71.55, ""thesis"": ""Strong upward medium-term momentum (+30.9%) signals continued institutional accumulation.""}, {""model"": ""Simulated-AI-Fundamental-Value"", ""call"": ""sell"", ""target_price"": 52.55, ""thesis"": ""Elevated multi-month valuation multiples leave little safety margin against forward earnings revisions.""}, {""model"": ""Simulated-AI-Quality-Compounder"", ""call"": ""buy"", ""target_price"": 69.89, ""thesis"": ""Stable financial profile and durable competitive moat support long-term compounding potential.""}, {""model"": ""Simulated-AI-Macro-Tactical"", ""call"": ""buy"", ""target_price"": 69.77, ""thesis"": ""Positive operating execution and robust revenue traction support upside.""}]"
TKR,2023-03-31,small_cap,0.583,0.75,0.3324,80.27,4,"[{""model"": ""Simulated-AI-Momentum-Quant"", ""call"": ""buy"", ""target_price"": 86.95, ""thesis"": ""Strong upward medium-term momentum (+16.1%) signals continued institutional accumulation.""}, {""model"": ""Simulated-AI-Fundamental-Value"", ""call"": ""sell"", ""target_price"": 64.26, ""thesis"": ""Elevated multi-month valuation multiples leave little safety margin against forward earnings revisions.""}, {""model"": ""Simulated-AI-Quality-Compounder"", ""call"": ""buy"", ""target_price"": 84.96, ""thesis"": ""Stable financial profile and durable competitive moat support long-term compounding potential.""}, {""model"": ""Simulated-AI-Macro-Tactical"", ""call"": ""buy"", ""target_price"": 84.91, ""thesis"": ""Positive operating execution and robust revenue traction support upside.""}]"
POWI,2023-03-31,small_cap,0.444,0.5,0.3601,79.8,4,"[{""model"": ""Simulated-AI-Momentum-Quant"", ""call"": ""buy"", ""target_price"": 91.36, ""thesis"": ""Strong upward medium-term momentum (+18.3%) signals continued institutional accumulation.""}, {""model"": ""Simulated-AI-Fundamental-Value"", ""call"": ""sell"", ""target_price"": 67.83, ""thesis"": ""Elevated multi-month valuation multiples leave little safety margin against forward earnings revisions.""}, {""model"": ""Simulated-AI-Quality-Compounder"", ""call"": ""sell"", ""target_price"": 71.29, ""thesis"": ""Heightened earnings volatility and cyclical margin pressures elevate downside risk.""}, {""model"": ""Simulated-AI-Macro-Tactical"", ""call"": ""buy"", ""target_price"": 88.72, ""thesis"": ""Positive operating execution and robust revenue traction support upside.""}]"
CALM,2023-03-31,small_cap,0.5831,0.75,0.3328,51.98,4,"[{""model"": ""Simulated-AI-Momentum-Quant"", ""call"": ""buy"", ""target_price"": 55.89, ""thesis"": ""Strong upward medium-term momentum (+14.6%) signals continued institutional accumulation.""}, {""model"": ""Simulated-AI-Fundamental-Value"", ""call"": ""sell"", ""target_price"": 41.46, ""thesis"": ""Elevated multi-month valuation multiples leave little safety margin against forward earnings revisions.""}, {""model"": ""Simulated-AI-Quality-Compounder"", ""call"": ""buy"", ""target_price"": 55.77, ""thesis"": ""Stable financial profile and durable competitive moat support long-term compounding potential.""}, {""model"": ""Simulated-AI-Macro-Tactical"", ""call"": ""buy"", ""target_price"": 54.81, ""thesis"": ""Positive operating execution and robust revenue traction support upside.""}]"
PLUS,2023-03-31,small_cap,0.583,0.75,0.3325,50.72,4,"[{""model"": ""Simulated-AI-Momentum-Quant"", ""call"": ""buy"", ""target_price"": 55.26, ""thesis"": ""Strong upward medium-term momentum (+10.7%) signals continued institutional accumulation.""}, {""model"": ""Simulated-AI-Fundamental-Value"", ""call"": ""sell"", ""target_price"": 40.02, ""thesis"": ""Elevated multi-month valuation multiples leave little safety margin against forward earnings revisions.""}, {""model"": ""Simulated-AI-Quality-Compounder"", ""call"": ""buy"", ""target_price"": 54.49, ""thesis"": ""Stable financial profile and durable competitive moat support long-term compounding potential.""}, {""model"": ""Simulated-AI-Macro-Tactical"", ""call"": ""buy"", ""target_price"": 53.1, ""thesis"": ""Positive operating execution and robust revenue traction support upside.""}]"
FSS,2023-03-31,small_cap,0.4446,0.5,0.3615,52.32,4,"[{""model"": ""Simulated-AI-Momentum-Quant"", ""call"": ""buy"", ""target_price"": 59.59, ""thesis"": ""Strong upward medium-term momentum (+16.9%) signals continued institutional accumulation.""}, {""model"": ""Simulated-AI-Fundamental-Value"", ""call"": ""sell"", ""target_price"": 44.42, ""thesis"": ""Elevated multi-month valuation multiples leave little safety margin against forward earnings revisions.""}, {""model"": ""Simulated-AI-Quality-Compounder"", ""call"": ""sell"", ""target_price"": 46.83, ""thesis"": ""Heightened earnings volatility and cyclical margin pressures elevate downside risk.""}, {""model"": ""Simulated-AI-Macro-Tactical"", ""call"": ""buy"", ""target_price"": 58.44, ""thesis"": ""Positive operating execution and robust revenue traction support upside.""}]"
AMWD,2023-03-31,small_cap,0.5994,0.75,0.3736,97.19,4,"[{""model"": ""Simulated-AI-Momentum-Quant"", ""call"": ""hold"", ""target_price"": 101.0, ""thesis"": ""Consolidating trading range warrants a neutral rating until breakout confirmation.""}, {""model"": ""Simulated-AI-Fundamental-Value"", ""call"": ""sell"", ""target_price"": 83.3, ""thesis"": ""Elevated multi-month valuation multiples leave little safety margin against forward earnings revisions.""}, {""model"": ""Simulated-AI-Quality-Compounder"", ""call"": ""hold"", ""target_price"": 103.44, ""thesis"": ""Defensive operational balance sheet balanced by limited immediate re-rating catalysts.""}, {""model"": ""Simulated-AI-Macro-Tactical"", ""call"": ""hold"", ""target_price"": 101.0, ""thesis"": ""Balanced near-term catalysts recommend maintaining current position.""}]"
ATKR,2023-03-31,small_cap,0.4452,0.5,0.363,132.46,4,"[{""model"": ""Simulated-AI-Momentum-Quant"", ""call"": ""buy"", ""target_price"": 150.67, ""thesis"": ""Strong upward medium-term momentum (+23.9%) signals continued institutional accumulation.""}, {""model"": ""Simulated-AI-Fundamental-Value"", ""call"": ""sell"", ""target_price"": 112.99, ""thesis"": ""Elevated multi-month valuation multiples leave little safety margin against forward earnings revisions.""}, {""model"": ""Simulated-AI-Quality-Compounder"", ""call"": ""sell"", ""target_price"": 118.3, ""thesis"": ""Heightened earnings volatility and cyclical margin pressures elevate downside risk.""}, {""model"": ""Simulated-AI-Macro-Tactical"", ""call"": ""buy"", ""target_price"": 147.87, ""thesis"": ""Positive operating execution and robust revenue traction support upside.""}]"
BRC,2023-03-31,small_cap,0.5831,0.75,0.3328,53.83,4,"[{""model"": ""Simulated-AI-Momentum-Quant"", ""call"": ""buy"", ""target_price"": 59.08, ""thesis"": ""Strong upward medium-term momentum (+14.6%) signals continued institutional accumulation.""}, {""model"": ""Simulated-AI-Fundamental-Value"", ""call"": ""sell"", ""target_price"": 42.41, ""thesis"": ""Elevated multi-month valuation multiples leave little safety margin against forward earnings revisions.""}, {""model"": ""Simulated-AI-Quality-Compounder"", ""call"": ""buy"", ""target_price"": 57.65, ""thesis"": ""Stable financial profile and durable competitive moat support long-term compounding potential.""}, {""model"": ""Simulated-AI-Macro-Tactical"", ""call"": ""buy"", ""target_price"": 56.18, ""thesis"": ""Positive operating execution and robust revenue traction support upside.""}]"
CNO,2023-03-31,small_cap,0.5473,0.75,0.2434,20.22,4,"[{""model"": ""Simulated-AI-Momentum-Quant"", ""call"": ""sell"", ""target_price"": 17.86, ""thesis"": ""Persistent negative price trajectory (-2.3%) indicates structural distribution headwinds.""}, {""model"": ""Simulated-AI-Fundamental-Value"", ""call"": ""hold"", ""target_price"": 20.7, ""thesis"": ""Fair valuation reflects balanced risk-reward relative to sector peers.""}, {""model"": ""Simulated-AI-Quality-Compounder"", ""call"": ""hold"", ""target_price"": 21.36, ""thesis"": ""Defensive operational balance sheet balanced by limited immediate re-rating catalysts.""}, {""model"": ""Simulated-AI-Macro-Tactical"", ""call"": ""hold"", ""target_price"": 20.96, ""thesis"": ""Balanced near-term catalysts recommend maintaining current position.""}]"
CSGS,2023-03-31,small_cap,0.4216,0.5,0.304,93.35,4,"[{""model"": ""Simulated-AI-Momentum-Quant"", ""call"": ""hold"", ""target_price"": 101.4, ""thesis"": ""Consolidating trading range warrants a neutral rating until breakout confirmation.""}, {""model"": ""Simulated-AI-Fundamental-Value"", ""call"": ""sell"", ""target_price"": 83.25, ""thesis"": ""Elevated multi-month valuation multiples leave little safety margin against forward earnings revisions.""}, {""model"": ""Simulated-AI-Quality-Compounder"", ""call"": ""sell"", ""target_price"": 87.75, ""thesis"": ""Heightened earnings volatility and cyclical margin pressures elevate downside risk.""}, {""model"": ""Simulated-AI-Macro-Tactical"", ""call"": ""hold"", ""target_price"": 101.0, ""thesis"": ""Balanced near-term catalysts recommend maintaining current position.""}]"
ENSG,2023-03-31,small_cap,0.4072,0.5,0.268,96.73,4,"[{""model"": ""Simulated-AI-Momentum-Quant"", ""call"": ""sell"", ""target_price"": 80.08, ""thesis"": ""Persistent negative price trajectory (+1.0%) indicates structural distribution headwinds.""}, {""model"": ""Simulated-AI-Fundamental-Value"", ""call"": ""buy"", ""target_price"": 110.97, ""thesis"": ""Recent price softening provides an attractive risk-adjusted entry point against fundamental book value.""}, {""model"": ""Simulated-AI-Quality-Compounder"", ""call"": ""hold"", ""target_price"": 99.95, ""thesis"": ""Defensive operational balance sheet balanced by limited immediate re-rating catalysts.""}, {""model"": ""Simulated-AI-Macro-Tactical"", ""call"": ""hold"", ""target_price"": 95.92, ""thesis"": ""Balanced near-term catalysts recommend maintaining current position.""}]"
FIX,2023-03-31,small_cap,0.4322,0.5,0.3306,150.86,4,"[{""model"": ""Simulated-AI-Momentum-Quant"", ""call"": ""buy"", ""target_price"": 162.99, ""thesis"": ""Strong upward medium-term momentum (+27.0%) signals continued institutional accumulation.""}, {""model"": ""Simulated-AI-Fundamental-Value"", ""call"": ""sell"", ""target_price"": 121.77, ""thesis"": ""Elevated multi-month valuation multiples leave little safety margin against forward earnings revisions.""}, {""model"": ""Simulated-AI-Quality-Compounder"", ""call"": ""buy"", ""target_price"": 160.08, ""thesis"": ""Stable financial profile and durable competitive moat support long-term compounding potential.""}, {""model"": ""Simulated-AI-Macro-Tactical"", ""call"": ""hold"", ""target_price"": 158.61, ""thesis"": ""Positive operating execution and robust revenue traction support upside.""}]"
GBCI,2023-03-31,small_cap,0.4235,0.5,0.3087,35.54,4,"[{""model"": ""Simulated-AI-Momentum-Quant"", ""call"": ""sell"", ""target_price"": 31.65, ""thesis"": ""Persistent negative price trajectory (-15.0%) indicates structural distribution headwinds.""}, {""model"": ""Simulated-AI-Fundamental-Value"", ""call"": ""buy"", ""target_price"": 43.17, ""thesis"": ""Recent price softening provides an attractive risk-adjusted entry point against fundamental book value.""}, {""model"": ""Simulated-AI-Quality-Compounder"", ""call"": ""sell"", ""target_price"": 33.61, ""thesis"": ""Heightened earnings volatility and cyclical margin pressures elevate downside risk.""}, {""model"": ""Simulated-AI-Macro-Tactical"", ""call"": ""hold"", ""target_price"": 33.72, ""thesis"": ""Macro headwinds and declining momentum justify a defensive posture.""}]"
GPI,2023-03-31,small_cap,0.4449,0.5,0.3622,218.24,4,"[{""model"": ""Simulated-AI-Momentum-Quant"", ""call"": ""buy"", ""target_price"": 249.39, ""thesis"": ""Strong upward medium-term momentum (+25.8%) signals continued institutional accumulation.""}, {""model"": ""Simulated-AI-Fundamental-Value"", ""call"": ""sell"", ""target_price"": 183.7, ""thesis"": ""Elevated multi-month valuation multiples leave little safety margin against forward earnings revisions.""}, {""model"": ""Simulated-AI-Quality-Compounder"", ""call"": ""sell"", ""target_price"": 196.0, ""thesis"": ""Heightened earnings volatility and cyclical margin pressures elevate downside risk.""}, {""model"": ""Simulated-AI-Macro-Tactical"", ""call"": ""hold"", ""target_price"": 243.89, ""thesis"": ""Positive operating execution and robust revenue traction support upside.""}]"
HLNE,2023-03-31,small_cap,0.5831,0.75,0.3327,72.72,4,"[{""model"": ""Simulated-AI-Momentum-Quant"", ""call"": ""buy"", ""target_price"": 78.48, ""thesis"": ""Strong upward medium-term momentum (+16.5%) signals continued institutional accumulation.""}, {""model"": ""Simulated-AI-Fundamental-Value"", ""call"": ""sell"", ""target_price"": 58.66, ""thesis"": ""Elevated multi-month valuation multiples leave little safety margin against forward earnings revisions.""}, {""model"": ""Simulated-AI-Quality-Compounder"", ""call"": ""buy"", ""target_price"": 76.86, ""thesis"": ""Stable financial profile and durable competitive moat support long-term compounding potential.""}, {""model"": ""Simulated-AI-Macro-Tactical"", ""call"": ""buy"", ""target_price"": 76.86, ""thesis"": ""Positive operating execution and robust revenue traction support upside.""}]"
HWKN,2023-03-31,small_cap,0.5826,0.75,0.3316,44.55,4,"[{""model"": ""Simulated-AI-Momentum-Quant"", ""call"": ""buy"", ""target_price"": 48.55, ""thesis"": ""Strong upward medium-term momentum (+13.8%) signals continued institutional accumulation.""}, {""model"": ""Simulated-AI-Fundamental-Value"", ""call"": ""sell"", ""target_price"": 35.49, ""thesis"": ""Elevated multi-month valuation multiples leave little safety margin against forward earnings revisions.""}, {""model"": ""Simulated-AI-Quality-Compounder"", ""call"": ""buy"", ""target_price"": 47.2, ""thesis"": ""Stable financial profile and durable competitive moat support long-term compounding potential.""}, {""model"": ""Simulated-AI-Macro-Tactical"", ""call"": ""buy"", ""target_price"": 46.95, ""thesis"": ""Positive operating execution and robust revenue traction support upside.""}]"
IBP,2023-03-31,small_cap,0.4456,0.5,0.3641,107.49,4,"[{""model"": ""Simulated-AI-Momentum-Quant"", ""call"": ""buy"", ""target_price"": 124.31, ""thesis"": ""Strong upward medium-term momentum (+34.7%) signals continued institutional accumulation.""}, {""model"": ""Simulated-AI-Fundamental-Value"", ""call"": ""sell"", ""target_price"": 90.58, ""thesis"": ""Elevated multi-month valuation multiples leave little safety margin against forward earnings revisions.""}, {""model"": ""Simulated-AI-Quality-Compounder"", ""call"": ""sell"", ""target_price"": 95.47, ""thesis"": ""Heightened earnings volatility and cyclical margin pressures elevate downside risk.""}, {""model"": ""Simulated-AI-Macro-Tactical"", ""call"": ""buy"", ""target_price"": 119.61, ""thesis"": ""Positive operating execution and robust revenue traction support upside.""}]"
KAR,2023-03-31,small_cap,0.5412,0.75,0.2281,97.88,4,"[{""model"": ""Simulated-AI-Momentum-Quant"", ""call"": ""hold"", ""target_price"": 102.65, ""thesis"": ""Consolidating trading range warrants a neutral rating until breakout confirmation.""}, {""model"": ""Simulated-AI-Fundamental-Value"", ""call"": ""hold"", ""target_price"": 99.88, ""thesis"": ""Fair valuation reflects balanced risk-reward relative to sector peers.""}, {""model"": ""Simulated-AI-Quality-Compounder"", ""call"": ""sell"", ""target_price"": 88.0, ""thesis"": ""Heightened earnings volatility and cyclical margin pressures elevate downside risk.""}, {""model"": ""Simulated-AI-Macro-Tactical"", ""call"": ""hold"", ""target_price"": 101.0, ""thesis"": ""Balanced near-term catalysts recommend maintaining current position.""}]"
MC,2023-03-31,small_cap,0.4099,0.5,0.2747,33.08,4,"[{""model"": ""Simulated-AI-Momentum-Quant"", ""call"": ""buy"", ""target_price"": 37.5, ""thesis"": ""Strong upward medium-term momentum (+1.5%) signals continued institutional accumulation.""}, {""model"": ""Simulated-AI-Fundamental-Value"", ""call"": ""sell"", ""target_price"": 27.24, ""thesis"": ""Elevated multi-month valuation multiples leave little safety margin against forward earnings revisions.""}, {""model"": ""Simulated-AI-Quality-Compounder"", ""call"": ""hold"", ""target_price"": 34.34, ""thesis"": ""Defensive operational balance sheet balanced by limited immediate re-rating catalysts.""}, {""model"": ""Simulated-AI-Macro-Tactical"", ""call"": ""hold"", ""target_price"": 33.25, ""thesis"": ""Balanced near-term catalysts recommend maintaining current position.""}]"
OII,2023-03-31,small_cap,0.3865,0.5,0.2162,17.83,4,"[{""model"": ""Simulated-AI-Momentum-Quant"", ""call"": ""buy"", ""target_price"": 20.28, ""thesis"": ""Strong upward medium-term momentum (+0.8%) signals continued institutional accumulation.""}, {""model"": ""Simulated-AI-Fundamental-Value"", ""call"": ""hold"", ""target_price"": 17.7, ""thesis"": ""Fair valuation reflects balanced risk-reward relative to sector peers.""}, {""model"": ""Simulated-AI-Quality-Compounder"", ""call"": ""sell"", ""target_price"": 15.54, ""thesis"": ""Heightened earnings volatility and cyclical margin pressures elevate downside risk.""}, {""model"": ""Simulated-AI-Macro-Tactical"", ""call"": ""hold"", ""target_price"": 17.81, ""thesis"": ""Balanced near-term catalysts recommend maintaining current position.""}]"
PRDO,2023-03-31,small_cap,0.586,0.75,0.3401,13.39,4,"[{""model"": ""Simulated-AI-Momentum-Quant"", ""call"": ""hold"", ""target_price"": 12.91, ""thesis"": ""Consolidating trading range warrants a neutral rating until breakout confirmation.""}, {""model"": ""Simulated-AI-Fundamental-Value"", ""call"": ""buy"", ""target_price"": 14.66, ""thesis"": ""Recent price softening provides an attractive risk-adjusted entry point against fundamental book value.""}, {""model"": ""Simulated-AI-Quality-Compounder"", ""call"": ""hold"", ""target_price"": 13.3, ""thesis"": ""Defensive operational balance sheet balanced by limited immediate re-rating catalysts.""}, {""model"": ""Simulated-AI-Macro-Tactical"", ""call"": ""hold"", ""target_price"": 12.68, ""thesis"": ""Balanced near-term catalysts recommend maintaining current position.""}]"
SHOO,2023-03-31,small_cap,0.4326,0.5,0.3315,34.88,4,"[{""model"": ""Simulated-AI-Momentum-Quant"", ""call"": ""buy"", ""target_price"": 38.11, ""thesis"": ""Strong upward medium-term momentum (+13.3%) signals continued institutional accumulation.""}, {""model"": ""Simulated-AI-Fundamental-Value"", ""call"": ""sell"", ""target_price"": 27.81, ""thesis"": ""Elevated multi-month valuation multiples leave little safety margin against forward earnings revisions.""}, {""model"": ""Simulated-AI-Quality-Compounder"", ""call"": ""buy"", ""target_price"": 36.9, ""thesis"": ""Stable financial profile and durable competitive moat support long-term compounding potential.""}, {""model"": ""Simulated-AI-Macro-Tactical"", ""call"": ""hold"", ""target_price"": 36.72, ""thesis"": ""Positive operating execution and robust revenue traction support upside.""}]"
SLVM,2023-03-31,small_cap,0.586,0.75,0.3401,43.73,4,"[{""model"": ""Simulated-AI-Momentum-Quant"", ""call"": ""hold"", ""target_price"": 42.37, ""thesis"": ""Consolidating trading range warrants a neutral rating until breakout confirmation.""}, {""model"": ""Simulated-AI-Fundamental-Value"", ""call"": ""buy"", ""target_price"": 48.12, ""thesis"": ""Recent price softening provides an attractive risk-adjusted entry point against fundamental book value.""}, {""model"": ""Simulated-AI-Quality-Compounder"", ""call"": ""hold"", ""target_price"": 42.69, ""thesis"": ""Defensive operational balance sheet balanced by limited immediate re-rating catalysts.""}, {""model"": ""Simulated-AI-Macro-Tactical"", ""call"": ""hold"", ""target_price"": 41.73, ""thesis"": ""Balanced near-term catalysts recommend maintaining current position.""}]"
AAPL,2023-06-30,large_cap,0.4451,0.5,0.3629,189.38,4,"[{""model"": ""Simulated-AI-Momentum-Quant"", ""call"": ""buy"", ""target_price"": 217.88, ""thesis"": ""Strong upward medium-term momentum (+17.8%) signals continued institutional accumulation.""}, {""model"": ""Simulated-AI-Fundamental-Value"", ""call"": ""sell"", ""target_price"": 160.92, ""thesis"": ""Elevated multi-month valuation multiples leave little safety margin against forward earnings revisions.""}, {""model"": ""Simulated-AI-Quality-Compounder"", ""call"": ""sell"", ""target_price"": 168.47, ""thesis"": ""Heightened earnings volatility and cyclical margin pressures elevate downside risk.""}, {""model"": ""Simulated-AI-Macro-Tactical"", ""call"": ""buy"", ""target_price"": 210.23, ""thesis"": ""Positive operating execution and robust revenue traction support upside.""}]"
MSFT,2023-06-30,large_cap,0.4324,0.5,0.331,346.45,4,"[{""model"": ""Simulated-AI-Momentum-Quant"", ""call"": ""buy"", ""target_price"": 374.28, ""thesis"": ""Strong upward medium-term momentum (+18.4%) signals continued institutional accumulation.""}, {""model"": ""Simulated-AI-Fundamental-Value"", ""call"": ""sell"", ""target_price"": 278.25, ""thesis"": ""Elevated multi-month valuation multiples leave little safety margin against forward earnings revisions.""}, {""model"": ""Simulated-AI-Quality-Compounder"", ""call"": ""buy"", ""target_price"": 368.03, ""thesis"": ""Stable financial profile and durable competitive moat support long-term compounding potential.""}, {""model"": ""Simulated-AI-Macro-Tactical"", ""call"": ""hold"", ""target_price"": 365.24, ""thesis"": ""Positive operating execution and robust revenue traction support upside.""}]"
NVDA,2023-06-30,large_cap,0.4311,0.5,0.3278,44.48,4,"[{""model"": ""Simulated-AI-Momentum-Quant"", ""call"": ""buy"", ""target_price"": 48.85, ""thesis"": ""Strong upward medium-term momentum (+52.3%) signals continued institutional accumulation.""}, {""model"": ""Simulated-AI-Fundamental-Value"", ""call"": ""sell"", ""target_price"": 35.36, ""thesis"": ""Elevated multi-month valuation multiples leave little safety margin against forward earnings revisions.""}, {""model"": ""Simulated-AI-Quality-Compounder"", ""call"": ""buy"", ""target_price"": 47.32, ""thesis"": ""Stable financial profile and durable competitive moat support long-term compounding potential.""}, {""model"": ""Simulated-AI-Macro-Tactical"", ""call"": ""hold"", ""target_price"": 46.39, ""thesis"": ""Positive operating execution and robust revenue traction support upside.""}]"
AMZN,2023-06-30,large_cap,0.4329,0.5,0.3322,136.56,4,"[{""model"": ""Simulated-AI-Momentum-Quant"", ""call"": ""buy"", ""target_price"": 148.71, ""thesis"": ""Strong upward medium-term momentum (+26.2%) signals continued institutional accumulation.""}, {""model"": ""Simulated-AI-Fundamental-Value"", ""call"": ""sell"", ""target_price"": 110.48, ""thesis"": ""Elevated multi-month valuation multiples leave little safety margin against forward earnings revisions.""}, {""model"": ""Simulated-AI-Quality-Compounder"", ""call"": ""buy"", ""target_price"": 143.63, ""thesis"": ""Stable financial profile and durable competitive moat support long-term compounding potential.""}, {""model"": ""Simulated-AI-Macro-Tactical"", ""call"": ""hold"", ""target_price"": 143.4, ""thesis"": ""Positive operating execution and robust revenue traction support upside.""}]"
GOOGL,2023-06-30,large_cap,0.5829,0.75,0.3322,124.52,4,"[{""model"": ""Simulated-AI-Momentum-Quant"", ""call"": ""buy"", ""target_price"": 135.26, ""thesis"": ""Strong upward medium-term momentum (+15.4%) signals continued institutional accumulation.""}, {""model"": ""Simulated-AI-Fundamental-Value"", ""call"": ""sell"", ""target_price"": 100.19, ""thesis"": ""Elevated multi-month valuation multiples leave little safety margin against forward earnings revisions.""}, {""model"": ""Simulated-AI-Quality-Compounder"", ""call"": ""buy"", ""target_price"": 132.21, ""thesis"": ""Stable financial profile and durable competitive moat support long-term compounding potential.""}, {""model"": ""Simulated-AI-Macro-Tactical"", ""call"": ""buy"", ""target_price"": 130.43, ""thesis"": ""Positive operating execution and robust revenue traction support upside.""}]"
META,2023-06-30,large_cap,0.583,0.75,0.3325,300.31,4,"[{""model"": ""Simulated-AI-Momentum-Quant"", ""call"": ""buy"", ""target_price"": 329.54, ""thesis"": ""Strong upward medium-term momentum (+35.4%) signals continued institutional accumulation.""}, {""model"": ""Simulated-AI-Fundamental-Value"", ""call"": ""sell"", ""target_price"": 238.68, ""thesis"": ""Elevated multi-month valuation multiples leave little safety margin against forward earnings revisions.""}, {""model"": ""Simulated-AI-Quality-Compounder"", ""call"": ""buy"", ""target_price"": 320.1, ""thesis"": ""Stable financial profile and durable competitive moat support long-term compounding potential.""}, {""model"": ""Simulated-AI-Macro-Tactical"", ""call"": ""buy"", ""target_price"": 312.93, ""thesis"": ""Positive operating execution and robust revenue traction support upside.""}]"
BRK-B,2023-06-30,large_cap,0.4247,0.5,0.3118,374.25,4,"[{""model"": ""Simulated-AI-Momentum-Quant"", ""call"": ""buy"", ""target_price"": 394.74, ""thesis"": ""Strong upward medium-term momentum (+10.4%) signals continued institutional accumulation.""}, {""model"": ""Simulated-AI-Fundamental-Value"", ""call"": ""hold"", ""target_price"": 346.32, ""thesis"": ""Fair valuation reflects balanced risk-reward relative to sector peers.""}, {""model"": ""Simulated-AI-Quality-Compounder"", ""call"": ""buy"", ""target_price"": 380.83, ""thesis"": ""Stable financial profile and durable competitive moat support long-term compounding potential.""}, {""model"": ""Simulated-AI-Macro-Tactical"", ""call"": ""hold"", ""target_price"": 375.1, ""thesis"": ""Positive operating execution and robust revenue traction support upside.""}]"
JPM,2023-06-30,large_cap,0.5833,0.75,0.3331,142.94,4,"[{""model"": ""Simulated-AI-Momentum-Quant"", ""call"": ""buy"", ""target_price"": 156.75, ""thesis"": ""Strong upward medium-term momentum (+12.5%) signals continued institutional accumulation.""}, {""model"": ""Simulated-AI-Fundamental-Value"", ""call"": ""sell"", ""target_price"": 113.86, ""thesis"": ""Elevated multi-month valuation multiples leave little safety margin against forward earnings revisions.""}, {""model"": ""Simulated-AI-Quality-Compounder"", ""call"": ""buy"", ""target_price"": 152.39, ""thesis"": ""Stable financial profile and durable competitive moat support long-term compounding potential.""}, {""model"": ""Simulated-AI-Macro-Tactical"", ""call"": ""buy"", ""target_price"": 148.74, ""thesis"": ""Positive operating execution and robust revenue traction support upside.""}]"
V,2023-06-30,large_cap,0.4331,0.5,0.3328,234.31,4,"[{""model"": ""Simulated-AI-Momentum-Quant"", ""call"": ""hold"", ""target_price"": 231.23, ""thesis"": ""Consolidating trading range warrants a neutral rating until breakout confirmation.""}, {""model"": ""Simulated-AI-Fundamental-Value"", ""call"": ""sell"", ""target_price"": 194.62, ""thesis"": ""Elevated multi-month valuation multiples leave little safety margin against forward earnings revisions.""}, {""model"": ""Simulated-AI-Quality-Compounder"", ""call"": ""buy"", ""target_price"": 256.53, ""thesis"": ""Stable financial profile and durable competitive moat support long-term compounding potential.""}, {""model"": ""Simulated-AI-Macro-Tactical"", ""call"": ""buy"", ""target_price"": 254.86, ""thesis"": ""Positive operating execution and robust revenue traction support upside.""}]"
LLY,2023-06-30,large_cap,0.412,0.5,0.28,470.18,4,"[{""model"": ""Simulated-AI-Momentum-Quant"", ""call"": ""buy"", ""target_price"": 515.64, ""thesis"": ""Strong upward medium-term momentum (+36.9%) signals continued institutional accumulation.""}, {""model"": ""Simulated-AI-Fundamental-Value"", ""call"": ""sell"", ""target_price"": 388.06, ""thesis"": ""Elevated multi-month valuation multiples leave little safety margin against forward earnings revisions.""}, {""model"": ""Simulated-AI-Quality-Compounder"", ""call"": ""hold"", ""target_price"": 472.73, ""thesis"": ""Defensive operational balance sheet balanced by limited immediate re-rating catalysts.""}, {""model"": ""Simulated-AI-Macro-Tactical"", ""call"": ""buy"", ""target_price"": 504.27, ""thesis"": ""Positive operating execution and robust revenue traction support upside.""}]"
UNH,2023-06-30,large_cap,0.5412,0.75,0.2281,440.39,4,"[{""model"": ""Simulated-AI-Momentum-Quant"", ""call"": ""hold"", ""target_price"": 457.13, ""thesis"": ""Consolidating trading range warrants a neutral rating until breakout confirmation.""}, {""model"": ""Simulated-AI-Fundamental-Value"", ""call"": ""hold"", ""target_price"": 450.57, ""thesis"": ""Fair valuation reflects balanced risk-reward relative to sector peers.""}, {""model"": ""Simulated-AI-Quality-Compounder"", ""call"": ""sell"", ""target_price"": 396.96, ""thesis"": ""Heightened earnings volatility and cyclical margin pressures elevate downside risk.""}, {""model"": ""Simulated-AI-Macro-Tactical"", ""call"": ""hold"", ""target_price"": 456.9, ""thesis"": ""Balanced near-term catalysts recommend maintaining current position.""}]"
XOM,2023-06-30,large_cap,0.5994,0.75,0.3736,94.1,4,"[{""model"": ""Simulated-AI-Momentum-Quant"", ""call"": ""hold"", ""target_price"": 99.23, ""thesis"": ""Consolidating trading range warrants a neutral rating until breakout confirmation.""}, {""model"": ""Simulated-AI-Fundamental-Value"", ""call"": ""sell"", ""target_price"": 79.96, ""thesis"": ""Elevated multi-month valuation multiples leave little safety margin against forward earnings revisions.""}, {""model"": ""Simulated-AI-Quality-Compounder"", ""call"": ""hold"", ""target_price"": 99.86, ""thesis"": ""Defensive operational balance sheet balanced by limited immediate re-rating catalysts.""}, {""model"": ""Simulated-AI-Macro-Tactical"", ""call"": ""hold"", ""target_price"": 97.35, ""thesis"": ""Balanced near-term catalysts recommend maintaining current position.""}]"
JNJ,2023-06-30,large_cap,0.575,0.75,0.3125,163.61,4,"[{""model"": ""Simulated-AI-Momentum-Quant"", ""call"": ""buy"", ""target_price"": 169.85, ""thesis"": ""Strong upward medium-term momentum (+7.6%) signals continued institutional accumulation.""}, {""model"": ""Simulated-AI-Fundamental-Value"", ""call"": ""hold"", ""target_price"": 152.59, ""thesis"": ""Fair valuation reflects balanced risk-reward relative to sector peers.""}, {""model"": ""Simulated-AI-Quality-Compounder"", ""call"": ""buy"", ""target_price"": 165.99, ""thesis"": ""Stable financial profile and durable competitive moat support long-term compounding potential.""}, {""model"": ""Simulated-AI-Macro-Tactical"", ""call"": ""buy"", ""target_price"": 165.99, ""thesis"": ""Positive operating execution and robust revenue traction support upside.""}]"
PG,2023-06-30,large_cap,0.5539,0.75,0.2599,144.51,4,"[{""model"": ""Simulated-AI-Momentum-Quant"", ""call"": ""hold"", ""target_price"": 140.18, ""thesis"": ""Consolidating trading range warrants a neutral rating until breakout confirmation.""}, {""model"": ""Simulated-AI-Fundamental-Value"", ""call"": ""hold"", ""target_price"": 140.34, ""thesis"": ""Fair valuation reflects balanced risk-reward relative to sector peers.""}, {""model"": ""Simulated-AI-Quality-Compounder"", ""call"": ""buy"", ""target_price"": 156.79, ""thesis"": ""Stable financial profile and durable competitive moat support long-term compounding potential.""}, {""model"": ""Simulated-AI-Macro-Tactical"", ""call"": ""hold"", ""target_price"": 140.73, ""thesis"": ""Balanced near-term catalysts recommend maintaining current position.""}]"
HD,2023-06-30,large_cap,0.5831,0.75,0.3329,300.88,4,"[{""model"": ""Simulated-AI-Momentum-Quant"", ""call"": ""buy"", ""target_price"": 329.46, ""thesis"": ""Strong upward medium-term momentum (+6.0%) signals continued institutional accumulation.""}, {""model"": ""Simulated-AI-Fundamental-Value"", ""call"": ""sell"", ""target_price"": 242.21, ""thesis"": ""Elevated multi-month valuation multiples leave little safety margin against forward earnings revisions.""}, {""model"": ""Simulated-AI-Quality-Compounder"", ""call"": ""buy"", ""target_price"": 317.46, ""thesis"": ""Stable financial profile and durable competitive moat support long-term compounding potential.""}, {""model"": ""Simulated-AI-Macro-Tactical"", ""call"": ""buy"", ""target_price"": 314.37, ""thesis"": ""Positive operating execution and robust revenue traction support upside.""}]"
MA,2023-06-30,large_cap,0.4244,0.5,0.3111,399.76,4,"[{""model"": ""Simulated-AI-Momentum-Quant"", ""call"": ""buy"", ""target_price"": 447.21, ""thesis"": ""Strong upward medium-term momentum (+8.4%) signals continued institutional accumulation.""}, {""model"": ""Simulated-AI-Fundamental-Value"", ""call"": ""hold"", ""target_price"": 389.34, ""thesis"": ""Fair valuation reflects balanced risk-reward relative to sector peers.""}, {""model"": ""Simulated-AI-Quality-Compounder"", ""call"": ""sell"", ""target_price"": 338.14, ""thesis"": ""Heightened earnings volatility and cyclical margin pressures elevate downside risk.""}, {""model"": ""Simulated-AI-Macro-Tactical"", ""call"": ""buy"", ""target_price"": 424.37, ""thesis"": ""Positive operating execution and robust revenue traction support upside.""}]"
COST,2023-06-30,large_cap,0.4117,0.5,0.2792,529.35,4,"[{""model"": ""Simulated-AI-Momentum-Quant"", ""call"": ""buy"", ""target_price"": 580.87, ""thesis"": ""Strong upward medium-term momentum (+8.6%) signals continued institutional accumulation.""}, {""model"": ""Simulated-AI-Fundamental-Value"", ""call"": ""sell"", ""target_price"": 436.12, ""thesis"": ""Elevated multi-month valuation multiples leave little safety margin against forward earnings revisions.""}, {""model"": ""Simulated-AI-Quality-Compounder"", ""call"": ""hold"", ""target_price"": 532.33, ""thesis"": ""Defensive operational balance sheet balanced by limited immediate re-rating catalysts.""}, {""model"": ""Simulated-AI-Macro-Tactical"", ""call"": ""buy"", ""target_price"": 568.06, ""thesis"": ""Positive operating execution and robust revenue traction support upside.""}]"
ABBV,2023-06-30,large_cap,0.4251,0.5,0.3129,114.07,4,"[{""model"": ""Simulated-AI-Momentum-Quant"", ""call"": ""sell"", ""target_price"": 103.42, ""thesis"": ""Persistent negative price trajectory (-14.7%) indicates structural distribution headwinds.""}, {""model"": ""Simulated-AI-Fundamental-Value"", ""call"": ""buy"", ""target_price"": 139.12, ""thesis"": ""Recent price softening provides an attractive risk-adjusted entry point against fundamental book value.""}, {""model"": ""Simulated-AI-Quality-Compounder"", ""call"": ""sell"", ""target_price"": 105.6, ""thesis"": ""Heightened earnings volatility and cyclical margin pressures elevate downside risk.""}, {""model"": ""Simulated-AI-Macro-Tactical"", ""call"": ""hold"", ""target_price"": 108.13, ""thesis"": ""Macro headwinds and declining momentum justify a defensive posture.""}]"
MRK,2023-06-30,large_cap,0.4328,0.5,0.332,110.27,4,"[{""model"": ""Simulated-AI-Momentum-Quant"", ""call"": ""buy"", ""target_price"": 120.36, ""thesis"": ""Strong upward medium-term momentum (+9.2%) signals continued institutional accumulation.""}, {""model"": ""Simulated-AI-Fundamental-Value"", ""call"": ""sell"", ""target_price"": 88.8, ""thesis"": ""Elevated multi-month valuation multiples leave little safety margin against forward earnings revisions.""}, {""model"": ""Simulated-AI-Quality-Compounder"", ""call"": ""buy"", ""target_price"": 116.17, ""thesis"": ""Stable financial profile and durable competitive moat support long-term compounding potential.""}, {""model"": ""Simulated-AI-Macro-Tactical"", ""call"": ""hold"", ""target_price"": 115.73, ""thesis"": ""Positive operating execution and robust revenue traction support upside.""}]"
BAC,2023-06-30,large_cap,0.586,0.75,0.3401,28.12,4,"[{""model"": ""Simulated-AI-Momentum-Quant"", ""call"": ""hold"", ""target_price"": 26.88, ""thesis"": ""Consolidating trading range warrants a neutral rating until breakout confirmation.""}, {""model"": ""Simulated-AI-Fundamental-Value"", ""call"": ""buy"", ""target_price"": 30.9, ""thesis"": ""Recent price softening provides an attractive risk-adjusted entry point against fundamental book value.""}, {""model"": ""Simulated-AI-Quality-Compounder"", ""call"": ""hold"", ""target_price"": 27.95, ""thesis"": ""Defensive operational balance sheet balanced by limited immediate re-rating catalysts.""}, {""model"": ""Simulated-AI-Macro-Tactical"", ""call"": ""hold"", ""target_price"": 26.74, ""thesis"": ""Balanced near-term catalysts recommend maintaining current position.""}]"
CVX,2023-06-30,large_cap,0.7327,1.0,0.3317,140.11,4,"[{""model"": ""Simulated-AI-Momentum-Quant"", ""call"": ""hold"", ""target_price"": 142.5, ""thesis"": ""Consolidating trading range warrants a neutral rating until breakout confirmation.""}, {""model"": ""Simulated-AI-Fundamental-Value"", ""call"": ""hold"", ""target_price"": 136.16, ""thesis"": ""Fair valuation reflects balanced risk-reward relative to sector peers.""}, {""model"": ""Simulated-AI-Quality-Compounder"", ""call"": ""hold"", ""target_price"": 142.92, ""thesis"": ""Defensive operational balance sheet balanced by limited immediate re-rating catalysts.""}, {""model"": ""Simulated-AI-Macro-Tactical"", ""call"": ""hold"", ""target_price"": 138.85, ""thesis"": ""Balanced near-term catalysts recommend maintaining current position.""}]"
CRM,2023-06-30,large_cap,0.5745,0.75,0.3113,224.73,4,"[{""model"": ""Simulated-AI-Momentum-Quant"", ""call"": ""buy"", ""target_price"": 234.42, ""thesis"": ""Strong upward medium-term momentum (+5.7%) signals continued institutional accumulation.""}, {""model"": ""Simulated-AI-Fundamental-Value"", ""call"": ""hold"", ""target_price"": 207.5, ""thesis"": ""Fair valuation reflects balanced risk-reward relative to sector peers.""}, {""model"": ""Simulated-AI-Quality-Compounder"", ""call"": ""buy"", ""target_price"": 228.56, ""thesis"": ""Stable financial profile and durable competitive moat support long-term compounding potential.""}, {""model"": ""Simulated-AI-Macro-Tactical"", ""call"": ""buy"", ""target_price"": 228.44, ""thesis"": ""Positive operating execution and robust revenue traction support upside.""}]"
NFLX,2023-06-30,large_cap,0.4448,0.5,0.3621,43.51,4,"[{""model"": ""Simulated-AI-Momentum-Quant"", ""call"": ""buy"", ""target_price"": 49.48, ""thesis"": ""Strong upward medium-term momentum (+27.5%) signals continued institutional accumulation.""}, {""model"": ""Simulated-AI-Fundamental-Value"", ""call"": ""sell"", ""target_price"": 37.18, ""thesis"": ""Elevated multi-month valuation multiples leave little safety margin against forward earnings revisions.""}, {""model"": ""Simulated-AI-Quality-Compounder"", ""call"": ""sell"", ""target_price"": 38.94, ""thesis"": ""Heightened earnings volatility and cyclical margin pressures elevate downside risk.""}, {""model"": ""Simulated-AI-Macro-Tactical"", ""call"": ""hold"", ""target_price"": 48.45, ""thesis"": ""Positive operating execution and robust revenue traction support upside.""}]"
AMD,2023-06-30,large_cap,0.4117,0.5,0.2792,116.89,4,"[{""model"": ""Simulated-AI-Momentum-Quant"", ""call"": ""buy"", ""target_price"": 130.5, ""thesis"": ""Strong upward medium-term momentum (+16.2%) signals continued institutional accumulation.""}, {""model"": ""Simulated-AI-Fundamental-Value"", ""call"": ""sell"", ""target_price"": 94.09, ""thesis"": ""Elevated multi-month valuation multiples leave little safety margin against forward earnings revisions.""}, {""model"": ""Simulated-AI-Quality-Compounder"", ""call"": ""hold"", ""target_price"": 117.69, ""thesis"": ""Defensive operational balance sheet balanced by limited immediate re-rating catalysts.""}, {""model"": ""Simulated-AI-Macro-Tactical"", ""call"": ""buy"", ""target_price"": 125.3, ""thesis"": ""Positive operating execution and robust revenue traction support upside.""}]"
PEP,2023-06-30,large_cap,0.4019,0.5,0.2548,176.17,4,"[{""model"": ""Simulated-AI-Momentum-Quant"", ""call"": ""buy"", ""target_price"": 187.63, ""thesis"": ""Strong upward medium-term momentum (+2.3%) signals continued institutional accumulation.""}, {""model"": ""Simulated-AI-Fundamental-Value"", ""call"": ""hold"", ""target_price"": 166.9, ""thesis"": ""Fair valuation reflects balanced risk-reward relative to sector peers.""}, {""model"": ""Simulated-AI-Quality-Compounder"", ""call"": ""buy"", ""target_price"": 183.44, ""thesis"": ""Stable financial profile and durable competitive moat support long-term compounding potential.""}, {""model"": ""Simulated-AI-Macro-Tactical"", ""call"": ""hold"", ""target_price"": 166.7, ""thesis"": ""Balanced near-term catalysts recommend maintaining current position.""}]"
KO,2023-06-30,large_cap,0.7327,1.0,0.3317,56.4,4,"[{""model"": ""Simulated-AI-Momentum-Quant"", ""call"": ""hold"", ""target_price"": 57.09, ""thesis"": ""Consolidating trading range warrants a neutral rating until breakout confirmation.""}, {""model"": ""Simulated-AI-Fundamental-Value"", ""call"": ""hold"", ""target_price"": 54.62, ""thesis"": ""Fair valuation reflects balanced risk-reward relative to sector peers.""}, {""model"": ""Simulated-AI-Quality-Compounder"", ""call"": ""hold"", ""target_price"": 58.2, ""thesis"": ""Defensive operational balance sheet balanced by limited immediate re-rating catalysts.""}, {""model"": ""Simulated-AI-Macro-Tactical"", ""call"": ""hold"", ""target_price"": 55.68, ""thesis"": ""Balanced near-term catalysts recommend maintaining current position.""}]"
TMO,2023-06-30,large_cap,0.4033,0.5,0.2582,513.95,4,"[{""model"": ""Simulated-AI-Momentum-Quant"", ""call"": ""sell"", ""target_price"": 446.9, ""thesis"": ""Persistent negative price trajectory (-9.4%) indicates structural distribution headwinds.""}, {""model"": ""Simulated-AI-Fundamental-Value"", ""call"": ""buy"", ""target_price"": 606.17, ""thesis"": ""Recent price softening provides an attractive risk-adjusted entry point against fundamental book value.""}, {""model"": ""Simulated-AI-Quality-Compounder"", ""call"": ""hold"", ""target_price"": 537.65, ""thesis"": ""Defensive operational balance sheet balanced by limited immediate re-rating catalysts.""}, {""model"": ""Simulated-AI-Macro-Tactical"", ""call"": ""sell"", ""target_price"": 465.09, ""thesis"": ""Macro headwinds and declining momentum justify a defensive posture.""}]"
WMT,2023-06-30,large_cap,0.5756,0.75,0.3139,54.9,4,"[{""model"": ""Simulated-AI-Momentum-Quant"", ""call"": ""buy"", ""target_price"": 56.74, ""thesis"": ""Strong upward medium-term momentum (+7.0%) signals continued institutional accumulation.""}, {""model"": ""Simulated-AI-Fundamental-Value"", ""call"": ""hold"", ""target_price"": 51.36, ""thesis"": ""Fair valuation reflects balanced risk-reward relative to sector peers.""}, {""model"": ""Simulated-AI-Quality-Compounder"", ""call"": ""buy"", ""target_price"": 55.83, ""thesis"": ""Stable financial profile and durable competitive moat support long-term compounding potential.""}, {""model"": ""Simulated-AI-Macro-Tactical"", ""call"": ""buy"", ""target_price"": 55.65, ""thesis"": ""Positive operating execution and robust revenue traction support upside.""}]"
MCD,2023-06-30,large_cap,0.5832,0.75,0.333,289.05,4,"[{""model"": ""Simulated-AI-Momentum-Quant"", ""call"": ""buy"", ""target_price"": 315.63, ""thesis"": ""Strong upward medium-term momentum (+7.3%) signals continued institutional accumulation.""}, {""model"": ""Simulated-AI-Fundamental-Value"", ""call"": ""sell"", ""target_price"": 232.19, ""thesis"": ""Elevated multi-month valuation multiples leave little safety margin against forward earnings revisions.""}, {""model"": ""Simulated-AI-Quality-Compounder"", ""call"": ""buy"", ""target_price"": 304.69, ""thesis"": ""Stable financial profile and durable competitive moat support long-term compounding potential.""}, {""model"": ""Simulated-AI-Macro-Tactical"", ""call"": ""buy"", ""target_price"": 303.7, ""thesis"": ""Positive operating execution and robust revenue traction support upside.""}]"
CSCO,2023-06-30,large_cap,0.3766,0.5,0.1915,44.27,4,"[{""model"": ""Simulated-AI-Momentum-Quant"", ""call"": ""sell"", ""target_price"": 40.53, ""thesis"": ""Persistent negative price trajectory (-0.3%) indicates structural distribution headwinds.""}, {""model"": ""Simulated-AI-Fundamental-Value"", ""call"": ""hold"", ""target_price"": 46.95, ""thesis"": ""Fair valuation reflects balanced risk-reward relative to sector peers.""}, {""model"": ""Simulated-AI-Quality-Compounder"", ""call"": ""sell"", ""target_price"": 41.7, ""thesis"": ""Heightened earnings volatility and cyclical margin pressures elevate downside risk.""}, {""model"": ""Simulated-AI-Macro-Tactical"", ""call"": ""hold"", ""target_price"": 47.91, ""thesis"": ""Balanced near-term catalysts recommend maintaining current position.""}]"
KNSL,2023-06-30,small_cap,0.5829,0.75,0.3323,392.45,4,"[{""model"": ""Simulated-AI-Momentum-Quant"", ""call"": ""buy"", ""target_price"": 430.09, ""thesis"": ""Strong upward medium-term momentum (+24.7%) signals continued institutional accumulation.""}, {""model"": ""Simulated-AI-Fundamental-Value"", ""call"": ""sell"", ""target_price"": 313.82, ""thesis"": ""Elevated multi-month valuation multiples leave little safety margin against forward earnings revisions.""}, {""model"": ""Simulated-AI-Quality-Compounder"", ""call"": ""buy"", ""target_price"": 416.62, ""thesis"": ""Stable financial profile and durable competitive moat support long-term compounding potential.""}, {""model"": ""Simulated-AI-Macro-Tactical"", ""call"": ""buy"", ""target_price"": 409.26, ""thesis"": ""Positive operating execution and robust revenue traction support upside.""}]"
SAIA,2023-06-30,small_cap,0.4118,0.5,0.2794,353.17,4,"[{""model"": ""Simulated-AI-Momentum-Quant"", ""call"": ""buy"", ""target_price"": 393.63, ""thesis"": ""Strong upward medium-term momentum (+25.8%) signals continued institutional accumulation.""}, {""model"": ""Simulated-AI-Fundamental-Value"", ""call"": ""sell"", ""target_price"": 287.8, ""thesis"": ""Elevated multi-month valuation multiples leave little safety margin against forward earnings revisions.""}, {""model"": ""Simulated-AI-Quality-Compounder"", ""call"": ""hold"", ""target_price"": 354.6, ""thesis"": ""Defensive operational balance sheet balanced by limited immediate re-rating catalysts.""}, {""model"": ""Simulated-AI-Macro-Tactical"", ""call"": ""buy"", ""target_price"": 376.65, ""thesis"": ""Positive operating execution and robust revenue traction support upside.""}]"
MEDP,2023-06-30,small_cap,0.4324,0.5,0.3311,250.07,4,"[{""model"": ""Simulated-AI-Momentum-Quant"", ""call"": ""buy"", ""target_price"": 269.95, ""thesis"": ""Strong upward medium-term momentum (+27.7%) signals continued institutional accumulation.""}, {""model"": ""Simulated-AI-Fundamental-Value"", ""call"": ""sell"", ""target_price"": 199.94, ""thesis"": ""Elevated multi-month valuation multiples leave little safety margin against forward earnings revisions.""}, {""model"": ""Simulated-AI-Quality-Compounder"", ""call"": ""buy"", ""target_price"": 266.2, ""thesis"": ""Stable financial profile and durable competitive moat support long-term compounding potential.""}, {""model"": ""Simulated-AI-Macro-Tactical"", ""call"": ""hold"", ""target_price"": 264.19, ""thesis"": ""Positive operating execution and robust revenue traction support upside.""}]"
SSD,2023-06-30,small_cap,0.5831,0.75,0.3328,141.85,4,"[{""model"": ""Simulated-AI-Momentum-Quant"", ""call"": ""buy"", ""target_price"": 154.83, ""thesis"": ""Strong upward medium-term momentum (+26.6%) signals continued institutional accumulation.""}, {""model"": ""Simulated-AI-Fundamental-Value"", ""call"": ""sell"", ""target_price"": 113.85, ""thesis"": ""Elevated multi-month valuation multiples leave little safety margin against forward earnings revisions.""}, {""model"": ""Simulated-AI-Quality-Compounder"", ""call"": ""buy"", ""target_price"": 149.65, ""thesis"": ""Stable financial profile and durable competitive moat support long-term compounding potential.""}, {""model"": ""Simulated-AI-Macro-Tactical"", ""call"": ""buy"", ""target_price"": 149.08, ""thesis"": ""Positive operating execution and robust revenue traction support upside.""}]"
EXPO,2023-06-30,small_cap,0.4048,0.5,0.2621,84.63,4,"[{""model"": ""Simulated-AI-Momentum-Quant"", ""call"": ""hold"", ""target_price"": 92.49, ""thesis"": ""Consolidating trading range warrants a neutral rating until breakout confirmation.""}, {""model"": ""Simulated-AI-Fundamental-Value"", ""call"": ""hold"", ""target_price"": 88.02, ""thesis"": ""Fair valuation reflects balanced risk-reward relative to sector peers.""}, {""model"": ""Simulated-AI-Quality-Compounder"", ""call"": ""sell"", ""target_price"": 77.95, ""thesis"": ""Heightened earnings volatility and cyclical margin pressures elevate downside risk.""}, {""model"": ""Simulated-AI-Macro-Tactical"", ""call"": ""sell"", ""target_price"": 80.08, ""thesis"": ""Macro headwinds and declining momentum justify a defensive posture.""}]"
FORM,2023-06-30,small_cap,0.5683,0.75,0.2957,36.16,4,"[{""model"": ""Simulated-AI-Momentum-Quant"", ""call"": ""hold"", ""target_price"": 34.27, ""thesis"": ""Consolidating trading range warrants a neutral rating until breakout confirmation.""}, {""model"": ""Simulated-AI-Fundamental-Value"", ""call"": ""hold"", ""target_price"": 34.85, ""thesis"": ""Fair valuation reflects balanced risk-reward relative to sector peers.""}, {""model"": ""Simulated-AI-Quality-Compounder"", ""call"": ""buy"", ""target_price"": 37.89, ""thesis"": ""Stable financial profile and durable competitive moat support long-term compounding potential.""}, {""model"": ""Simulated-AI-Macro-Tactical"", ""call"": ""hold"", ""target_price"": 37.64, ""thesis"": ""Positive operating execution and robust revenue traction support upside.""}]"
CRVL,2023-06-30,small_cap,0.5994,0.75,0.3736,62.72,4,"[{""model"": ""Simulated-AI-Momentum-Quant"", ""call"": ""hold"", ""target_price"": 64.56, ""thesis"": ""Consolidating trading range warrants a neutral rating until breakout confirmation.""}, {""model"": ""Simulated-AI-Fundamental-Value"", ""call"": ""sell"", ""target_price"": 53.7, ""thesis"": ""Elevated multi-month valuation multiples leave little safety margin against forward earnings revisions.""}, {""model"": ""Simulated-AI-Quality-Compounder"", ""call"": ""hold"", ""target_price"": 67.47, ""thesis"": ""Defensive operational balance sheet balanced by limited immediate re-rating catalysts.""}, {""model"": ""Simulated-AI-Macro-Tactical"", ""call"": ""hold"", ""target_price"": 65.14, ""thesis"": ""Balanced near-term catalysts recommend maintaining current position.""}]"
TKR,2023-06-30,small_cap,0.4248,0.5,0.312,94.44,4,"[{""model"": ""Simulated-AI-Momentum-Quant"", ""call"": ""buy"", ""target_price"": 97.48, ""thesis"": ""Strong upward medium-term momentum (+12.5%) signals continued institutional accumulation.""}, {""model"": ""Simulated-AI-Fundamental-Value"", ""call"": ""hold"", ""target_price"": 88.27, ""thesis"": ""Fair valuation reflects balanced risk-reward relative to sector peers.""}, {""model"": ""Simulated-AI-Quality-Compounder"", ""call"": ""buy"", ""target_price"": 96.47, ""thesis"": ""Stable financial profile and durable competitive moat support long-term compounding potential.""}, {""model"": ""Simulated-AI-Macro-Tactical"", ""call"": ""hold"", ""target_price"": 95.53, ""thesis"": ""Positive operating execution and robust revenue traction support upside.""}]"
POWI,2023-06-30,small_cap,0.445,0.5,0.3626,89.32,4,"[{""model"": ""Simulated-AI-Momentum-Quant"", ""call"": ""buy"", ""target_price"": 102.48, ""thesis"": ""Strong upward medium-term momentum (+12.1%) signals continued institutional accumulation.""}, {""model"": ""Simulated-AI-Fundamental-Value"", ""call"": ""sell"", ""target_price"": 76.07, ""thesis"": ""Elevated multi-month valuation multiples leave little safety margin against forward earnings revisions.""}, {""model"": ""Simulated-AI-Quality-Compounder"", ""call"": ""sell"", ""target_price"": 79.28, ""thesis"": ""Heightened earnings volatility and cyclical margin pressures elevate downside risk.""}, {""model"": ""Simulated-AI-Macro-Tactical"", ""call"": ""buy"", ""target_price"": 99.44, ""thesis"": ""Positive operating execution and robust revenue traction support upside.""}]"
CALM,2023-06-30,small_cap,0.5738,0.75,0.3095,36.59,4,"[{""model"": ""Simulated-AI-Momentum-Quant"", ""call"": ""sell"", ""target_price"": 32.88, ""thesis"": ""Persistent negative price trajectory (-23.0%) indicates structural distribution headwinds.""}, {""model"": ""Simulated-AI-Fundamental-Value"", ""call"": ""buy"", ""target_price"": 44.52, ""thesis"": ""Recent price softening provides an attractive risk-adjusted entry point against fundamental book value.""}, {""model"": ""Simulated-AI-Quality-Compounder"", ""call"": ""sell"", ""target_price"": 34.41, ""thesis"": ""Heightened earnings volatility and cyclical margin pressures elevate downside risk.""}, {""model"": ""Simulated-AI-Macro-Tactical"", ""call"": ""sell"", ""target_price"": 34.54, ""thesis"": ""Macro headwinds and declining momentum justify a defensive posture.""}]"
PLUS,2023-06-30,small_cap,0.4448,0.5,0.3621,54.75,4,"[{""model"": ""Simulated-AI-Momentum-Quant"", ""call"": ""buy"", ""target_price"": 62.74, ""thesis"": ""Strong upward medium-term momentum (+14.8%) signals continued institutional accumulation.""}, {""model"": ""Simulated-AI-Fundamental-Value"", ""call"": ""sell"", ""target_price"": 46.58, ""thesis"": ""Elevated multi-month valuation multiples leave little safety margin against forward earnings revisions.""}, {""model"": ""Simulated-AI-Quality-Compounder"", ""call"": ""sell"", ""target_price"": 48.71, ""thesis"": ""Heightened earnings volatility and cyclical margin pressures elevate downside risk.""}, {""model"": ""Simulated-AI-Macro-Tactical"", ""call"": ""buy"", ""target_price"": 60.96, ""thesis"": ""Positive operating execution and robust revenue traction support upside.""}]"
FSS,2023-06-30,small_cap,0.582,0.75,0.33,66.03,4,"[{""model"": ""Simulated-AI-Momentum-Quant"", ""call"": ""buy"", ""target_price"": 72.02, ""thesis"": ""Strong upward medium-term momentum (+18.3%) signals continued institutional accumulation.""}, {""model"": ""Simulated-AI-Fundamental-Value"", ""call"": ""sell"", ""target_price"": 53.44, ""thesis"": ""Elevated multi-month valuation multiples leave little safety margin against forward earnings revisions.""}, {""model"": ""Simulated-AI-Quality-Compounder"", ""call"": ""buy"", ""target_price"": 69.5, ""thesis"": ""Stable financial profile and durable competitive moat support long-term compounding potential.""}, {""model"": ""Simulated-AI-Macro-Tactical"", ""call"": ""buy"", ""target_price"": 69.16, ""thesis"": ""Positive operating execution and robust revenue traction support upside.""}]"
AMWD,2023-06-30,small_cap,0.7327,1.0,0.3317,101.3,4,"[{""model"": ""Simulated-AI-Momentum-Quant"", ""call"": ""hold"", ""target_price"": 100.9, ""thesis"": ""Consolidating trading range warrants a neutral rating until breakout confirmation.""}, {""model"": ""Simulated-AI-Fundamental-Value"", ""call"": ""hold"", ""target_price"": 99.96, ""thesis"": ""Fair valuation reflects balanced risk-reward relative to sector peers.""}, {""model"": ""Simulated-AI-Quality-Compounder"", ""call"": ""hold"", ""target_price"": 103.32, ""thesis"": ""Defensive operational balance sheet balanced by limited immediate re-rating catalysts.""}, {""model"": ""Simulated-AI-Macro-Tactical"", ""call"": ""hold"", ""target_price"": 101.0, ""thesis"": ""Balanced near-term catalysts recommend maintaining current position.""}]"
ATKR,2023-06-30,small_cap,0.5833,0.75,0.3334,155.6,4,"[{""model"": ""Simulated-AI-Momentum-Quant"", ""call"": ""buy"", ""target_price"": 170.47, ""thesis"": ""Strong upward medium-term momentum (+11.0%) signals continued institutional accumulation.""}, {""model"": ""Simulated-AI-Fundamental-Value"", ""call"": ""sell"", ""target_price"": 123.11, ""thesis"": ""Elevated multi-month valuation multiples leave little safety margin against forward earnings revisions.""}, {""model"": ""Simulated-AI-Quality-Compounder"", ""call"": ""buy"", ""target_price"": 164.68, ""thesis"": ""Stable financial profile and durable competitive moat support long-term compounding potential.""}, {""model"": ""Simulated-AI-Macro-Tactical"", ""call"": ""buy"", ""target_price"": 164.14, ""thesis"": ""Positive operating execution and robust revenue traction support upside.""}]"
BRC,2023-06-30,small_cap,0.4242,0.5,0.3105,43.12,4,"[{""model"": ""Simulated-AI-Momentum-Quant"", ""call"": ""sell"", ""target_price"": 38.81, ""thesis"": ""Persistent negative price trajectory (-11.1%) indicates structural distribution headwinds.""}, {""model"": ""Simulated-AI-Fundamental-Value"", ""call"": ""buy"", ""target_price"": 52.39, ""thesis"": ""Recent price softening provides an attractive risk-adjusted entry point against fundamental book value.""}, {""model"": ""Simulated-AI-Quality-Compounder"", ""call"": ""sell"", ""target_price"": 40.42, ""thesis"": ""Heightened earnings volatility and cyclical margin pressures elevate downside risk.""}, {""model"": ""Simulated-AI-Macro-Tactical"", ""call"": ""hold"", ""target_price"": 40.88, ""thesis"": ""Macro headwinds and declining momentum justify a defensive posture.""}]"
CNO,2023-06-30,small_cap,0.5683,0.75,0.2957,23.52,4,"[{""model"": ""Simulated-AI-Momentum-Quant"", ""call"": ""hold"", ""target_price"": 22.45, ""thesis"": ""Consolidating trading range warrants a neutral rating until breakout confirmation.""}, {""model"": ""Simulated-AI-Fundamental-Value"", ""call"": ""hold"", ""target_price"": 22.3, ""thesis"": ""Fair valuation reflects balanced risk-reward relative to sector peers.""}, {""model"": ""Simulated-AI-Quality-Compounder"", ""call"": ""buy"", ""target_price"": 24.84, ""thesis"": ""Stable financial profile and durable competitive moat support long-term compounding potential.""}, {""model"": ""Simulated-AI-Macro-Tactical"", ""call"": ""hold"", ""target_price"": 24.5, ""thesis"": ""Positive operating execution and robust revenue traction support upside.""}]"
CSGS,2023-06-30,small_cap,0.5412,0.75,0.2281,97.84,4,"[{""model"": ""Simulated-AI-Momentum-Quant"", ""call"": ""hold"", ""target_price"": 101.95, ""thesis"": ""Consolidating trading range warrants a neutral rating until breakout confirmation.""}, {""model"": ""Simulated-AI-Fundamental-Value"", ""call"": ""hold"", ""target_price"": 100.24, ""thesis"": ""Fair valuation reflects balanced risk-reward relative to sector peers.""}, {""model"": ""Simulated-AI-Quality-Compounder"", ""call"": ""sell"", ""target_price"": 88.15, ""thesis"": ""Heightened earnings volatility and cyclical margin pressures elevate downside risk.""}, {""model"": ""Simulated-AI-Macro-Tactical"", ""call"": ""hold"", ""target_price"": 101.0, ""thesis"": ""Balanced near-term catalysts recommend maintaining current position.""}]"
ENSG,2023-06-30,small_cap,0.548,0.75,0.2449,92.81,4,"[{""model"": ""Simulated-AI-Momentum-Quant"", ""call"": ""sell"", ""target_price"": 80.59, ""thesis"": ""Persistent negative price trajectory (-0.0%) indicates structural distribution headwinds.""}, {""model"": ""Simulated-AI-Fundamental-Value"", ""call"": ""hold"", ""target_price"": 95.06, ""thesis"": ""Fair valuation reflects balanced risk-reward relative to sector peers.""}, {""model"": ""Simulated-AI-Quality-Compounder"", ""call"": ""hold"", ""target_price"": 99.7, ""thesis"": ""Defensive operational balance sheet balanced by limited immediate re-rating catalysts.""}, {""model"": ""Simulated-AI-Macro-Tactical"", ""call"": ""hold"", ""target_price"": 95.9, ""thesis"": ""Balanced near-term catalysts recommend maintaining current position.""}]"
FIX,2023-06-30,small_cap,0.5743,0.75,0.3107,177.06,4,"[{""model"": ""Simulated-AI-Momentum-Quant"", ""call"": ""buy"", ""target_price"": 183.35, ""thesis"": ""Strong upward medium-term momentum (+12.6%) signals continued institutional accumulation.""}, {""model"": ""Simulated-AI-Fundamental-Value"", ""call"": ""hold"", ""target_price"": 165.61, ""thesis"": ""Fair valuation reflects balanced risk-reward relative to sector peers.""}, {""model"": ""Simulated-AI-Quality-Compounder"", ""call"": ""buy"", ""target_price"": 180.62, ""thesis"": ""Stable financial profile and durable competitive moat support long-term compounding potential.""}, {""model"": ""Simulated-AI-Macro-Tactical"", ""call"": ""buy"", ""target_price"": 178.67, ""thesis"": ""Positive operating execution and robust revenue traction support upside.""}]"
GBCI,2023-06-30,small_cap,0.5752,0.75,0.313,26.64,4,"[{""model"": ""Simulated-AI-Momentum-Quant"", ""call"": ""sell"", ""target_price"": 24.31, ""thesis"": ""Persistent negative price trajectory (-25.2%) indicates structural distribution headwinds.""}, {""model"": ""Simulated-AI-Fundamental-Value"", ""call"": ""buy"", ""target_price"": 32.26, ""thesis"": ""Recent price softening provides an attractive risk-adjusted entry point against fundamental book value.""}, {""model"": ""Simulated-AI-Quality-Compounder"", ""call"": ""sell"", ""target_price"": 24.75, ""thesis"": ""Heightened earnings volatility and cyclical margin pressures elevate downside risk.""}, {""model"": ""Simulated-AI-Macro-Tactical"", ""call"": ""sell"", ""target_price"": 25.23, ""thesis"": ""Macro headwinds and declining momentum justify a defensive posture.""}]"
GPI,2023-06-30,small_cap,0.4445,0.5,0.3613,249.74,4,"[{""model"": ""Simulated-AI-Momentum-Quant"", ""call"": ""buy"", ""target_price"": 284.83, ""thesis"": ""Strong upward medium-term momentum (+14.2%) signals continued institutional accumulation.""}, {""model"": ""Simulated-AI-Fundamental-Value"", ""call"": ""sell"", ""target_price"": 212.59, ""thesis"": ""Elevated multi-month valuation multiples leave little safety margin against forward earnings revisions.""}, {""model"": ""Simulated-AI-Quality-Compounder"", ""call"": ""sell"", ""target_price"": 222.97, ""thesis"": ""Heightened earnings volatility and cyclical margin pressures elevate downside risk.""}, {""model"": ""Simulated-AI-Macro-Tactical"", ""call"": ""buy"", ""target_price"": 278.55, ""thesis"": ""Positive operating execution and robust revenue traction support upside.""}]"
HLNE,2023-06-30,small_cap,0.4247,0.5,0.3119,78.45,4,"[{""model"": ""Simulated-AI-Momentum-Quant"", ""call"": ""buy"", ""target_price"": 86.62, ""thesis"": ""Strong upward medium-term momentum (+8.7%) signals continued institutional accumulation.""}, {""model"": ""Simulated-AI-Fundamental-Value"", ""call"": ""hold"", ""target_price"": 76.92, ""thesis"": ""Fair valuation reflects balanced risk-reward relative to sector peers.""}, {""model"": ""Simulated-AI-Quality-Compounder"", ""call"": ""sell"", ""target_price"": 66.67, ""thesis"": ""Heightened earnings volatility and cyclical margin pressures elevate downside risk.""}, {""model"": ""Simulated-AI-Macro-Tactical"", ""call"": ""buy"", ""target_price"": 83.58, ""thesis"": ""Positive operating execution and robust revenue traction support upside.""}]"
HWKN,2023-06-30,small_cap,0.5827,0.75,0.3316,49.02,4,"[{""model"": ""Simulated-AI-Momentum-Quant"", ""call"": ""buy"", ""target_price"": 53.4, ""thesis"": ""Strong upward medium-term momentum (+9.3%) signals continued institutional accumulation.""}, {""model"": ""Simulated-AI-Fundamental-Value"", ""call"": ""sell"", ""target_price"": 38.86, ""thesis"": ""Elevated multi-month valuation multiples leave little safety margin against forward earnings revisions.""}, {""model"": ""Simulated-AI-Quality-Compounder"", ""call"": ""buy"", ""target_price"": 52.52, ""thesis"": ""Stable financial profile and durable competitive moat support long-term compounding potential.""}, {""model"": ""Simulated-AI-Macro-Tactical"", ""call"": ""buy"", ""target_price"": 51.32, ""thesis"": ""Positive operating execution and robust revenue traction support upside.""}]"
IBP,2023-06-30,small_cap,0.5829,0.75,0.3321,140.3,4,"[{""model"": ""Simulated-AI-Momentum-Quant"", ""call"": ""buy"", ""target_price"": 152.69, ""thesis"": ""Strong upward medium-term momentum (+23.3%) signals continued institutional accumulation.""}, {""model"": ""Simulated-AI-Fundamental-Value"", ""call"": ""sell"", ""target_price"": 112.92, ""thesis"": ""Elevated multi-month valuation multiples leave little safety margin against forward earnings revisions.""}, {""model"": ""Simulated-AI-Quality-Compounder"", ""call"": ""buy"", ""target_price"": 148.16, ""thesis"": ""Stable financial profile and durable competitive moat support long-term compounding potential.""}, {""model"": ""Simulated-AI-Macro-Tactical"", ""call"": ""buy"", ""target_price"": 147.43, ""thesis"": ""Positive operating execution and robust revenue traction support upside.""}]"
KAR,2023-06-30,small_cap,0.7327,1.0,0.3317,102.28,4,"[{""model"": ""Simulated-AI-Momentum-Quant"", ""call"": ""hold"", ""target_price"": 103.05, ""thesis"": ""Consolidating trading range warrants a neutral rating until breakout confirmation.""}, {""model"": ""Simulated-AI-Fundamental-Value"", ""call"": ""hold"", ""target_price"": 100.24, ""thesis"": ""Fair valuation reflects balanced risk-reward relative to sector peers.""}, {""model"": ""Simulated-AI-Quality-Compounder"", ""call"": ""hold"", ""target_price"": 104.84, ""thesis"": ""Defensive operational balance sheet balanced by limited immediate re-rating catalysts.""}, {""model"": ""Simulated-AI-Macro-Tactical"", ""call"": ""hold"", ""target_price"": 101.0, ""thesis"": ""Balanced near-term catalysts recommend maintaining current position.""}]"
MC,2023-06-30,small_cap,0.4448,0.5,0.362,39.21,4,"[{""model"": ""Simulated-AI-Momentum-Quant"", ""call"": ""buy"", ""target_price"": 45.25, ""thesis"": ""Strong upward medium-term momentum (+20.0%) signals continued institutional accumulation.""}, {""model"": ""Simulated-AI-Fundamental-Value"", ""call"": ""sell"", ""target_price"": 33.48, ""thesis"": ""Elevated multi-month valuation multiples leave little safety margin against forward earnings revisions.""}, {""model"": ""Simulated-AI-Quality-Compounder"", ""call"": ""sell"", ""target_price"": 34.66, ""thesis"": ""Heightened earnings volatility and cyclical margin pressures elevate downside risk.""}, {""model"": ""Simulated-AI-Macro-Tactical"", ""call"": ""hold"", ""target_price"": 43.45, ""thesis"": ""Positive operating execution and robust revenue traction support upside.""}]"
OII,2023-06-30,small_cap,0.4255,0.5,0.3138,19.24,4,"[{""model"": ""Simulated-AI-Momentum-Quant"", ""call"": ""buy"", ""target_price"": 21.24, ""thesis"": ""Strong upward medium-term momentum (+6.1%) signals continued institutional accumulation.""}, {""model"": ""Simulated-AI-Fundamental-Value"", ""call"": ""hold"", ""target_price"": 18.72, ""thesis"": ""Fair valuation reflects balanced risk-reward relative to sector peers.""}, {""model"": ""Simulated-AI-Quality-Compounder"", ""call"": ""sell"", ""target_price"": 16.44, ""thesis"": ""Heightened earnings volatility and cyclical margin pressures elevate downside risk.""}, {""model"": ""Simulated-AI-Macro-Tactical"", ""call"": ""buy"", ""target_price"": 20.57, ""thesis"": ""Positive operating execution and robust revenue traction support upside.""}]"
PRDO,2023-06-30,small_cap,0.5756,0.75,0.3139,10.88,4,"[{""model"": ""Simulated-AI-Momentum-Quant"", ""call"": ""sell"", ""target_price"": 9.64, ""thesis"": ""Persistent negative price trajectory (-8.6%) indicates structural distribution headwinds.""}, {""model"": ""Simulated-AI-Fundamental-Value"", ""call"": ""buy"", ""target_price"": 13.41, ""thesis"": ""Recent price softening provides an attractive risk-adjusted entry point against fundamental book value.""}, {""model"": ""Simulated-AI-Quality-Compounder"", ""call"": ""sell"", ""target_price"": 10.14, ""thesis"": ""Heightened earnings volatility and cyclical margin pressures elevate downside risk.""}, {""model"": ""Simulated-AI-Macro-Tactical"", ""call"": ""sell"", ""target_price"": 10.31, ""thesis"": ""Macro headwinds and declining momentum justify a defensive posture.""}]"
SHOO,2023-06-30,small_cap,0.5596,0.75,0.2739,31.51,4,"[{""model"": ""Simulated-AI-Momentum-Quant"", ""call"": ""hold"", ""target_price"": 31.8, ""thesis"": ""Consolidating trading range warrants a neutral rating until breakout confirmation.""}, {""model"": ""Simulated-AI-Fundamental-Value"", ""call"": ""buy"", ""target_price"": 35.29, ""thesis"": ""Recent price softening provides an attractive risk-adjusted entry point against fundamental book value.""}, {""model"": ""Simulated-AI-Quality-Compounder"", ""call"": ""hold"", ""target_price"": 31.51, ""thesis"": ""Defensive operational balance sheet balanced by limited immediate re-rating catalysts.""}, {""model"": ""Simulated-AI-Macro-Tactical"", ""call"": ""hold"", ""target_price"": 27.45, ""thesis"": ""Macro headwinds and declining momentum justify a defensive posture.""}]"
SLVM,2023-06-30,small_cap,0.4234,0.5,0.3084,34.84,4,"[{""model"": ""Simulated-AI-Momentum-Quant"", ""call"": ""sell"", ""target_price"": 31.95, ""thesis"": ""Persistent negative price trajectory (-12.1%) indicates structural distribution headwinds.""}, {""model"": ""Simulated-AI-Fundamental-Value"", ""call"": ""buy"", ""target_price"": 42.41, ""thesis"": ""Recent price softening provides an attractive risk-adjusted entry point against fundamental book value.""}, {""model"": ""Simulated-AI-Quality-Compounder"", ""call"": ""sell"", ""target_price"": 32.27, ""thesis"": ""Heightened earnings volatility and cyclical margin pressures elevate downside risk.""}, {""model"": ""Simulated-AI-Macro-Tactical"", ""call"": ""hold"", ""target_price"": 32.71, ""thesis"": ""Macro headwinds and declining momentum justify a defensive posture.""}]"
AAPL,2023-09-29,large_cap,0.5744,0.75,0.3109,161.06,4,"[{""model"": ""Simulated-AI-Momentum-Quant"", ""call"": ""sell"", ""target_price"": 147.98, ""thesis"": ""Persistent negative price trajectory (-10.9%) indicates structural distribution headwinds.""}, {""model"": ""Simulated-AI-Fundamental-Value"", ""call"": ""buy"", ""target_price"": 195.96, ""thesis"": ""Recent price softening provides an attractive risk-adjusted entry point against fundamental book value.""}, {""model"": ""Simulated-AI-Quality-Compounder"", ""call"": ""sell"", ""target_price"": 148.24, ""thesis"": ""Heightened earnings volatility and cyclical margin pressures elevate downside risk.""}, {""model"": ""Simulated-AI-Macro-Tactical"", ""call"": ""sell"", ""target_price"": 152.04, ""thesis"": ""Macro headwinds and declining momentum justify a defensive posture.""}]"
MSFT,2023-09-29,large_cap,0.4096,0.5,0.2739,320.45,4,"[{""model"": ""Simulated-AI-Momentum-Quant"", ""call"": ""hold"", ""target_price"": 317.78, ""thesis"": ""Consolidating trading range warrants a neutral rating until breakout confirmation.""}, {""model"": ""Simulated-AI-Fundamental-Value"", ""call"": ""buy"", ""target_price"": 359.43, ""thesis"": ""Recent price softening provides an attractive risk-adjusted entry point against fundamental book value.""}, {""model"": ""Simulated-AI-Quality-Compounder"", ""call"": ""hold"", ""target_price"": 326.91, ""thesis"": ""Defensive operational balance sheet balanced by limited immediate re-rating catalysts.""}, {""model"": ""Simulated-AI-Macro-Tactical"", ""call"": ""sell"", ""target_price"": 277.67, ""thesis"": ""Macro headwinds and declining momentum justify a defensive posture.""}]"
NVDA,2023-09-29,large_cap,0.5539,0.75,0.2599,44.83,4,"[{""model"": ""Simulated-AI-Momentum-Quant"", ""call"": ""hold"", ""target_price"": 43.35, ""thesis"": ""Consolidating trading range warrants a neutral rating until breakout confirmation.""}, {""model"": ""Simulated-AI-Fundamental-Value"", ""call"": ""hold"", ""target_price"": 43.56, ""thesis"": ""Fair valuation reflects balanced risk-reward relative to sector peers.""}, {""model"": ""Simulated-AI-Quality-Compounder"", ""call"": ""buy"", ""target_price"": 48.62, ""thesis"": ""Stable financial profile and durable competitive moat support long-term compounding potential.""}, {""model"": ""Simulated-AI-Macro-Tactical"", ""call"": ""hold"", ""target_price"": 43.8, ""thesis"": ""Balanced near-term catalysts recommend maintaining current position.""}]"
AMZN,2023-09-29,large_cap,0.4015,0.5,0.2539,129.33,4,"[{""model"": ""Simulated-AI-Momentum-Quant"", ""call"": ""sell"", ""target_price"": 107.29, ""thesis"": ""Persistent negative price trajectory (-2.4%) indicates structural distribution headwinds.""}, {""model"": ""Simulated-AI-Fundamental-Value"", ""call"": ""buy"", ""target_price"": 148.79, ""thesis"": ""Recent price softening provides an attractive risk-adjusted entry point against fundamental book value.""}, {""model"": ""Simulated-AI-Quality-Compounder"", ""call"": ""hold"", ""target_price"": 132.87, ""thesis"": ""Defensive operational balance sheet balanced by limited immediate re-rating catalysts.""}, {""model"": ""Simulated-AI-Macro-Tactical"", ""call"": ""hold"", ""target_price"": 128.39, ""thesis"": ""Balanced near-term catalysts recommend maintaining current position.""}]"
GOOGL,2023-09-29,large_cap,0.4453,0.5,0.3633,128.22,4,"[{""model"": ""Simulated-AI-Momentum-Quant"", ""call"": ""buy"", ""target_price"": 148.09, ""thesis"": ""Strong upward medium-term momentum (+9.1%) signals continued institutional accumulation.""}, {""model"": ""Simulated-AI-Fundamental-Value"", ""call"": ""sell"", ""target_price"": 107.72, ""thesis"": ""Elevated multi-month valuation multiples leave little safety margin against forward earnings revisions.""}, {""model"": ""Simulated-AI-Quality-Compounder"", ""call"": ""sell"", ""target_price"": 114.46, ""thesis"": ""Heightened earnings volatility and cyclical margin pressures elevate downside risk.""}, {""model"": ""Simulated-AI-Macro-Tactical"", ""call"": ""buy"", ""target_price"": 142.59, ""thesis"": ""Positive operating execution and robust revenue traction support upside.""}]"
META,2023-09-29,large_cap,0.4153,0.5,0.2882,319.73,4,"[{""model"": ""Simulated-AI-Momentum-Quant"", ""call"": ""hold"", ""target_price"": 299.98, ""thesis"": ""Consolidating trading range warrants a neutral rating until breakout confirmation.""}, {""model"": ""Simulated-AI-Fundamental-Value"", ""call"": ""buy"", ""target_price"": 349.38, ""thesis"": ""Recent price softening provides an attractive risk-adjusted entry point against fundamental book value.""}, {""model"": ""Simulated-AI-Quality-Compounder"", ""call"": ""buy"", ""target_price"": 328.97, ""thesis"": ""Stable financial profile and durable competitive moat support long-term compounding potential.""}, {""model"": ""Simulated-AI-Macro-Tactical"", ""call"": ""hold"", ""target_price"": 300.58, ""thesis"": ""Balanced near-term catalysts recommend maintaining current position.""}]"
BRK-B,2023-09-29,large_cap,0.5539,0.75,0.2599,362.31,4,"[{""model"": ""Simulated-AI-Momentum-Quant"", ""call"": ""hold"", ""target_price"": 349.95, ""thesis"": ""Consolidating trading range warrants a neutral rating until breakout confirmation.""}, {""model"": ""Simulated-AI-Fundamental-Value"", ""call"": ""hold"", ""target_price"": 353.66, ""thesis"": ""Fair valuation reflects balanced risk-reward relative to sector peers.""}, {""model"": ""Simulated-AI-Quality-Compounder"", ""call"": ""buy"", ""target_price"": 391.85, ""thesis"": ""Stable financial profile and durable competitive moat support long-term compounding potential.""}, {""model"": ""Simulated-AI-Macro-Tactical"", ""call"": ""hold"", ""target_price"": 353.8, ""thesis"": ""Balanced near-term catalysts recommend maintaining current position.""}]"
JPM,2023-09-29,large_cap,0.586,0.75,0.3401,144.54,4,"[{""model"": ""Simulated-AI-Momentum-Quant"", ""call"": ""hold"", ""target_price"": 140.24, ""thesis"": ""Consolidating trading range warrants a neutral rating until breakout confirmation.""}, {""model"": ""Simulated-AI-Fundamental-Value"", ""call"": ""buy"", ""target_price"": 158.02, ""thesis"": ""Recent price softening provides an attractive risk-adjusted entry point against fundamental book value.""}, {""model"": ""Simulated-AI-Quality-Compounder"", ""call"": ""hold"", ""target_price"": 142.77, ""thesis"": ""Defensive operational balance sheet balanced by limited immediate re-rating catalysts.""}, {""model"": ""Simulated-AI-Macro-Tactical"", ""call"": ""hold"", ""target_price"": 137.12, ""thesis"": ""Balanced near-term catalysts recommend maintaining current position.""}]"
V,2023-09-29,large_cap,0.5412,0.75,0.2281,219.97,4,"[{""model"": ""Simulated-AI-Momentum-Quant"", ""call"": ""hold"", ""target_price"": 230.44, ""thesis"": ""Consolidating trading range warrants a neutral rating until breakout confirmation.""}, {""model"": ""Simulated-AI-Fundamental-Value"", ""call"": ""hold"", ""target_price"": 223.74, ""thesis"": ""Fair valuation reflects balanced risk-reward relative to sector peers.""}, {""model"": ""Simulated-AI-Quality-Compounder"", ""call"": ""sell"", ""target_price"": 198.63, ""thesis"": ""Heightened earnings volatility and cyclical margin pressures elevate downside risk.""}, {""model"": ""Simulated-AI-Macro-Tactical"", ""call"": ""hold"", ""target_price"": 227.07, ""thesis"": ""Balanced near-term catalysts recommend maintaining current position.""}]"
LLY,2023-09-29,large_cap,0.5827,0.75,0.3318,551.36,4,"[{""model"": ""Simulated-AI-Momentum-Quant"", ""call"": ""buy"", ""target_price"": 593.95, ""thesis"": ""Strong upward medium-term momentum (+16.7%) signals continued institutional accumulation.""}, {""model"": ""Simulated-AI-Fundamental-Value"", ""call"": ""sell"", ""target_price"": 439.36, ""thesis"": ""Elevated multi-month valuation multiples leave little safety margin against forward earnings revisions.""}, {""model"": ""Simulated-AI-Quality-Compounder"", ""call"": ""buy"", ""target_price"": 593.32, ""thesis"": ""Stable financial profile and durable competitive moat support long-term compounding potential.""}, {""model"": ""Simulated-AI-Macro-Tactical"", ""call"": ""buy"", ""target_price"": 578.8, ""thesis"": ""Positive operating execution and robust revenue traction support upside.""}]"
UNH,2023-09-29,large_cap,0.556,0.75,0.2649,508.07,4,"[{""model"": ""Simulated-AI-Momentum-Quant"", ""call"": ""buy"", ""target_price"": 537.75, ""thesis"": ""Strong upward medium-term momentum (+5.9%) signals continued institutional accumulation.""}, {""model"": ""Simulated-AI-Fundamental-Value"", ""call"": ""hold"", ""target_price"": 480.01, ""thesis"": ""Fair valuation reflects balanced risk-reward relative to sector peers.""}, {""model"": ""Simulated-AI-Quality-Compounder"", ""call"": ""hold"", ""target_price"": 490.49, ""thesis"": ""Defensive operational balance sheet balanced by limited immediate re-rating catalysts.""}, {""model"": ""Simulated-AI-Macro-Tactical"", ""call"": ""hold"", ""target_price"": 524.03, ""thesis"": ""Positive operating execution and robust revenue traction support upside.""}]"
XOM,2023-09-29,large_cap,0.5828,0.75,0.3321,111.53,4,"[{""model"": ""Simulated-AI-Momentum-Quant"", ""call"": ""buy"", ""target_price"": 120.96, ""thesis"": ""Strong upward medium-term momentum (+10.3%) signals continued institutional accumulation.""}, {""model"": ""Simulated-AI-Fundamental-Value"", ""call"": ""sell"", ""target_price"": 90.3, ""thesis"": ""Elevated multi-month valuation multiples leave little safety margin against forward earnings revisions.""}, {""model"": ""Simulated-AI-Quality-Compounder"", ""call"": ""buy"", ""target_price"": 117.65, ""thesis"": ""Stable financial profile and durable competitive moat support long-term compounding potential.""}, {""model"": ""Simulated-AI-Macro-Tactical"", ""call"": ""buy"", ""target_price"": 117.21, ""thesis"": ""Positive operating execution and robust revenue traction support upside.""}]"
JNJ,2023-09-29,large_cap,0.5994,0.75,0.3736,140.58,4,"[{""model"": ""Simulated-AI-Momentum-Quant"", ""call"": ""hold"", ""target_price"": 148.88, ""thesis"": ""Consolidating trading range warrants a neutral rating until breakout confirmation.""}, {""model"": ""Simulated-AI-Fundamental-Value"", ""call"": ""sell"", ""target_price"": 118.13, ""thesis"": ""Elevated multi-month valuation multiples leave little safety margin against forward earnings revisions.""}, {""model"": ""Simulated-AI-Quality-Compounder"", ""call"": ""hold"", ""target_price"": 150.86, ""thesis"": ""Defensive operational balance sheet balanced by limited immediate re-rating catalysts.""}, {""model"": ""Simulated-AI-Macro-Tactical"", ""call"": ""hold"", ""target_price"": 144.45, ""thesis"": ""Balanced near-term catalysts recommend maintaining current position.""}]"
PG,2023-09-29,large_cap,0.4015,0.5,0.2538,136.99,4,"[{""model"": ""Simulated-AI-Momentum-Quant"", ""call"": ""sell"", ""target_price"": 116.34, ""thesis"": ""Persistent negative price trajectory (-3.8%) indicates structural distribution headwinds.""}, {""model"": ""Simulated-AI-Fundamental-Value"", ""call"": ""buy"", ""target_price"": 155.81, ""thesis"": ""Recent price softening provides an attractive risk-adjusted entry point against fundamental book value.""}, {""model"": ""Simulated-AI-Quality-Compounder"", ""call"": ""hold"", ""target_price"": 139.69, ""thesis"": ""Defensive operational balance sheet balanced by limited immediate re-rating catalysts.""}, {""model"": ""Simulated-AI-Macro-Tactical"", ""call"": ""hold"", ""target_price"": 136.13, ""thesis"": ""Balanced near-term catalysts recommend maintaining current position.""}]"
HD,2023-09-29,large_cap,0.4028,0.5,0.257,285.45,4,"[{""model"": ""Simulated-AI-Momentum-Quant"", ""call"": ""sell"", ""target_price"": 240.83, ""thesis"": ""Persistent negative price trajectory (-1.9%) indicates structural distribution headwinds.""}, {""model"": ""Simulated-AI-Fundamental-Value"", ""call"": ""buy"", ""target_price"": 325.65, ""thesis"": ""Recent price softening provides an attractive risk-adjusted entry point against fundamental book value.""}, {""model"": ""Simulated-AI-Quality-Compounder"", ""call"": ""hold"", ""target_price"": 292.75, ""thesis"": ""Defensive operational balance sheet balanced by limited immediate re-rating catalysts.""}, {""model"": ""Simulated-AI-Macro-Tactical"", ""call"": ""hold"", ""target_price"": 282.57, ""thesis"": ""Balanced near-term catalysts recommend maintaining current position.""}]"
MA,2023-09-29,large_cap,0.5488,0.75,0.247,407.46,4,"[{""model"": ""Simulated-AI-Momentum-Quant"", ""call"": ""buy"", ""target_price"": 444.91, ""thesis"": ""Strong upward medium-term momentum (+0.6%) signals continued institutional accumulation.""}, {""model"": ""Simulated-AI-Fundamental-Value"", ""call"": ""hold"", ""target_price"": 390.93, ""thesis"": ""Fair valuation reflects balanced risk-reward relative to sector peers.""}, {""model"": ""Simulated-AI-Quality-Compounder"", ""call"": ""hold"", ""target_price"": 401.2, ""thesis"": ""Defensive operational balance sheet balanced by limited immediate re-rating catalysts.""}, {""model"": ""Simulated-AI-Macro-Tactical"", ""call"": ""hold"", ""target_price"": 392.8, ""thesis"": ""Balanced near-term catalysts recommend maintaining current position.""}]"
COST,2023-09-29,large_cap,0.4152,0.5,0.288,557.9,4,"[{""model"": ""Simulated-AI-Momentum-Quant"", ""call"": ""buy"", ""target_price"": 618.52, ""thesis"": ""Strong upward medium-term momentum (+4.6%) signals continued institutional accumulation.""}, {""model"": ""Simulated-AI-Fundamental-Value"", ""call"": ""sell"", ""target_price"": 457.7, ""thesis"": ""Elevated multi-month valuation multiples leave little safety margin against forward earnings revisions.""}, {""model"": ""Simulated-AI-Quality-Compounder"", ""call"": ""buy"", ""target_price"": 607.01, ""thesis"": ""Stable financial profile and durable competitive moat support long-term compounding potential.""}, {""model"": ""Simulated-AI-Macro-Tactical"", ""call"": ""hold"", ""target_price"": 548.37, ""thesis"": ""Balanced near-term catalysts recommend maintaining current position.""}]"
ABBV,2023-09-29,large_cap,0.4332,0.5,0.3329,140.72,4,"[{""model"": ""Simulated-AI-Momentum-Quant"", ""call"": ""buy"", ""target_price"": 152.13, ""thesis"": ""Strong upward medium-term momentum (+11.6%) signals continued institutional accumulation.""}, {""model"": ""Simulated-AI-Fundamental-Value"", ""call"": ""sell"", ""target_price"": 113.09, ""thesis"": ""Elevated multi-month valuation multiples leave little safety margin against forward earnings revisions.""}, {""model"": ""Simulated-AI-Quality-Compounder"", ""call"": ""buy"", ""target_price"": 149.84, ""thesis"": ""Stable financial profile and durable competitive moat support long-term compounding potential.""}, {""model"": ""Simulated-AI-Macro-Tactical"", ""call"": ""hold"", ""target_price"": 147.83, ""thesis"": ""Positive operating execution and robust revenue traction support upside.""}]"
MRK,2023-09-29,large_cap,0.4072,0.5,0.268,89.53,4,"[{""model"": ""Simulated-AI-Momentum-Quant"", ""call"": ""sell"", ""target_price"": 81.5, ""thesis"": ""Persistent negative price trajectory (-9.3%) indicates structural distribution headwinds.""}, {""model"": ""Simulated-AI-Fundamental-Value"", ""call"": ""hold"", ""target_price"": 93.9, ""thesis"": ""Fair valuation reflects balanced risk-reward relative to sector peers.""}, {""model"": ""Simulated-AI-Quality-Compounder"", ""call"": ""hold"", ""target_price"": 97.68, ""thesis"": ""Defensive operational balance sheet balanced by limited immediate re-rating catalysts.""}, {""model"": ""Simulated-AI-Macro-Tactical"", ""call"": ""sell"", ""target_price"": 85.05, ""thesis"": ""Macro headwinds and declining momentum justify a defensive posture.""}]"
BAC,2023-09-29,large_cap,0.4053,0.5,0.2633,25.37,4,"[{""model"": ""Simulated-AI-Momentum-Quant"", ""call"": ""sell"", ""target_price"": 22.24, ""thesis"": ""Persistent negative price trajectory (-5.5%) indicates structural distribution headwinds.""}, {""model"": ""Simulated-AI-Fundamental-Value"", ""call"": ""buy"", ""target_price"": 29.43, ""thesis"": ""Recent price softening provides an attractive risk-adjusted entry point against fundamental book value.""}, {""model"": ""Simulated-AI-Quality-Compounder"", ""call"": ""hold"", ""target_price"": 26.86, ""thesis"": ""Defensive operational balance sheet balanced by limited immediate re-rating catalysts.""}, {""model"": ""Simulated-AI-Macro-Tactical"", ""call"": ""hold"", ""target_price"": 22.93, ""thesis"": ""Macro headwinds and declining momentum justify a defensive posture.""}]"
CVX,2023-09-29,large_cap,0.4442,0.5,0.3604,146.87,4,"[{""model"": ""Simulated-AI-Momentum-Quant"", ""call"": ""buy"", ""target_price"": 169.68, ""thesis"": ""Strong upward medium-term momentum (+8.3%) signals continued institutional accumulation.""}, {""model"": ""Simulated-AI-Fundamental-Value"", ""call"": ""sell"", ""target_price"": 122.93, ""thesis"": ""Elevated multi-month valuation multiples leave little safety margin against forward earnings revisions.""}, {""model"": ""Simulated-AI-Quality-Compounder"", ""call"": ""sell"", ""target_price"": 131.26, ""thesis"": ""Heightened earnings volatility and cyclical margin pressures elevate downside risk.""}, {""model"": ""Simulated-AI-Macro-Tactical"", ""call"": ""buy"", ""target_price"": 163.61, ""thesis"": ""Positive operating execution and robust revenue traction support upside.""}]"
CRM,2023-09-29,large_cap,0.5412,0.75,0.2281,195.45,4,"[{""model"": ""Simulated-AI-Momentum-Quant"", ""call"": ""hold"", ""target_price"": 207.5, ""thesis"": ""Consolidating trading range warrants a neutral rating until breakout confirmation.""}, {""model"": ""Simulated-AI-Fundamental-Value"", ""call"": ""hold"", ""target_price"": 198.29, ""thesis"": ""Fair valuation reflects balanced risk-reward relative to sector peers.""}, {""model"": ""Simulated-AI-Quality-Compounder"", ""call"": ""sell"", ""target_price"": 174.71, ""thesis"": ""Heightened earnings volatility and cyclical margin pressures elevate downside risk.""}, {""model"": ""Simulated-AI-Macro-Tactical"", ""call"": ""hold"", ""target_price"": 201.32, ""thesis"": ""Balanced near-term catalysts recommend maintaining current position.""}]"
NFLX,2023-09-29,large_cap,0.5747,0.75,0.3119,36.17,4,"[{""model"": ""Simulated-AI-Momentum-Quant"", ""call"": ""sell"", ""target_price"": 32.78, ""thesis"": ""Persistent negative price trajectory (-14.5%) indicates structural distribution headwinds.""}, {""model"": ""Simulated-AI-Fundamental-Value"", ""call"": ""buy"", ""target_price"": 44.2, ""thesis"": ""Recent price softening provides an attractive risk-adjusted entry point against fundamental book value.""}, {""model"": ""Simulated-AI-Quality-Compounder"", ""call"": ""sell"", ""target_price"": 33.72, ""thesis"": ""Heightened earnings volatility and cyclical margin pressures elevate downside risk.""}, {""model"": ""Simulated-AI-Macro-Tactical"", ""call"": ""sell"", ""target_price"": 33.98, ""thesis"": ""Macro headwinds and declining momentum justify a defensive posture.""}]"
AMD,2023-09-29,large_cap,0.567,0.75,0.2925,93.2,4,"[{""model"": ""Simulated-AI-Momentum-Quant"", ""call"": ""sell"", ""target_price"": 86.78, ""thesis"": ""Persistent negative price trajectory (-11.2%) indicates structural distribution headwinds.""}, {""model"": ""Simulated-AI-Fundamental-Value"", ""call"": ""hold"", ""target_price"": 101.46, ""thesis"": ""Fair valuation reflects balanced risk-reward relative to sector peers.""}, {""model"": ""Simulated-AI-Quality-Compounder"", ""call"": ""sell"", ""target_price"": 92.02, ""thesis"": ""Heightened earnings volatility and cyclical margin pressures elevate downside risk.""}, {""model"": ""Simulated-AI-Macro-Tactical"", ""call"": ""sell"", ""target_price"": 92.54, ""thesis"": ""Macro headwinds and declining momentum justify a defensive posture.""}]"
PEP,2023-09-29,large_cap,0.4032,0.5,0.258,150.27,4,"[{""model"": ""Simulated-AI-Momentum-Quant"", ""call"": ""sell"", ""target_price"": 131.13, ""thesis"": ""Persistent negative price trajectory (-8.1%) indicates structural distribution headwinds.""}, {""model"": ""Simulated-AI-Fundamental-Value"", ""call"": ""buy"", ""target_price"": 176.3, ""thesis"": ""Recent price softening provides an attractive risk-adjusted entry point against fundamental book value.""}, {""model"": ""Simulated-AI-Quality-Compounder"", ""call"": ""hold"", ""target_price"": 156.79, ""thesis"": ""Defensive operational balance sheet balanced by limited immediate re-rating catalysts.""}, {""model"": ""Simulated-AI-Macro-Tactical"", ""call"": ""sell"", ""target_price"": 136.85, ""thesis"": ""Macro headwinds and declining momentum justify a defensive posture.""}]"
KO,2023-09-29,large_cap,0.4037,0.5,0.2592,51.23,4,"[{""model"": ""Simulated-AI-Momentum-Quant"", ""call"": ""sell"", ""target_price"": 44.68, ""thesis"": ""Persistent negative price trajectory (-6.9%) indicates structural distribution headwinds.""}, {""model"": ""Simulated-AI-Fundamental-Value"", ""call"": ""buy"", ""target_price"": 60.34, ""thesis"": ""Recent price softening provides an attractive risk-adjusted entry point against fundamental book value.""}, {""model"": ""Simulated-AI-Quality-Compounder"", ""call"": ""hold"", ""target_price"": 53.42, ""thesis"": ""Defensive operational balance sheet balanced by limited immediate re-rating catalysts.""}, {""model"": ""Simulated-AI-Macro-Tactical"", ""call"": ""sell"", ""target_price"": 46.49, ""thesis"": ""Macro headwinds and declining momentum justify a defensive posture.""}]"
TMO,2023-09-29,large_cap,0.5467,0.75,0.2418,487.94,4,"[{""model"": ""Simulated-AI-Momentum-Quant"", ""call"": ""sell"", ""target_price"": 427.03, ""thesis"": ""Persistent negative price trajectory (-2.4%) indicates structural distribution headwinds.""}, {""model"": ""Simulated-AI-Fundamental-Value"", ""call"": ""hold"", ""target_price"": 501.08, ""thesis"": ""Fair valuation reflects balanced risk-reward relative to sector peers.""}, {""model"": ""Simulated-AI-Quality-Compounder"", ""call"": ""hold"", ""target_price"": 516.93, ""thesis"": ""Defensive operational balance sheet balanced by limited immediate re-rating catalysts.""}, {""model"": ""Simulated-AI-Macro-Tactical"", ""call"": ""hold"", ""target_price"": 506.7, ""thesis"": ""Balanced near-term catalysts recommend maintaining current position.""}]"
WMT,2023-09-29,large_cap,0.4015,0.5,0.2537,56.46,4,"[{""model"": ""Simulated-AI-Momentum-Quant"", ""call"": ""buy"", ""target_price"": 59.8, ""thesis"": ""Strong upward medium-term momentum (+1.5%) signals continued institutional accumulation.""}, {""model"": ""Simulated-AI-Fundamental-Value"", ""call"": ""buy"", ""target_price"": 60.44, ""thesis"": ""Recent price softening provides an attractive risk-adjusted entry point against fundamental book value.""}, {""model"": ""Simulated-AI-Quality-Compounder"", ""call"": ""hold"", ""target_price"": 53.42, ""thesis"": ""Defensive operational balance sheet balanced by limited immediate re-rating catalysts.""}, {""model"": ""Simulated-AI-Macro-Tactical"", ""call"": ""hold"", ""target_price"": 52.18, ""thesis"": ""Balanced near-term catalysts recommend maintaining current position.""}]"
MCD,2023-09-29,large_cap,0.4048,0.5,0.2621,234.91,4,"[{""model"": ""Simulated-AI-Momentum-Quant"", ""call"": ""hold"", ""target_price"": 255.58, ""thesis"": ""Consolidating trading range warrants a neutral rating until breakout confirmation.""}, {""model"": ""Simulated-AI-Fundamental-Value"", ""call"": ""hold"", ""target_price"": 243.47, ""thesis"": ""Fair valuation reflects balanced risk-reward relative to sector peers.""}, {""model"": ""Simulated-AI-Quality-Compounder"", ""call"": ""sell"", ""target_price"": 220.05, ""thesis"": ""Heightened earnings volatility and cyclical margin pressures elevate downside risk.""}, {""model"": ""Simulated-AI-Macro-Tactical"", ""call"": ""sell"", ""target_price"": 220.54, ""thesis"": ""Macro headwinds and declining momentum justify a defensive posture.""}]"
CSCO,2023-09-29,large_cap,0.5539,0.75,0.2599,51.2,4,"[{""model"": ""Simulated-AI-Momentum-Quant"", ""call"": ""hold"", ""target_price"": 49.47, ""thesis"": ""Consolidating trading range warrants a neutral rating until breakout confirmation.""}, {""model"": ""Simulated-AI-Fundamental-Value"", ""call"": ""hold"", ""target_price"": 50.33, ""thesis"": ""Fair valuation reflects balanced risk-reward relative to sector peers.""}, {""model"": ""Simulated-AI-Quality-Compounder"", ""call"": ""buy"", ""target_price"": 54.85, ""thesis"": ""Stable financial profile and durable competitive moat support long-term compounding potential.""}, {""model"": ""Simulated-AI-Macro-Tactical"", ""call"": ""hold"", ""target_price"": 50.17, ""thesis"": ""Balanced near-term catalysts recommend maintaining current position.""}]"
KNSL,2023-09-29,small_cap,0.575,0.75,0.3125,449.48,4,"[{""model"": ""Simulated-AI-Momentum-Quant"", ""call"": ""buy"", ""target_price"": 464.29, ""thesis"": ""Strong upward medium-term momentum (+12.1%) signals continued institutional accumulation.""}, {""model"": ""Simulated-AI-Fundamental-Value"", ""call"": ""hold"", ""target_price"": 417.34, ""thesis"": ""Fair valuation reflects balanced risk-reward relative to sector peers.""}, {""model"": ""Simulated-AI-Quality-Compounder"", ""call"": ""buy"", ""target_price"": 463.22, ""thesis"": ""Stable financial profile and durable competitive moat support long-term compounding potential.""}, {""model"": ""Simulated-AI-Macro-Tactical"", ""call"": ""buy"", ""target_price"": 453.09, ""thesis"": ""Positive operating execution and robust revenue traction support upside.""}]"
SAIA,2023-09-29,small_cap,0.5836,0.75,0.3341,417.77,4,"[{""model"": ""Simulated-AI-Momentum-Quant"", ""call"": ""buy"", ""target_price"": 453.82, ""thesis"": ""Strong upward medium-term momentum (+17.1%) signals continued institutional accumulation.""}, {""model"": ""Simulated-AI-Fundamental-Value"", ""call"": ""sell"", ""target_price"": 333.07, ""thesis"": ""Elevated multi-month valuation multiples leave little safety margin against forward earnings revisions.""}, {""model"": ""Simulated-AI-Quality-Compounder"", ""call"": ""buy"", ""target_price"": 445.69, ""thesis"": ""Stable financial profile and durable competitive moat support long-term compounding potential.""}, {""model"": ""Simulated-AI-Macro-Tactical"", ""call"": ""buy"", ""target_price"": 438.51, ""thesis"": ""Positive operating execution and robust revenue traction support upside.""}]"
MEDP,2023-09-29,small_cap,0.5536,0.75,0.2589,234.6,4,"[{""model"": ""Simulated-AI-Momentum-Quant"", ""call"": ""sell"", ""target_price"": 204.16, ""thesis"": ""Persistent negative price trajectory (+1.3%) indicates structural distribution headwinds.""}, {""model"": ""Simulated-AI-Fundamental-Value"", ""call"": ""hold"", ""target_price"": 240.68, ""thesis"": ""Fair valuation reflects balanced risk-reward relative to sector peers.""}, {""model"": ""Simulated-AI-Quality-Compounder"", ""call"": ""hold"", ""target_price"": 249.01, ""thesis"": ""Defensive operational balance sheet balanced by limited immediate re-rating catalysts.""}, {""model"": ""Simulated-AI-Macro-Tactical"", ""call"": ""hold"", ""target_price"": 244.55, ""thesis"": ""Balanced near-term catalysts recommend maintaining current position.""}]"
SSD,2023-09-29,small_cap,0.4067,0.5,0.2669,158.07,4,"[{""model"": ""Simulated-AI-Momentum-Quant"", ""call"": ""buy"", ""target_price"": 169.69, ""thesis"": ""Strong upward medium-term momentum (+10.1%) signals continued institutional accumulation.""}, {""model"": ""Simulated-AI-Fundamental-Value"", ""call"": ""hold"", ""target_price"": 149.65, ""thesis"": ""Fair valuation reflects balanced risk-reward relative to sector peers.""}, {""model"": ""Simulated-AI-Quality-Compounder"", ""call"": ""hold"", ""target_price"": 151.36, ""thesis"": ""Defensive operational balance sheet balanced by limited immediate re-rating catalysts.""}, {""model"": ""Simulated-AI-Macro-Tactical"", ""call"": ""buy"", ""target_price"": 161.58, ""thesis"": ""Positive operating execution and robust revenue traction support upside.""}]"
EXPO,2023-09-29,small_cap,0.577,0.75,0.3176,77.21,4,"[{""model"": ""Simulated-AI-Momentum-Quant"", ""call"": ""sell"", ""target_price"": 68.83, ""thesis"": ""Persistent negative price trajectory (-7.6%) indicates structural distribution headwinds.""}, {""model"": ""Simulated-AI-Fundamental-Value"", ""call"": ""buy"", ""target_price"": 94.43, ""thesis"": ""Recent price softening provides an attractive risk-adjusted entry point against fundamental book value.""}, {""model"": ""Simulated-AI-Quality-Compounder"", ""call"": ""sell"", ""target_price"": 71.91, ""thesis"": ""Heightened earnings volatility and cyclical margin pressures elevate downside risk.""}, {""model"": ""Simulated-AI-Macro-Tactical"", ""call"": ""sell"", ""target_price"": 73.67, ""thesis"": ""Macro headwinds and declining momentum justify a defensive posture.""}]"
FORM,2023-09-29,small_cap,0.5994,0.75,0.3736,33.94,4,"[{""model"": ""Simulated-AI-Momentum-Quant"", ""call"": ""hold"", ""target_price"": 35.43, ""thesis"": ""Consolidating trading range warrants a neutral rating until breakout confirmation.""}, {""model"": ""Simulated-AI-Fundamental-Value"", ""call"": ""sell"", ""target_price"": 28.91, ""thesis"": ""Elevated multi-month valuation multiples leave little safety margin against forward earnings revisions.""}, {""model"": ""Simulated-AI-Quality-Compounder"", ""call"": ""hold"", ""target_price"": 36.14, ""thesis"": ""Defensive operational balance sheet balanced by limited immediate re-rating catalysts.""}, {""model"": ""Simulated-AI-Macro-Tactical"", ""call"": ""hold"", ""target_price"": 35.29, ""thesis"": ""Balanced near-term catalysts recommend maintaining current position.""}]"
CRVL,2023-09-29,small_cap,0.586,0.75,0.3401,69.53,4,"[{""model"": ""Simulated-AI-Momentum-Quant"", ""call"": ""hold"", ""target_price"": 66.57, ""thesis"": ""Consolidating trading range warrants a neutral rating until breakout confirmation.""}, {""model"": ""Simulated-AI-Fundamental-Value"", ""call"": ""buy"", ""target_price"": 76.73, ""thesis"": ""Recent price softening provides an attractive risk-adjusted entry point against fundamental book value.""}, {""model"": ""Simulated-AI-Quality-Compounder"", ""call"": ""hold"", ""target_price"": 68.59, ""thesis"": ""Defensive operational balance sheet balanced by limited immediate re-rating catalysts.""}, {""model"": ""Simulated-AI-Macro-Tactical"", ""call"": ""hold"", ""target_price"": 66.21, ""thesis"": ""Balanced near-term catalysts recommend maintaining current position.""}]"
TKR,2023-09-29,small_cap,0.5736,0.75,0.3089,66.44,4,"[{""model"": ""Simulated-AI-Momentum-Quant"", ""call"": ""sell"", ""target_price"": 58.99, ""thesis"": ""Persistent negative price trajectory (-20.2%) indicates structural distribution headwinds.""}, {""model"": ""Simulated-AI-Fundamental-Value"", ""call"": ""buy"", ""target_price"": 82.29, ""thesis"": ""Recent price softening provides an attractive risk-adjusted entry point against fundamental book value.""}, {""model"": ""Simulated-AI-Quality-Compounder"", ""call"": ""sell"", ""target_price"": 61.45, ""thesis"": ""Heightened earnings volatility and cyclical margin pressures elevate downside risk.""}, {""model"": ""Simulated-AI-Macro-Tactical"", ""call"": ""sell"", ""target_price"": 63.03, ""thesis"": ""Macro headwinds and declining momentum justify a defensive posture.""}]"
POWI,2023-09-29,small_cap,0.4231,0.5,0.3079,69.24,4,"[{""model"": ""Simulated-AI-Momentum-Quant"", ""call"": ""sell"", ""target_price"": 62.05, ""thesis"": ""Persistent negative price trajectory (-19.3%) indicates structural distribution headwinds.""}, {""model"": ""Simulated-AI-Fundamental-Value"", ""call"": ""buy"", ""target_price"": 84.35, ""thesis"": ""Recent price softening provides an attractive risk-adjusted entry point against fundamental book value.""}, {""model"": ""Simulated-AI-Quality-Compounder"", ""call"": ""sell"", ""target_price"": 64.85, ""thesis"": ""Heightened earnings volatility and cyclical margin pressures elevate downside risk.""}, {""model"": ""Simulated-AI-Macro-Tactical"", ""call"": ""hold"", ""target_price"": 65.73, ""thesis"": ""Macro headwinds and declining momentum justify a defensive posture.""}]"
CALM,2023-09-29,small_cap,0.5708,0.75,0.3021,41.81,4,"[{""model"": ""Simulated-AI-Momentum-Quant"", ""call"": ""hold"", ""target_price"": 41.92, ""thesis"": ""Consolidating trading range warrants a neutral rating until breakout confirmation.""}, {""model"": ""Simulated-AI-Fundamental-Value"", ""call"": ""hold"", ""target_price"": 42.23, ""thesis"": ""Fair valuation reflects balanced risk-reward relative to sector peers.""}, {""model"": ""Simulated-AI-Quality-Compounder"", ""call"": ""sell"", ""target_price"": 36.92, ""thesis"": ""Heightened earnings volatility and cyclical margin pressures elevate downside risk.""}, {""model"": ""Simulated-AI-Macro-Tactical"", ""call"": ""hold"", ""target_price"": 46.18, ""thesis"": ""Positive operating execution and robust revenue traction support upside.""}]"
PLUS,2023-09-29,small_cap,0.4242,0.5,0.3104,68.45,4,"[{""model"": ""Simulated-AI-Momentum-Quant"", ""call"": ""buy"", ""target_price"": 72.22, ""thesis"": ""Strong upward medium-term momentum (+13.3%) signals continued institutional accumulation.""}, {""model"": ""Simulated-AI-Fundamental-Value"", ""call"": ""hold"", ""target_price"": 63.2, ""thesis"": ""Fair valuation reflects balanced risk-reward relative to sector peers.""}, {""model"": ""Simulated-AI-Quality-Compounder"", ""call"": ""buy"", ""target_price"": 69.6, ""thesis"": ""Stable financial profile and durable competitive moat support long-term compounding potential.""}, {""model"": ""Simulated-AI-Macro-Tactical"", ""call"": ""hold"", ""target_price"": 68.77, ""thesis"": ""Positive operating execution and robust revenue traction support upside.""}]"
FSS,2023-09-29,small_cap,0.4043,0.5,0.2609,58.49,4,"[{""model"": ""Simulated-AI-Momentum-Quant"", ""call"": ""sell"", ""target_price"": 50.24, ""thesis"": ""Persistent negative price trajectory (-7.2%) indicates structural distribution headwinds.""}, {""model"": ""Simulated-AI-Fundamental-Value"", ""call"": ""buy"", ""target_price"": 68.77, ""thesis"": ""Recent price softening provides an attractive risk-adjusted entry point against fundamental book value.""}, {""model"": ""Simulated-AI-Quality-Compounder"", ""call"": ""hold"", ""target_price"": 62.09, ""thesis"": ""Defensive operational balance sheet balanced by limited immediate re-rating catalysts.""}, {""model"": ""Simulated-AI-Macro-Tactical"", ""call"": ""hold"", ""target_price"": 52.88, ""thesis"": ""Macro headwinds and declining momentum justify a defensive posture.""}]"
AMWD,2023-09-29,small_cap,0.7327,1.0,0.3317,101.98,4,"[{""model"": ""Simulated-AI-Momentum-Quant"", ""call"": ""hold"", ""target_price"": 101.2, ""thesis"": ""Consolidating trading range warrants a neutral rating until breakout confirmation.""}, {""model"": ""Simulated-AI-Fundamental-Value"", ""call"": ""hold"", ""target_price"": 100.96, ""thesis"": ""Fair valuation reflects balanced risk-reward relative to sector peers.""}, {""model"": ""Simulated-AI-Quality-Compounder"", ""call"": ""hold"", ""target_price"": 104.76, ""thesis"": ""Defensive operational balance sheet balanced by limited immediate re-rating catalysts.""}, {""model"": ""Simulated-AI-Macro-Tactical"", ""call"": ""hold"", ""target_price"": 101.0, ""thesis"": ""Balanced near-term catalysts recommend maintaining current position.""}]"
ATKR,2023-09-29,small_cap,0.3918,0.5,0.2294,139.44,4,"[{""model"": ""Simulated-AI-Momentum-Quant"", ""call"": ""sell"", ""target_price"": 120.72, ""thesis"": ""Persistent negative price trajectory (-3.4%) indicates structural distribution headwinds.""}, {""model"": ""Simulated-AI-Fundamental-Value"", ""call"": ""buy"", ""target_price"": 167.31, ""thesis"": ""Recent price softening provides an attractive risk-adjusted entry point against fundamental book value.""}, {""model"": ""Simulated-AI-Quality-Compounder"", ""call"": ""sell"", ""target_price"": 125.56, ""thesis"": ""Heightened earnings volatility and cyclical margin pressures elevate downside risk.""}, {""model"": ""Simulated-AI-Macro-Tactical"", ""call"": ""hold"", ""target_price"": 144.19, ""thesis"": ""Balanced near-term catalysts recommend maintaining current position.""}]"
BRC,2023-09-29,small_cap,0.4247,0.5,0.3119,54.35,4,"[{""model"": ""Simulated-AI-Momentum-Quant"", ""call"": ""buy"", ""target_price"": 59.65, ""thesis"": ""Strong upward medium-term momentum (+14.6%) signals continued institutional accumulation.""}, {""model"": ""Simulated-AI-Fundamental-Value"", ""call"": ""hold"", ""target_price"": 53.7, ""thesis"": ""Fair valuation reflects balanced risk-reward relative to sector peers.""}, {""model"": ""Simulated-AI-Quality-Compounder"", ""call"": ""sell"", ""target_price"": 46.1, ""thesis"": ""Heightened earnings volatility and cyclical margin pressures elevate downside risk.""}, {""model"": ""Simulated-AI-Macro-Tactical"", ""call"": ""hold"", ""target_price"": 57.96, ""thesis"": ""Positive operating execution and robust revenue traction support upside.""}]"
CNO,2023-09-29,small_cap,0.3845,0.5,0.2113,22.59,4,"[{""model"": ""Simulated-AI-Momentum-Quant"", ""call"": ""buy"", ""target_price"": 25.67, ""thesis"": ""Strong upward medium-term momentum (-0.0%) signals continued institutional accumulation.""}, {""model"": ""Simulated-AI-Fundamental-Value"", ""call"": ""hold"", ""target_price"": 22.36, ""thesis"": ""Fair valuation reflects balanced risk-reward relative to sector peers.""}, {""model"": ""Simulated-AI-Quality-Compounder"", ""call"": ""sell"", ""target_price"": 19.66, ""thesis"": ""Heightened earnings volatility and cyclical margin pressures elevate downside risk.""}, {""model"": ""Simulated-AI-Macro-Tactical"", ""call"": ""hold"", ""target_price"": 22.69, ""thesis"": ""Balanced near-term catalysts recommend maintaining current position.""}]"
CSGS,2023-09-29,small_cap,0.7327,1.0,0.3317,101.64,4,"[{""model"": ""Simulated-AI-Momentum-Quant"", ""call"": ""hold"", ""target_price"": 102.2, ""thesis"": ""Consolidating trading range warrants a neutral rating until breakout confirmation.""}, {""model"": ""Simulated-AI-Fundamental-Value"", ""call"": ""hold"", ""target_price"": 99.16, ""thesis"": ""Fair valuation reflects balanced risk-reward relative to sector peers.""}, {""model"": ""Simulated-AI-Quality-Compounder"", ""call"": ""hold"", ""target_price"": 104.2, ""thesis"": ""Defensive operational balance sheet balanced by limited immediate re-rating catalysts.""}, {""model"": ""Simulated-AI-Macro-Tactical"", ""call"": ""hold"", ""target_price"": 101.0, ""thesis"": ""Balanced near-term catalysts recommend maintaining current position.""}]"
ENSG,2023-09-29,small_cap,0.586,0.75,0.3401,98.34,4,"[{""model"": ""Simulated-AI-Momentum-Quant"", ""call"": ""hold"", ""target_price"": 95.08, ""thesis"": ""Consolidating trading range warrants a neutral rating until breakout confirmation.""}, {""model"": ""Simulated-AI-Fundamental-Value"", ""call"": ""buy"", ""target_price"": 108.63, ""thesis"": ""Recent price softening provides an attractive risk-adjusted entry point against fundamental book value.""}, {""model"": ""Simulated-AI-Quality-Compounder"", ""call"": ""hold"", ""target_price"": 96.26, ""thesis"": ""Defensive operational balance sheet balanced by limited immediate re-rating catalysts.""}, {""model"": ""Simulated-AI-Macro-Tactical"", ""call"": ""hold"", ""target_price"": 93.41, ""thesis"": ""Balanced near-term catalysts recommend maintaining current position.""}]"
FIX,2023-09-29,small_cap,0.5994,0.75,0.3736,163.99,4,"[{""model"": ""Simulated-AI-Momentum-Quant"", ""call"": ""hold"", ""target_price"": 171.82, ""thesis"": ""Consolidating trading range warrants a neutral rating until breakout confirmation.""}, {""model"": ""Simulated-AI-Fundamental-Value"", ""call"": ""sell"", ""target_price"": 139.83, ""thesis"": ""Elevated multi-month valuation multiples leave little safety margin against forward earnings revisions.""}, {""model"": ""Simulated-AI-Quality-Compounder"", ""call"": ""hold"", ""target_price"": 173.84, ""thesis"": ""Defensive operational balance sheet balanced by limited immediate re-rating catalysts.""}, {""model"": ""Simulated-AI-Macro-Tactical"", ""call"": ""hold"", ""target_price"": 170.47, ""thesis"": ""Balanced near-term catalysts recommend maintaining current position.""}]"
GBCI,2023-09-29,small_cap,0.5751,0.75,0.3128,24.71,4,"[{""model"": ""Simulated-AI-Momentum-Quant"", ""call"": ""sell"", ""target_price"": 22.55, ""thesis"": ""Persistent negative price trajectory (-9.5%) indicates structural distribution headwinds.""}, {""model"": ""Simulated-AI-Fundamental-Value"", ""call"": ""buy"", ""target_price"": 30.16, ""thesis"": ""Recent price softening provides an attractive risk-adjusted entry point against fundamental book value.""}, {""model"": ""Simulated-AI-Quality-Compounder"", ""call"": ""sell"", ""target_price"": 22.8, ""thesis"": ""Heightened earnings volatility and cyclical margin pressures elevate downside risk.""}, {""model"": ""Simulated-AI-Macro-Tactical"", ""call"": ""sell"", ""target_price"": 23.32, ""thesis"": ""Macro headwinds and declining momentum justify a defensive posture.""}]"
GPI,2023-09-29,small_cap,0.5539,0.75,0.2599,273.49,4,"[{""model"": ""Simulated-AI-Momentum-Quant"", ""call"": ""hold"", ""target_price"": 264.75, ""thesis"": ""Consolidating trading range warrants a neutral rating until breakout confirmation.""}, {""model"": ""Simulated-AI-Fundamental-Value"", ""call"": ""hold"", ""target_price"": 265.78, ""thesis"": ""Fair valuation reflects balanced risk-reward relative to sector peers.""}, {""model"": ""Simulated-AI-Quality-Compounder"", ""call"": ""buy"", ""target_price"": 296.68, ""thesis"": ""Stable financial profile and durable competitive moat support long-term compounding potential.""}, {""model"": ""Simulated-AI-Macro-Tactical"", ""call"": ""hold"", ""target_price"": 266.73, ""thesis"": ""Balanced near-term catalysts recommend maintaining current position.""}]"
HLNE,2023-09-29,small_cap,0.5829,0.75,0.3323,90.5,4,"[{""model"": ""Simulated-AI-Momentum-Quant"", ""call"": ""buy"", ""target_price"": 98.5, ""thesis"": ""Strong upward medium-term momentum (+13.9%) signals continued institutional accumulation.""}, {""model"": ""Simulated-AI-Fundamental-Value"", ""call"": ""sell"", ""target_price"": 73.35, ""thesis"": ""Elevated multi-month valuation multiples leave little safety margin against forward earnings revisions.""}, {""model"": ""Simulated-AI-Quality-Compounder"", ""call"": ""buy"", ""target_price"": 95.18, ""thesis"": ""Stable financial profile and durable competitive moat support long-term compounding potential.""}, {""model"": ""Simulated-AI-Macro-Tactical"", ""call"": ""buy"", ""target_price"": 94.97, ""thesis"": ""Positive operating execution and robust revenue traction support upside.""}]"
HWKN,2023-09-29,small_cap,0.4324,0.5,0.331,60.4,4,"[{""model"": ""Simulated-AI-Momentum-Quant"", ""call"": ""buy"", ""target_price"": 65.62, ""thesis"": ""Strong upward medium-term momentum (+22.3%) signals continued institutional accumulation.""}, {""model"": ""Simulated-AI-Fundamental-Value"", ""call"": ""sell"", ""target_price"": 47.91, ""thesis"": ""Elevated multi-month valuation multiples leave little safety margin against forward earnings revisions.""}, {""model"": ""Simulated-AI-Quality-Compounder"", ""call"": ""buy"", ""target_price"": 64.57, ""thesis"": ""Stable financial profile and durable competitive moat support long-term compounding potential.""}, {""model"": ""Simulated-AI-Macro-Tactical"", ""call"": ""hold"", ""target_price"": 63.49, ""thesis"": ""Positive operating execution and robust revenue traction support upside.""}]"
IBP,2023-09-29,small_cap,0.4037,0.5,0.2592,117.9,4,"[{""model"": ""Simulated-AI-Momentum-Quant"", ""call"": ""sell"", ""target_price"": 100.57, ""thesis"": ""Persistent negative price trajectory (-9.5%) indicates structural distribution headwinds.""}, {""model"": ""Simulated-AI-Fundamental-Value"", ""call"": ""buy"", ""target_price"": 140.2, ""thesis"": ""Recent price softening provides an attractive risk-adjusted entry point against fundamental book value.""}, {""model"": ""Simulated-AI-Quality-Compounder"", ""call"": ""hold"", ""target_price"": 123.08, ""thesis"": ""Defensive operational balance sheet balanced by limited immediate re-rating catalysts.""}, {""model"": ""Simulated-AI-Macro-Tactical"", ""call"": ""sell"", ""target_price"": 107.76, ""thesis"": ""Macro headwinds and declining momentum justify a defensive posture.""}]"
KAR,2023-09-29,small_cap,0.4054,0.5,0.2635,101.91,4,"[{""model"": ""Simulated-AI-Momentum-Quant"", ""call"": ""sell"", ""target_price"": 85.12, ""thesis"": ""Persistent negative price trajectory (+0.0%) indicates structural distribution headwinds.""}, {""model"": ""Simulated-AI-Fundamental-Value"", ""call"": ""buy"", ""target_price"": 117.3, ""thesis"": ""Recent price softening provides an attractive risk-adjusted entry point against fundamental book value.""}, {""model"": ""Simulated-AI-Quality-Compounder"", ""call"": ""hold"", ""target_price"": 104.2, ""thesis"": ""Defensive operational balance sheet balanced by limited immediate re-rating catalysts.""}, {""model"": ""Simulated-AI-Macro-Tactical"", ""call"": ""hold"", ""target_price"": 101.0, ""thesis"": ""Balanced near-term catalysts recommend maintaining current position.""}]"
MC,2023-09-29,small_cap,0.5533,0.75,0.2583,38.73,4,"[{""model"": ""Simulated-AI-Momentum-Quant"", ""call"": ""sell"", ""target_price"": 33.6, ""thesis"": ""Persistent negative price trajectory (+0.5%) indicates structural distribution headwinds.""}, {""model"": ""Simulated-AI-Fundamental-Value"", ""call"": ""hold"", ""target_price"": 40.13, ""thesis"": ""Fair valuation reflects balanced risk-reward relative to sector peers.""}, {""model"": ""Simulated-AI-Quality-Compounder"", ""call"": ""hold"", ""target_price"": 40.97, ""thesis"": ""Defensive operational balance sheet balanced by limited immediate re-rating catalysts.""}, {""model"": ""Simulated-AI-Macro-Tactical"", ""call"": ""hold"", ""target_price"": 40.21, ""thesis"": ""Balanced near-term catalysts recommend maintaining current position.""}]"
OII,2023-09-29,small_cap,0.5834,0.75,0.3334,27.05,4,"[{""model"": ""Simulated-AI-Momentum-Quant"", ""call"": ""buy"", ""target_price"": 29.69, ""thesis"": ""Strong upward medium-term momentum (+33.4%) signals continued institutional accumulation.""}, {""model"": ""Simulated-AI-Fundamental-Value"", ""call"": ""sell"", ""target_price"": 21.76, ""thesis"": ""Elevated multi-month valuation multiples leave little safety margin against forward earnings revisions.""}, {""model"": ""Simulated-AI-Quality-Compounder"", ""call"": ""buy"", ""target_price"": 28.45, ""thesis"": ""Stable financial profile and durable competitive moat support long-term compounding potential.""}, {""model"": ""Simulated-AI-Macro-Tactical"", ""call"": ""buy"", ""target_price"": 28.29, ""thesis"": ""Positive operating execution and robust revenue traction support upside.""}]"
PRDO,2023-09-29,small_cap,0.4327,0.5,0.3316,16.86,4,"[{""model"": ""Simulated-AI-Momentum-Quant"", ""call"": ""buy"", ""target_price"": 18.28, ""thesis"": ""Strong upward medium-term momentum (+42.3%) signals continued institutional accumulation.""}, {""model"": ""Simulated-AI-Fundamental-Value"", ""call"": ""sell"", ""target_price"": 13.56, ""thesis"": ""Elevated multi-month valuation multiples leave little safety margin against forward earnings revisions.""}, {""model"": ""Simulated-AI-Quality-Compounder"", ""call"": ""buy"", ""target_price"": 17.89, ""thesis"": ""Stable financial profile and durable competitive moat support long-term compounding potential.""}, {""model"": ""Simulated-AI-Macro-Tactical"", ""call"": ""hold"", ""target_price"": 17.69, ""thesis"": ""Positive operating execution and robust revenue traction support upside.""}]"
SHOO,2023-09-29,small_cap,0.586,0.75,0.3401,31.7,4,"[{""model"": ""Simulated-AI-Momentum-Quant"", ""call"": ""hold"", ""target_price"": 30.65, ""thesis"": ""Consolidating trading range warrants a neutral rating until breakout confirmation.""}, {""model"": ""Simulated-AI-Fundamental-Value"", ""call"": ""buy"", ""target_price"": 34.81, ""thesis"": ""Recent price softening provides an attractive risk-adjusted entry point against fundamental book value.""}, {""model"": ""Simulated-AI-Quality-Compounder"", ""call"": ""hold"", ""target_price"": 31.21, ""thesis"": ""Defensive operational balance sheet balanced by limited immediate re-rating catalysts.""}, {""model"": ""Simulated-AI-Macro-Tactical"", ""call"": ""hold"", ""target_price"": 30.14, ""thesis"": ""Balanced near-term catalysts recommend maintaining current position.""}]"
SLVM,2023-09-29,small_cap,0.4331,0.5,0.3328,40.4,4,"[{""model"": ""Simulated-AI-Momentum-Quant"", ""call"": ""hold"", ""target_price"": 40.05, ""thesis"": ""Consolidating trading range warrants a neutral rating until breakout confirmation.""}, {""model"": ""Simulated-AI-Fundamental-Value"", ""call"": ""sell"", ""target_price"": 33.5, ""thesis"": ""Elevated multi-month valuation multiples leave little safety margin against forward earnings revisions.""}, {""model"": ""Simulated-AI-Quality-Compounder"", ""call"": ""buy"", ""target_price"": 44.37, ""thesis"": ""Stable financial profile and durable competitive moat support long-term compounding potential.""}, {""model"": ""Simulated-AI-Macro-Tactical"", ""call"": ""buy"", ""target_price"": 43.68, ""thesis"": ""Positive operating execution and robust revenue traction support upside.""}]"
AAPL,2023-12-29,large_cap,0.425,0.5,0.3125,208.56,4,"[{""model"": ""Simulated-AI-Momentum-Quant"", ""call"": ""buy"", ""target_price"": 220.03, ""thesis"": ""Strong upward medium-term momentum (+11.0%) signals continued institutional accumulation.""}, {""model"": ""Simulated-AI-Fundamental-Value"", ""call"": ""hold"", ""target_price"": 193.94, ""thesis"": ""Fair valuation reflects balanced risk-reward relative to sector peers.""}, {""model"": ""Simulated-AI-Quality-Compounder"", ""call"": ""buy"", ""target_price"": 211.06, ""thesis"": ""Stable financial profile and durable competitive moat support long-term compounding potential.""}, {""model"": ""Simulated-AI-Macro-Tactical"", ""call"": ""hold"", ""target_price"": 209.23, ""thesis"": ""Positive operating execution and robust revenue traction support upside.""}]"
MSFT,2023-12-29,large_cap,0.5836,0.75,0.3341,386.47,4,"[{""model"": ""Simulated-AI-Momentum-Quant"", ""call"": ""buy"", ""target_price"": 422.97, ""thesis"": ""Strong upward medium-term momentum (+17.1%) signals continued institutional accumulation.""}, {""model"": ""Simulated-AI-Fundamental-Value"", ""call"": ""sell"", ""target_price"": 307.61, ""thesis"": ""Elevated multi-month valuation multiples leave little safety margin against forward earnings revisions.""}, {""model"": ""Simulated-AI-Quality-Compounder"", ""call"": ""buy"", ""target_price"": 410.3, ""thesis"": ""Stable financial profile and durable competitive moat support long-term compounding potential.""}, {""model"": ""Simulated-AI-Macro-Tactical"", ""call"": ""buy"", ""target_price"": 405.0, ""thesis"": ""Positive operating execution and robust revenue traction support upside.""}]"
NVDA,2023-12-29,large_cap,0.5831,0.75,0.3327,51.64,4,"[{""model"": ""Simulated-AI-Momentum-Quant"", ""call"": ""buy"", ""target_price"": 56.06, ""thesis"": ""Strong upward medium-term momentum (+10.6%) signals continued institutional accumulation.""}, {""model"": ""Simulated-AI-Fundamental-Value"", ""call"": ""sell"", ""target_price"": 41.63, ""thesis"": ""Elevated multi-month valuation multiples leave little safety margin against forward earnings revisions.""}, {""model"": ""Simulated-AI-Quality-Compounder"", ""call"": ""buy"", ""target_price"": 54.56, ""thesis"": ""Stable financial profile and durable competitive moat support long-term compounding potential.""}, {""model"": ""Simulated-AI-Macro-Tactical"", ""call"": ""buy"", ""target_price"": 54.32, ""thesis"": ""Positive operating execution and robust revenue traction support upside.""}]"
AMZN,2023-12-29,large_cap,0.5834,0.75,0.3336,159.61,4,"[{""model"": ""Simulated-AI-Momentum-Quant"", ""call"": ""buy"", ""target_price"": 174.67, ""thesis"": ""Strong upward medium-term momentum (+17.4%) signals continued institutional accumulation.""}, {""model"": ""Simulated-AI-Fundamental-Value"", ""call"": ""sell"", ""target_price"": 128.24, ""thesis"": ""Elevated multi-month valuation multiples leave little safety margin against forward earnings revisions.""}, {""model"": ""Simulated-AI-Quality-Compounder"", ""call"": ""buy"", ""target_price"": 168.41, ""thesis"": ""Stable financial profile and durable competitive moat support long-term compounding potential.""}, {""model"": ""Simulated-AI-Macro-Tactical"", ""call"": ""buy"", ""target_price"": 167.13, ""thesis"": ""Positive operating execution and robust revenue traction support upside.""}]"
GOOGL,2023-12-29,large_cap,0.4229,0.5,0.3071,137.27,4,"[{""model"": ""Simulated-AI-Momentum-Quant"", ""call"": ""hold"", ""target_price"": 139.75, ""thesis"": ""Consolidating trading range warrants a neutral rating until breakout confirmation.""}, {""model"": ""Simulated-AI-Fundamental-Value"", ""call"": ""sell"", ""target_price"": 116.3, ""thesis"": ""Elevated multi-month valuation multiples leave little safety margin against forward earnings revisions.""}, {""model"": ""Simulated-AI-Quality-Compounder"", ""call"": ""buy"", ""target_price"": 153.29, ""thesis"": ""Stable financial profile and durable competitive moat support long-term compounding potential.""}, {""model"": ""Simulated-AI-Macro-Tactical"", ""call"": ""hold"", ""target_price"": 139.75, ""thesis"": ""Balanced near-term catalysts recommend maintaining current position.""}]"
META,2023-12-29,large_cap,0.4122,0.5,0.2805,360.54,4,"[{""model"": ""Simulated-AI-Momentum-Quant"", ""call"": ""buy"", ""target_price"": 398.6, ""thesis"": ""Strong upward medium-term momentum (+15.4%) signals continued institutional accumulation.""}, {""model"": ""Simulated-AI-Fundamental-Value"", ""call"": ""sell"", ""target_price"": 294.21, ""thesis"": ""Elevated multi-month valuation multiples leave little safety margin against forward earnings revisions.""}, {""model"": ""Simulated-AI-Quality-Compounder"", ""call"": ""hold"", ""target_price"": 363.37, ""thesis"": ""Defensive operational balance sheet balanced by limited immediate re-rating catalysts.""}, {""model"": ""Simulated-AI-Macro-Tactical"", ""call"": ""hold"", ""target_price"": 385.97, ""thesis"": ""Positive operating execution and robust revenue traction support upside.""}]"
BRK-B,2023-12-29,large_cap,0.4148,0.5,0.287,364.06,4,"[{""model"": ""Simulated-AI-Momentum-Quant"", ""call"": ""buy"", ""target_price"": 406.59, ""thesis"": ""Strong upward medium-term momentum (+2.5%) signals continued institutional accumulation.""}, {""model"": ""Simulated-AI-Fundamental-Value"", ""call"": ""sell"", ""target_price"": 297.1, ""thesis"": ""Elevated multi-month valuation multiples leave little safety margin against forward earnings revisions.""}, {""model"": ""Simulated-AI-Quality-Compounder"", ""call"": ""buy"", ""target_price"": 392.33, ""thesis"": ""Stable financial profile and durable competitive moat support long-term compounding potential.""}, {""model"": ""Simulated-AI-Macro-Tactical"", ""call"": ""hold"", ""target_price"": 360.23, ""thesis"": ""Balanced near-term catalysts recommend maintaining current position.""}]"
JPM,2023-12-29,large_cap,0.4324,0.5,0.3311,167.03,4,"[{""model"": ""Simulated-AI-Momentum-Quant"", ""call"": ""buy"", ""target_price"": 181.07, ""thesis"": ""Strong upward medium-term momentum (+19.2%) signals continued institutional accumulation.""}, {""model"": ""Simulated-AI-Fundamental-Value"", ""call"": ""sell"", ""target_price"": 133.86, ""thesis"": ""Elevated multi-month valuation multiples leave little safety margin against forward earnings revisions.""}, {""model"": ""Simulated-AI-Quality-Compounder"", ""call"": ""buy"", ""target_price"": 176.74, ""thesis"": ""Stable financial profile and durable competitive moat support long-term compounding potential.""}, {""model"": ""Simulated-AI-Macro-Tactical"", ""call"": ""hold"", ""target_price"": 176.45, ""thesis"": ""Positive operating execution and robust revenue traction support upside.""}]"
V,2023-12-29,large_cap,0.4327,0.5,0.3317,266.88,4,"[{""model"": ""Simulated-AI-Momentum-Quant"", ""call"": ""buy"", ""target_price"": 291.13, ""thesis"": ""Strong upward medium-term momentum (+12.8%) signals continued institutional accumulation.""}, {""model"": ""Simulated-AI-Fundamental-Value"", ""call"": ""sell"", ""target_price"": 210.77, ""thesis"": ""Elevated multi-month valuation multiples leave little safety margin against forward earnings revisions.""}, {""model"": ""Simulated-AI-Quality-Compounder"", ""call"": ""buy"", ""target_price"": 285.11, ""thesis"": ""Stable financial profile and durable competitive moat support long-term compounding potential.""}, {""model"": ""Simulated-AI-Macro-Tactical"", ""call"": ""hold"", ""target_price"": 280.52, ""thesis"": ""Positive operating execution and robust revenue traction support upside.""}]"
LLY,2023-12-29,large_cap,0.5745,0.75,0.3112,624.95,4,"[{""model"": ""Simulated-AI-Momentum-Quant"", ""call"": ""buy"", ""target_price"": 650.35, ""thesis"": ""Strong upward medium-term momentum (+8.5%) signals continued institutional accumulation.""}, {""model"": ""Simulated-AI-Fundamental-Value"", ""call"": ""hold"", ""target_price"": 581.24, ""thesis"": ""Fair valuation reflects balanced risk-reward relative to sector peers.""}, {""model"": ""Simulated-AI-Quality-Compounder"", ""call"": ""buy"", ""target_price"": 638.91, ""thesis"": ""Stable financial profile and durable competitive moat support long-term compounding potential.""}, {""model"": ""Simulated-AI-Macro-Tactical"", ""call"": ""buy"", ""target_price"": 629.3, ""thesis"": ""Positive operating execution and robust revenue traction support upside.""}]"
UNH,2023-12-29,large_cap,0.5529,0.75,0.2572,486.01,4,"[{""model"": ""Simulated-AI-Momentum-Quant"", ""call"": ""sell"", ""target_price"": 420.87, ""thesis"": ""Persistent negative price trajectory (+2.7%) indicates structural distribution headwinds.""}, {""model"": ""Simulated-AI-Fundamental-Value"", ""call"": ""hold"", ""target_price"": 503.73, ""thesis"": ""Fair valuation reflects balanced risk-reward relative to sector peers.""}, {""model"": ""Simulated-AI-Quality-Compounder"", ""call"": ""hold"", ""target_price"": 515.31, ""thesis"": ""Defensive operational balance sheet balanced by limited immediate re-rating catalysts.""}, {""model"": ""Simulated-AI-Macro-Tactical"", ""call"": ""hold"", ""target_price"": 504.13, ""thesis"": ""Balanced near-term catalysts recommend maintaining current position.""}]"
XOM,2023-12-29,large_cap,0.5673,0.75,0.2932,83.71,4,"[{""model"": ""Simulated-AI-Momentum-Quant"", ""call"": ""sell"", ""target_price"": 80.39, ""thesis"": ""Persistent negative price trajectory (-12.7%) indicates structural distribution headwinds.""}, {""model"": ""Simulated-AI-Fundamental-Value"", ""call"": ""hold"", ""target_price"": 90.55, ""thesis"": ""Fair valuation reflects balanced risk-reward relative to sector peers.""}, {""model"": ""Simulated-AI-Quality-Compounder"", ""call"": ""sell"", ""target_price"": 81.6, ""thesis"": ""Heightened earnings volatility and cyclical margin pressures elevate downside risk.""}, {""model"": ""Simulated-AI-Macro-Tactical"", ""call"": ""sell"", ""target_price"": 82.29, ""thesis"": ""Macro headwinds and declining momentum justify a defensive posture.""}]"
JNJ,2023-12-29,large_cap,0.4114,0.5,0.2785,135.79,4,"[{""model"": ""Simulated-AI-Momentum-Quant"", ""call"": ""sell"", ""target_price"": 122.68, ""thesis"": ""Persistent negative price trajectory (+1.8%) indicates structural distribution headwinds.""}, {""model"": ""Simulated-AI-Fundamental-Value"", ""call"": ""sell"", ""target_price"": 121.87, ""thesis"": ""Elevated multi-month valuation multiples leave little safety margin against forward earnings revisions.""}, {""model"": ""Simulated-AI-Quality-Compounder"", ""call"": ""hold"", ""target_price"": 152.1, ""thesis"": ""Defensive operational balance sheet balanced by limited immediate re-rating catalysts.""}, {""model"": ""Simulated-AI-Macro-Tactical"", ""call"": ""hold"", ""target_price"": 146.53, ""thesis"": ""Balanced near-term catalysts recommend maintaining current position.""}]"
PG,2023-12-29,large_cap,0.4058,0.5,0.2646,138.81,4,"[{""model"": ""Simulated-AI-Momentum-Quant"", ""call"": ""hold"", ""target_price"": 137.7, ""thesis"": ""Consolidating trading range warrants a neutral rating until breakout confirmation.""}, {""model"": ""Simulated-AI-Fundamental-Value"", ""call"": ""buy"", ""target_price"": 159.37, ""thesis"": ""Recent price softening provides an attractive risk-adjusted entry point against fundamental book value.""}, {""model"": ""Simulated-AI-Quality-Compounder"", ""call"": ""sell"", ""target_price"": 120.53, ""thesis"": ""Heightened earnings volatility and cyclical margin pressures elevate downside risk.""}, {""model"": ""Simulated-AI-Macro-Tactical"", ""call"": ""hold"", ""target_price"": 137.63, ""thesis"": ""Balanced near-term catalysts recommend maintaining current position.""}]"
HD,2023-12-29,large_cap,0.5827,0.75,0.3318,338.18,4,"[{""model"": ""Simulated-AI-Momentum-Quant"", ""call"": ""buy"", ""target_price"": 370.31, ""thesis"": ""Strong upward medium-term momentum (+16.4%) signals continued institutional accumulation.""}, {""model"": ""Simulated-AI-Fundamental-Value"", ""call"": ""sell"", ""target_price"": 270.21, ""thesis"": ""Elevated multi-month valuation multiples leave little safety margin against forward earnings revisions.""}, {""model"": ""Simulated-AI-Quality-Compounder"", ""call"": ""buy"", ""target_price"": 356.87, ""thesis"": ""Stable financial profile and durable competitive moat support long-term compounding potential.""}, {""model"": ""Simulated-AI-Macro-Tactical"", ""call"": ""buy"", ""target_price"": 355.32, ""thesis"": ""Positive operating execution and robust revenue traction support upside.""}]"
MA,2023-12-29,large_cap,0.4331,0.5,0.3328,425.49,4,"[{""model"": ""Simulated-AI-Momentum-Quant"", ""call"": ""hold"", ""target_price"": 417.69, ""thesis"": ""Consolidating trading range warrants a neutral rating until breakout confirmation.""}, {""model"": ""Simulated-AI-Fundamental-Value"", ""call"": ""sell"", ""target_price"": 352.87, ""thesis"": ""Elevated multi-month valuation multiples leave little safety margin against forward earnings revisions.""}, {""model"": ""Simulated-AI-Quality-Compounder"", ""call"": ""buy"", ""target_price"": 469.85, ""thesis"": ""Stable financial profile and durable competitive moat support long-term compounding potential.""}, {""model"": ""Simulated-AI-Macro-Tactical"", ""call"": ""buy"", ""target_price"": 461.54, ""thesis"": ""Positive operating execution and robust revenue traction support upside.""}]"
COST,2023-12-29,large_cap,0.4117,0.5,0.2792,672.62,4,"[{""model"": ""Simulated-AI-Momentum-Quant"", ""call"": ""buy"", ""target_price"": 753.45, ""thesis"": ""Strong upward medium-term momentum (+18.4%) signals continued institutional accumulation.""}, {""model"": ""Simulated-AI-Fundamental-Value"", ""call"": ""sell"", ""target_price"": 550.52, ""thesis"": ""Elevated multi-month valuation multiples leave little safety margin against forward earnings revisions.""}, {""model"": ""Simulated-AI-Quality-Compounder"", ""call"": ""hold"", ""target_price"": 671.55, ""thesis"": ""Defensive operational balance sheet balanced by limited immediate re-rating catalysts.""}, {""model"": ""Simulated-AI-Macro-Tactical"", ""call"": ""hold"", ""target_price"": 714.97, ""thesis"": ""Positive operating execution and robust revenue traction support upside.""}]"
ABBV,2023-12-29,large_cap,0.433,0.5,0.3325,147.88,4,"[{""model"": ""Simulated-AI-Momentum-Quant"", ""call"": ""buy"", ""target_price"": 159.07, ""thesis"": ""Strong upward medium-term momentum (+5.6%) signals continued institutional accumulation.""}, {""model"": ""Simulated-AI-Fundamental-Value"", ""call"": ""sell"", ""target_price"": 117.84, ""thesis"": ""Elevated multi-month valuation multiples leave little safety margin against forward earnings revisions.""}, {""model"": ""Simulated-AI-Quality-Compounder"", ""call"": ""buy"", ""target_price"": 159.38, ""thesis"": ""Stable financial profile and durable competitive moat support long-term compounding potential.""}, {""model"": ""Simulated-AI-Macro-Tactical"", ""call"": ""hold"", ""target_price"": 155.23, ""thesis"": ""Positive operating execution and robust revenue traction support upside.""}]"
MRK,2023-12-29,large_cap,0.4331,0.5,0.3328,102.7,4,"[{""model"": ""Simulated-AI-Momentum-Quant"", ""call"": ""hold"", ""target_price"": 101.4, ""thesis"": ""Consolidating trading range warrants a neutral rating until breakout confirmation.""}, {""model"": ""Simulated-AI-Fundamental-Value"", ""call"": ""sell"", ""target_price"": 85.28, ""thesis"": ""Elevated multi-month valuation multiples leave little safety margin against forward earnings revisions.""}, {""model"": ""Simulated-AI-Quality-Compounder"", ""call"": ""buy"", ""target_price"": 113.24, ""thesis"": ""Stable financial profile and durable competitive moat support long-term compounding potential.""}, {""model"": ""Simulated-AI-Macro-Tactical"", ""call"": ""buy"", ""target_price"": 110.88, ""thesis"": ""Positive operating execution and robust revenue traction support upside.""}]"
BAC,2023-12-29,large_cap,0.4327,0.5,0.3317,32.84,4,"[{""model"": ""Simulated-AI-Momentum-Quant"", ""call"": ""buy"", ""target_price"": 35.55, ""thesis"": ""Strong upward medium-term momentum (+27.1%) signals continued institutional accumulation.""}, {""model"": ""Simulated-AI-Fundamental-Value"", ""call"": ""sell"", ""target_price"": 26.15, ""thesis"": ""Elevated multi-month valuation multiples leave little safety margin against forward earnings revisions.""}, {""model"": ""Simulated-AI-Quality-Compounder"", ""call"": ""buy"", ""target_price"": 34.93, ""thesis"": ""Stable financial profile and durable competitive moat support long-term compounding potential.""}, {""model"": ""Simulated-AI-Macro-Tactical"", ""call"": ""hold"", ""target_price"": 34.74, ""thesis"": ""Positive operating execution and robust revenue traction support upside.""}]"
CVX,2023-12-29,large_cap,0.408,0.5,0.27,125.85,4,"[{""model"": ""Simulated-AI-Momentum-Quant"", ""call"": ""sell"", ""target_price"": 113.7, ""thesis"": ""Persistent negative price trajectory (-9.5%) indicates structural distribution headwinds.""}, {""model"": ""Simulated-AI-Fundamental-Value"", ""call"": ""hold"", ""target_price"": 130.56, ""thesis"": ""Fair valuation reflects balanced risk-reward relative to sector peers.""}, {""model"": ""Simulated-AI-Quality-Compounder"", ""call"": ""hold"", ""target_price"": 139.49, ""thesis"": ""Defensive operational balance sheet balanced by limited immediate re-rating catalysts.""}, {""model"": ""Simulated-AI-Macro-Tactical"", ""call"": ""sell"", ""target_price"": 119.65, ""thesis"": ""Macro headwinds and declining momentum justify a defensive posture.""}]"
CRM,2023-12-29,large_cap,0.5825,0.75,0.3313,270.61,4,"[{""model"": ""Simulated-AI-Momentum-Quant"", ""call"": ""buy"", ""target_price"": 297.57, ""thesis"": ""Strong upward medium-term momentum (+29.2%) signals continued institutional accumulation.""}, {""model"": ""Simulated-AI-Fundamental-Value"", ""call"": ""sell"", ""target_price"": 214.7, ""thesis"": ""Elevated multi-month valuation multiples leave little safety margin against forward earnings revisions.""}, {""model"": ""Simulated-AI-Quality-Compounder"", ""call"": ""buy"", ""target_price"": 285.62, ""thesis"": ""Stable financial profile and durable competitive moat support long-term compounding potential.""}, {""model"": ""Simulated-AI-Macro-Tactical"", ""call"": ""buy"", ""target_price"": 284.54, ""thesis"": ""Positive operating execution and robust revenue traction support upside.""}]"
NFLX,2023-12-29,large_cap,0.5825,0.75,0.3312,51.22,4,"[{""model"": ""Simulated-AI-Momentum-Quant"", ""call"": ""buy"", ""target_price"": 56.29, ""thesis"": ""Strong upward medium-term momentum (+28.0%) signals continued institutional accumulation.""}, {""model"": ""Simulated-AI-Fundamental-Value"", ""call"": ""sell"", ""target_price"": 40.88, ""thesis"": ""Elevated multi-month valuation multiples leave little safety margin against forward earnings revisions.""}, {""model"": ""Simulated-AI-Quality-Compounder"", ""call"": ""buy"", ""target_price"": 54.14, ""thesis"": ""Stable financial profile and durable competitive moat support long-term compounding potential.""}, {""model"": ""Simulated-AI-Macro-Tactical"", ""call"": ""buy"", ""target_price"": 53.56, ""thesis"": ""Positive operating execution and robust revenue traction support upside.""}]"
AMD,2023-12-29,large_cap,0.4448,0.5,0.3621,145.43,4,"[{""model"": ""Simulated-AI-Momentum-Quant"", ""call"": ""buy"", ""target_price"": 166.4, ""thesis"": ""Strong upward medium-term momentum (+42.7%) signals continued institutional accumulation.""}, {""model"": ""Simulated-AI-Fundamental-Value"", ""call"": ""sell"", ""target_price"": 123.6, ""thesis"": ""Elevated multi-month valuation multiples leave little safety margin against forward earnings revisions.""}, {""model"": ""Simulated-AI-Quality-Compounder"", ""call"": ""sell"", ""target_price"": 129.57, ""thesis"": ""Heightened earnings volatility and cyclical margin pressures elevate downside risk.""}, {""model"": ""Simulated-AI-Macro-Tactical"", ""call"": ""buy"", ""target_price"": 162.15, ""thesis"": ""Positive operating execution and robust revenue traction support upside.""}]"
PEP,2023-12-29,large_cap,0.5994,0.75,0.3736,148.68,4,"[{""model"": ""Simulated-AI-Momentum-Quant"", ""call"": ""hold"", ""target_price"": 154.11, ""thesis"": ""Consolidating trading range warrants a neutral rating until breakout confirmation.""}, {""model"": ""Simulated-AI-Fundamental-Value"", ""call"": ""sell"", ""target_price"": 127.31, ""thesis"": ""Elevated multi-month valuation multiples leave little safety margin against forward earnings revisions.""}, {""model"": ""Simulated-AI-Quality-Compounder"", ""call"": ""hold"", ""target_price"": 158.18, ""thesis"": ""Defensive operational balance sheet balanced by limited immediate re-rating catalysts.""}, {""model"": ""Simulated-AI-Macro-Tactical"", ""call"": ""hold"", ""target_price"": 155.11, ""thesis"": ""Balanced near-term catalysts recommend maintaining current position.""}]"
KO,2023-12-29,large_cap,0.4262,0.5,0.3155,56.49,4,"[{""model"": ""Simulated-AI-Momentum-Quant"", ""call"": ""buy"", ""target_price"": 61.65, ""thesis"": ""Strong upward medium-term momentum (+7.1%) signals continued institutional accumulation.""}, {""model"": ""Simulated-AI-Fundamental-Value"", ""call"": ""hold"", ""target_price"": 55.56, ""thesis"": ""Fair valuation reflects balanced risk-reward relative to sector peers.""}, {""model"": ""Simulated-AI-Quality-Compounder"", ""call"": ""sell"", ""target_price"": 48.48, ""thesis"": ""Heightened earnings volatility and cyclical margin pressures elevate downside risk.""}, {""model"": ""Simulated-AI-Macro-Tactical"", ""call"": ""buy"", ""target_price"": 60.29, ""thesis"": ""Positive operating execution and robust revenue traction support upside.""}]"
TMO,2023-12-29,large_cap,0.434,0.5,0.3349,553.42,4,"[{""model"": ""Simulated-AI-Momentum-Quant"", ""call"": ""buy"", ""target_price"": 608.99, ""thesis"": ""Strong upward medium-term momentum (+7.1%) signals continued institutional accumulation.""}, {""model"": ""Simulated-AI-Fundamental-Value"", ""call"": ""sell"", ""target_price"": 436.42, ""thesis"": ""Elevated multi-month valuation multiples leave little safety margin against forward earnings revisions.""}, {""model"": ""Simulated-AI-Quality-Compounder"", ""call"": ""buy"", ""target_price"": 589.19, ""thesis"": ""Stable financial profile and durable competitive moat support long-term compounding potential.""}, {""model"": ""Simulated-AI-Macro-Tactical"", ""call"": ""hold"", ""target_price"": 579.08, ""thesis"": ""Positive operating execution and robust revenue traction support upside.""}]"
WMT,2023-12-29,large_cap,0.4058,0.5,0.2646,52.2,4,"[{""model"": ""Simulated-AI-Momentum-Quant"", ""call"": ""hold"", ""target_price"": 52.46, ""thesis"": ""Consolidating trading range warrants a neutral rating until breakout confirmation.""}, {""model"": ""Simulated-AI-Fundamental-Value"", ""call"": ""buy"", ""target_price"": 59.77, ""thesis"": ""Recent price softening provides an attractive risk-adjusted entry point against fundamental book value.""}, {""model"": ""Simulated-AI-Quality-Compounder"", ""call"": ""sell"", ""target_price"": 44.93, ""thesis"": ""Heightened earnings volatility and cyclical margin pressures elevate downside risk.""}, {""model"": ""Simulated-AI-Macro-Tactical"", ""call"": ""hold"", ""target_price"": 51.62, ""thesis"": ""Balanced near-term catalysts recommend maintaining current position.""}]"
MCD,2023-12-29,large_cap,0.4329,0.5,0.3322,290.62,4,"[{""model"": ""Simulated-AI-Momentum-Quant"", ""call"": ""buy"", ""target_price"": 312.97, ""thesis"": ""Strong upward medium-term momentum (+15.7%) signals continued institutional accumulation.""}, {""model"": ""Simulated-AI-Fundamental-Value"", ""call"": ""sell"", ""target_price"": 233.62, ""thesis"": ""Elevated multi-month valuation multiples leave little safety margin against forward earnings revisions.""}, {""model"": ""Simulated-AI-Quality-Compounder"", ""call"": ""buy"", ""target_price"": 310.7, ""thesis"": ""Stable financial profile and durable competitive moat support long-term compounding potential.""}, {""model"": ""Simulated-AI-Macro-Tactical"", ""call"": ""hold"", ""target_price"": 305.21, ""thesis"": ""Positive operating execution and robust revenue traction support upside.""}]"
CSCO,2023-12-29,large_cap,0.5569,0.75,0.2673,44.5,4,"[{""model"": ""Simulated-AI-Momentum-Quant"", ""call"": ""sell"", ""target_price"": 39.64, ""thesis"": ""Persistent negative price trajectory (-6.4%) indicates structural distribution headwinds.""}, {""model"": ""Simulated-AI-Fundamental-Value"", ""call"": ""hold"", ""target_price"": 46.45, ""thesis"": ""Fair valuation reflects balanced risk-reward relative to sector peers.""}, {""model"": ""Simulated-AI-Quality-Compounder"", ""call"": ""hold"", ""target_price"": 49.59, ""thesis"": ""Defensive operational balance sheet balanced by limited immediate re-rating catalysts.""}, {""model"": ""Simulated-AI-Macro-Tactical"", ""call"": ""hold"", ""target_price"": 42.31, ""thesis"": ""Macro headwinds and declining momentum justify a defensive posture.""}]"
KNSL,2023-12-29,small_cap,0.5738,0.75,0.3096,317.1,4,"[{""model"": ""Simulated-AI-Momentum-Quant"", ""call"": ""sell"", ""target_price"": 286.04, ""thesis"": ""Persistent negative price trajectory (-18.2%) indicates structural distribution headwinds.""}, {""model"": ""Simulated-AI-Fundamental-Value"", ""call"": ""buy"", ""target_price"": 388.55, ""thesis"": ""Recent price softening provides an attractive risk-adjusted entry point against fundamental book value.""}, {""model"": ""Simulated-AI-Quality-Compounder"", ""call"": ""sell"", ""target_price"": 293.91, ""thesis"": ""Heightened earnings volatility and cyclical margin pressures elevate downside risk.""}, {""model"": ""Simulated-AI-Macro-Tactical"", ""call"": ""sell"", ""target_price"": 299.91, ""thesis"": ""Macro headwinds and declining momentum justify a defensive posture.""}]"
SAIA,2023-12-29,small_cap,0.4249,0.5,0.3122,450.83,4,"[{""model"": ""Simulated-AI-Momentum-Quant"", ""call"": ""buy"", ""target_price"": 495.01, ""thesis"": ""Strong upward medium-term momentum (+9.6%) signals continued institutional accumulation.""}, {""model"": ""Simulated-AI-Fundamental-Value"", ""call"": ""hold"", ""target_price"": 442.6, ""thesis"": ""Fair valuation reflects balanced risk-reward relative to sector peers.""}, {""model"": ""Simulated-AI-Quality-Compounder"", ""call"": ""sell"", ""target_price"": 383.66, ""thesis"": ""Heightened earnings volatility and cyclical margin pressures elevate downside risk.""}, {""model"": ""Simulated-AI-Macro-Tactical"", ""call"": ""hold"", ""target_price"": 482.04, ""thesis"": ""Positive operating execution and robust revenue traction support upside.""}]"
MEDP,2023-12-29,small_cap,0.4451,0.5,0.3626,302.58,4,"[{""model"": ""Simulated-AI-Momentum-Quant"", ""call"": ""buy"", ""target_price"": 345.28, ""thesis"": ""Strong upward medium-term momentum (+26.4%) signals continued institutional accumulation.""}, {""model"": ""Simulated-AI-Fundamental-Value"", ""call"": ""sell"", ""target_price"": 258.1, ""thesis"": ""Elevated multi-month valuation multiples leave little safety margin against forward earnings revisions.""}, {""model"": ""Simulated-AI-Quality-Compounder"", ""call"": ""sell"", ""target_price"": 269.75, ""thesis"": ""Heightened earnings volatility and cyclical margin pressures elevate downside risk.""}, {""model"": ""Simulated-AI-Macro-Tactical"", ""call"": ""buy"", ""target_price"": 337.18, ""thesis"": ""Positive operating execution and robust revenue traction support upside.""}]"
SSD,2023-12-29,small_cap,0.5834,0.75,0.3334,203.64,4,"[{""model"": ""Simulated-AI-Momentum-Quant"", ""call"": ""buy"", ""target_price"": 219.22, ""thesis"": ""Strong upward medium-term momentum (+33.4%) signals continued institutional accumulation.""}, {""model"": ""Simulated-AI-Fundamental-Value"", ""call"": ""sell"", ""target_price"": 165.02, ""thesis"": ""Elevated multi-month valuation multiples leave little safety margin against forward earnings revisions.""}, {""model"": ""Simulated-AI-Quality-Compounder"", ""call"": ""buy"", ""target_price"": 216.38, ""thesis"": ""Stable financial profile and durable competitive moat support long-term compounding potential.""}, {""model"": ""Simulated-AI-Macro-Tactical"", ""call"": ""buy"", ""target_price"": 213.93, ""thesis"": ""Positive operating execution and robust revenue traction support upside.""}]"
EXPO,2023-12-29,small_cap,0.5539,0.75,0.2599,87.05,4,"[{""model"": ""Simulated-AI-Momentum-Quant"", ""call"": ""hold"", ""target_price"": 85.6, ""thesis"": ""Consolidating trading range warrants a neutral rating until breakout confirmation.""}, {""model"": ""Simulated-AI-Fundamental-Value"", ""call"": ""hold"", ""target_price"": 84.09, ""thesis"": ""Fair valuation reflects balanced risk-reward relative to sector peers.""}, {""model"": ""Simulated-AI-Quality-Compounder"", ""call"": ""buy"", ""target_price"": 93.21, ""thesis"": ""Stable financial profile and durable competitive moat support long-term compounding potential.""}, {""model"": ""Simulated-AI-Macro-Tactical"", ""call"": ""hold"", ""target_price"": 85.3, ""thesis"": ""Balanced near-term catalysts recommend maintaining current position.""}]"
FORM,2023-12-29,small_cap,0.4329,0.5,0.3322,43.66,4,"[{""model"": ""Simulated-AI-Momentum-Quant"", ""call"": ""buy"", ""target_price"": 47.88, ""thesis"": ""Strong upward medium-term momentum (+23.8%) signals continued institutional accumulation.""}, {""model"": ""Simulated-AI-Fundamental-Value"", ""call"": ""sell"", ""target_price"": 34.68, ""thesis"": ""Elevated multi-month valuation multiples leave little safety margin against forward earnings revisions.""}, {""model"": ""Simulated-AI-Quality-Compounder"", ""call"": ""buy"", ""target_price"": 46.21, ""thesis"": ""Stable financial profile and durable competitive moat support long-term compounding potential.""}, {""model"": ""Simulated-AI-Macro-Tactical"", ""call"": ""hold"", ""target_price"": 45.88, ""thesis"": ""Positive operating execution and robust revenue traction support upside.""}]"
CRVL,2023-12-29,small_cap,0.4123,0.5,0.2808,84.55,4,"[{""model"": ""Simulated-AI-Momentum-Quant"", ""call"": ""buy"", ""target_price"": 93.54, ""thesis"": ""Strong upward medium-term momentum (+24.9%) signals continued institutional accumulation.""}, {""model"": ""Simulated-AI-Fundamental-Value"", ""call"": ""sell"", ""target_price"": 68.97, ""thesis"": ""Elevated multi-month valuation multiples leave little safety margin against forward earnings revisions.""}, {""model"": ""Simulated-AI-Quality-Compounder"", ""call"": ""hold"", ""target_price"": 85.07, ""thesis"": ""Defensive operational balance sheet balanced by limited immediate re-rating catalysts.""}, {""model"": ""Simulated-AI-Macro-Tactical"", ""call"": ""buy"", ""target_price"": 90.64, ""thesis"": ""Positive operating execution and robust revenue traction support upside.""}]"
TKR,2023-12-29,small_cap,0.433,0.5,0.3325,80.28,4,"[{""model"": ""Simulated-AI-Momentum-Quant"", ""call"": ""buy"", ""target_price"": 88.45, ""thesis"": ""Strong upward medium-term momentum (+10.7%) signals continued institutional accumulation.""}, {""model"": ""Simulated-AI-Fundamental-Value"", ""call"": ""sell"", ""target_price"": 63.84, ""thesis"": ""Elevated multi-month valuation multiples leave little safety margin against forward earnings revisions.""}, {""model"": ""Simulated-AI-Quality-Compounder"", ""call"": ""buy"", ""target_price"": 84.45, ""thesis"": ""Stable financial profile and durable competitive moat support long-term compounding potential.""}, {""model"": ""Simulated-AI-Macro-Tactical"", ""call"": ""hold"", ""target_price"": 84.4, ""thesis"": ""Positive operating execution and robust revenue traction support upside.""}]"
POWI,2023-12-29,small_cap,0.5747,0.75,0.3118,85.93,4,"[{""model"": ""Simulated-AI-Momentum-Quant"", ""call"": ""buy"", ""target_price"": 88.94, ""thesis"": ""Strong upward medium-term momentum (+7.3%) signals continued institutional accumulation.""}, {""model"": ""Simulated-AI-Fundamental-Value"", ""call"": ""hold"", ""target_price"": 80.3, ""thesis"": ""Fair valuation reflects balanced risk-reward relative to sector peers.""}, {""model"": ""Simulated-AI-Quality-Compounder"", ""call"": ""buy"", ""target_price"": 87.8, ""thesis"": ""Stable financial profile and durable competitive moat support long-term compounding potential.""}, {""model"": ""Simulated-AI-Macro-Tactical"", ""call"": ""buy"", ""target_price"": 86.67, ""thesis"": ""Positive operating execution and robust revenue traction support upside.""}]"
CALM,2023-12-29,small_cap,0.4447,0.5,0.3617,49.05,4,"[{""model"": ""Simulated-AI-Momentum-Quant"", ""call"": ""buy"", ""target_price"": 56.45, ""thesis"": ""Strong upward medium-term momentum (+20.8%) signals continued institutional accumulation.""}, {""model"": ""Simulated-AI-Fundamental-Value"", ""call"": ""sell"", ""target_price"": 41.25, ""thesis"": ""Elevated multi-month valuation multiples leave little safety margin against forward earnings revisions.""}, {""model"": ""Simulated-AI-Quality-Compounder"", ""call"": ""sell"", ""target_price"": 43.76, ""thesis"": ""Heightened earnings volatility and cyclical margin pressures elevate downside risk.""}, {""model"": ""Simulated-AI-Macro-Tactical"", ""call"": ""buy"", ""target_price"": 54.74, ""thesis"": ""Positive operating execution and robust revenue traction support upside.""}]"
PLUS,2023-12-29,small_cap,0.4125,0.5,0.2813,80.34,4,"[{""model"": ""Simulated-AI-Momentum-Quant"", ""call"": ""buy"", ""target_price"": 88.34, ""thesis"": ""Strong upward medium-term momentum (+23.5%) signals continued institutional accumulation.""}, {""model"": ""Simulated-AI-Fundamental-Value"", ""call"": ""sell"", ""target_price"": 65.23, ""thesis"": ""Elevated multi-month valuation multiples leave little safety margin against forward earnings revisions.""}, {""model"": ""Simulated-AI-Quality-Compounder"", ""call"": ""hold"", ""target_price"": 81.36, ""thesis"": ""Defensive operational balance sheet balanced by limited immediate re-rating catalysts.""}, {""model"": ""Simulated-AI-Macro-Tactical"", ""call"": ""hold"", ""target_price"": 86.45, ""thesis"": ""Positive operating execution and robust revenue traction support upside.""}]"
FSS,2023-12-29,small_cap,0.4329,0.5,0.3323,79.64,4,"[{""model"": ""Simulated-AI-Momentum-Quant"", ""call"": ""buy"", ""target_price"": 87.38, ""thesis"": ""Strong upward medium-term momentum (+28.9%) signals continued institutional accumulation.""}, {""model"": ""Simulated-AI-Fundamental-Value"", ""call"": ""sell"", ""target_price"": 64.02, ""thesis"": ""Elevated multi-month valuation multiples leave little safety margin against forward earnings revisions.""}, {""model"": ""Simulated-AI-Quality-Compounder"", ""call"": ""buy"", ""target_price"": 84.01, ""thesis"": ""Stable financial profile and durable competitive moat support long-term compounding potential.""}, {""model"": ""Simulated-AI-Macro-Tactical"", ""call"": ""hold"", ""target_price"": 83.15, ""thesis"": ""Positive operating execution and robust revenue traction support upside.""}]"
AMWD,2023-12-29,small_cap,0.3809,0.5,0.2022,93.47,4,"[{""model"": ""Simulated-AI-Momentum-Quant"", ""call"": ""sell"", ""target_price"": 84.32, ""thesis"": ""Persistent negative price trajectory (+0.0%) indicates structural distribution headwinds.""}, {""model"": ""Simulated-AI-Fundamental-Value"", ""call"": ""hold"", ""target_price"": 100.68, ""thesis"": ""Fair valuation reflects balanced risk-reward relative to sector peers.""}, {""model"": ""Simulated-AI-Quality-Compounder"", ""call"": ""sell"", ""target_price"": 87.9, ""thesis"": ""Heightened earnings volatility and cyclical margin pressures elevate downside risk.""}, {""model"": ""Simulated-AI-Macro-Tactical"", ""call"": ""hold"", ""target_price"": 101.0, ""thesis"": ""Balanced near-term catalysts recommend maintaining current position.""}]"
ATKR,2023-12-29,small_cap,0.5828,0.75,0.3321,158.97,4,"[{""model"": ""Simulated-AI-Momentum-Quant"", ""call"": ""buy"", ""target_price"": 171.85, ""thesis"": ""Strong upward medium-term momentum (+10.3%) signals continued institutional accumulation.""}, {""model"": ""Simulated-AI-Fundamental-Value"", ""call"": ""sell"", ""target_price"": 127.0, ""thesis"": ""Elevated multi-month valuation multiples leave little safety margin against forward earnings revisions.""}, {""model"": ""Simulated-AI-Quality-Compounder"", ""call"": ""buy"", ""target_price"": 168.6, ""thesis"": ""Stable financial profile and durable competitive moat support long-term compounding potential.""}, {""model"": ""Simulated-AI-Macro-Tactical"", ""call"": ""buy"", ""target_price"": 168.42, ""thesis"": ""Positive operating execution and robust revenue traction support upside.""}]"
BRC,2023-12-29,small_cap,0.4121,0.5,0.2802,58.31,4,"[{""model"": ""Simulated-AI-Momentum-Quant"", ""call"": ""buy"", ""target_price"": 64.78, ""thesis"": ""Strong upward medium-term momentum (+7.8%) signals continued institutional accumulation.""}, {""model"": ""Simulated-AI-Fundamental-Value"", ""call"": ""sell"", ""target_price"": 47.73, ""thesis"": ""Elevated multi-month valuation multiples leave little safety margin against forward earnings revisions.""}, {""model"": ""Simulated-AI-Quality-Compounder"", ""call"": ""hold"", ""target_price"": 58.52, ""thesis"": ""Defensive operational balance sheet balanced by limited immediate re-rating catalysts.""}, {""model"": ""Simulated-AI-Macro-Tactical"", ""call"": ""buy"", ""target_price"": 62.21, ""thesis"": ""Positive operating execution and robust revenue traction support upside.""}]"
CNO,2023-12-29,small_cap,0.4116,0.5,0.2791,27.38,4,"[{""model"": ""Simulated-AI-Momentum-Quant"", ""call"": ""buy"", ""target_price"": 30.69, ""thesis"": ""Strong upward medium-term momentum (+19.2%) signals continued institutional accumulation.""}, {""model"": ""Simulated-AI-Fundamental-Value"", ""call"": ""sell"", ""target_price"": 22.21, ""thesis"": ""Elevated multi-month valuation multiples leave little safety margin against forward earnings revisions.""}, {""model"": ""Simulated-AI-Quality-Compounder"", ""call"": ""hold"", ""target_price"": 27.37, ""thesis"": ""Defensive operational balance sheet balanced by limited immediate re-rating catalysts.""}, {""model"": ""Simulated-AI-Macro-Tactical"", ""call"": ""buy"", ""target_price"": 29.23, ""thesis"": ""Positive operating execution and robust revenue traction support upside.""}]"
CSGS,2023-12-29,small_cap,0.5994,0.75,0.3736,97.99,4,"[{""model"": ""Simulated-AI-Momentum-Quant"", ""call"": ""hold"", ""target_price"": 103.3, ""thesis"": ""Consolidating trading range warrants a neutral rating until breakout confirmation.""}, {""model"": ""Simulated-AI-Fundamental-Value"", ""call"": ""sell"", ""target_price"": 82.85, ""thesis"": ""Elevated multi-month valuation multiples leave little safety margin against forward earnings revisions.""}, {""model"": ""Simulated-AI-Quality-Compounder"", ""call"": ""hold"", ""target_price"": 104.8, ""thesis"": ""Defensive operational balance sheet balanced by limited immediate re-rating catalysts.""}, {""model"": ""Simulated-AI-Macro-Tactical"", ""call"": ""hold"", ""target_price"": 101.0, ""thesis"": ""Balanced near-term catalysts recommend maintaining current position.""}]"
ENSG,2023-12-29,small_cap,0.4325,0.5,0.3311,117.13,4,"[{""model"": ""Simulated-AI-Momentum-Quant"", ""call"": ""buy"", ""target_price"": 128.53, ""thesis"": ""Strong upward medium-term momentum (+22.0%) signals continued institutional accumulation.""}, {""model"": ""Simulated-AI-Fundamental-Value"", ""call"": ""sell"", ""target_price"": 93.8, ""thesis"": ""Elevated multi-month valuation multiples leave little safety margin against forward earnings revisions.""}, {""model"": ""Simulated-AI-Quality-Compounder"", ""call"": ""buy"", ""target_price"": 123.31, ""thesis"": ""Stable financial profile and durable competitive moat support long-term compounding potential.""}, {""model"": ""Simulated-AI-Macro-Tactical"", ""call"": ""hold"", ""target_price"": 122.9, ""thesis"": ""Positive operating execution and robust revenue traction support upside.""}]"
FIX,2023-12-29,small_cap,0.4122,0.5,0.2804,210.17,4,"[{""model"": ""Simulated-AI-Momentum-Quant"", ""call"": ""buy"", ""target_price"": 235.29, ""thesis"": ""Strong upward medium-term momentum (+23.9%) signals continued institutional accumulation.""}, {""model"": ""Simulated-AI-Fundamental-Value"", ""call"": ""sell"", ""target_price"": 170.31, ""thesis"": ""Elevated multi-month valuation multiples leave little safety margin against forward earnings revisions.""}, {""model"": ""Simulated-AI-Quality-Compounder"", ""call"": ""hold"", ""target_price"": 210.73, ""thesis"": ""Defensive operational balance sheet balanced by limited immediate re-rating catalysts.""}, {""model"": ""Simulated-AI-Macro-Tactical"", ""call"": ""buy"", ""target_price"": 224.36, ""thesis"": ""Positive operating execution and robust revenue traction support upside.""}]"
GBCI,2023-12-29,small_cap,0.5834,0.75,0.3334,40.37,4,"[{""model"": ""Simulated-AI-Momentum-Quant"", ""call"": ""buy"", ""target_price"": 44.23, ""thesis"": ""Strong upward medium-term momentum (+46.6%) signals continued institutional accumulation.""}, {""model"": ""Simulated-AI-Fundamental-Value"", ""call"": ""sell"", ""target_price"": 31.99, ""thesis"": ""Elevated multi-month valuation multiples leave little safety margin against forward earnings revisions.""}, {""model"": ""Simulated-AI-Quality-Compounder"", ""call"": ""buy"", ""target_price"": 43.09, ""thesis"": ""Stable financial profile and durable competitive moat support long-term compounding potential.""}, {""model"": ""Simulated-AI-Macro-Tactical"", ""call"": ""buy"", ""target_price"": 42.17, ""thesis"": ""Positive operating execution and robust revenue traction support upside.""}]"
GPI,2023-12-29,small_cap,0.5828,0.75,0.332,313.74,4,"[{""model"": ""Simulated-AI-Momentum-Quant"", ""call"": ""buy"", ""target_price"": 341.02, ""thesis"": ""Strong upward medium-term momentum (+16.9%) signals continued institutional accumulation.""}, {""model"": ""Simulated-AI-Fundamental-Value"", ""call"": ""sell"", ""target_price"": 247.48, ""thesis"": ""Elevated multi-month valuation multiples leave little safety margin against forward earnings revisions.""}, {""model"": ""Simulated-AI-Quality-Compounder"", ""call"": ""buy"", ""target_price"": 336.46, ""thesis"": ""Stable financial profile and durable competitive moat support long-term compounding potential.""}, {""model"": ""Simulated-AI-Macro-Tactical"", ""call"": ""buy"", ""target_price"": 329.98, ""thesis"": ""Positive operating execution and robust revenue traction support upside.""}]"
HLNE,2023-12-29,small_cap,0.4115,0.5,0.2788,111.4,4,"[{""model"": ""Simulated-AI-Momentum-Quant"", ""call"": ""buy"", ""target_price"": 123.96, ""thesis"": ""Strong upward medium-term momentum (+27.7%) signals continued institutional accumulation.""}, {""model"": ""Simulated-AI-Fundamental-Value"", ""call"": ""sell"", ""target_price"": 89.93, ""thesis"": ""Elevated multi-month valuation multiples leave little safety margin against forward earnings revisions.""}, {""model"": ""Simulated-AI-Quality-Compounder"", ""call"": ""hold"", ""target_price"": 112.09, ""thesis"": ""Defensive operational balance sheet balanced by limited immediate re-rating catalysts.""}, {""model"": ""Simulated-AI-Macro-Tactical"", ""call"": ""buy"", ""target_price"": 119.61, ""thesis"": ""Positive operating execution and robust revenue traction support upside.""}]"
HWKN,2023-12-29,small_cap,0.5831,0.75,0.3328,72.57,4,"[{""model"": ""Simulated-AI-Momentum-Quant"", ""call"": ""buy"", ""target_price"": 80.1, ""thesis"": ""Strong upward medium-term momentum (+17.2%) signals continued institutional accumulation.""}, {""model"": ""Simulated-AI-Fundamental-Value"", ""call"": ""sell"", ""target_price"": 57.43, ""thesis"": ""Elevated multi-month valuation multiples leave little safety margin against forward earnings revisions.""}, {""model"": ""Simulated-AI-Quality-Compounder"", ""call"": ""buy"", ""target_price"": 76.58, ""thesis"": ""Stable financial profile and durable competitive moat support long-term compounding potential.""}, {""model"": ""Simulated-AI-Macro-Tactical"", ""call"": ""buy"", ""target_price"": 76.16, ""thesis"": ""Positive operating execution and robust revenue traction support upside.""}]"
IBP,2023-12-29,small_cap,0.4466,0.5,0.3665,172.75,4,"[{""model"": ""Simulated-AI-Momentum-Quant"", ""call"": ""buy"", ""target_price"": 197.81, ""thesis"": ""Strong upward medium-term momentum (+49.0%) signals continued institutional accumulation.""}, {""model"": ""Simulated-AI-Fundamental-Value"", ""call"": ""sell"", ""target_price"": 145.93, ""thesis"": ""Elevated multi-month valuation multiples leave little safety margin against forward earnings revisions.""}, {""model"": ""Simulated-AI-Quality-Compounder"", ""call"": ""sell"", ""target_price"": 154.1, ""thesis"": ""Heightened earnings volatility and cyclical margin pressures elevate downside risk.""}, {""model"": ""Simulated-AI-Macro-Tactical"", ""call"": ""buy"", ""target_price"": 193.17, ""thesis"": ""Positive operating execution and robust revenue traction support upside.""}]"
KAR,2023-12-29,small_cap,0.7327,1.0,0.3317,102.47,4,"[{""model"": ""Simulated-AI-Momentum-Quant"", ""call"": ""hold"", ""target_price"": 102.6, ""thesis"": ""Consolidating trading range warrants a neutral rating until breakout confirmation.""}, {""model"": ""Simulated-AI-Fundamental-Value"", ""call"": ""hold"", ""target_price"": 100.64, ""thesis"": ""Fair valuation reflects balanced risk-reward relative to sector peers.""}, {""model"": ""Simulated-AI-Quality-Compounder"", ""call"": ""hold"", ""target_price"": 105.64, ""thesis"": ""Defensive operational balance sheet balanced by limited immediate re-rating catalysts.""}, {""model"": ""Simulated-AI-Macro-Tactical"", ""call"": ""hold"", ""target_price"": 101.0, ""thesis"": ""Balanced near-term catalysts recommend maintaining current position.""}]"
MC,2023-12-29,small_cap,0.5825,0.75,0.3313,52.65,4,"[{""model"": ""Simulated-AI-Momentum-Quant"", ""call"": ""buy"", ""target_price"": 58.23, ""thesis"": ""Strong upward medium-term momentum (+29.3%) signals continued institutional accumulation.""}, {""model"": ""Simulated-AI-Fundamental-Value"", ""call"": ""sell"", ""target_price"": 41.72, ""thesis"": ""Elevated multi-month valuation multiples leave little safety margin against forward earnings revisions.""}, {""model"": ""Simulated-AI-Quality-Compounder"", ""call"": ""buy"", ""target_price"": 55.4, ""thesis"": ""Stable financial profile and durable competitive moat support long-term compounding potential.""}, {""model"": ""Simulated-AI-Macro-Tactical"", ""call"": ""buy"", ""target_price"": 55.25, ""thesis"": ""Positive operating execution and robust revenue traction support upside.""}]"
OII,2023-12-29,small_cap,0.5748,0.75,0.312,20.24,4,"[{""model"": ""Simulated-AI-Momentum-Quant"", ""call"": ""sell"", ""target_price"": 18.45, ""thesis"": ""Persistent negative price trajectory (-13.6%) indicates structural distribution headwinds.""}, {""model"": ""Simulated-AI-Fundamental-Value"", ""call"": ""buy"", ""target_price"": 24.5, ""thesis"": ""Recent price softening provides an attractive risk-adjusted entry point against fundamental book value.""}, {""model"": ""Simulated-AI-Quality-Compounder"", ""call"": ""sell"", ""target_price"": 18.85, ""thesis"": ""Heightened earnings volatility and cyclical margin pressures elevate downside risk.""}, {""model"": ""Simulated-AI-Macro-Tactical"", ""call"": ""sell"", ""target_price"": 19.15, ""thesis"": ""Macro headwinds and declining momentum justify a defensive posture.""}]"
PRDO,2023-12-29,small_cap,0.5994,0.75,0.3736,16.3,4,"[{""model"": ""Simulated-AI-Momentum-Quant"", ""call"": ""hold"", ""target_price"": 17.05, ""thesis"": ""Consolidating trading range warrants a neutral rating until breakout confirmation.""}, {""model"": ""Simulated-AI-Fundamental-Value"", ""call"": ""sell"", ""target_price"": 13.91, ""thesis"": ""Elevated multi-month valuation multiples leave little safety margin against forward earnings revisions.""}, {""model"": ""Simulated-AI-Quality-Compounder"", ""call"": ""hold"", ""target_price"": 17.44, ""thesis"": ""Defensive operational balance sheet balanced by limited immediate re-rating catalysts.""}, {""model"": ""Simulated-AI-Macro-Tactical"", ""call"": ""hold"", ""target_price"": 16.79, ""thesis"": ""Balanced near-term catalysts recommend maintaining current position.""}]"
SHOO,2023-12-29,small_cap,0.4332,0.5,0.3329,41.48,4,"[{""model"": ""Simulated-AI-Momentum-Quant"", ""call"": ""buy"", ""target_price"": 45.09, ""thesis"": ""Strong upward medium-term momentum (+32.8%) signals continued institutional accumulation.""}, {""model"": ""Simulated-AI-Fundamental-Value"", ""call"": ""sell"", ""target_price"": 33.08, ""thesis"": ""Elevated multi-month valuation multiples leave little safety margin against forward earnings revisions.""}, {""model"": ""Simulated-AI-Quality-Compounder"", ""call"": ""buy"", ""target_price"": 44.1, ""thesis"": ""Stable financial profile and durable competitive moat support long-term compounding potential.""}, {""model"": ""Simulated-AI-Macro-Tactical"", ""call"": ""hold"", ""target_price"": 43.63, ""thesis"": ""Positive operating execution and robust revenue traction support upside.""}]"
SLVM,2023-12-29,small_cap,0.5738,0.75,0.3094,49.09,4,"[{""model"": ""Simulated-AI-Momentum-Quant"", ""call"": ""buy"", ""target_price"": 50.8, ""thesis"": ""Strong upward medium-term momentum (+16.4%) signals continued institutional accumulation.""}, {""model"": ""Simulated-AI-Fundamental-Value"", ""call"": ""hold"", ""target_price"": 45.85, ""thesis"": ""Fair valuation reflects balanced risk-reward relative to sector peers.""}, {""model"": ""Simulated-AI-Quality-Compounder"", ""call"": ""buy"", ""target_price"": 50.23, ""thesis"": ""Stable financial profile and durable competitive moat support long-term compounding potential.""}, {""model"": ""Simulated-AI-Macro-Tactical"", ""call"": ""buy"", ""target_price"": 49.5, ""thesis"": ""Positive operating execution and robust revenue traction support upside.""}]"
AAPL,2024-03-28,large_cap,0.4249,0.5,0.3123,161.97,4,"[{""model"": ""Simulated-AI-Momentum-Quant"", ""call"": ""sell"", ""target_price"": 146.29, ""thesis"": ""Persistent negative price trajectory (-11.3%) indicates structural distribution headwinds.""}, {""model"": ""Simulated-AI-Fundamental-Value"", ""call"": ""buy"", ""target_price"": 196.6, ""thesis"": ""Recent price softening provides an attractive risk-adjusted entry point against fundamental book value.""}, {""model"": ""Simulated-AI-Quality-Compounder"", ""call"": ""sell"", ""target_price"": 152.33, ""thesis"": ""Heightened earnings volatility and cyclical margin pressures elevate downside risk.""}, {""model"": ""Simulated-AI-Macro-Tactical"", ""call"": ""hold"", ""target_price"": 152.67, ""thesis"": ""Macro headwinds and declining momentum justify a defensive posture.""}]"
MSFT,2024-03-28,large_cap,0.4239,0.5,0.3098,451.46,4,"[{""model"": ""Simulated-AI-Momentum-Quant"", ""call"": ""buy"", ""target_price"": 475.75, ""thesis"": ""Strong upward medium-term momentum (+12.3%) signals continued institutional accumulation.""}, {""model"": ""Simulated-AI-Fundamental-Value"", ""call"": ""hold"", ""target_price"": 417.48, ""thesis"": ""Fair valuation reflects balanced risk-reward relative to sector peers.""}, {""model"": ""Simulated-AI-Quality-Compounder"", ""call"": ""buy"", ""target_price"": 458.66, ""thesis"": ""Stable financial profile and durable competitive moat support long-term compounding potential.""}, {""model"": ""Simulated-AI-Macro-Tactical"", ""call"": ""hold"", ""target_price"": 453.96, ""thesis"": ""Positive operating execution and robust revenue traction support upside.""}]"
NVDA,2024-03-28,large_cap,0.445,0.5,0.3625,89.62,4,"[{""model"": ""Simulated-AI-Momentum-Quant"", ""call"": ""buy"", ""target_price"": 104.44, ""thesis"": ""Strong upward medium-term momentum (+82.5%) signals continued institutional accumulation.""}, {""model"": ""Simulated-AI-Fundamental-Value"", ""call"": ""sell"", ""target_price"": 75.86, ""thesis"": ""Elevated multi-month valuation multiples leave little safety margin against forward earnings revisions.""}, {""model"": ""Simulated-AI-Quality-Compounder"", ""call"": ""sell"", ""target_price"": 79.06, ""thesis"": ""Heightened earnings volatility and cyclical margin pressures elevate downside risk.""}, {""model"": ""Simulated-AI-Macro-Tactical"", ""call"": ""buy"", ""target_price"": 99.11, ""thesis"": ""Positive operating execution and robust revenue traction support upside.""}]"
AMZN,2024-03-28,large_cap,0.4451,0.5,0.3627,178.81,4,"[{""model"": ""Simulated-AI-Momentum-Quant"", ""call"": ""buy"", ""target_price"": 208.09, ""thesis"": ""Strong upward medium-term momentum (+17.6%) signals continued institutional accumulation.""}, {""model"": ""Simulated-AI-Fundamental-Value"", ""call"": ""sell"", ""target_price"": 150.26, ""thesis"": ""Elevated multi-month valuation multiples leave little safety margin against forward earnings revisions.""}, {""model"": ""Simulated-AI-Quality-Compounder"", ""call"": ""sell"", ""target_price"": 158.46, ""thesis"": ""Heightened earnings volatility and cyclical margin pressures elevate downside risk.""}, {""model"": ""Simulated-AI-Macro-Tactical"", ""call"": ""hold"", ""target_price"": 198.42, ""thesis"": ""Positive operating execution and robust revenue traction support upside.""}]"
GOOGL,2024-03-28,large_cap,0.5811,0.75,0.3277,155.07,4,"[{""model"": ""Simulated-AI-Momentum-Quant"", ""call"": ""hold"", ""target_price"": 150.63, ""thesis"": ""Consolidating trading range warrants a neutral rating until breakout confirmation.""}, {""model"": ""Simulated-AI-Fundamental-Value"", ""call"": ""hold"", ""target_price"": 150.53, ""thesis"": ""Fair valuation reflects balanced risk-reward relative to sector peers.""}, {""model"": ""Simulated-AI-Quality-Compounder"", ""call"": ""hold"", ""target_price"": 154.65, ""thesis"": ""Defensive operational balance sheet balanced by limited immediate re-rating catalysts.""}, {""model"": ""Simulated-AI-Macro-Tactical"", ""call"": ""buy"", ""target_price"": 164.46, ""thesis"": ""Positive operating execution and robust revenue traction support upside.""}]"
META,2024-03-28,large_cap,0.583,0.75,0.3325,507.17,4,"[{""model"": ""Simulated-AI-Momentum-Quant"", ""call"": ""buy"", ""target_price"": 547.01, ""thesis"": ""Strong upward medium-term momentum (+35.7%) signals continued institutional accumulation.""}, {""model"": ""Simulated-AI-Fundamental-Value"", ""call"": ""sell"", ""target_price"": 408.86, ""thesis"": ""Elevated multi-month valuation multiples leave little safety margin against forward earnings revisions.""}, {""model"": ""Simulated-AI-Quality-Compounder"", ""call"": ""buy"", ""target_price"": 542.77, ""thesis"": ""Stable financial profile and durable competitive moat support long-term compounding potential.""}, {""model"": ""Simulated-AI-Macro-Tactical"", ""call"": ""buy"", ""target_price"": 530.05, ""thesis"": ""Positive operating execution and robust revenue traction support upside.""}]"
BRK-B,2024-03-28,large_cap,0.4334,0.5,0.3334,440.62,4,"[{""model"": ""Simulated-AI-Momentum-Quant"", ""call"": ""buy"", ""target_price"": 485.78, ""thesis"": ""Strong upward medium-term momentum (+17.6%) signals continued institutional accumulation.""}, {""model"": ""Simulated-AI-Fundamental-Value"", ""call"": ""sell"", ""target_price"": 349.03, ""thesis"": ""Elevated multi-month valuation multiples leave little safety margin against forward earnings revisions.""}, {""model"": ""Simulated-AI-Quality-Compounder"", ""call"": ""buy"", ""target_price"": 465.1, ""thesis"": ""Stable financial profile and durable competitive moat support long-term compounding potential.""}, {""model"": ""Simulated-AI-Macro-Tactical"", ""call"": ""hold"", ""target_price"": 462.57, ""thesis"": ""Positive operating execution and robust revenue traction support upside.""}]"
JPM,2024-03-28,large_cap,0.582,0.75,0.33,198.31,4,"[{""model"": ""Simulated-AI-Momentum-Quant"", ""call"": ""buy"", ""target_price"": 213.48, ""thesis"": ""Strong upward medium-term momentum (+18.3%) signals continued institutional accumulation.""}, {""model"": ""Simulated-AI-Fundamental-Value"", ""call"": ""sell"", ""target_price"": 157.75, ""thesis"": ""Elevated multi-month valuation multiples leave little safety margin against forward earnings revisions.""}, {""model"": ""Simulated-AI-Quality-Compounder"", ""call"": ""buy"", ""target_price"": 212.94, ""thesis"": ""Stable financial profile and durable competitive moat support long-term compounding potential.""}, {""model"": ""Simulated-AI-Macro-Tactical"", ""call"": ""buy"", ""target_price"": 209.07, ""thesis"": ""Positive operating execution and robust revenue traction support upside.""}]"
V,2024-03-28,large_cap,0.5836,0.75,0.3339,288.17,4,"[{""model"": ""Simulated-AI-Momentum-Quant"", ""call"": ""buy"", ""target_price"": 316.17, ""thesis"": ""Strong upward medium-term momentum (+7.4%) signals continued institutional accumulation.""}, {""model"": ""Simulated-AI-Fundamental-Value"", ""call"": ""sell"", ""target_price"": 228.55, ""thesis"": ""Elevated multi-month valuation multiples leave little safety margin against forward earnings revisions.""}, {""model"": ""Simulated-AI-Quality-Compounder"", ""call"": ""buy"", ""target_price"": 306.69, ""thesis"": ""Stable financial profile and durable competitive moat support long-term compounding potential.""}, {""model"": ""Simulated-AI-Macro-Tactical"", ""call"": ""buy"", ""target_price"": 301.27, ""thesis"": ""Positive operating execution and robust revenue traction support upside.""}]"
LLY,2024-03-28,large_cap,0.5836,0.75,0.3339,800.52,4,"[{""model"": ""Simulated-AI-Momentum-Quant"", ""call"": ""buy"", ""target_price"": 863.96, ""thesis"": ""Strong upward medium-term momentum (+34.2%) signals continued institutional accumulation.""}, {""model"": ""Simulated-AI-Fundamental-Value"", ""call"": ""sell"", ""target_price"": 644.0, ""thesis"": ""Elevated multi-month valuation multiples leave little safety margin against forward earnings revisions.""}, {""model"": ""Simulated-AI-Quality-Compounder"", ""call"": ""buy"", ""target_price"": 852.8, ""thesis"": ""Stable financial profile and durable competitive moat support long-term compounding potential.""}, {""model"": ""Simulated-AI-Macro-Tactical"", ""call"": ""buy"", ""target_price"": 841.32, ""thesis"": ""Positive operating execution and robust revenue traction support upside.""}]"
UNH,2024-03-28,large_cap,0.4052,0.5,0.263,464.11,4,"[{""model"": ""Simulated-AI-Momentum-Quant"", ""call"": ""sell"", ""target_price"": 398.17, ""thesis"": ""Persistent negative price trajectory (-5.4%) indicates structural distribution headwinds.""}, {""model"": ""Simulated-AI-Fundamental-Value"", ""call"": ""buy"", ""target_price"": 542.91, ""thesis"": ""Recent price softening provides an attractive risk-adjusted entry point against fundamental book value.""}, {""model"": ""Simulated-AI-Quality-Compounder"", ""call"": ""hold"", ""target_price"": 491.59, ""thesis"": ""Defensive operational balance sheet balanced by limited immediate re-rating catalysts.""}, {""model"": ""Simulated-AI-Macro-Tactical"", ""call"": ""sell"", ""target_price"": 423.78, ""thesis"": ""Macro headwinds and declining momentum justify a defensive posture.""}]"
XOM,2024-03-28,large_cap,0.4454,0.5,0.3635,106.32,4,"[{""model"": ""Simulated-AI-Momentum-Quant"", ""call"": ""buy"", ""target_price"": 123.84, ""thesis"": ""Strong upward medium-term momentum (+17.1%) signals continued institutional accumulation.""}, {""model"": ""Simulated-AI-Fundamental-Value"", ""call"": ""sell"", ""target_price"": 88.99, ""thesis"": ""Elevated multi-month valuation multiples leave little safety margin against forward earnings revisions.""}, {""model"": ""Simulated-AI-Quality-Compounder"", ""call"": ""sell"", ""target_price"": 94.46, ""thesis"": ""Heightened earnings volatility and cyclical margin pressures elevate downside risk.""}, {""model"": ""Simulated-AI-Macro-Tactical"", ""call"": ""buy"", ""target_price"": 118.01, ""thesis"": ""Positive operating execution and robust revenue traction support upside.""}]"
JNJ,2024-03-28,large_cap,0.7327,1.0,0.3317,150.06,4,"[{""model"": ""Simulated-AI-Momentum-Quant"", ""call"": ""hold"", ""target_price"": 148.28, ""thesis"": ""Consolidating trading range warrants a neutral rating until breakout confirmation.""}, {""model"": ""Simulated-AI-Fundamental-Value"", ""call"": ""hold"", ""target_price"": 149.02, ""thesis"": ""Fair valuation reflects balanced risk-reward relative to sector peers.""}, {""model"": ""Simulated-AI-Quality-Compounder"", ""call"": ""hold"", ""target_price"": 153.91, ""thesis"": ""Defensive operational balance sheet balanced by limited immediate re-rating catalysts.""}, {""model"": ""Simulated-AI-Macro-Tactical"", ""call"": ""hold"", ""target_price"": 149.02, ""thesis"": ""Balanced near-term catalysts recommend maintaining current position.""}]"
PG,2024-03-28,large_cap,0.4452,0.5,0.3631,149.32,4,"[{""model"": ""Simulated-AI-Momentum-Quant"", ""call"": ""buy"", ""target_price"": 170.17, ""thesis"": ""Strong upward medium-term momentum (+12.0%) signals continued institutional accumulation.""}, {""model"": ""Simulated-AI-Fundamental-Value"", ""call"": ""sell"", ""target_price"": 126.4, ""thesis"": ""Elevated multi-month valuation multiples leave little safety margin against forward earnings revisions.""}, {""model"": ""Simulated-AI-Quality-Compounder"", ""call"": ""sell"", ""target_price"": 133.69, ""thesis"": ""Heightened earnings volatility and cyclical margin pressures elevate downside risk.""}, {""model"": ""Simulated-AI-Macro-Tactical"", ""call"": ""buy"", ""target_price"": 167.01, ""thesis"": ""Positive operating execution and robust revenue traction support upside.""}]"
HD,2024-03-28,large_cap,0.4071,0.5,0.2678,386.21,4,"[{""model"": ""Simulated-AI-Momentum-Quant"", ""call"": ""buy"", ""target_price"": 414.95, ""thesis"": ""Strong upward medium-term momentum (+11.1%) signals continued institutional accumulation.""}, {""model"": ""Simulated-AI-Fundamental-Value"", ""call"": ""hold"", ""target_price"": 364.3, ""thesis"": ""Fair valuation reflects balanced risk-reward relative to sector peers.""}, {""model"": ""Simulated-AI-Quality-Compounder"", ""call"": ""hold"", ""target_price"": 369.92, ""thesis"": ""Defensive operational balance sheet balanced by limited immediate re-rating catalysts.""}, {""model"": ""Simulated-AI-Macro-Tactical"", ""call"": ""buy"", ""target_price"": 395.67, ""thesis"": ""Positive operating execution and robust revenue traction support upside.""}]"
MA,2024-03-28,large_cap,0.5831,0.75,0.3328,495.1,4,"[{""model"": ""Simulated-AI-Momentum-Quant"", ""call"": ""buy"", ""target_price"": 532.19, ""thesis"": ""Strong upward medium-term momentum (+13.1%) signals continued institutional accumulation.""}, {""model"": ""Simulated-AI-Fundamental-Value"", ""call"": ""sell"", ""target_price"": 396.91, ""thesis"": ""Elevated multi-month valuation multiples leave little safety margin against forward earnings revisions.""}, {""model"": ""Simulated-AI-Quality-Compounder"", ""call"": ""buy"", ""target_price"": 529.34, ""thesis"": ""Stable financial profile and durable competitive moat support long-term compounding potential.""}, {""model"": ""Simulated-AI-Macro-Tactical"", ""call"": ""buy"", ""target_price"": 521.94, ""thesis"": ""Positive operating execution and robust revenue traction support upside.""}]"
COST,2024-03-28,large_cap,0.5749,0.75,0.3122,785.22,4,"[{""model"": ""Simulated-AI-Momentum-Quant"", ""call"": ""buy"", ""target_price"": 817.26, ""thesis"": ""Strong upward medium-term momentum (+10.6%) signals continued institutional accumulation.""}, {""model"": ""Simulated-AI-Fundamental-Value"", ""call"": ""hold"", ""target_price"": 731.14, ""thesis"": ""Fair valuation reflects balanced risk-reward relative to sector peers.""}, {""model"": ""Simulated-AI-Quality-Compounder"", ""call"": ""buy"", ""target_price"": 797.75, ""thesis"": ""Stable financial profile and durable competitive moat support long-term compounding potential.""}, {""model"": ""Simulated-AI-Macro-Tactical"", ""call"": ""buy"", ""target_price"": 794.72, ""thesis"": ""Positive operating execution and robust revenue traction support upside.""}]"
ABBV,2024-03-28,large_cap,0.4115,0.5,0.2787,170.71,4,"[{""model"": ""Simulated-AI-Momentum-Quant"", ""call"": ""buy"", ""target_price"": 187.9, ""thesis"": ""Strong upward medium-term momentum (+18.8%) signals continued institutional accumulation.""}, {""model"": ""Simulated-AI-Fundamental-Value"", ""call"": ""sell"", ""target_price"": 138.36, ""thesis"": ""Elevated multi-month valuation multiples leave little safety margin against forward earnings revisions.""}, {""model"": ""Simulated-AI-Quality-Compounder"", ""call"": ""hold"", ""target_price"": 172.43, ""thesis"": ""Defensive operational balance sheet balanced by limited immediate re-rating catalysts.""}, {""model"": ""Simulated-AI-Macro-Tactical"", ""call"": ""hold"", ""target_price"": 184.15, ""thesis"": ""Positive operating execution and robust revenue traction support upside.""}]"
MRK,2024-03-28,large_cap,0.5829,0.75,0.3323,129.45,4,"[{""model"": ""Simulated-AI-Momentum-Quant"", ""call"": ""buy"", ""target_price"": 140.17, ""thesis"": ""Strong upward medium-term momentum (+22.1%) signals continued institutional accumulation.""}, {""model"": ""Simulated-AI-Fundamental-Value"", ""call"": ""sell"", ""target_price"": 104.12, ""thesis"": ""Elevated multi-month valuation multiples leave little safety margin against forward earnings revisions.""}, {""model"": ""Simulated-AI-Quality-Compounder"", ""call"": ""buy"", ""target_price"": 138.45, ""thesis"": ""Stable financial profile and durable competitive moat support long-term compounding potential.""}, {""model"": ""Simulated-AI-Macro-Tactical"", ""call"": ""buy"", ""target_price"": 135.06, ""thesis"": ""Positive operating execution and robust revenue traction support upside.""}]"
BAC,2024-03-28,large_cap,0.412,0.5,0.2801,36.93,4,"[{""model"": ""Simulated-AI-Momentum-Quant"", ""call"": ""buy"", ""target_price"": 41.24, ""thesis"": ""Strong upward medium-term momentum (+12.7%) signals continued institutional accumulation.""}, {""model"": ""Simulated-AI-Fundamental-Value"", ""call"": ""sell"", ""target_price"": 30.16, ""thesis"": ""Elevated multi-month valuation multiples leave little safety margin against forward earnings revisions.""}, {""model"": ""Simulated-AI-Quality-Compounder"", ""call"": ""hold"", ""target_price"": 36.91, ""thesis"": ""Defensive operational balance sheet balanced by limited immediate re-rating catalysts.""}, {""model"": ""Simulated-AI-Macro-Tactical"", ""call"": ""hold"", ""target_price"": 39.4, ""thesis"": ""Positive operating execution and robust revenue traction support upside.""}]"
CVX,2024-03-28,large_cap,0.5833,0.75,0.3331,148.78,4,"[{""model"": ""Simulated-AI-Momentum-Quant"", ""call"": ""buy"", ""target_price"": 159.3, ""thesis"": ""Strong upward medium-term momentum (+6.5%) signals continued institutional accumulation.""}, {""model"": ""Simulated-AI-Fundamental-Value"", ""call"": ""sell"", ""target_price"": 120.31, ""thesis"": ""Elevated multi-month valuation multiples leave little safety margin against forward earnings revisions.""}, {""model"": ""Simulated-AI-Quality-Compounder"", ""call"": ""buy"", ""target_price"": 159.16, ""thesis"": ""Stable financial profile and durable competitive moat support long-term compounding potential.""}, {""model"": ""Simulated-AI-Macro-Tactical"", ""call"": ""buy"", ""target_price"": 156.34, ""thesis"": ""Positive operating execution and robust revenue traction support upside.""}]"
CRM,2024-03-28,large_cap,0.4446,0.5,0.3616,294.26,4,"[{""model"": ""Simulated-AI-Momentum-Quant"", ""call"": ""buy"", ""target_price"": 341.26, ""thesis"": ""Strong upward medium-term momentum (+13.6%) signals continued institutional accumulation.""}, {""model"": ""Simulated-AI-Fundamental-Value"", ""call"": ""sell"", ""target_price"": 249.45, ""thesis"": ""Elevated multi-month valuation multiples leave little safety margin against forward earnings revisions.""}, {""model"": ""Simulated-AI-Quality-Compounder"", ""call"": ""sell"", ""target_price"": 260.27, ""thesis"": ""Heightened earnings volatility and cyclical margin pressures elevate downside risk.""}, {""model"": ""Simulated-AI-Macro-Tactical"", ""call"": ""buy"", ""target_price"": 326.08, ""thesis"": ""Positive operating execution and robust revenue traction support upside.""}]"
NFLX,2024-03-28,large_cap,0.5829,0.75,0.3322,63.55,4,"[{""model"": ""Simulated-AI-Momentum-Quant"", ""call"": ""buy"", ""target_price"": 68.41, ""thesis"": ""Strong upward medium-term momentum (+23.8%) signals continued institutional accumulation.""}, {""model"": ""Simulated-AI-Fundamental-Value"", ""call"": ""sell"", ""target_price"": 51.5, ""thesis"": ""Elevated multi-month valuation multiples leave little safety margin against forward earnings revisions.""}, {""model"": ""Simulated-AI-Quality-Compounder"", ""call"": ""buy"", ""target_price"": 67.5, ""thesis"": ""Stable financial profile and durable competitive moat support long-term compounding potential.""}, {""model"": ""Simulated-AI-Macro-Tactical"", ""call"": ""buy"", ""target_price"": 66.8, ""thesis"": ""Positive operating execution and robust revenue traction support upside.""}]"
AMD,2024-03-28,large_cap,0.583,0.75,0.3324,188.73,4,"[{""model"": ""Simulated-AI-Momentum-Quant"", ""call"": ""buy"", ""target_price"": 202.58, ""thesis"": ""Strong upward medium-term momentum (+21.3%) signals continued institutional accumulation.""}, {""model"": ""Simulated-AI-Fundamental-Value"", ""call"": ""sell"", ""target_price"": 150.71, ""thesis"": ""Elevated multi-month valuation multiples leave little safety margin against forward earnings revisions.""}, {""model"": ""Simulated-AI-Quality-Compounder"", ""call"": ""buy"", ""target_price"": 203.09, ""thesis"": ""Stable financial profile and durable competitive moat support long-term compounding potential.""}, {""model"": ""Simulated-AI-Macro-Tactical"", ""call"": ""buy"", ""target_price"": 198.54, ""thesis"": ""Positive operating execution and robust revenue traction support upside.""}]"
PEP,2024-03-28,large_cap,0.5497,0.75,0.2491,166.26,4,"[{""model"": ""Simulated-AI-Momentum-Quant"", ""call"": ""buy"", ""target_price"": 178.71, ""thesis"": ""Strong upward medium-term momentum (+4.1%) signals continued institutional accumulation.""}, {""model"": ""Simulated-AI-Fundamental-Value"", ""call"": ""hold"", ""target_price"": 161.17, ""thesis"": ""Fair valuation reflects balanced risk-reward relative to sector peers.""}, {""model"": ""Simulated-AI-Quality-Compounder"", ""call"": ""hold"", ""target_price"": 164.11, ""thesis"": ""Defensive operational balance sheet balanced by limited immediate re-rating catalysts.""}, {""model"": ""Simulated-AI-Macro-Tactical"", ""call"": ""hold"", ""target_price"": 161.04, ""thesis"": ""Balanced near-term catalysts recommend maintaining current position.""}]"
KO,2024-03-28,large_cap,0.4229,0.5,0.3071,57.03,4,"[{""model"": ""Simulated-AI-Momentum-Quant"", ""call"": ""hold"", ""target_price"": 57.56, ""thesis"": ""Consolidating trading range warrants a neutral rating until breakout confirmation.""}, {""model"": ""Simulated-AI-Fundamental-Value"", ""call"": ""sell"", ""target_price"": 48.3, ""thesis"": ""Elevated multi-month valuation multiples leave little safety margin against forward earnings revisions.""}, {""model"": ""Simulated-AI-Quality-Compounder"", ""call"": ""buy"", ""target_price"": 64.33, ""thesis"": ""Stable financial profile and durable competitive moat support long-term compounding potential.""}, {""model"": ""Simulated-AI-Macro-Tactical"", ""call"": ""hold"", ""target_price"": 57.93, ""thesis"": ""Balanced near-term catalysts recommend maintaining current position.""}]"
TMO,2024-03-28,large_cap,0.4333,0.5,0.3333,601.51,4,"[{""model"": ""Simulated-AI-Momentum-Quant"", ""call"": ""buy"", ""target_price"": 646.96, ""thesis"": ""Strong upward medium-term momentum (+9.1%) signals continued institutional accumulation.""}, {""model"": ""Simulated-AI-Fundamental-Value"", ""call"": ""sell"", ""target_price"": 489.72, ""thesis"": ""Elevated multi-month valuation multiples leave little safety margin against forward earnings revisions.""}, {""model"": ""Simulated-AI-Quality-Compounder"", ""call"": ""buy"", ""target_price"": 634.85, ""thesis"": ""Stable financial profile and durable competitive moat support long-term compounding potential.""}, {""model"": ""Simulated-AI-Macro-Tactical"", ""call"": ""hold"", ""target_price"": 634.5, ""thesis"": ""Positive operating execution and robust revenue traction support upside.""}]"
WMT,2024-03-28,large_cap,0.5832,0.75,0.3331,61.64,4,"[{""model"": ""Simulated-AI-Momentum-Quant"", ""call"": ""buy"", ""target_price"": 67.18, ""thesis"": ""Strong upward medium-term momentum (+14.9%) signals continued institutional accumulation.""}, {""model"": ""Simulated-AI-Fundamental-Value"", ""call"": ""sell"", ""target_price"": 49.18, ""thesis"": ""Elevated multi-month valuation multiples leave little safety margin against forward earnings revisions.""}, {""model"": ""Simulated-AI-Quality-Compounder"", ""call"": ""buy"", ""target_price"": 65.61, ""thesis"": ""Stable financial profile and durable competitive moat support long-term compounding potential.""}, {""model"": ""Simulated-AI-Macro-Tactical"", ""call"": ""buy"", ""target_price"": 64.59, ""thesis"": ""Positive operating execution and robust revenue traction support upside.""}]"
MCD,2024-03-28,large_cap,0.7327,1.0,0.3317,271.75,4,"[{""model"": ""Simulated-AI-Momentum-Quant"", ""call"": ""hold"", ""target_price"": 275.01, ""thesis"": ""Consolidating trading range warrants a neutral rating until breakout confirmation.""}, {""model"": ""Simulated-AI-Fundamental-Value"", ""call"": ""hold"", ""target_price"": 263.63, ""thesis"": ""Fair valuation reflects balanced risk-reward relative to sector peers.""}, {""model"": ""Simulated-AI-Quality-Compounder"", ""call"": ""hold"", ""target_price"": 280.4, ""thesis"": ""Defensive operational balance sheet balanced by limited immediate re-rating catalysts.""}, {""model"": ""Simulated-AI-Macro-Tactical"", ""call"": ""hold"", ""target_price"": 267.98, ""thesis"": ""Balanced near-term catalysts recommend maintaining current position.""}]"
CSCO,2024-03-28,large_cap,0.5994,0.75,0.3736,45.54,4,"[{""model"": ""Simulated-AI-Momentum-Quant"", ""call"": ""hold"", ""target_price"": 47.25, ""thesis"": ""Consolidating trading range warrants a neutral rating until breakout confirmation.""}, {""model"": ""Simulated-AI-Fundamental-Value"", ""call"": ""sell"", ""target_price"": 38.81, ""thesis"": ""Elevated multi-month valuation multiples leave little safety margin against forward earnings revisions.""}, {""model"": ""Simulated-AI-Quality-Compounder"", ""call"": ""hold"", ""target_price"": 48.81, ""thesis"": ""Defensive operational balance sheet balanced by limited immediate re-rating catalysts.""}, {""model"": ""Simulated-AI-Macro-Tactical"", ""call"": ""hold"", ""target_price"": 47.28, ""thesis"": ""Balanced near-term catalysts recommend maintaining current position.""}]"
KNSL,2024-03-28,small_cap,0.4321,0.5,0.3301,545.03,4,"[{""model"": ""Simulated-AI-Momentum-Quant"", ""call"": ""buy"", ""target_price"": 590.79, ""thesis"": ""Strong upward medium-term momentum (+56.6%) signals continued institutional accumulation.""}, {""model"": ""Simulated-AI-Fundamental-Value"", ""call"": ""sell"", ""target_price"": 438.45, ""thesis"": ""Elevated multi-month valuation multiples leave little safety margin against forward earnings revisions.""}, {""model"": ""Simulated-AI-Quality-Compounder"", ""call"": ""buy"", ""target_price"": 576.38, ""thesis"": ""Stable financial profile and durable competitive moat support long-term compounding potential.""}, {""model"": ""Simulated-AI-Macro-Tactical"", ""call"": ""hold"", ""target_price"": 574.5, ""thesis"": ""Positive operating execution and robust revenue traction support upside.""}]"
SAIA,2024-03-28,small_cap,0.5838,0.75,0.3344,616.59,4,"[{""model"": ""Simulated-AI-Momentum-Quant"", ""call"": ""buy"", ""target_price"": 676.73, ""thesis"": ""Strong upward medium-term momentum (+30.5%) signals continued institutional accumulation.""}, {""model"": ""Simulated-AI-Fundamental-Value"", ""call"": ""sell"", ""target_price"": 487.89, ""thesis"": ""Elevated multi-month valuation multiples leave little safety margin against forward earnings revisions.""}, {""model"": ""Simulated-AI-Quality-Compounder"", ""call"": ""buy"", ""target_price"": 658.24, ""thesis"": ""Stable financial profile and durable competitive moat support long-term compounding potential.""}, {""model"": ""Simulated-AI-Macro-Tactical"", ""call"": ""buy"", ""target_price"": 643.5, ""thesis"": ""Positive operating execution and robust revenue traction support upside.""}]"
MEDP,2024-03-28,small_cap,0.5837,0.75,0.3341,424.5,4,"[{""model"": ""Simulated-AI-Momentum-Quant"", ""call"": ""buy"", ""target_price"": 464.93, ""thesis"": ""Strong upward medium-term momentum (+30.1%) signals continued institutional accumulation.""}, {""model"": ""Simulated-AI-Fundamental-Value"", ""call"": ""sell"", ""target_price"": 340.09, ""thesis"": ""Elevated multi-month valuation multiples leave little safety margin against forward earnings revisions.""}, {""model"": ""Simulated-AI-Quality-Compounder"", ""call"": ""buy"", ""target_price"": 448.44, ""thesis"": ""Stable financial profile and durable competitive moat support long-term compounding potential.""}, {""model"": ""Simulated-AI-Macro-Tactical"", ""call"": ""buy"", ""target_price"": 444.56, ""thesis"": ""Positive operating execution and robust revenue traction support upside.""}]"
SSD,2024-03-28,small_cap,0.4094,0.5,0.2735,202.62,4,"[{""model"": ""Simulated-AI-Momentum-Quant"", ""call"": ""buy"", ""target_price"": 230.09, ""thesis"": ""Strong upward medium-term momentum (+2.3%) signals continued institutional accumulation.""}, {""model"": ""Simulated-AI-Fundamental-Value"", ""call"": ""sell"", ""target_price"": 168.23, ""thesis"": ""Elevated multi-month valuation multiples leave little safety margin against forward earnings revisions.""}, {""model"": ""Simulated-AI-Quality-Compounder"", ""call"": ""hold"", ""target_price"": 208.29, ""thesis"": ""Defensive operational balance sheet balanced by limited immediate re-rating catalysts.""}, {""model"": ""Simulated-AI-Macro-Tactical"", ""call"": ""hold"", ""target_price"": 203.85, ""thesis"": ""Balanced near-term catalysts recommend maintaining current position.""}]"
EXPO,2024-03-28,small_cap,0.7143,1.0,0.2857,79.01,4,"[{""model"": ""Simulated-AI-Momentum-Quant"", ""call"": ""hold"", ""target_price"": 82.07, ""thesis"": ""Consolidating trading range warrants a neutral rating until breakout confirmation.""}, {""model"": ""Simulated-AI-Fundamental-Value"", ""call"": ""hold"", ""target_price"": 78.68, ""thesis"": ""Fair valuation reflects balanced risk-reward relative to sector peers.""}, {""model"": ""Simulated-AI-Quality-Compounder"", ""call"": ""hold"", ""target_price"": 83.64, ""thesis"": ""Defensive operational balance sheet balanced by limited immediate re-rating catalysts.""}, {""model"": ""Simulated-AI-Macro-Tactical"", ""call"": ""hold"", ""target_price"": 71.64, ""thesis"": ""Macro headwinds and declining momentum justify a defensive posture.""}]"
FORM,2024-03-28,small_cap,0.4447,0.5,0.3617,45.27,4,"[{""model"": ""Simulated-AI-Momentum-Quant"", ""call"": ""buy"", ""target_price"": 52.24, ""thesis"": ""Strong upward medium-term momentum (+8.9%) signals continued institutional accumulation.""}, {""model"": ""Simulated-AI-Fundamental-Value"", ""call"": ""sell"", ""target_price"": 38.72, ""thesis"": ""Elevated multi-month valuation multiples leave little safety margin against forward earnings revisions.""}, {""model"": ""Simulated-AI-Quality-Compounder"", ""call"": ""sell"", ""target_price"": 39.93, ""thesis"": ""Heightened earnings volatility and cyclical margin pressures elevate downside risk.""}, {""model"": ""Simulated-AI-Macro-Tactical"", ""call"": ""buy"", ""target_price"": 50.19, ""thesis"": ""Positive operating execution and robust revenue traction support upside.""}]"
CRVL,2024-03-28,small_cap,0.4153,0.5,0.2882,94.47,4,"[{""model"": ""Simulated-AI-Momentum-Quant"", ""call"": ""hold"", ""target_price"": 88.75, ""thesis"": ""Consolidating trading range warrants a neutral rating until breakout confirmation.""}, {""model"": ""Simulated-AI-Fundamental-Value"", ""call"": ""buy"", ""target_price"": 102.77, ""thesis"": ""Recent price softening provides an attractive risk-adjusted entry point against fundamental book value.""}, {""model"": ""Simulated-AI-Quality-Compounder"", ""call"": ""buy"", ""target_price"": 97.83, ""thesis"": ""Stable financial profile and durable competitive moat support long-term compounding potential.""}, {""model"": ""Simulated-AI-Macro-Tactical"", ""call"": ""hold"", ""target_price"": 88.53, ""thesis"": ""Balanced near-term catalysts recommend maintaining current position.""}]"
TKR,2024-03-28,small_cap,0.5811,0.75,0.3277,86.95,4,"[{""model"": ""Simulated-AI-Momentum-Quant"", ""call"": ""hold"", ""target_price"": 83.75, ""thesis"": ""Consolidating trading range warrants a neutral rating until breakout confirmation.""}, {""model"": ""Simulated-AI-Fundamental-Value"", ""call"": ""hold"", ""target_price"": 84.58, ""thesis"": ""Fair valuation reflects balanced risk-reward relative to sector peers.""}, {""model"": ""Simulated-AI-Quality-Compounder"", ""call"": ""hold"", ""target_price"": 87.03, ""thesis"": ""Defensive operational balance sheet balanced by limited immediate re-rating catalysts.""}, {""model"": ""Simulated-AI-Macro-Tactical"", ""call"": ""buy"", ""target_price"": 92.44, ""thesis"": ""Positive operating execution and robust revenue traction support upside.""}]"
POWI,2024-03-28,small_cap,0.5743,0.75,0.3107,65.56,4,"[{""model"": ""Simulated-AI-Momentum-Quant"", ""call"": ""sell"", ""target_price"": 59.65, ""thesis"": ""Persistent negative price trajectory (-13.9%) indicates structural distribution headwinds.""}, {""model"": ""Simulated-AI-Fundamental-Value"", ""call"": ""buy"", ""target_price"": 79.32, ""thesis"": ""Recent price softening provides an attractive risk-adjusted entry point against fundamental book value.""}, {""model"": ""Simulated-AI-Quality-Compounder"", ""call"": ""sell"", ""target_price"": 61.31, ""thesis"": ""Heightened earnings volatility and cyclical margin pressures elevate downside risk.""}, {""model"": ""Simulated-AI-Macro-Tactical"", ""call"": ""sell"", ""target_price"": 61.96, ""thesis"": ""Macro headwinds and declining momentum justify a defensive posture.""}]"
CALM,2024-03-28,small_cap,0.4058,0.5,0.2646,52.05,4,"[{""model"": ""Simulated-AI-Momentum-Quant"", ""call"": ""hold"", ""target_price"": 51.97, ""thesis"": ""Consolidating trading range warrants a neutral rating until breakout confirmation.""}, {""model"": ""Simulated-AI-Fundamental-Value"", ""call"": ""buy"", ""target_price"": 59.75, ""thesis"": ""Recent price softening provides an attractive risk-adjusted entry point against fundamental book value.""}, {""model"": ""Simulated-AI-Quality-Compounder"", ""call"": ""sell"", ""target_price"": 44.82, ""thesis"": ""Heightened earnings volatility and cyclical margin pressures elevate downside risk.""}, {""model"": ""Simulated-AI-Macro-Tactical"", ""call"": ""hold"", ""target_price"": 51.64, ""thesis"": ""Balanced near-term catalysts recommend maintaining current position.""}]"
PLUS,2024-03-28,small_cap,0.7327,1.0,0.3317,78.86,4,"[{""model"": ""Simulated-AI-Momentum-Quant"", ""call"": ""hold"", ""target_price"": 80.56, ""thesis"": ""Consolidating trading range warrants a neutral rating until breakout confirmation.""}, {""model"": ""Simulated-AI-Fundamental-Value"", ""call"": ""hold"", ""target_price"": 76.88, ""thesis"": ""Fair valuation reflects balanced risk-reward relative to sector peers.""}, {""model"": ""Simulated-AI-Quality-Compounder"", ""call"": ""hold"", ""target_price"": 79.94, ""thesis"": ""Defensive operational balance sheet balanced by limited immediate re-rating catalysts.""}, {""model"": ""Simulated-AI-Macro-Tactical"", ""call"": ""hold"", ""target_price"": 78.08, ""thesis"": ""Balanced near-term catalysts recommend maintaining current position.""}]"
FSS,2024-03-28,small_cap,0.5746,0.75,0.3116,91.52,4,"[{""model"": ""Simulated-AI-Momentum-Quant"", ""call"": ""buy"", ""target_price"": 95.84, ""thesis"": ""Strong upward medium-term momentum (+9.9%) signals continued institutional accumulation.""}, {""model"": ""Simulated-AI-Fundamental-Value"", ""call"": ""hold"", ""target_price"": 84.26, ""thesis"": ""Fair valuation reflects balanced risk-reward relative to sector peers.""}, {""model"": ""Simulated-AI-Quality-Compounder"", ""call"": ""buy"", ""target_price"": 93.9, ""thesis"": ""Stable financial profile and durable competitive moat support long-term compounding potential.""}, {""model"": ""Simulated-AI-Macro-Tactical"", ""call"": ""buy"", ""target_price"": 92.09, ""thesis"": ""Positive operating execution and robust revenue traction support upside.""}]"
AMWD,2024-03-28,small_cap,0.5526,0.75,0.2565,97.58,4,"[{""model"": ""Simulated-AI-Momentum-Quant"", ""call"": ""sell"", ""target_price"": 85.76, ""thesis"": ""Persistent negative price trajectory (+0.0%) indicates structural distribution headwinds.""}, {""model"": ""Simulated-AI-Fundamental-Value"", ""call"": ""hold"", ""target_price"": 100.44, ""thesis"": ""Fair valuation reflects balanced risk-reward relative to sector peers.""}, {""model"": ""Simulated-AI-Quality-Compounder"", ""call"": ""hold"", ""target_price"": 103.12, ""thesis"": ""Defensive operational balance sheet balanced by limited immediate re-rating catalysts.""}, {""model"": ""Simulated-AI-Macro-Tactical"", ""call"": ""hold"", ""target_price"": 101.0, ""thesis"": ""Balanced near-term catalysts recommend maintaining current position.""}]"
ATKR,2024-03-28,small_cap,0.5834,0.75,0.3334,191.28,4,"[{""model"": ""Simulated-AI-Momentum-Quant"", ""call"": ""buy"", ""target_price"": 210.01, ""thesis"": ""Strong upward medium-term momentum (+17.6%) signals continued institutional accumulation.""}, {""model"": ""Simulated-AI-Fundamental-Value"", ""call"": ""sell"", ""target_price"": 151.97, ""thesis"": ""Elevated multi-month valuation multiples leave little safety margin against forward earnings revisions.""}, {""model"": ""Simulated-AI-Quality-Compounder"", ""call"": ""buy"", ""target_price"": 202.34, ""thesis"": ""Stable financial profile and durable competitive moat support long-term compounding potential.""}, {""model"": ""Simulated-AI-Macro-Tactical"", ""call"": ""buy"", ""target_price"": 200.81, ""thesis"": ""Positive operating execution and robust revenue traction support upside.""}]"
BRC,2024-03-28,small_cap,0.5549,0.75,0.2622,51.16,4,"[{""model"": ""Simulated-AI-Momentum-Quant"", ""call"": ""sell"", ""target_price"": 48.81, ""thesis"": ""Persistent negative price trajectory (+1.1%) indicates structural distribution headwinds.""}, {""model"": ""Simulated-AI-Fundamental-Value"", ""call"": ""sell"", ""target_price"": 47.76, ""thesis"": ""Elevated multi-month valuation multiples leave little safety margin against forward earnings revisions.""}, {""model"": ""Simulated-AI-Quality-Compounder"", ""call"": ""sell"", ""target_price"": 50.17, ""thesis"": ""Heightened earnings volatility and cyclical margin pressures elevate downside risk.""}, {""model"": ""Simulated-AI-Macro-Tactical"", ""call"": ""hold"", ""target_price"": 57.91, ""thesis"": ""Balanced near-term catalysts recommend maintaining current position.""}]"
CNO,2024-03-28,small_cap,0.5994,0.75,0.3736,25.71,4,"[{""model"": ""Simulated-AI-Momentum-Quant"", ""call"": ""hold"", ""target_price"": 26.81, ""thesis"": ""Consolidating trading range warrants a neutral rating until breakout confirmation.""}, {""model"": ""Simulated-AI-Fundamental-Value"", ""call"": ""sell"", ""target_price"": 21.87, ""thesis"": ""Elevated multi-month valuation multiples leave little safety margin against forward earnings revisions.""}, {""model"": ""Simulated-AI-Quality-Compounder"", ""call"": ""hold"", ""target_price"": 27.58, ""thesis"": ""Defensive operational balance sheet balanced by limited immediate re-rating catalysts.""}, {""model"": ""Simulated-AI-Macro-Tactical"", ""call"": ""hold"", ""target_price"": 26.58, ""thesis"": ""Balanced near-term catalysts recommend maintaining current position.""}]"
CSGS,2024-03-28,small_cap,0.5994,0.75,0.3736,97.89,4,"[{""model"": ""Simulated-AI-Momentum-Quant"", ""call"": ""hold"", ""target_price"": 101.25, ""thesis"": ""Consolidating trading range warrants a neutral rating until breakout confirmation.""}, {""model"": ""Simulated-AI-Fundamental-Value"", ""call"": ""sell"", ""target_price"": 83.65, ""thesis"": ""Elevated multi-month valuation multiples leave little safety margin against forward earnings revisions.""}, {""model"": ""Simulated-AI-Quality-Compounder"", ""call"": ""hold"", ""target_price"": 105.64, ""thesis"": ""Defensive operational balance sheet balanced by limited immediate re-rating catalysts.""}, {""model"": ""Simulated-AI-Macro-Tactical"", ""call"": ""hold"", ""target_price"": 101.0, ""thesis"": ""Balanced near-term catalysts recommend maintaining current position.""}]"
ENSG,2024-03-28,small_cap,0.4064,0.5,0.2659,131.96,4,"[{""model"": ""Simulated-AI-Momentum-Quant"", ""call"": ""buy"", ""target_price"": 139.22, ""thesis"": ""Strong upward medium-term momentum (+9.5%) signals continued institutional accumulation.""}, {""model"": ""Simulated-AI-Fundamental-Value"", ""call"": ""hold"", ""target_price"": 124.74, ""thesis"": ""Fair valuation reflects balanced risk-reward relative to sector peers.""}, {""model"": ""Simulated-AI-Quality-Compounder"", ""call"": ""hold"", ""target_price"": 127.52, ""thesis"": ""Defensive operational balance sheet balanced by limited immediate re-rating catalysts.""}, {""model"": ""Simulated-AI-Macro-Tactical"", ""call"": ""buy"", ""target_price"": 136.35, ""thesis"": ""Positive operating execution and robust revenue traction support upside.""}]"
FIX,2024-03-28,small_cap,0.4119,0.5,0.2798,325.28,4,"[{""model"": ""Simulated-AI-Momentum-Quant"", ""call"": ""buy"", ""target_price"": 363.24, ""thesis"": ""Strong upward medium-term momentum (+54.0%) signals continued institutional accumulation.""}, {""model"": ""Simulated-AI-Fundamental-Value"", ""call"": ""sell"", ""target_price"": 265.02, ""thesis"": ""Elevated multi-month valuation multiples leave little safety margin against forward earnings revisions.""}, {""model"": ""Simulated-AI-Quality-Compounder"", ""call"": ""hold"", ""target_price"": 326.03, ""thesis"": ""Defensive operational balance sheet balanced by limited immediate re-rating catalysts.""}, {""model"": ""Simulated-AI-Macro-Tactical"", ""call"": ""buy"", ""target_price"": 346.84, ""thesis"": ""Positive operating execution and robust revenue traction support upside.""}]"
GBCI,2024-03-28,small_cap,0.4044,0.5,0.2609,37.05,4,"[{""model"": ""Simulated-AI-Momentum-Quant"", ""call"": ""sell"", ""target_price"": 32.12, ""thesis"": ""Persistent negative price trajectory (-5.2%) indicates structural distribution headwinds.""}, {""model"": ""Simulated-AI-Fundamental-Value"", ""call"": ""buy"", ""target_price"": 43.53, ""thesis"": ""Recent price softening provides an attractive risk-adjusted entry point against fundamental book value.""}, {""model"": ""Simulated-AI-Quality-Compounder"", ""call"": ""hold"", ""target_price"": 38.92, ""thesis"": ""Defensive operational balance sheet balanced by limited immediate re-rating catalysts.""}, {""model"": ""Simulated-AI-Macro-Tactical"", ""call"": ""sell"", ""target_price"": 33.64, ""thesis"": ""Macro headwinds and declining momentum justify a defensive posture.""}]"
GPI,2024-03-28,small_cap,0.4081,0.5,0.2702,274.61,4,"[{""model"": ""Simulated-AI-Momentum-Quant"", ""call"": ""sell"", ""target_price"": 253.37, ""thesis"": ""Persistent negative price trajectory (-5.4%) indicates structural distribution headwinds.""}, {""model"": ""Simulated-AI-Fundamental-Value"", ""call"": ""hold"", ""target_price"": 285.64, ""thesis"": ""Fair valuation reflects balanced risk-reward relative to sector peers.""}, {""model"": ""Simulated-AI-Quality-Compounder"", ""call"": ""hold"", ""target_price"": 300.05, ""thesis"": ""Defensive operational balance sheet balanced by limited immediate re-rating catalysts.""}, {""model"": ""Simulated-AI-Macro-Tactical"", ""call"": ""sell"", ""target_price"": 259.36, ""thesis"": ""Macro headwinds and declining momentum justify a defensive posture.""}]"
HLNE,2024-03-28,small_cap,0.3775,0.5,0.1939,101.62,4,"[{""model"": ""Simulated-AI-Momentum-Quant"", ""call"": ""sell"", ""target_price"": 93.95, ""thesis"": ""Persistent negative price trajectory (-1.7%) indicates structural distribution headwinds.""}, {""model"": ""Simulated-AI-Fundamental-Value"", ""call"": ""hold"", ""target_price"": 107.76, ""thesis"": ""Fair valuation reflects balanced risk-reward relative to sector peers.""}, {""model"": ""Simulated-AI-Quality-Compounder"", ""call"": ""sell"", ""target_price"": 95.14, ""thesis"": ""Heightened earnings volatility and cyclical margin pressures elevate downside risk.""}, {""model"": ""Simulated-AI-Macro-Tactical"", ""call"": ""hold"", ""target_price"": 109.63, ""thesis"": ""Balanced near-term catalysts recommend maintaining current position.""}]"
HWKN,2024-03-28,small_cap,0.5827,0.75,0.3318,79.32,4,"[{""model"": ""Simulated-AI-Momentum-Quant"", ""call"": ""buy"", ""target_price"": 85.87, ""thesis"": ""Strong upward medium-term momentum (+8.5%) signals continued institutional accumulation.""}, {""model"": ""Simulated-AI-Fundamental-Value"", ""call"": ""sell"", ""target_price"": 63.51, ""thesis"": ""Elevated multi-month valuation multiples leave little safety margin against forward earnings revisions.""}, {""model"": ""Simulated-AI-Quality-Compounder"", ""call"": ""buy"", ""target_price"": 84.63, ""thesis"": ""Stable financial profile and durable competitive moat support long-term compounding potential.""}, {""model"": ""Simulated-AI-Macro-Tactical"", ""call"": ""buy"", ""target_price"": 83.27, ""thesis"": ""Positive operating execution and robust revenue traction support upside.""}]"
IBP,2024-03-28,small_cap,0.5829,0.75,0.3322,263.19,4,"[{""model"": ""Simulated-AI-Momentum-Quant"", ""call"": ""buy"", ""target_price"": 287.62, ""thesis"": ""Strong upward medium-term momentum (+40.5%) signals continued institutional accumulation.""}, {""model"": ""Simulated-AI-Fundamental-Value"", ""call"": ""sell"", ""target_price"": 211.71, ""thesis"": ""Elevated multi-month valuation multiples leave little safety margin against forward earnings revisions.""}, {""model"": ""Simulated-AI-Quality-Compounder"", ""call"": ""buy"", ""target_price"": 277.85, ""thesis"": ""Stable financial profile and durable competitive moat support long-term compounding potential.""}, {""model"": ""Simulated-AI-Macro-Tactical"", ""call"": ""buy"", ""target_price"": 275.59, ""thesis"": ""Positive operating execution and robust revenue traction support upside.""}]"
KAR,2024-03-28,small_cap,0.5487,0.75,0.2469,104.86,4,"[{""model"": ""Simulated-AI-Momentum-Quant"", ""call"": ""buy"", ""target_price"": 114.88, ""thesis"": ""Strong upward medium-term momentum (+0.0%) signals continued institutional accumulation.""}, {""model"": ""Simulated-AI-Fundamental-Value"", ""call"": ""hold"", ""target_price"": 100.76, ""thesis"": ""Fair valuation reflects balanced risk-reward relative to sector peers.""}, {""model"": ""Simulated-AI-Quality-Compounder"", ""call"": ""hold"", ""target_price"": 102.8, ""thesis"": ""Defensive operational balance sheet balanced by limited immediate re-rating catalysts.""}, {""model"": ""Simulated-AI-Macro-Tactical"", ""call"": ""hold"", ""target_price"": 101.0, ""thesis"": ""Balanced near-term catalysts recommend maintaining current position.""}]"
MC,2024-03-28,small_cap,0.5488,0.75,0.2469,53.84,4,"[{""model"": ""Simulated-AI-Momentum-Quant"", ""call"": ""buy"", ""target_price"": 58.66, ""thesis"": ""Strong upward medium-term momentum (+0.3%) signals continued institutional accumulation.""}, {""model"": ""Simulated-AI-Fundamental-Value"", ""call"": ""hold"", ""target_price"": 51.45, ""thesis"": ""Fair valuation reflects balanced risk-reward relative to sector peers.""}, {""model"": ""Simulated-AI-Quality-Compounder"", ""call"": ""hold"", ""target_price"": 53.38, ""thesis"": ""Defensive operational balance sheet balanced by limited immediate re-rating catalysts.""}, {""model"": ""Simulated-AI-Macro-Tactical"", ""call"": ""hold"", ""target_price"": 51.86, ""thesis"": ""Balanced near-term catalysts recommend maintaining current position.""}]"
OII,2024-03-28,small_cap,0.5553,0.75,0.2634,25.16,4,"[{""model"": ""Simulated-AI-Momentum-Quant"", ""call"": ""buy"", ""target_price"": 27.11, ""thesis"": ""Strong upward medium-term momentum (+8.2%) signals continued institutional accumulation.""}, {""model"": ""Simulated-AI-Fundamental-Value"", ""call"": ""hold"", ""target_price"": 23.73, ""thesis"": ""Fair valuation reflects balanced risk-reward relative to sector peers.""}, {""model"": ""Simulated-AI-Quality-Compounder"", ""call"": ""hold"", ""target_price"": 24.06, ""thesis"": ""Defensive operational balance sheet balanced by limited immediate re-rating catalysts.""}, {""model"": ""Simulated-AI-Macro-Tactical"", ""call"": ""hold"", ""target_price"": 25.74, ""thesis"": ""Positive operating execution and robust revenue traction support upside.""}]"
PRDO,2024-03-28,small_cap,0.7327,1.0,0.3317,17.03,4,"[{""model"": ""Simulated-AI-Momentum-Quant"", ""call"": ""hold"", ""target_price"": 16.91, ""thesis"": ""Consolidating trading range warrants a neutral rating until breakout confirmation.""}, {""model"": ""Simulated-AI-Fundamental-Value"", ""call"": ""hold"", ""target_price"": 16.63, ""thesis"": ""Fair valuation reflects balanced risk-reward relative to sector peers.""}, {""model"": ""Simulated-AI-Quality-Compounder"", ""call"": ""hold"", ""target_price"": 17.7, ""thesis"": ""Defensive operational balance sheet balanced by limited immediate re-rating catalysts.""}, {""model"": ""Simulated-AI-Macro-Tactical"", ""call"": ""hold"", ""target_price"": 16.89, ""thesis"": ""Balanced near-term catalysts recommend maintaining current position.""}]"
SHOO,2024-03-28,small_cap,0.3768,0.5,0.1921,37.6,4,"[{""model"": ""Simulated-AI-Momentum-Quant"", ""call"": ""sell"", ""target_price"": 34.31, ""thesis"": ""Persistent negative price trajectory (-0.6%) indicates structural distribution headwinds.""}, {""model"": ""Simulated-AI-Fundamental-Value"", ""call"": ""hold"", ""target_price"": 40.26, ""thesis"": ""Fair valuation reflects balanced risk-reward relative to sector peers.""}, {""model"": ""Simulated-AI-Quality-Compounder"", ""call"": ""sell"", ""target_price"": 35.31, ""thesis"": ""Heightened earnings volatility and cyclical margin pressures elevate downside risk.""}, {""model"": ""Simulated-AI-Macro-Tactical"", ""call"": ""hold"", ""target_price"": 40.52, ""thesis"": ""Balanced near-term catalysts recommend maintaining current position.""}]"
SLVM,2024-03-28,small_cap,0.4444,0.5,0.3611,56.45,4,"[{""model"": ""Simulated-AI-Momentum-Quant"", ""call"": ""buy"", ""target_price"": 64.88, ""thesis"": ""Strong upward medium-term momentum (+25.2%) signals continued institutional accumulation.""}, {""model"": ""Simulated-AI-Fundamental-Value"", ""call"": ""sell"", ""target_price"": 48.23, ""thesis"": ""Elevated multi-month valuation multiples leave little safety margin against forward earnings revisions.""}, {""model"": ""Simulated-AI-Quality-Compounder"", ""call"": ""sell"", ""target_price"": 50.08, ""thesis"": ""Heightened earnings volatility and cyclical margin pressures elevate downside risk.""}, {""model"": ""Simulated-AI-Macro-Tactical"", ""call"": ""buy"", ""target_price"": 62.6, ""thesis"": ""Positive operating execution and robust revenue traction support upside.""}]"
AAPL,2024-06-28,large_cap,0.4452,0.5,0.3629,206.9,4,"[{""model"": ""Simulated-AI-Momentum-Quant"", ""call"": ""buy"", ""target_price"": 241.68, ""thesis"": ""Strong upward medium-term momentum (+24.0%) signals continued institutional accumulation.""}, {""model"": ""Simulated-AI-Fundamental-Value"", ""call"": ""sell"", ""target_price"": 173.16, ""thesis"": ""Elevated multi-month valuation multiples leave little safety margin against forward earnings revisions.""}, {""model"": ""Simulated-AI-Quality-Compounder"", ""call"": ""sell"", ""target_price"": 183.28, ""thesis"": ""Heightened earnings volatility and cyclical margin pressures elevate downside risk.""}, {""model"": ""Simulated-AI-Macro-Tactical"", ""call"": ""hold"", ""target_price"": 229.49, ""thesis"": ""Positive operating execution and robust revenue traction support upside.""}]"
MSFT,2024-06-28,large_cap,0.4183,0.5,0.2957,465.59,4,"[{""model"": ""Simulated-AI-Momentum-Quant"", ""call"": ""hold"", ""target_price"": 443.6, ""thesis"": ""Consolidating trading range warrants a neutral rating until breakout confirmation.""}, {""model"": ""Simulated-AI-Fundamental-Value"", ""call"": ""hold"", ""target_price"": 442.2, ""thesis"": ""Fair valuation reflects balanced risk-reward relative to sector peers.""}, {""model"": ""Simulated-AI-Quality-Compounder"", ""call"": ""buy"", ""target_price"": 493.41, ""thesis"": ""Stable financial profile and durable competitive moat support long-term compounding potential.""}, {""model"": ""Simulated-AI-Macro-Tactical"", ""call"": ""buy"", ""target_price"": 483.13, ""thesis"": ""Positive operating execution and robust revenue traction support upside.""}]"
NVDA,2024-06-28,large_cap,0.4118,0.5,0.2796,126.49,4,"[{""model"": ""Simulated-AI-Momentum-Quant"", ""call"": ""buy"", ""target_price"": 141.34, ""thesis"": ""Strong upward medium-term momentum (+36.7%) signals continued institutional accumulation.""}, {""model"": ""Simulated-AI-Fundamental-Value"", ""call"": ""sell"", ""target_price"": 101.95, ""thesis"": ""Elevated multi-month valuation multiples leave little safety margin against forward earnings revisions.""}, {""model"": ""Simulated-AI-Quality-Compounder"", ""call"": ""hold"", ""target_price"": 127.14, ""thesis"": ""Defensive operational balance sheet balanced by limited immediate re-rating catalysts.""}, {""model"": ""Simulated-AI-Macro-Tactical"", ""call"": ""hold"", ""target_price"": 135.52, ""thesis"": ""Positive operating execution and robust revenue traction support upside.""}]"
AMZN,2024-06-28,large_cap,0.5556,0.75,0.2639,206.88,4,"[{""model"": ""Simulated-AI-Momentum-Quant"", ""call"": ""buy"", ""target_price"": 220.61, ""thesis"": ""Strong upward medium-term momentum (+6.8%) signals continued institutional accumulation.""}, {""model"": ""Simulated-AI-Fundamental-Value"", ""call"": ""hold"", ""target_price"": 194.49, ""thesis"": ""Fair valuation reflects balanced risk-reward relative to sector peers.""}, {""model"": ""Simulated-AI-Quality-Compounder"", ""call"": ""hold"", ""target_price"": 199.82, ""thesis"": ""Defensive operational balance sheet balanced by limited immediate re-rating catalysts.""}, {""model"": ""Simulated-AI-Macro-Tactical"", ""call"": ""hold"", ""target_price"": 212.58, ""thesis"": ""Positive operating execution and robust revenue traction support upside.""}]"
GOOGL,2024-06-28,large_cap,0.4448,0.5,0.3619,179.37,4,"[{""model"": ""Simulated-AI-Momentum-Quant"", ""call"": ""buy"", ""target_price"": 208.24, ""thesis"": ""Strong upward medium-term momentum (+17.3%) signals continued institutional accumulation.""}, {""model"": ""Simulated-AI-Fundamental-Value"", ""call"": ""sell"", ""target_price"": 150.83, ""thesis"": ""Elevated multi-month valuation multiples leave little safety margin against forward earnings revisions.""}, {""model"": ""Simulated-AI-Quality-Compounder"", ""call"": ""sell"", ""target_price"": 159.69, ""thesis"": ""Heightened earnings volatility and cyclical margin pressures elevate downside risk.""}, {""model"": ""Simulated-AI-Macro-Tactical"", ""call"": ""hold"", ""target_price"": 198.7, ""thesis"": ""Positive operating execution and robust revenue traction support upside.""}]"
META,2024-06-28,large_cap,0.549,0.75,0.2474,526.55,4,"[{""model"": ""Simulated-AI-Momentum-Quant"", ""call"": ""buy"", ""target_price"": 576.19, ""thesis"": ""Strong upward medium-term momentum (+2.7%) signals continued institutional accumulation.""}, {""model"": ""Simulated-AI-Fundamental-Value"", ""call"": ""hold"", ""target_price"": 506.27, ""thesis"": ""Fair valuation reflects balanced risk-reward relative to sector peers.""}, {""model"": ""Simulated-AI-Quality-Compounder"", ""call"": ""hold"", ""target_price"": 517.89, ""thesis"": ""Defensive operational balance sheet balanced by limited immediate re-rating catalysts.""}, {""model"": ""Simulated-AI-Macro-Tactical"", ""call"": ""hold"", ""target_price"": 505.87, ""thesis"": ""Balanced near-term catalysts recommend maintaining current position.""}]"
BRK-B,2024-06-28,large_cap,0.586,0.75,0.3401,428.62,4,"[{""model"": ""Simulated-AI-Momentum-Quant"", ""call"": ""hold"", ""target_price"": 414.33, ""thesis"": ""Consolidating trading range warrants a neutral rating until breakout confirmation.""}, {""model"": ""Simulated-AI-Fundamental-Value"", ""call"": ""buy"", ""target_price"": 471.07, ""thesis"": ""Recent price softening provides an attractive risk-adjusted entry point against fundamental book value.""}, {""model"": ""Simulated-AI-Quality-Compounder"", ""call"": ""hold"", ""target_price"": 418.19, ""thesis"": ""Defensive operational balance sheet balanced by limited immediate re-rating catalysts.""}, {""model"": ""Simulated-AI-Macro-Tactical"", ""call"": ""hold"", ""target_price"": 410.87, ""thesis"": ""Balanced near-term catalysts recommend maintaining current position.""}]"
JPM,2024-06-28,large_cap,0.4229,0.5,0.3071,192.48,4,"[{""model"": ""Simulated-AI-Momentum-Quant"", ""call"": ""hold"", ""target_price"": 195.54, ""thesis"": ""Consolidating trading range warrants a neutral rating until breakout confirmation.""}, {""model"": ""Simulated-AI-Fundamental-Value"", ""call"": ""sell"", ""target_price"": 161.76, ""thesis"": ""Elevated multi-month valuation multiples leave little safety margin against forward earnings revisions.""}, {""model"": ""Simulated-AI-Quality-Compounder"", ""call"": ""buy"", ""target_price"": 217.66, ""thesis"": ""Stable financial profile and durable competitive moat support long-term compounding potential.""}, {""model"": ""Simulated-AI-Macro-Tactical"", ""call"": ""hold"", ""target_price"": 194.96, ""thesis"": ""Balanced near-term catalysts recommend maintaining current position.""}]"
V,2024-06-28,large_cap,0.7143,1.0,0.2857,255.81,4,"[{""model"": ""Simulated-AI-Momentum-Quant"", ""call"": ""hold"", ""target_price"": 266.31, ""thesis"": ""Consolidating trading range warrants a neutral rating until breakout confirmation.""}, {""model"": ""Simulated-AI-Fundamental-Value"", ""call"": ""hold"", ""target_price"": 256.5, ""thesis"": ""Fair valuation reflects balanced risk-reward relative to sector peers.""}, {""model"": ""Simulated-AI-Quality-Compounder"", ""call"": ""hold"", ""target_price"": 268.17, ""thesis"": ""Defensive operational balance sheet balanced by limited immediate re-rating catalysts.""}, {""model"": ""Simulated-AI-Macro-Tactical"", ""call"": ""hold"", ""target_price"": 232.25, ""thesis"": ""Macro headwinds and declining momentum justify a defensive posture.""}]"
LLY,2024-06-28,large_cap,0.5824,0.75,0.3311,930.69,4,"[{""model"": ""Simulated-AI-Momentum-Quant"", ""call"": ""buy"", ""target_price"": 1011.47, ""thesis"": ""Strong upward medium-term momentum (+19.2%) signals continued institutional accumulation.""}, {""model"": ""Simulated-AI-Fundamental-Value"", ""call"": ""sell"", ""target_price"": 748.08, ""thesis"": ""Elevated multi-month valuation multiples leave little safety margin against forward earnings revisions.""}, {""model"": ""Simulated-AI-Quality-Compounder"", ""call"": ""buy"", ""target_price"": 982.4, ""thesis"": ""Stable financial profile and durable competitive moat support long-term compounding potential.""}, {""model"": ""Simulated-AI-Macro-Tactical"", ""call"": ""buy"", ""target_price"": 980.79, ""thesis"": ""Positive operating execution and robust revenue traction support upside.""}]"
UNH,2024-06-28,large_cap,0.4155,0.5,0.2888,498.8,4,"[{""model"": ""Simulated-AI-Momentum-Quant"", ""call"": ""buy"", ""target_price"": 549.1, ""thesis"": ""Strong upward medium-term momentum (+4.4%) signals continued institutional accumulation.""}, {""model"": ""Simulated-AI-Fundamental-Value"", ""call"": ""sell"", ""target_price"": 411.09, ""thesis"": ""Elevated multi-month valuation multiples leave little safety margin against forward earnings revisions.""}, {""model"": ""Simulated-AI-Quality-Compounder"", ""call"": ""buy"", ""target_price"": 543.35, ""thesis"": ""Stable financial profile and durable competitive moat support long-term compounding potential.""}, {""model"": ""Simulated-AI-Macro-Tactical"", ""call"": ""hold"", ""target_price"": 491.66, ""thesis"": ""Balanced near-term catalysts recommend maintaining current position.""}]"
XOM,2024-06-28,large_cap,0.3759,0.5,0.1898,99.92,4,"[{""model"": ""Simulated-AI-Momentum-Quant"", ""call"": ""sell"", ""target_price"": 89.97, ""thesis"": ""Persistent negative price trajectory (-0.8%) indicates structural distribution headwinds.""}, {""model"": ""Simulated-AI-Fundamental-Value"", ""call"": ""hold"", ""target_price"": 107.41, ""thesis"": ""Fair valuation reflects balanced risk-reward relative to sector peers.""}, {""model"": ""Simulated-AI-Quality-Compounder"", ""call"": ""sell"", ""target_price"": 94.1, ""thesis"": ""Heightened earnings volatility and cyclical margin pressures elevate downside risk.""}, {""model"": ""Simulated-AI-Macro-Tactical"", ""call"": ""hold"", ""target_price"": 108.18, ""thesis"": ""Balanced near-term catalysts recommend maintaining current position.""}]"
JNJ,2024-06-28,large_cap,0.4254,0.5,0.3135,130.58,4,"[{""model"": ""Simulated-AI-Momentum-Quant"", ""call"": ""sell"", ""target_price"": 119.83, ""thesis"": ""Persistent negative price trajectory (-6.6%) indicates structural distribution headwinds.""}, {""model"": ""Simulated-AI-Fundamental-Value"", ""call"": ""buy"", ""target_price"": 158.45, ""thesis"": ""Recent price softening provides an attractive risk-adjusted entry point against fundamental book value.""}, {""model"": ""Simulated-AI-Quality-Compounder"", ""call"": ""sell"", ""target_price"": 120.38, ""thesis"": ""Heightened earnings volatility and cyclical margin pressures elevate downside risk.""}, {""model"": ""Simulated-AI-Macro-Tactical"", ""call"": ""hold"", ""target_price"": 123.68, ""thesis"": ""Macro headwinds and declining momentum justify a defensive posture.""}]"
PG,2024-06-28,large_cap,0.5539,0.75,0.2599,160.21,4,"[{""model"": ""Simulated-AI-Momentum-Quant"", ""call"": ""hold"", ""target_price"": 157.88, ""thesis"": ""Consolidating trading range warrants a neutral rating until breakout confirmation.""}, {""model"": ""Simulated-AI-Fundamental-Value"", ""call"": ""hold"", ""target_price"": 154.76, ""thesis"": ""Fair valuation reflects balanced risk-reward relative to sector peers.""}, {""model"": ""Simulated-AI-Quality-Compounder"", ""call"": ""buy"", ""target_price"": 171.32, ""thesis"": ""Stable financial profile and durable competitive moat support long-term compounding potential.""}, {""model"": ""Simulated-AI-Macro-Tactical"", ""call"": ""hold"", ""target_price"": 156.87, ""thesis"": ""Balanced near-term catalysts recommend maintaining current position.""}]"
HD,2024-06-28,large_cap,0.426,0.5,0.315,310.01,4,"[{""model"": ""Simulated-AI-Momentum-Quant"", ""call"": ""sell"", ""target_price"": 283.17, ""thesis"": ""Persistent negative price trajectory (-5.8%) indicates structural distribution headwinds.""}, {""model"": ""Simulated-AI-Fundamental-Value"", ""call"": ""buy"", ""target_price"": 378.01, ""thesis"": ""Recent price softening provides an attractive risk-adjusted entry point against fundamental book value.""}, {""model"": ""Simulated-AI-Quality-Compounder"", ""call"": ""sell"", ""target_price"": 286.35, ""thesis"": ""Heightened earnings volatility and cyclical margin pressures elevate downside risk.""}, {""model"": ""Simulated-AI-Macro-Tactical"", ""call"": ""hold"", ""target_price"": 292.53, ""thesis"": ""Macro headwinds and declining momentum justify a defensive posture.""}]"
MA,2024-06-28,large_cap,0.4079,0.5,0.2697,411.76,4,"[{""model"": ""Simulated-AI-Momentum-Quant"", ""call"": ""sell"", ""target_price"": 375.03, ""thesis"": ""Persistent negative price trajectory (-7.7%) indicates structural distribution headwinds.""}, {""model"": ""Simulated-AI-Fundamental-Value"", ""call"": ""hold"", ""target_price"": 429.0, ""thesis"": ""Fair valuation reflects balanced risk-reward relative to sector peers.""}, {""model"": ""Simulated-AI-Quality-Compounder"", ""call"": ""hold"", ""target_price"": 451.29, ""thesis"": ""Defensive operational balance sheet balanced by limited immediate re-rating catalysts.""}, {""model"": ""Simulated-AI-Macro-Tactical"", ""call"": ""sell"", ""target_price"": 391.74, ""thesis"": ""Macro headwinds and declining momentum justify a defensive posture.""}]"
COST,2024-06-28,large_cap,0.4319,0.5,0.3298,876.3,4,"[{""model"": ""Simulated-AI-Momentum-Quant"", ""call"": ""buy"", ""target_price"": 955.74, ""thesis"": ""Strong upward medium-term momentum (+18.0%) signals continued institutional accumulation.""}, {""model"": ""Simulated-AI-Fundamental-Value"", ""call"": ""sell"", ""target_price"": 696.41, ""thesis"": ""Elevated multi-month valuation multiples leave little safety margin against forward earnings revisions.""}, {""model"": ""Simulated-AI-Quality-Compounder"", ""call"": ""buy"", ""target_price"": 929.55, ""thesis"": ""Stable financial profile and durable competitive moat support long-term compounding potential.""}, {""model"": ""Simulated-AI-Macro-Tactical"", ""call"": ""hold"", ""target_price"": 923.5, ""thesis"": ""Positive operating execution and robust revenue traction support upside.""}]"
ABBV,2024-06-28,large_cap,0.7327,1.0,0.3317,162.35,4,"[{""model"": ""Simulated-AI-Momentum-Quant"", ""call"": ""hold"", ""target_price"": 165.28, ""thesis"": ""Consolidating trading range warrants a neutral rating until breakout confirmation.""}, {""model"": ""Simulated-AI-Fundamental-Value"", ""call"": ""hold"", ""target_price"": 158.39, ""thesis"": ""Fair valuation reflects balanced risk-reward relative to sector peers.""}, {""model"": ""Simulated-AI-Quality-Compounder"", ""call"": ""hold"", ""target_price"": 165.01, ""thesis"": ""Defensive operational balance sheet balanced by limited immediate re-rating catalysts.""}, {""model"": ""Simulated-AI-Macro-Tactical"", ""call"": ""hold"", ""target_price"": 160.74, ""thesis"": ""Balanced near-term catalysts recommend maintaining current position.""}]"
MRK,2024-06-28,large_cap,0.586,0.75,0.3401,123.31,4,"[{""model"": ""Simulated-AI-Momentum-Quant"", ""call"": ""hold"", ""target_price"": 120.75, ""thesis"": ""Consolidating trading range warrants a neutral rating until breakout confirmation.""}, {""model"": ""Simulated-AI-Fundamental-Value"", ""call"": ""buy"", ""target_price"": 135.64, ""thesis"": ""Recent price softening provides an attractive risk-adjusted entry point against fundamental book value.""}, {""model"": ""Simulated-AI-Quality-Compounder"", ""call"": ""hold"", ""target_price"": 119.82, ""thesis"": ""Defensive operational balance sheet balanced by limited immediate re-rating catalysts.""}, {""model"": ""Simulated-AI-Macro-Tactical"", ""call"": ""hold"", ""target_price"": 117.04, ""thesis"": ""Balanced near-term catalysts recommend maintaining current position.""}]"
BAC,2024-06-28,large_cap,0.5745,0.75,0.3114,41.49,4,"[{""model"": ""Simulated-AI-Momentum-Quant"", ""call"": ""buy"", ""target_price"": 43.42, ""thesis"": ""Strong upward medium-term momentum (+6.6%) signals continued institutional accumulation.""}, {""model"": ""Simulated-AI-Fundamental-Value"", ""call"": ""hold"", ""target_price"": 38.45, ""thesis"": ""Fair valuation reflects balanced risk-reward relative to sector peers.""}, {""model"": ""Simulated-AI-Quality-Compounder"", ""call"": ""buy"", ""target_price"": 42.51, ""thesis"": ""Stable financial profile and durable competitive moat support long-term compounding potential.""}, {""model"": ""Simulated-AI-Macro-Tactical"", ""call"": ""buy"", ""target_price"": 41.58, ""thesis"": ""Positive operating execution and robust revenue traction support upside.""}]"
CVX,2024-06-28,large_cap,0.586,0.75,0.3401,150.2,4,"[{""model"": ""Simulated-AI-Momentum-Quant"", ""call"": ""hold"", ""target_price"": 143.72, ""thesis"": ""Consolidating trading range warrants a neutral rating until breakout confirmation.""}, {""model"": ""Simulated-AI-Fundamental-Value"", ""call"": ""buy"", ""target_price"": 165.86, ""thesis"": ""Recent price softening provides an attractive risk-adjusted entry point against fundamental book value.""}, {""model"": ""Simulated-AI-Quality-Compounder"", ""call"": ""hold"", ""target_price"": 147.44, ""thesis"": ""Defensive operational balance sheet balanced by limited immediate re-rating catalysts.""}, {""model"": ""Simulated-AI-Macro-Tactical"", ""call"": ""hold"", ""target_price"": 143.79, ""thesis"": ""Balanced near-term catalysts recommend maintaining current position.""}]"
CRM,2024-06-28,large_cap,0.4166,0.5,0.2916,228.47,4,"[{""model"": ""Simulated-AI-Momentum-Quant"", ""call"": ""sell"", ""target_price"": 214.19, ""thesis"": ""Persistent negative price trajectory (-14.9%) indicates structural distribution headwinds.""}, {""model"": ""Simulated-AI-Fundamental-Value"", ""call"": ""hold"", ""target_price"": 248.61, ""thesis"": ""Fair valuation reflects balanced risk-reward relative to sector peers.""}, {""model"": ""Simulated-AI-Quality-Compounder"", ""call"": ""sell"", ""target_price"": 223.33, ""thesis"": ""Heightened earnings volatility and cyclical margin pressures elevate downside risk.""}, {""model"": ""Simulated-AI-Macro-Tactical"", ""call"": ""hold"", ""target_price"": 227.75, ""thesis"": ""Macro headwinds and declining momentum justify a defensive posture.""}]"
NFLX,2024-06-28,large_cap,0.5829,0.75,0.3323,70.98,4,"[{""model"": ""Simulated-AI-Momentum-Quant"", ""call"": ""buy"", ""target_price"": 77.91, ""thesis"": ""Strong upward medium-term momentum (+9.9%) signals continued institutional accumulation.""}, {""model"": ""Simulated-AI-Fundamental-Value"", ""call"": ""sell"", ""target_price"": 57.33, ""thesis"": ""Elevated multi-month valuation multiples leave little safety margin against forward earnings revisions.""}, {""model"": ""Simulated-AI-Quality-Compounder"", ""call"": ""buy"", ""target_price"": 74.44, ""thesis"": ""Stable financial profile and durable competitive moat support long-term compounding potential.""}, {""model"": ""Simulated-AI-Macro-Tactical"", ""call"": ""buy"", ""target_price"": 74.24, ""thesis"": ""Positive operating execution and robust revenue traction support upside.""}]"
AMD,2024-06-28,large_cap,0.4255,0.5,0.3138,155.06,4,"[{""model"": ""Simulated-AI-Momentum-Quant"", ""call"": ""sell"", ""target_price"": 140.15, ""thesis"": ""Persistent negative price trajectory (-11.5%) indicates structural distribution headwinds.""}, {""model"": ""Simulated-AI-Fundamental-Value"", ""call"": ""buy"", ""target_price"": 188.33, ""thesis"": ""Recent price softening provides an attractive risk-adjusted entry point against fundamental book value.""}, {""model"": ""Simulated-AI-Quality-Compounder"", ""call"": ""sell"", ""target_price"": 145.75, ""thesis"": ""Heightened earnings volatility and cyclical margin pressures elevate downside risk.""}, {""model"": ""Simulated-AI-Macro-Tactical"", ""call"": ""hold"", ""target_price"": 145.99, ""thesis"": ""Macro headwinds and declining momentum justify a defensive posture.""}]"
PEP,2024-06-28,large_cap,0.5412,0.75,0.2281,148.11,4,"[{""model"": ""Simulated-AI-Momentum-Quant"", ""call"": ""hold"", ""target_price"": 155.92, ""thesis"": ""Consolidating trading range warrants a neutral rating until breakout confirmation.""}, {""model"": ""Simulated-AI-Fundamental-Value"", ""call"": ""hold"", ""target_price"": 150.6, ""thesis"": ""Fair valuation reflects balanced risk-reward relative to sector peers.""}, {""model"": ""Simulated-AI-Quality-Compounder"", ""call"": ""sell"", ""target_price"": 132.97, ""thesis"": ""Heightened earnings volatility and cyclical margin pressures elevate downside risk.""}, {""model"": ""Simulated-AI-Macro-Tactical"", ""call"": ""hold"", ""target_price"": 152.96, ""thesis"": ""Balanced near-term catalysts recommend maintaining current position.""}]"
KO,2024-06-28,large_cap,0.4119,0.5,0.2799,61.85,4,"[{""model"": ""Simulated-AI-Momentum-Quant"", ""call"": ""buy"", ""target_price"": 68.46, ""thesis"": ""Strong upward medium-term momentum (+5.7%) signals continued institutional accumulation.""}, {""model"": ""Simulated-AI-Fundamental-Value"", ""call"": ""sell"", ""target_price"": 50.76, ""thesis"": ""Elevated multi-month valuation multiples leave little safety margin against forward earnings revisions.""}, {""model"": ""Simulated-AI-Quality-Compounder"", ""call"": ""hold"", ""target_price"": 62.02, ""thesis"": ""Defensive operational balance sheet balanced by limited immediate re-rating catalysts.""}, {""model"": ""Simulated-AI-Macro-Tactical"", ""call"": ""hold"", ""target_price"": 66.15, ""thesis"": ""Positive operating execution and robust revenue traction support upside.""}]"
TMO,2024-06-28,large_cap,0.4058,0.5,0.2646,559.77,4,"[{""model"": ""Simulated-AI-Momentum-Quant"", ""call"": ""hold"", ""target_price"": 564.3, ""thesis"": ""Consolidating trading range warrants a neutral rating until breakout confirmation.""}, {""model"": ""Simulated-AI-Fundamental-Value"", ""call"": ""buy"", ""target_price"": 634.6, ""thesis"": ""Recent price softening provides an attractive risk-adjusted entry point against fundamental book value.""}, {""model"": ""Simulated-AI-Quality-Compounder"", ""call"": ""sell"", ""target_price"": 485.49, ""thesis"": ""Heightened earnings volatility and cyclical margin pressures elevate downside risk.""}, {""model"": ""Simulated-AI-Macro-Tactical"", ""call"": ""hold"", ""target_price"": 554.69, ""thesis"": ""Balanced near-term catalysts recommend maintaining current position.""}]"
WMT,2024-06-28,large_cap,0.5827,0.75,0.3316,69.27,4,"[{""model"": ""Simulated-AI-Momentum-Quant"", ""call"": ""buy"", ""target_price"": 75.38, ""thesis"": ""Strong upward medium-term momentum (+13.2%) signals continued institutional accumulation.""}, {""model"": ""Simulated-AI-Fundamental-Value"", ""call"": ""sell"", ""target_price"": 55.63, ""thesis"": ""Elevated multi-month valuation multiples leave little safety margin against forward earnings revisions.""}, {""model"": ""Simulated-AI-Quality-Compounder"", ""call"": ""buy"", ""target_price"": 73.14, ""thesis"": ""Stable financial profile and durable competitive moat support long-term compounding potential.""}, {""model"": ""Simulated-AI-Macro-Tactical"", ""call"": ""buy"", ""target_price"": 72.94, ""thesis"": ""Positive operating execution and robust revenue traction support upside.""}]"
MCD,2024-06-28,large_cap,0.4039,0.5,0.2598,239.09,4,"[{""model"": ""Simulated-AI-Momentum-Quant"", ""call"": ""sell"", ""target_price"": 208.55, ""thesis"": ""Persistent negative price trajectory (-8.5%) indicates structural distribution headwinds.""}, {""model"": ""Simulated-AI-Fundamental-Value"", ""call"": ""buy"", ""target_price"": 280.48, ""thesis"": ""Recent price softening provides an attractive risk-adjusted entry point against fundamental book value.""}, {""model"": ""Simulated-AI-Quality-Compounder"", ""call"": ""hold"", ""target_price"": 250.07, ""thesis"": ""Defensive operational balance sheet balanced by limited immediate re-rating catalysts.""}, {""model"": ""Simulated-AI-Macro-Tactical"", ""call"": ""sell"", ""target_price"": 217.24, ""thesis"": ""Macro headwinds and declining momentum justify a defensive posture.""}]"
CSCO,2024-06-28,large_cap,0.4027,0.5,0.2567,45.89,4,"[{""model"": ""Simulated-AI-Momentum-Quant"", ""call"": ""sell"", ""target_price"": 38.99, ""thesis"": ""Persistent negative price trajectory (-4.3%) indicates structural distribution headwinds.""}, {""model"": ""Simulated-AI-Fundamental-Value"", ""call"": ""buy"", ""target_price"": 52.29, ""thesis"": ""Recent price softening provides an attractive risk-adjusted entry point against fundamental book value.""}, {""model"": ""Simulated-AI-Quality-Compounder"", ""call"": ""hold"", ""target_price"": 46.9, ""thesis"": ""Defensive operational balance sheet balanced by limited immediate re-rating catalysts.""}, {""model"": ""Simulated-AI-Macro-Tactical"", ""call"": ""hold"", ""target_price"": 45.37, ""thesis"": ""Balanced near-term catalysts recommend maintaining current position.""}]"
KNSL,2024-06-28,small_cap,0.5729,0.75,0.3073,365.87,4,"[{""model"": ""Simulated-AI-Momentum-Quant"", ""call"": ""sell"", ""target_price"": 331.44, ""thesis"": ""Persistent negative price trajectory (-24.8%) indicates structural distribution headwinds.""}, {""model"": ""Simulated-AI-Fundamental-Value"", ""call"": ""buy"", ""target_price"": 446.91, ""thesis"": ""Recent price softening provides an attractive risk-adjusted entry point against fundamental book value.""}, {""model"": ""Simulated-AI-Quality-Compounder"", ""call"": ""sell"", ""target_price"": 339.88, ""thesis"": ""Heightened earnings volatility and cyclical margin pressures elevate downside risk.""}, {""model"": ""Simulated-AI-Macro-Tactical"", ""call"": ""sell"", ""target_price"": 345.25, ""thesis"": ""Macro headwinds and declining momentum justify a defensive posture.""}]"
SAIA,2024-06-28,small_cap,0.5717,0.75,0.3042,451.56,4,"[{""model"": ""Simulated-AI-Momentum-Quant"", ""call"": ""sell"", ""target_price"": 402.58, ""thesis"": ""Persistent negative price trajectory (-19.0%) indicates structural distribution headwinds.""}, {""model"": ""Simulated-AI-Fundamental-Value"", ""call"": ""buy"", ""target_price"": 552.55, ""thesis"": ""Recent price softening provides an attractive risk-adjusted entry point against fundamental book value.""}, {""model"": ""Simulated-AI-Quality-Compounder"", ""call"": ""sell"", ""target_price"": 424.25, ""thesis"": ""Heightened earnings volatility and cyclical margin pressures elevate downside risk.""}, {""model"": ""Simulated-AI-Macro-Tactical"", ""call"": ""sell"", ""target_price"": 426.86, ""thesis"": ""Macro headwinds and declining momentum justify a defensive posture.""}]"
MEDP,2024-06-28,small_cap,0.4148,0.5,0.2869,422.31,4,"[{""model"": ""Simulated-AI-Momentum-Quant"", ""call"": ""buy"", ""target_price"": 472.14, ""thesis"": ""Strong upward medium-term momentum (+3.5%) signals continued institutional accumulation.""}, {""model"": ""Simulated-AI-Fundamental-Value"", ""call"": ""sell"", ""target_price"": 343.89, ""thesis"": ""Elevated multi-month valuation multiples leave little safety margin against forward earnings revisions.""}, {""model"": ""Simulated-AI-Quality-Compounder"", ""call"": ""buy"", ""target_price"": 457.24, ""thesis"": ""Stable financial profile and durable competitive moat support long-term compounding potential.""}, {""model"": ""Simulated-AI-Macro-Tactical"", ""call"": ""hold"", ""target_price"": 415.97, ""thesis"": ""Balanced near-term catalysts recommend maintaining current position.""}]"
SSD,2024-06-28,small_cap,0.4227,0.5,0.3067,157.31,4,"[{""model"": ""Simulated-AI-Momentum-Quant"", ""call"": ""sell"", ""target_price"": 140.25, ""thesis"": ""Persistent negative price trajectory (-16.2%) indicates structural distribution headwinds.""}, {""model"": ""Simulated-AI-Fundamental-Value"", ""call"": ""buy"", ""target_price"": 193.82, ""thesis"": ""Recent price softening provides an attractive risk-adjusted entry point against fundamental book value.""}, {""model"": ""Simulated-AI-Quality-Compounder"", ""call"": ""sell"", ""target_price"": 145.76, ""thesis"": ""Heightened earnings volatility and cyclical margin pressures elevate downside risk.""}, {""model"": ""Simulated-AI-Macro-Tactical"", ""call"": ""hold"", ""target_price"": 149.41, ""thesis"": ""Macro headwinds and declining momentum justify a defensive posture.""}]"
EXPO,2024-06-28,small_cap,0.4334,0.5,0.3334,96.66,4,"[{""model"": ""Simulated-AI-Momentum-Quant"", ""call"": ""buy"", ""target_price"": 106.53, ""thesis"": ""Strong upward medium-term momentum (+17.6%) signals continued institutional accumulation.""}, {""model"": ""Simulated-AI-Fundamental-Value"", ""call"": ""sell"", ""target_price"": 77.83, ""thesis"": ""Elevated multi-month valuation multiples leave little safety margin against forward earnings revisions.""}, {""model"": ""Simulated-AI-Quality-Compounder"", ""call"": ""buy"", ""target_price"": 101.24, ""thesis"": ""Stable financial profile and durable competitive moat support long-term compounding potential.""}, {""model"": ""Simulated-AI-Macro-Tactical"", ""call"": ""hold"", ""target_price"": 101.02, ""thesis"": ""Positive operating execution and robust revenue traction support upside.""}]"
FORM,2024-06-28,small_cap,0.4331,0.5,0.3329,63.61,4,"[{""model"": ""Simulated-AI-Momentum-Quant"", ""call"": ""buy"", ""target_price"": 70.02, ""thesis"": ""Strong upward medium-term momentum (+30.8%) signals continued institutional accumulation.""}, {""model"": ""Simulated-AI-Fundamental-Value"", ""call"": ""sell"", ""target_price"": 50.45, ""thesis"": ""Elevated multi-month valuation multiples leave little safety margin against forward earnings revisions.""}, {""model"": ""Simulated-AI-Quality-Compounder"", ""call"": ""buy"", ""target_price"": 67.38, ""thesis"": ""Stable financial profile and durable competitive moat support long-term compounding potential.""}, {""model"": ""Simulated-AI-Macro-Tactical"", ""call"": ""hold"", ""target_price"": 66.58, ""thesis"": ""Positive operating execution and robust revenue traction support upside.""}]"
CRVL,2024-06-28,small_cap,0.7327,1.0,0.3317,86.1,4,"[{""model"": ""Simulated-AI-Momentum-Quant"", ""call"": ""hold"", ""target_price"": 86.07, ""thesis"": ""Consolidating trading range warrants a neutral rating until breakout confirmation.""}, {""model"": ""Simulated-AI-Fundamental-Value"", ""call"": ""hold"", ""target_price"": 84.56, ""thesis"": ""Fair valuation reflects balanced risk-reward relative to sector peers.""}, {""model"": ""Simulated-AI-Quality-Compounder"", ""call"": ""hold"", ""target_price"": 88.15, ""thesis"": ""Defensive operational balance sheet balanced by limited immediate re-rating catalysts.""}, {""model"": ""Simulated-AI-Macro-Tactical"", ""call"": ""hold"", ""target_price"": 85.61, ""thesis"": ""Balanced near-term catalysts recommend maintaining current position.""}]"
TKR,2024-06-28,small_cap,0.5596,0.75,0.2739,80.17,4,"[{""model"": ""Simulated-AI-Momentum-Quant"", ""call"": ""hold"", ""target_price"": 80.63, ""thesis"": ""Consolidating trading range warrants a neutral rating until breakout confirmation.""}, {""model"": ""Simulated-AI-Fundamental-Value"", ""call"": ""buy"", ""target_price"": 89.72, ""thesis"": ""Recent price softening provides an attractive risk-adjusted entry point against fundamental book value.""}, {""model"": ""Simulated-AI-Quality-Compounder"", ""call"": ""hold"", ""target_price"": 80.77, ""thesis"": ""Defensive operational balance sheet balanced by limited immediate re-rating catalysts.""}, {""model"": ""Simulated-AI-Macro-Tactical"", ""call"": ""hold"", ""target_price"": 69.58, ""thesis"": ""Macro headwinds and declining momentum justify a defensive posture.""}]"
POWI,2024-06-28,small_cap,0.4079,0.5,0.2697,68.36,4,"[{""model"": ""Simulated-AI-Momentum-Quant"", ""call"": ""buy"", ""target_price"": 78.34, ""thesis"": ""Strong upward medium-term momentum (-0.4%) signals continued institutional accumulation.""}, {""model"": ""Simulated-AI-Fundamental-Value"", ""call"": ""sell"", ""target_price"": 56.24, ""thesis"": ""Elevated multi-month valuation multiples leave little safety margin against forward earnings revisions.""}, {""model"": ""Simulated-AI-Quality-Compounder"", ""call"": ""hold"", ""target_price"": 70.46, ""thesis"": ""Defensive operational balance sheet balanced by limited immediate re-rating catalysts.""}, {""model"": ""Simulated-AI-Macro-Tactical"", ""call"": ""hold"", ""target_price"": 68.4, ""thesis"": ""Balanced near-term catalysts recommend maintaining current position.""}]"
CALM,2024-06-28,small_cap,0.4118,0.5,0.2794,55.39,4,"[{""model"": ""Simulated-AI-Momentum-Quant"", ""call"": ""buy"", ""target_price"": 60.69, ""thesis"": ""Strong upward medium-term momentum (+6.2%) signals continued institutional accumulation.""}, {""model"": ""Simulated-AI-Fundamental-Value"", ""call"": ""sell"", ""target_price"": 45.6, ""thesis"": ""Elevated multi-month valuation multiples leave little safety margin against forward earnings revisions.""}, {""model"": ""Simulated-AI-Quality-Compounder"", ""call"": ""hold"", ""target_price"": 55.85, ""thesis"": ""Defensive operational balance sheet balanced by limited immediate re-rating catalysts.""}, {""model"": ""Simulated-AI-Macro-Tactical"", ""call"": ""buy"", ""target_price"": 59.43, ""thesis"": ""Positive operating execution and robust revenue traction support upside.""}]"
PLUS,2024-06-28,small_cap,0.3755,0.5,0.1886,67.68,4,"[{""model"": ""Simulated-AI-Momentum-Quant"", ""call"": ""sell"", ""target_price"": 61.03, ""thesis"": ""Persistent negative price trajectory (-4.1%) indicates structural distribution headwinds.""}, {""model"": ""Simulated-AI-Fundamental-Value"", ""call"": ""hold"", ""target_price"": 72.72, ""thesis"": ""Fair valuation reflects balanced risk-reward relative to sector peers.""}, {""model"": ""Simulated-AI-Quality-Compounder"", ""call"": ""sell"", ""target_price"": 63.71, ""thesis"": ""Heightened earnings volatility and cyclical margin pressures elevate downside risk.""}, {""model"": ""Simulated-AI-Macro-Tactical"", ""call"": ""hold"", ""target_price"": 73.25, ""thesis"": ""Balanced near-term catalysts recommend maintaining current position.""}]"
FSS,2024-06-28,small_cap,0.3855,0.5,0.2137,83.36,4,"[{""model"": ""Simulated-AI-Momentum-Quant"", ""call"": ""buy"", ""target_price"": 95.21, ""thesis"": ""Strong upward medium-term momentum (-1.6%) signals continued institutional accumulation.""}, {""model"": ""Simulated-AI-Fundamental-Value"", ""call"": ""hold"", ""target_price"": 81.79, ""thesis"": ""Fair valuation reflects balanced risk-reward relative to sector peers.""}, {""model"": ""Simulated-AI-Quality-Compounder"", ""call"": ""sell"", ""target_price"": 72.94, ""thesis"": ""Heightened earnings volatility and cyclical margin pressures elevate downside risk.""}, {""model"": ""Simulated-AI-Macro-Tactical"", ""call"": ""hold"", ""target_price"": 83.48, ""thesis"": ""Balanced near-term catalysts recommend maintaining current position.""}]"
AMWD,2024-06-28,small_cap,0.5487,0.75,0.2469,104.58,4,"[{""model"": ""Simulated-AI-Momentum-Quant"", ""call"": ""buy"", ""target_price"": 114.8, ""thesis"": ""Strong upward medium-term momentum (+0.0%) signals continued institutional accumulation.""}, {""model"": ""Simulated-AI-Fundamental-Value"", ""call"": ""hold"", ""target_price"": 99.04, ""thesis"": ""Fair valuation reflects balanced risk-reward relative to sector peers.""}, {""model"": ""Simulated-AI-Quality-Compounder"", ""call"": ""hold"", ""target_price"": 103.48, ""thesis"": ""Defensive operational balance sheet balanced by limited immediate re-rating catalysts.""}, {""model"": ""Simulated-AI-Macro-Tactical"", ""call"": ""hold"", ""target_price"": 101.0, ""thesis"": ""Balanced near-term catalysts recommend maintaining current position.""}]"
ATKR,2024-06-28,small_cap,0.5753,0.75,0.3132,122.56,4,"[{""model"": ""Simulated-AI-Momentum-Quant"", ""call"": ""sell"", ""target_price"": 109.65, ""thesis"": ""Persistent negative price trajectory (-30.2%) indicates structural distribution headwinds.""}, {""model"": ""Simulated-AI-Fundamental-Value"", ""call"": ""buy"", ""target_price"": 149.32, ""thesis"": ""Recent price softening provides an attractive risk-adjusted entry point against fundamental book value.""}, {""model"": ""Simulated-AI-Quality-Compounder"", ""call"": ""sell"", ""target_price"": 114.56, ""thesis"": ""Heightened earnings volatility and cyclical margin pressures elevate downside risk.""}, {""model"": ""Simulated-AI-Macro-Tactical"", ""call"": ""sell"", ""target_price"": 116.7, ""thesis"": ""Macro headwinds and declining momentum justify a defensive posture.""}]"
BRC,2024-06-28,small_cap,0.4251,0.5,0.3126,70.12,4,"[{""model"": ""Simulated-AI-Momentum-Quant"", ""call"": ""buy"", ""target_price"": 73.65, ""thesis"": ""Strong upward medium-term momentum (+10.9%) signals continued institutional accumulation.""}, {""model"": ""Simulated-AI-Fundamental-Value"", ""call"": ""hold"", ""target_price"": 65.24, ""thesis"": ""Fair valuation reflects balanced risk-reward relative to sector peers.""}, {""model"": ""Simulated-AI-Quality-Compounder"", ""call"": ""buy"", ""target_price"": 71.06, ""thesis"": ""Stable financial profile and durable competitive moat support long-term compounding potential.""}, {""model"": ""Simulated-AI-Macro-Tactical"", ""call"": ""hold"", ""target_price"": 70.52, ""thesis"": ""Positive operating execution and robust revenue traction support upside.""}]"
CNO,2024-06-28,small_cap,0.4229,0.5,0.3071,26.44,4,"[{""model"": ""Simulated-AI-Momentum-Quant"", ""call"": ""hold"", ""target_price"": 27.06, ""thesis"": ""Consolidating trading range warrants a neutral rating until breakout confirmation.""}, {""model"": ""Simulated-AI-Fundamental-Value"", ""call"": ""sell"", ""target_price"": 22.26, ""thesis"": ""Elevated multi-month valuation multiples leave little safety margin against forward earnings revisions.""}, {""model"": ""Simulated-AI-Quality-Compounder"", ""call"": ""buy"", ""target_price"": 29.45, ""thesis"": ""Stable financial profile and durable competitive moat support long-term compounding potential.""}, {""model"": ""Simulated-AI-Macro-Tactical"", ""call"": ""hold"", ""target_price"": 26.98, ""thesis"": ""Balanced near-term catalysts recommend maintaining current position.""}]"
CSGS,2024-06-28,small_cap,0.7327,1.0,0.3317,102.14,4,"[{""model"": ""Simulated-AI-Momentum-Quant"", ""call"": ""hold"", ""target_price"": 102.25, ""thesis"": ""Consolidating trading range warrants a neutral rating until breakout confirmation.""}, {""model"": ""Simulated-AI-Fundamental-Value"", ""call"": ""hold"", ""target_price"": 100.44, ""thesis"": ""Fair valuation reflects balanced risk-reward relative to sector peers.""}, {""model"": ""Simulated-AI-Quality-Compounder"", ""call"": ""hold"", ""target_price"": 104.88, ""thesis"": ""Defensive operational balance sheet balanced by limited immediate re-rating catalysts.""}, {""model"": ""Simulated-AI-Macro-Tactical"", ""call"": ""hold"", ""target_price"": 101.0, ""thesis"": ""Balanced near-term catalysts recommend maintaining current position.""}]"
ENSG,2024-06-28,small_cap,0.5412,0.75,0.2281,120.67,4,"[{""model"": ""Simulated-AI-Momentum-Quant"", ""call"": ""hold"", ""target_price"": 127.24, ""thesis"": ""Consolidating trading range warrants a neutral rating until breakout confirmation.""}, {""model"": ""Simulated-AI-Fundamental-Value"", ""call"": ""hold"", ""target_price"": 122.6, ""thesis"": ""Fair valuation reflects balanced risk-reward relative to sector peers.""}, {""model"": ""Simulated-AI-Quality-Compounder"", ""call"": ""sell"", ""target_price"": 108.31, ""thesis"": ""Heightened earnings volatility and cyclical margin pressures elevate downside risk.""}, {""model"": ""Simulated-AI-Macro-Tactical"", ""call"": ""hold"", ""target_price"": 124.52, ""thesis"": ""Balanced near-term catalysts recommend maintaining current position.""}]"
FIX,2024-06-28,small_cap,0.4041,0.5,0.2602,307.68,4,"[{""model"": ""Simulated-AI-Momentum-Quant"", ""call"": ""sell"", ""target_price"": 260.76, ""thesis"": ""Persistent negative price trajectory (-4.7%) indicates structural distribution headwinds.""}, {""model"": ""Simulated-AI-Fundamental-Value"", ""call"": ""buy"", ""target_price"": 351.78, ""thesis"": ""Recent price softening provides an attractive risk-adjusted entry point against fundamental book value.""}, {""model"": ""Simulated-AI-Quality-Compounder"", ""call"": ""hold"", ""target_price"": 313.09, ""thesis"": ""Defensive operational balance sheet balanced by limited immediate re-rating catalysts.""}, {""model"": ""Simulated-AI-Macro-Tactical"", ""call"": ""hold"", ""target_price"": 305.11, ""thesis"": ""Balanced near-term catalysts recommend maintaining current position.""}]"
GBCI,2024-06-28,small_cap,0.5994,0.75,0.3736,34.24,4,"[{""model"": ""Simulated-AI-Momentum-Quant"", ""call"": ""hold"", ""target_price"": 36.4, ""thesis"": ""Consolidating trading range warrants a neutral rating until breakout confirmation.""}, {""model"": ""Simulated-AI-Fundamental-Value"", ""call"": ""sell"", ""target_price"": 28.96, ""thesis"": ""Elevated multi-month valuation multiples leave little safety margin against forward earnings revisions.""}, {""model"": ""Simulated-AI-Quality-Compounder"", ""call"": ""hold"", ""target_price"": 36.31, ""thesis"": ""Defensive operational balance sheet balanced by limited immediate re-rating catalysts.""}, {""model"": ""Simulated-AI-Macro-Tactical"", ""call"": ""hold"", ""target_price"": 35.28, ""thesis"": ""Balanced near-term catalysts recommend maintaining current position.""}]"
GPI,2024-06-28,small_cap,0.4153,0.5,0.2882,315.92,4,"[{""model"": ""Simulated-AI-Momentum-Quant"", ""call"": ""hold"", ""target_price"": 295.81, ""thesis"": ""Consolidating trading range warrants a neutral rating until breakout confirmation.""}, {""model"": ""Simulated-AI-Fundamental-Value"", ""call"": ""buy"", ""target_price"": 344.84, ""thesis"": ""Recent price softening provides an attractive risk-adjusted entry point against fundamental book value.""}, {""model"": ""Simulated-AI-Quality-Compounder"", ""call"": ""buy"", ""target_price"": 326.49, ""thesis"": ""Stable financial profile and durable competitive moat support long-term compounding potential.""}, {""model"": ""Simulated-AI-Macro-Tactical"", ""call"": ""hold"", ""target_price"": 296.55, ""thesis"": ""Balanced near-term catalysts recommend maintaining current position.""}]"
HLNE,2024-06-28,small_cap,0.413,0.5,0.2826,123.13,4,"[{""model"": ""Simulated-AI-Momentum-Quant"", ""call"": ""buy"", ""target_price"": 138.28, ""thesis"": ""Strong upward medium-term momentum (+11.5%) signals continued institutional accumulation.""}, {""model"": ""Simulated-AI-Fundamental-Value"", ""call"": ""sell"", ""target_price"": 99.32, ""thesis"": ""Elevated multi-month valuation multiples leave little safety margin against forward earnings revisions.""}, {""model"": ""Simulated-AI-Quality-Compounder"", ""call"": ""hold"", ""target_price"": 123.51, ""thesis"": ""Defensive operational balance sheet balanced by limited immediate re-rating catalysts.""}, {""model"": ""Simulated-AI-Macro-Tactical"", ""call"": ""buy"", ""target_price"": 131.4, ""thesis"": ""Positive operating execution and robust revenue traction support upside.""}]"
HWKN,2024-06-28,small_cap,0.5823,0.75,0.3308,93.73,4,"[{""model"": ""Simulated-AI-Momentum-Quant"", ""call"": ""buy"", ""target_price"": 101.29, ""thesis"": ""Strong upward medium-term momentum (+22.2%) signals continued institutional accumulation.""}, {""model"": ""Simulated-AI-Fundamental-Value"", ""call"": ""sell"", ""target_price"": 75.44, ""thesis"": ""Elevated multi-month valuation multiples leave little safety margin against forward earnings revisions.""}, {""model"": ""Simulated-AI-Quality-Compounder"", ""call"": ""buy"", ""target_price"": 99.33, ""thesis"": ""Stable financial profile and durable competitive moat support long-term compounding potential.""}, {""model"": ""Simulated-AI-Macro-Tactical"", ""call"": ""buy"", ""target_price"": 98.85, ""thesis"": ""Positive operating execution and robust revenue traction support upside.""}]"
IBP,2024-06-28,small_cap,0.5738,0.75,0.3096,191.18,4,"[{""model"": ""Simulated-AI-Momentum-Quant"", ""call"": ""sell"", ""target_price"": 173.95, ""thesis"": ""Persistent negative price trajectory (-19.9%) indicates structural distribution headwinds.""}, {""model"": ""Simulated-AI-Fundamental-Value"", ""call"": ""buy"", ""target_price"": 234.09, ""thesis"": ""Recent price softening provides an attractive risk-adjusted entry point against fundamental book value.""}, {""model"": ""Simulated-AI-Quality-Compounder"", ""call"": ""sell"", ""target_price"": 177.14, ""thesis"": ""Heightened earnings volatility and cyclical margin pressures elevate downside risk.""}, {""model"": ""Simulated-AI-Macro-Tactical"", ""call"": ""sell"", ""target_price"": 179.53, ""thesis"": ""Macro headwinds and declining momentum justify a defensive posture.""}]"
KAR,2024-06-28,small_cap,0.3998,0.5,0.2496,109.16,4,"[{""model"": ""Simulated-AI-Momentum-Quant"", ""call"": ""buy"", ""target_price"": 114.4, ""thesis"": ""Strong upward medium-term momentum (+0.0%) signals continued institutional accumulation.""}, {""model"": ""Simulated-AI-Fundamental-Value"", ""call"": ""buy"", ""target_price"": 116.3, ""thesis"": ""Recent price softening provides an attractive risk-adjusted entry point against fundamental book value.""}, {""model"": ""Simulated-AI-Quality-Compounder"", ""call"": ""hold"", ""target_price"": 104.92, ""thesis"": ""Defensive operational balance sheet balanced by limited immediate re-rating catalysts.""}, {""model"": ""Simulated-AI-Macro-Tactical"", ""call"": ""hold"", ""target_price"": 101.0, ""thesis"": ""Balanced near-term catalysts recommend maintaining current position.""}]"
MC,2024-06-28,small_cap,0.411,0.5,0.2776,50.17,4,"[{""model"": ""Simulated-AI-Momentum-Quant"", ""call"": ""buy"", ""target_price"": 58.94, ""thesis"": ""Strong upward medium-term momentum (+2.4%) signals continued institutional accumulation.""}, {""model"": ""Simulated-AI-Fundamental-Value"", ""call"": ""sell"", ""target_price"": 43.55, ""thesis"": ""Elevated multi-month valuation multiples leave little safety margin against forward earnings revisions.""}, {""model"": ""Simulated-AI-Quality-Compounder"", ""call"": ""sell"", ""target_price"": 45.66, ""thesis"": ""Heightened earnings volatility and cyclical margin pressures elevate downside risk.""}, {""model"": ""Simulated-AI-Macro-Tactical"", ""call"": ""hold"", ""target_price"": 52.55, ""thesis"": ""Balanced near-term catalysts recommend maintaining current position.""}]"
OII,2024-06-28,small_cap,0.409,0.5,0.2726,23.82,4,"[{""model"": ""Simulated-AI-Momentum-Quant"", ""call"": ""buy"", ""target_price"": 27.12, ""thesis"": ""Strong upward medium-term momentum (+0.9%) signals continued institutional accumulation.""}, {""model"": ""Simulated-AI-Fundamental-Value"", ""call"": ""sell"", ""target_price"": 19.64, ""thesis"": ""Elevated multi-month valuation multiples leave little safety margin against forward earnings revisions.""}, {""model"": ""Simulated-AI-Quality-Compounder"", ""call"": ""hold"", ""target_price"": 24.63, ""thesis"": ""Defensive operational balance sheet balanced by limited immediate re-rating catalysts.""}, {""model"": ""Simulated-AI-Macro-Tactical"", ""call"": ""hold"", ""target_price"": 23.9, ""thesis"": ""Balanced near-term catalysts recommend maintaining current position.""}]"
PRDO,2024-06-28,small_cap,0.4127,0.5,0.2817,21.14,4,"[{""model"": ""Simulated-AI-Momentum-Quant"", ""call"": ""buy"", ""target_price"": 23.71, ""thesis"": ""Strong upward medium-term momentum (+21.5%) signals continued institutional accumulation.""}, {""model"": ""Simulated-AI-Fundamental-Value"", ""call"": ""sell"", ""target_price"": 17.17, ""thesis"": ""Elevated multi-month valuation multiples leave little safety margin against forward earnings revisions.""}, {""model"": ""Simulated-AI-Quality-Compounder"", ""call"": ""hold"", ""target_price"": 21.12, ""thesis"": ""Defensive operational balance sheet balanced by limited immediate re-rating catalysts.""}, {""model"": ""Simulated-AI-Macro-Tactical"", ""call"": ""hold"", ""target_price"": 22.55, ""thesis"": ""Positive operating execution and robust revenue traction support upside.""}]"
SHOO,2024-06-28,small_cap,0.3866,0.5,0.2165,40.86,4,"[{""model"": ""Simulated-AI-Momentum-Quant"", ""call"": ""buy"", ""target_price"": 46.3, ""thesis"": ""Strong upward medium-term momentum (+0.2%) signals continued institutional accumulation.""}, {""model"": ""Simulated-AI-Fundamental-Value"", ""call"": ""hold"", ""target_price"": 40.73, ""thesis"": ""Fair valuation reflects balanced risk-reward relative to sector peers.""}, {""model"": ""Simulated-AI-Quality-Compounder"", ""call"": ""sell"", ""target_price"": 35.67, ""thesis"": ""Heightened earnings volatility and cyclical margin pressures elevate downside risk.""}, {""model"": ""Simulated-AI-Macro-Tactical"", ""call"": ""hold"", ""target_price"": 40.73, ""thesis"": ""Balanced near-term catalysts recommend maintaining current position.""}]"
SLVM,2024-06-28,small_cap,0.4332,0.5,0.333,66.06,4,"[{""model"": ""Simulated-AI-Momentum-Quant"", ""call"": ""buy"", ""target_price"": 71.79, ""thesis"": ""Strong upward medium-term momentum (+11.9%) signals continued institutional accumulation.""}, {""model"": ""Simulated-AI-Fundamental-Value"", ""call"": ""sell"", ""target_price"": 52.43, ""thesis"": ""Elevated multi-month valuation multiples leave little safety margin against forward earnings revisions.""}, {""model"": ""Simulated-AI-Quality-Compounder"", ""call"": ""buy"", ""target_price"": 70.1, ""thesis"": ""Stable financial profile and durable competitive moat support long-term compounding potential.""}, {""model"": ""Simulated-AI-Macro-Tactical"", ""call"": ""hold"", ""target_price"": 69.91, ""thesis"": ""Positive operating execution and robust revenue traction support upside.""}]"
AAPL,2024-09-30,large_cap,0.5831,0.75,0.3327,241.74,4,"[{""model"": ""Simulated-AI-Momentum-Quant"", ""call"": ""buy"", ""target_price"": 266.01, ""thesis"": ""Strong upward medium-term momentum (+5.9%) signals continued institutional accumulation.""}, {""model"": ""Simulated-AI-Fundamental-Value"", ""call"": ""sell"", ""target_price"": 191.21, ""thesis"": ""Elevated multi-month valuation multiples leave little safety margin against forward earnings revisions.""}, {""model"": ""Simulated-AI-Quality-Compounder"", ""call"": ""buy"", ""target_price"": 255.56, ""thesis"": ""Stable financial profile and durable competitive moat support long-term compounding potential.""}, {""model"": ""Simulated-AI-Macro-Tactical"", ""call"": ""buy"", ""target_price"": 254.18, ""thesis"": ""Positive operating execution and robust revenue traction support upside.""}]"
MSFT,2024-09-30,large_cap,0.4071,0.5,0.2678,402.43,4,"[{""model"": ""Simulated-AI-Momentum-Quant"", ""call"": ""sell"", ""target_price"": 363.29, ""thesis"": ""Persistent negative price trajectory (-6.1%) indicates structural distribution headwinds.""}, {""model"": ""Simulated-AI-Fundamental-Value"", ""call"": ""hold"", ""target_price"": 417.34, ""thesis"": ""Fair valuation reflects balanced risk-reward relative to sector peers.""}, {""model"": ""Simulated-AI-Quality-Compounder"", ""call"": ""hold"", ""target_price"": 447.84, ""thesis"": ""Defensive operational balance sheet balanced by limited immediate re-rating catalysts.""}, {""model"": ""Simulated-AI-Macro-Tactical"", ""call"": ""sell"", ""target_price"": 381.25, ""thesis"": ""Macro headwinds and declining momentum justify a defensive posture.""}]"
NVDA,2024-09-30,large_cap,0.586,0.75,0.3401,128.24,4,"[{""model"": ""Simulated-AI-Momentum-Quant"", ""call"": ""hold"", ""target_price"": 124.51, ""thesis"": ""Consolidating trading range warrants a neutral rating until breakout confirmation.""}, {""model"": ""Simulated-AI-Fundamental-Value"", ""call"": ""buy"", ""target_price"": 140.68, ""thesis"": ""Recent price softening provides an attractive risk-adjusted entry point against fundamental book value.""}, {""model"": ""Simulated-AI-Quality-Compounder"", ""call"": ""hold"", ""target_price"": 125.43, ""thesis"": ""Defensive operational balance sheet balanced by limited immediate re-rating catalysts.""}, {""model"": ""Simulated-AI-Macro-Tactical"", ""call"": ""hold"", ""target_price"": 122.33, ""thesis"": ""Balanced near-term catalysts recommend maintaining current position.""}]"
AMZN,2024-09-30,large_cap,0.4096,0.5,0.2739,192.02,4,"[{""model"": ""Simulated-AI-Momentum-Quant"", ""call"": ""hold"", ""target_price"": 191.83, ""thesis"": ""Consolidating trading range warrants a neutral rating until breakout confirmation.""}, {""model"": ""Simulated-AI-Fundamental-Value"", ""call"": ""buy"", ""target_price"": 216.33, ""thesis"": ""Recent price softening provides an attractive risk-adjusted entry point against fundamental book value.""}, {""model"": ""Simulated-AI-Quality-Compounder"", ""call"": ""hold"", ""target_price"": 192.22, ""thesis"": ""Defensive operational balance sheet balanced by limited immediate re-rating catalysts.""}, {""model"": ""Simulated-AI-Macro-Tactical"", ""call"": ""sell"", ""target_price"": 167.7, ""thesis"": ""Macro headwinds and declining momentum justify a defensive posture.""}]"
GOOGL,2024-09-30,large_cap,0.4114,0.5,0.2784,164.53,4,"[{""model"": ""Simulated-AI-Momentum-Quant"", ""call"": ""hold"", ""target_price"": 171.94, ""thesis"": ""Consolidating trading range warrants a neutral rating until breakout confirmation.""}, {""model"": ""Simulated-AI-Fundamental-Value"", ""call"": ""buy"", ""target_price"": 190.13, ""thesis"": ""Recent price softening provides an attractive risk-adjusted entry point against fundamental book value.""}, {""model"": ""Simulated-AI-Quality-Compounder"", ""call"": ""sell"", ""target_price"": 147.81, ""thesis"": ""Heightened earnings volatility and cyclical margin pressures elevate downside risk.""}, {""model"": ""Simulated-AI-Macro-Tactical"", ""call"": ""hold"", ""target_price"": 148.22, ""thesis"": ""Macro headwinds and declining momentum justify a defensive posture.""}]"
META,2024-09-30,large_cap,0.4248,0.5,0.312,622.67,4,"[{""model"": ""Simulated-AI-Momentum-Quant"", ""call"": ""buy"", ""target_price"": 651.13, ""thesis"": ""Strong upward medium-term momentum (+12.5%) signals continued institutional accumulation.""}, {""model"": ""Simulated-AI-Fundamental-Value"", ""call"": ""hold"", ""target_price"": 579.87, ""thesis"": ""Fair valuation reflects balanced risk-reward relative to sector peers.""}, {""model"": ""Simulated-AI-Quality-Compounder"", ""call"": ""buy"", ""target_price"": 633.6, ""thesis"": ""Stable financial profile and durable competitive moat support long-term compounding potential.""}, {""model"": ""Simulated-AI-Macro-Tactical"", ""call"": ""hold"", ""target_price"": 626.09, ""thesis"": ""Positive operating execution and robust revenue traction support upside.""}]"
BRK-B,2024-09-30,large_cap,0.5831,0.75,0.3328,478.81,4,"[{""model"": ""Simulated-AI-Momentum-Quant"", ""call"": ""buy"", ""target_price"": 521.75, ""thesis"": ""Strong upward medium-term momentum (+13.1%) signals continued institutional accumulation.""}, {""model"": ""Simulated-AI-Fundamental-Value"", ""call"": ""sell"", ""target_price"": 380.64, ""thesis"": ""Elevated multi-month valuation multiples leave little safety margin against forward earnings revisions.""}, {""model"": ""Simulated-AI-Quality-Compounder"", ""call"": ""buy"", ""target_price"": 506.56, ""thesis"": ""Stable financial profile and durable competitive moat support long-term compounding potential.""}, {""model"": ""Simulated-AI-Macro-Tactical"", ""call"": ""buy"", ""target_price"": 506.29, ""thesis"": ""Positive operating execution and robust revenue traction support upside.""}]"
JPM,2024-09-30,large_cap,0.5994,0.75,0.3736,197.74,4,"[{""model"": ""Simulated-AI-Momentum-Quant"", ""call"": ""hold"", ""target_price"": 205.9, ""thesis"": ""Consolidating trading range warrants a neutral rating until breakout confirmation.""}, {""model"": ""Simulated-AI-Fundamental-Value"", ""call"": ""sell"", ""target_price"": 168.36, ""thesis"": ""Elevated multi-month valuation multiples leave little safety margin against forward earnings revisions.""}, {""model"": ""Simulated-AI-Quality-Compounder"", ""call"": ""hold"", ""target_price"": 212.32, ""thesis"": ""Defensive operational balance sheet balanced by limited immediate re-rating catalysts.""}, {""model"": ""Simulated-AI-Macro-Tactical"", ""call"": ""hold"", ""target_price"": 204.38, ""thesis"": ""Balanced near-term catalysts recommend maintaining current position.""}]"
V,2024-09-30,large_cap,0.4146,0.5,0.2865,277.8,4,"[{""model"": ""Simulated-AI-Momentum-Quant"", ""call"": ""buy"", ""target_price"": 312.04, ""thesis"": ""Strong upward medium-term momentum (+2.7%) signals continued institutional accumulation.""}, {""model"": ""Simulated-AI-Fundamental-Value"", ""call"": ""sell"", ""target_price"": 225.5, ""thesis"": ""Elevated multi-month valuation multiples leave little safety margin against forward earnings revisions.""}, {""model"": ""Simulated-AI-Quality-Compounder"", ""call"": ""buy"", ""target_price"": 300.07, ""thesis"": ""Stable financial profile and durable competitive moat support long-term compounding potential.""}, {""model"": ""Simulated-AI-Macro-Tactical"", ""call"": ""hold"", ""target_price"": 273.58, ""thesis"": ""Balanced near-term catalysts recommend maintaining current position.""}]"
LLY,2024-09-30,large_cap,0.5463,0.75,0.2408,850.03,4,"[{""model"": ""Simulated-AI-Momentum-Quant"", ""call"": ""sell"", ""target_price"": 733.92, ""thesis"": ""Persistent negative price trajectory (-2.2%) indicates structural distribution headwinds.""}, {""model"": ""Simulated-AI-Fundamental-Value"", ""call"": ""hold"", ""target_price"": 870.22, ""thesis"": ""Fair valuation reflects balanced risk-reward relative to sector peers.""}, {""model"": ""Simulated-AI-Quality-Compounder"", ""call"": ""hold"", ""target_price"": 913.55, ""thesis"": ""Defensive operational balance sheet balanced by limited immediate re-rating catalysts.""}, {""model"": ""Simulated-AI-Macro-Tactical"", ""call"": ""hold"", ""target_price"": 882.45, ""thesis"": ""Balanced near-term catalysts recommend maintaining current position.""}]"
UNH,2024-09-30,large_cap,0.4122,0.5,0.2804,575.52,4,"[{""model"": ""Simulated-AI-Momentum-Quant"", ""call"": ""buy"", ""target_price"": 644.32, ""thesis"": ""Strong upward medium-term momentum (+17.8%) signals continued institutional accumulation.""}, {""model"": ""Simulated-AI-Fundamental-Value"", ""call"": ""sell"", ""target_price"": 463.55, ""thesis"": ""Elevated multi-month valuation multiples leave little safety margin against forward earnings revisions.""}, {""model"": ""Simulated-AI-Quality-Compounder"", ""call"": ""hold"", ""target_price"": 577.24, ""thesis"": ""Defensive operational balance sheet balanced by limited immediate re-rating catalysts.""}, {""model"": ""Simulated-AI-Macro-Tactical"", ""call"": ""hold"", ""target_price"": 616.95, ""thesis"": ""Positive operating execution and robust revenue traction support upside.""}]"
XOM,2024-09-30,large_cap,0.4021,0.5,0.2553,117.37,4,"[{""model"": ""Simulated-AI-Momentum-Quant"", ""call"": ""buy"", ""target_price"": 125.51, ""thesis"": ""Strong upward medium-term momentum (+3.5%) signals continued institutional accumulation.""}, {""model"": ""Simulated-AI-Fundamental-Value"", ""call"": ""hold"", ""target_price"": 111.35, ""thesis"": ""Fair valuation reflects balanced risk-reward relative to sector peers.""}, {""model"": ""Simulated-AI-Quality-Compounder"", ""call"": ""buy"", ""target_price"": 121.59, ""thesis"": ""Stable financial profile and durable competitive moat support long-term compounding potential.""}, {""model"": ""Simulated-AI-Macro-Tactical"", ""call"": ""hold"", ""target_price"": 111.04, ""thesis"": ""Balanced near-term catalysts recommend maintaining current position.""}]"
JNJ,2024-09-30,large_cap,0.583,0.75,0.3325,161.03,4,"[{""model"": ""Simulated-AI-Momentum-Quant"", ""call"": ""buy"", ""target_price"": 175.15, ""thesis"": ""Strong upward medium-term momentum (+11.8%) signals continued institutional accumulation.""}, {""model"": ""Simulated-AI-Fundamental-Value"", ""call"": ""sell"", ""target_price"": 130.19, ""thesis"": ""Elevated multi-month valuation multiples leave little safety margin against forward earnings revisions.""}, {""model"": ""Simulated-AI-Quality-Compounder"", ""call"": ""buy"", ""target_price"": 169.9, ""thesis"": ""Stable financial profile and durable competitive moat support long-term compounding potential.""}, {""model"": ""Simulated-AI-Macro-Tactical"", ""call"": ""buy"", ""target_price"": 168.88, ""thesis"": ""Positive operating execution and robust revenue traction support upside.""}]"
PG,2024-09-30,large_cap,0.4242,0.5,0.3106,178.91,4,"[{""model"": ""Simulated-AI-Momentum-Quant"", ""call"": ""buy"", ""target_price"": 183.92, ""thesis"": ""Strong upward medium-term momentum (+6.3%) signals continued institutional accumulation.""}, {""model"": ""Simulated-AI-Fundamental-Value"", ""call"": ""hold"", ""target_price"": 165.87, ""thesis"": ""Fair valuation reflects balanced risk-reward relative to sector peers.""}, {""model"": ""Simulated-AI-Quality-Compounder"", ""call"": ""buy"", ""target_price"": 185.33, ""thesis"": ""Stable financial profile and durable competitive moat support long-term compounding potential.""}, {""model"": ""Simulated-AI-Macro-Tactical"", ""call"": ""hold"", ""target_price"": 180.51, ""thesis"": ""Positive operating execution and robust revenue traction support upside.""}]"
HD,2024-09-30,large_cap,0.5831,0.75,0.3329,406.04,4,"[{""model"": ""Simulated-AI-Momentum-Quant"", ""call"": ""buy"", ""target_price"": 441.27, ""thesis"": ""Strong upward medium-term momentum (+21.7%) signals continued institutional accumulation.""}, {""model"": ""Simulated-AI-Fundamental-Value"", ""call"": ""sell"", ""target_price"": 326.6, ""thesis"": ""Elevated multi-month valuation multiples leave little safety margin against forward earnings revisions.""}, {""model"": ""Simulated-AI-Quality-Compounder"", ""call"": ""buy"", ""target_price"": 432.88, ""thesis"": ""Stable financial profile and durable competitive moat support long-term compounding potential.""}, {""model"": ""Simulated-AI-Macro-Tactical"", ""call"": ""buy"", ""target_price"": 423.41, ""thesis"": ""Positive operating execution and robust revenue traction support upside.""}]"
MA,2024-09-30,large_cap,0.5746,0.75,0.3115,534.7,4,"[{""model"": ""Simulated-AI-Momentum-Quant"", ""call"": ""buy"", ""target_price"": 563.66, ""thesis"": ""Strong upward medium-term momentum (+11.2%) signals continued institutional accumulation.""}, {""model"": ""Simulated-AI-Fundamental-Value"", ""call"": ""hold"", ""target_price"": 494.37, ""thesis"": ""Fair valuation reflects balanced risk-reward relative to sector peers.""}, {""model"": ""Simulated-AI-Quality-Compounder"", ""call"": ""buy"", ""target_price"": 544.04, ""thesis"": ""Stable financial profile and durable competitive moat support long-term compounding potential.""}, {""model"": ""Simulated-AI-Macro-Tactical"", ""call"": ""buy"", ""target_price"": 536.72, ""thesis"": ""Positive operating execution and robust revenue traction support upside.""}]"
COST,2024-09-30,large_cap,0.4229,0.5,0.3071,873.2,4,"[{""model"": ""Simulated-AI-Momentum-Quant"", ""call"": ""hold"", ""target_price"": 886.09, ""thesis"": ""Consolidating trading range warrants a neutral rating until breakout confirmation.""}, {""model"": ""Simulated-AI-Fundamental-Value"", ""call"": ""sell"", ""target_price"": 739.65, ""thesis"": ""Elevated multi-month valuation multiples leave little safety margin against forward earnings revisions.""}, {""model"": ""Simulated-AI-Quality-Compounder"", ""call"": ""buy"", ""target_price"": 981.4, ""thesis"": ""Stable financial profile and durable competitive moat support long-term compounding potential.""}, {""model"": ""Simulated-AI-Macro-Tactical"", ""call"": ""hold"", ""target_price"": 885.65, ""thesis"": ""Balanced near-term catalysts recommend maintaining current position.""}]"
ABBV,2024-09-30,large_cap,0.5828,0.75,0.3319,192.71,4,"[{""model"": ""Simulated-AI-Momentum-Quant"", ""call"": ""buy"", ""target_price"": 209.18, ""thesis"": ""Strong upward medium-term momentum (+20.1%) signals continued institutional accumulation.""}, {""model"": ""Simulated-AI-Fundamental-Value"", ""call"": ""sell"", ""target_price"": 154.5, ""thesis"": ""Elevated multi-month valuation multiples leave little safety margin against forward earnings revisions.""}, {""model"": ""Simulated-AI-Quality-Compounder"", ""call"": ""buy"", ""target_price"": 203.74, ""thesis"": ""Stable financial profile and durable competitive moat support long-term compounding potential.""}, {""model"": ""Simulated-AI-Macro-Tactical"", ""call"": ""buy"", ""target_price"": 203.41, ""thesis"": ""Positive operating execution and robust revenue traction support upside.""}]"
MRK,2024-09-30,large_cap,0.4249,0.5,0.3122,101.86,4,"[{""model"": ""Simulated-AI-Momentum-Quant"", ""call"": ""sell"", ""target_price"": 92.88, ""thesis"": ""Persistent negative price trajectory (-10.5%) indicates structural distribution headwinds.""}, {""model"": ""Simulated-AI-Fundamental-Value"", ""call"": ""buy"", ""target_price"": 123.76, ""thesis"": ""Recent price softening provides an attractive risk-adjusted entry point against fundamental book value.""}, {""model"": ""Simulated-AI-Quality-Compounder"", ""call"": ""sell"", ""target_price"": 94.49, ""thesis"": ""Heightened earnings volatility and cyclical margin pressures elevate downside risk.""}, {""model"": ""Simulated-AI-Macro-Tactical"", ""call"": ""hold"", ""target_price"": 96.31, ""thesis"": ""Macro headwinds and declining momentum justify a defensive posture.""}]"
BAC,2024-09-30,large_cap,0.407,0.5,0.2675,35.65,4,"[{""model"": ""Simulated-AI-Momentum-Quant"", ""call"": ""sell"", ""target_price"": 32.95, ""thesis"": ""Persistent negative price trajectory (-2.4%) indicates structural distribution headwinds.""}, {""model"": ""Simulated-AI-Fundamental-Value"", ""call"": ""sell"", ""target_price"": 31.37, ""thesis"": ""Elevated multi-month valuation multiples leave little safety margin against forward earnings revisions.""}, {""model"": ""Simulated-AI-Quality-Compounder"", ""call"": ""hold"", ""target_price"": 39.93, ""thesis"": ""Defensive operational balance sheet balanced by limited immediate re-rating catalysts.""}, {""model"": ""Simulated-AI-Macro-Tactical"", ""call"": ""hold"", ""target_price"": 38.34, ""thesis"": ""Balanced near-term catalysts recommend maintaining current position.""}]"
CVX,2024-09-30,large_cap,0.5502,0.75,0.2504,132.86,4,"[{""model"": ""Simulated-AI-Momentum-Quant"", ""call"": ""sell"", ""target_price"": 117.76, ""thesis"": ""Persistent negative price trajectory (-5.0%) indicates structural distribution headwinds.""}, {""model"": ""Simulated-AI-Fundamental-Value"", ""call"": ""hold"", ""target_price"": 134.89, ""thesis"": ""Fair valuation reflects balanced risk-reward relative to sector peers.""}, {""model"": ""Simulated-AI-Quality-Compounder"", ""call"": ""hold"", ""target_price"": 141.88, ""thesis"": ""Defensive operational balance sheet balanced by limited immediate re-rating catalysts.""}, {""model"": ""Simulated-AI-Macro-Tactical"", ""call"": ""hold"", ""target_price"": 136.9, ""thesis"": ""Balanced near-term catalysts recommend maintaining current position.""}]"
CRM,2024-09-30,large_cap,0.575,0.75,0.3124,295.12,4,"[{""model"": ""Simulated-AI-Momentum-Quant"", ""call"": ""buy"", ""target_price"": 310.46, ""thesis"": ""Strong upward medium-term momentum (+7.2%) signals continued institutional accumulation.""}, {""model"": ""Simulated-AI-Fundamental-Value"", ""call"": ""hold"", ""target_price"": 273.82, ""thesis"": ""Fair valuation reflects balanced risk-reward relative to sector peers.""}, {""model"": ""Simulated-AI-Quality-Compounder"", ""call"": ""buy"", ""target_price"": 298.9, ""thesis"": ""Stable financial profile and durable competitive moat support long-term compounding potential.""}, {""model"": ""Simulated-AI-Macro-Tactical"", ""call"": ""buy"", ""target_price"": 297.28, ""thesis"": ""Positive operating execution and robust revenue traction support upside.""}]"
NFLX,2024-09-30,large_cap,0.5539,0.75,0.2599,73.02,4,"[{""model"": ""Simulated-AI-Momentum-Quant"", ""call"": ""hold"", ""target_price"": 71.36, ""thesis"": ""Consolidating trading range warrants a neutral rating until breakout confirmation.""}, {""model"": ""Simulated-AI-Fundamental-Value"", ""call"": ""hold"", ""target_price"": 70.99, ""thesis"": ""Fair valuation reflects balanced risk-reward relative to sector peers.""}, {""model"": ""Simulated-AI-Quality-Compounder"", ""call"": ""buy"", ""target_price"": 78.07, ""thesis"": ""Stable financial profile and durable competitive moat support long-term compounding potential.""}, {""model"": ""Simulated-AI-Macro-Tactical"", ""call"": ""hold"", ""target_price"": 71.64, ""thesis"": ""Balanced near-term catalysts recommend maintaining current position.""}]"
AMD,2024-09-30,large_cap,0.3762,0.5,0.1906,152.79,4,"[{""model"": ""Simulated-AI-Momentum-Quant"", ""call"": ""sell"", ""target_price"": 138.35, ""thesis"": ""Persistent negative price trajectory (-0.1%) indicates structural distribution headwinds.""}, {""model"": ""Simulated-AI-Fundamental-Value"", ""call"": ""hold"", ""target_price"": 162.44, ""thesis"": ""Fair valuation reflects balanced risk-reward relative to sector peers.""}, {""model"": ""Simulated-AI-Quality-Compounder"", ""call"": ""sell"", ""target_price"": 144.64, ""thesis"": ""Heightened earnings volatility and cyclical margin pressures elevate downside risk.""}, {""model"": ""Simulated-AI-Macro-Tactical"", ""call"": ""hold"", ""target_price"": 165.72, ""thesis"": ""Balanced near-term catalysts recommend maintaining current position.""}]"
PEP,2024-09-30,large_cap,0.4152,0.5,0.2881,160.94,4,"[{""model"": ""Simulated-AI-Momentum-Quant"", ""call"": ""buy"", ""target_price"": 176.74, ""thesis"": ""Strong upward medium-term momentum (+4.7%) signals continued institutional accumulation.""}, {""model"": ""Simulated-AI-Fundamental-Value"", ""call"": ""sell"", ""target_price"": 131.23, ""thesis"": ""Elevated multi-month valuation multiples leave little safety margin against forward earnings revisions.""}, {""model"": ""Simulated-AI-Quality-Compounder"", ""call"": ""buy"", ""target_price"": 176.86, ""thesis"": ""Stable financial profile and durable competitive moat support long-term compounding potential.""}, {""model"": ""Simulated-AI-Macro-Tactical"", ""call"": ""hold"", ""target_price"": 158.92, ""thesis"": ""Balanced near-term catalysts recommend maintaining current position.""}]"
KO,2024-09-30,large_cap,0.4245,0.5,0.3112,74.73,4,"[{""model"": ""Simulated-AI-Momentum-Quant"", ""call"": ""buy"", ""target_price"": 78.15, ""thesis"": ""Strong upward medium-term momentum (+14.6%) signals continued institutional accumulation.""}, {""model"": ""Simulated-AI-Fundamental-Value"", ""call"": ""hold"", ""target_price"": 69.67, ""thesis"": ""Fair valuation reflects balanced risk-reward relative to sector peers.""}, {""model"": ""Simulated-AI-Quality-Compounder"", ""call"": ""buy"", ""target_price"": 75.89, ""thesis"": ""Stable financial profile and durable competitive moat support long-term compounding potential.""}, {""model"": ""Simulated-AI-Macro-Tactical"", ""call"": ""hold"", ""target_price"": 75.2, ""thesis"": ""Positive operating execution and robust revenue traction support upside.""}]"
TMO,2024-09-30,large_cap,0.556,0.75,0.2651,658.72,4,"[{""model"": ""Simulated-AI-Momentum-Quant"", ""call"": ""buy"", ""target_price"": 699.29, ""thesis"": ""Strong upward medium-term momentum (+15.9%) signals continued institutional accumulation.""}, {""model"": ""Simulated-AI-Fundamental-Value"", ""call"": ""hold"", ""target_price"": 626.02, ""thesis"": ""Fair valuation reflects balanced risk-reward relative to sector peers.""}, {""model"": ""Simulated-AI-Quality-Compounder"", ""call"": ""hold"", ""target_price"": 633.4, ""thesis"": ""Defensive operational balance sheet balanced by limited immediate re-rating catalysts.""}, {""model"": ""Simulated-AI-Macro-Tactical"", ""call"": ""hold"", ""target_price"": 676.18, ""thesis"": ""Positive operating execution and robust revenue traction support upside.""}]"
WMT,2024-09-30,large_cap,0.5825,0.75,0.3312,83.0,4,"[{""model"": ""Simulated-AI-Momentum-Quant"", ""call"": ""buy"", ""target_price"": 90.15, ""thesis"": ""Strong upward medium-term momentum (+19.0%) signals continued institutional accumulation.""}, {""model"": ""Simulated-AI-Fundamental-Value"", ""call"": ""sell"", ""target_price"": 67.17, ""thesis"": ""Elevated multi-month valuation multiples leave little safety margin against forward earnings revisions.""}, {""model"": ""Simulated-AI-Quality-Compounder"", ""call"": ""buy"", ""target_price"": 87.47, ""thesis"": ""Stable financial profile and durable competitive moat support long-term compounding potential.""}, {""model"": ""Simulated-AI-Macro-Tactical"", ""call"": ""buy"", ""target_price"": 87.23, ""thesis"": ""Positive operating execution and robust revenue traction support upside.""}]"
MCD,2024-09-30,large_cap,0.5831,0.75,0.3328,304.94,4,"[{""model"": ""Simulated-AI-Momentum-Quant"", ""call"": ""buy"", ""target_price"": 336.28, ""thesis"": ""Strong upward medium-term momentum (+23.6%) signals continued institutional accumulation.""}, {""model"": ""Simulated-AI-Fundamental-Value"", ""call"": ""sell"", ""target_price"": 241.07, ""thesis"": ""Elevated multi-month valuation multiples leave little safety margin against forward earnings revisions.""}, {""model"": ""Simulated-AI-Quality-Compounder"", ""call"": ""buy"", ""target_price"": 323.29, ""thesis"": ""Stable financial profile and durable competitive moat support long-term compounding potential.""}, {""model"": ""Simulated-AI-Macro-Tactical"", ""call"": ""buy"", ""target_price"": 319.11, ""thesis"": ""Positive operating execution and robust revenue traction support upside.""}]"
CSCO,2024-09-30,large_cap,0.4451,0.5,0.3626,50.27,4,"[{""model"": ""Simulated-AI-Momentum-Quant"", ""call"": ""buy"", ""target_price"": 58.5, ""thesis"": ""Strong upward medium-term momentum (+13.5%) signals continued institutional accumulation.""}, {""model"": ""Simulated-AI-Fundamental-Value"", ""call"": ""sell"", ""target_price"": 41.97, ""thesis"": ""Elevated multi-month valuation multiples leave little safety margin against forward earnings revisions.""}, {""model"": ""Simulated-AI-Quality-Compounder"", ""call"": ""sell"", ""target_price"": 44.79, ""thesis"": ""Heightened earnings volatility and cyclical margin pressures elevate downside risk.""}, {""model"": ""Simulated-AI-Macro-Tactical"", ""call"": ""hold"", ""target_price"": 55.83, ""thesis"": ""Positive operating execution and robust revenue traction support upside.""}]"
KNSL,2024-09-30,small_cap,0.445,0.5,0.3625,456.55,4,"[{""model"": ""Simulated-AI-Momentum-Quant"", ""call"": ""buy"", ""target_price"": 523.42, ""thesis"": ""Strong upward medium-term momentum (+22.1%) signals continued institutional accumulation.""}, {""model"": ""Simulated-AI-Fundamental-Value"", ""call"": ""sell"", ""target_price"": 384.41, ""thesis"": ""Elevated multi-month valuation multiples leave little safety margin against forward earnings revisions.""}, {""model"": ""Simulated-AI-Quality-Compounder"", ""call"": ""sell"", ""target_price"": 408.29, ""thesis"": ""Heightened earnings volatility and cyclical margin pressures elevate downside risk.""}, {""model"": ""Simulated-AI-Macro-Tactical"", ""call"": ""buy"", ""target_price"": 510.07, ""thesis"": ""Positive operating execution and robust revenue traction support upside.""}]"
SAIA,2024-09-30,small_cap,0.5643,0.75,0.2857,433.0,4,"[{""model"": ""Simulated-AI-Momentum-Quant"", ""call"": ""hold"", ""target_price"": 452.56, ""thesis"": ""Consolidating trading range warrants a neutral rating until breakout confirmation.""}, {""model"": ""Simulated-AI-Fundamental-Value"", ""call"": ""hold"", ""target_price"": 430.96, ""thesis"": ""Fair valuation reflects balanced risk-reward relative to sector peers.""}, {""model"": ""Simulated-AI-Quality-Compounder"", ""call"": ""hold"", ""target_price"": 454.93, ""thesis"": ""Defensive operational balance sheet balanced by limited immediate re-rating catalysts.""}, {""model"": ""Simulated-AI-Macro-Tactical"", ""call"": ""sell"", ""target_price"": 393.53, ""thesis"": ""Macro headwinds and declining momentum justify a defensive posture.""}]"
MEDP,2024-09-30,small_cap,0.4256,0.5,0.3139,318.71,4,"[{""model"": ""Simulated-AI-Momentum-Quant"", ""call"": ""sell"", ""target_price"": 284.13, ""thesis"": ""Persistent negative price trajectory (-17.5%) indicates structural distribution headwinds.""}, {""model"": ""Simulated-AI-Fundamental-Value"", ""call"": ""buy"", ""target_price"": 390.21, ""thesis"": ""Recent price softening provides an attractive risk-adjusted entry point against fundamental book value.""}, {""model"": ""Simulated-AI-Quality-Compounder"", ""call"": ""sell"", ""target_price"": 300.09, ""thesis"": ""Heightened earnings volatility and cyclical margin pressures elevate downside risk.""}, {""model"": ""Simulated-AI-Macro-Tactical"", ""call"": ""hold"", ""target_price"": 300.42, ""thesis"": ""Macro headwinds and declining momentum justify a defensive posture.""}]"
SSD,2024-09-30,small_cap,0.583,0.75,0.3324,196.82,4,"[{""model"": ""Simulated-AI-Momentum-Quant"", ""call"": ""buy"", ""target_price"": 211.98, ""thesis"": ""Strong upward medium-term momentum (+16.1%) signals continued institutional accumulation.""}, {""model"": ""Simulated-AI-Fundamental-Value"", ""call"": ""sell"", ""target_price"": 159.19, ""thesis"": ""Elevated multi-month valuation multiples leave little safety margin against forward earnings revisions.""}, {""model"": ""Simulated-AI-Quality-Compounder"", ""call"": ""buy"", ""target_price"": 208.51, ""thesis"": ""Stable financial profile and durable competitive moat support long-term compounding potential.""}, {""model"": ""Simulated-AI-Macro-Tactical"", ""call"": ""buy"", ""target_price"": 207.6, ""thesis"": ""Positive operating execution and robust revenue traction support upside.""}]"
EXPO,2024-09-30,small_cap,0.5831,0.75,0.3328,116.16,4,"[{""model"": ""Simulated-AI-Momentum-Quant"", ""call"": ""buy"", ""target_price"": 125.8, ""thesis"": ""Strong upward medium-term momentum (+23.0%) signals continued institutional accumulation.""}, {""model"": ""Simulated-AI-Fundamental-Value"", ""call"": ""sell"", ""target_price"": 92.85, ""thesis"": ""Elevated multi-month valuation multiples leave little safety margin against forward earnings revisions.""}, {""model"": ""Simulated-AI-Quality-Compounder"", ""call"": ""buy"", ""target_price"": 123.23, ""thesis"": ""Stable financial profile and durable competitive moat support long-term compounding potential.""}, {""model"": ""Simulated-AI-Macro-Tactical"", ""call"": ""buy"", ""target_price"": 122.76, ""thesis"": ""Positive operating execution and robust revenue traction support upside.""}]"
FORM,2024-09-30,small_cap,0.5737,0.75,0.3091,43.62,4,"[{""model"": ""Simulated-AI-Momentum-Quant"", ""call"": ""sell"", ""target_price"": 38.71, ""thesis"": ""Persistent negative price trajectory (-24.5%) indicates structural distribution headwinds.""}, {""model"": ""Simulated-AI-Fundamental-Value"", ""call"": ""buy"", ""target_price"": 54.03, ""thesis"": ""Recent price softening provides an attractive risk-adjusted entry point against fundamental book value.""}, {""model"": ""Simulated-AI-Quality-Compounder"", ""call"": ""sell"", ""target_price"": 40.34, ""thesis"": ""Heightened earnings volatility and cyclical margin pressures elevate downside risk.""}, {""model"": ""Simulated-AI-Macro-Tactical"", ""call"": ""sell"", ""target_price"": 41.4, ""thesis"": ""Macro headwinds and declining momentum justify a defensive posture.""}]"
CRVL,2024-09-30,small_cap,0.4124,0.5,0.2809,111.45,4,"[{""model"": ""Simulated-AI-Momentum-Quant"", ""call"": ""buy"", ""target_price"": 122.21, ""thesis"": ""Strong upward medium-term momentum (+26.4%) signals continued institutional accumulation.""}, {""model"": ""Simulated-AI-Fundamental-Value"", ""call"": ""sell"", ""target_price"": 91.47, ""thesis"": ""Elevated multi-month valuation multiples leave little safety margin against forward earnings revisions.""}, {""model"": ""Simulated-AI-Quality-Compounder"", ""call"": ""hold"", ""target_price"": 112.27, ""thesis"": ""Defensive operational balance sheet balanced by limited immediate re-rating catalysts.""}, {""model"": ""Simulated-AI-Macro-Tactical"", ""call"": ""buy"", ""target_price"": 119.86, ""thesis"": ""Positive operating execution and robust revenue traction support upside.""}]"
TKR,2024-09-30,small_cap,0.4446,0.5,0.3614,81.12,4,"[{""model"": ""Simulated-AI-Momentum-Quant"", ""call"": ""buy"", ""target_price"": 94.01, ""thesis"": ""Strong upward medium-term momentum (+6.4%) signals continued institutional accumulation.""}, {""model"": ""Simulated-AI-Fundamental-Value"", ""call"": ""sell"", ""target_price"": 68.55, ""thesis"": ""Elevated multi-month valuation multiples leave little safety margin against forward earnings revisions.""}, {""model"": ""Simulated-AI-Quality-Compounder"", ""call"": ""sell"", ""target_price"": 72.11, ""thesis"": ""Heightened earnings volatility and cyclical margin pressures elevate downside risk.""}, {""model"": ""Simulated-AI-Macro-Tactical"", ""call"": ""buy"", ""target_price"": 89.83, ""thesis"": ""Positive operating execution and robust revenue traction support upside.""}]"
POWI,2024-09-30,small_cap,0.5574,0.75,0.2686,58.95,4,"[{""model"": ""Simulated-AI-Momentum-Quant"", ""call"": ""sell"", ""target_price"": 53.41, ""thesis"": ""Persistent negative price trajectory (-8.9%) indicates structural distribution headwinds.""}, {""model"": ""Simulated-AI-Fundamental-Value"", ""call"": ""hold"", ""target_price"": 61.48, ""thesis"": ""Fair valuation reflects balanced risk-reward relative to sector peers.""}, {""model"": ""Simulated-AI-Quality-Compounder"", ""call"": ""hold"", ""target_price"": 65.08, ""thesis"": ""Defensive operational balance sheet balanced by limited immediate re-rating catalysts.""}, {""model"": ""Simulated-AI-Macro-Tactical"", ""call"": ""hold"", ""target_price"": 55.84, ""thesis"": ""Macro headwinds and declining momentum justify a defensive posture.""}]"
CALM,2024-09-30,small_cap,0.4328,0.5,0.332,69.97,4,"[{""model"": ""Simulated-AI-Momentum-Quant"", ""call"": ""buy"", ""target_price"": 76.16, ""thesis"": ""Strong upward medium-term momentum (+22.4%) signals continued institutional accumulation.""}, {""model"": ""Simulated-AI-Fundamental-Value"", ""call"": ""sell"", ""target_price"": 56.36, ""thesis"": ""Elevated multi-month valuation multiples leave little safety margin against forward earnings revisions.""}, {""model"": ""Simulated-AI-Quality-Compounder"", ""call"": ""buy"", ""target_price"": 73.75, ""thesis"": ""Stable financial profile and durable competitive moat support long-term compounding potential.""}, {""model"": ""Simulated-AI-Macro-Tactical"", ""call"": ""hold"", ""target_price"": 73.59, ""thesis"": ""Positive operating execution and robust revenue traction support upside.""}]"
PLUS,2024-09-30,small_cap,0.4457,0.5,0.3641,96.19,4,"[{""model"": ""Simulated-AI-Momentum-Quant"", ""call"": ""buy"", ""target_price"": 111.67, ""thesis"": ""Strong upward medium-term momentum (+33.5%) signals continued institutional accumulation.""}, {""model"": ""Simulated-AI-Fundamental-Value"", ""call"": ""sell"", ""target_price"": 81.36, ""thesis"": ""Elevated multi-month valuation multiples leave little safety margin against forward earnings revisions.""}, {""model"": ""Simulated-AI-Quality-Compounder"", ""call"": ""sell"", ""target_price"": 85.23, ""thesis"": ""Heightened earnings volatility and cyclical margin pressures elevate downside risk.""}, {""model"": ""Simulated-AI-Macro-Tactical"", ""call"": ""hold"", ""target_price"": 106.48, ""thesis"": ""Positive operating execution and robust revenue traction support upside.""}]"
FSS,2024-09-30,small_cap,0.5833,0.75,0.3331,96.17,4,"[{""model"": ""Simulated-AI-Momentum-Quant"", ""call"": ""buy"", ""target_price"": 103.61, ""thesis"": ""Strong upward medium-term momentum (+12.5%) signals continued institutional accumulation.""}, {""model"": ""Simulated-AI-Fundamental-Value"", ""call"": ""sell"", ""target_price"": 77.05, ""thesis"": ""Elevated multi-month valuation multiples leave little safety margin against forward earnings revisions.""}, {""model"": ""Simulated-AI-Quality-Compounder"", ""call"": ""buy"", ""target_price"": 102.35, ""thesis"": ""Stable financial profile and durable competitive moat support long-term compounding potential.""}, {""model"": ""Simulated-AI-Macro-Tactical"", ""call"": ""buy"", ""target_price"": 101.68, ""thesis"": ""Positive operating execution and robust revenue traction support upside.""}]"
AMWD,2024-09-30,small_cap,0.7327,1.0,0.3317,101.7,4,"[{""model"": ""Simulated-AI-Momentum-Quant"", ""call"": ""hold"", ""target_price"": 101.0, ""thesis"": ""Consolidating trading range warrants a neutral rating until breakout confirmation.""}, {""model"": ""Simulated-AI-Fundamental-Value"", ""call"": ""hold"", ""target_price"": 100.8, ""thesis"": ""Fair valuation reflects balanced risk-reward relative to sector peers.""}, {""model"": ""Simulated-AI-Quality-Compounder"", ""call"": ""hold"", ""target_price"": 104.0, ""thesis"": ""Defensive operational balance sheet balanced by limited immediate re-rating catalysts.""}, {""model"": ""Simulated-AI-Macro-Tactical"", ""call"": ""hold"", ""target_price"": 101.0, ""thesis"": ""Balanced near-term catalysts recommend maintaining current position.""}]"
ATKR,2024-09-30,small_cap,0.5754,0.75,0.3134,77.96,4,"[{""model"": ""Simulated-AI-Momentum-Quant"", ""call"": ""sell"", ""target_price"": 71.31, ""thesis"": ""Persistent negative price trajectory (-35.1%) indicates structural distribution headwinds.""}, {""model"": ""Simulated-AI-Fundamental-Value"", ""call"": ""buy"", ""target_price"": 95.18, ""thesis"": ""Recent price softening provides an attractive risk-adjusted entry point against fundamental book value.""}, {""model"": ""Simulated-AI-Quality-Compounder"", ""call"": ""sell"", ""target_price"": 71.81, ""thesis"": ""Heightened earnings volatility and cyclical margin pressures elevate downside risk.""}, {""model"": ""Simulated-AI-Macro-Tactical"", ""call"": ""sell"", ""target_price"": 73.53, ""thesis"": ""Macro headwinds and declining momentum justify a defensive posture.""}]"
BRC,2024-09-30,small_cap,0.5823,0.75,0.3309,78.26,4,"[{""model"": ""Simulated-AI-Momentum-Quant"", ""call"": ""buy"", ""target_price"": 85.55, ""thesis"": ""Strong upward medium-term momentum (+18.6%) signals continued institutional accumulation.""}, {""model"": ""Simulated-AI-Fundamental-Value"", ""call"": ""sell"", ""target_price"": 62.51, ""thesis"": ""Elevated multi-month valuation multiples leave little safety margin against forward earnings revisions.""}, {""model"": ""Simulated-AI-Quality-Compounder"", ""call"": ""buy"", ""target_price"": 82.82, ""thesis"": ""Stable financial profile and durable competitive moat support long-term compounding potential.""}, {""model"": ""Simulated-AI-Macro-Tactical"", ""call"": ""buy"", ""target_price"": 82.15, ""thesis"": ""Positive operating execution and robust revenue traction support upside.""}]"
CNO,2024-09-30,small_cap,0.4447,0.5,0.3619,33.52,4,"[{""model"": ""Simulated-AI-Momentum-Quant"", ""call"": ""buy"", ""target_price"": 38.74, ""thesis"": ""Strong upward medium-term momentum (+25.4%) signals continued institutional accumulation.""}, {""model"": ""Simulated-AI-Fundamental-Value"", ""call"": ""sell"", ""target_price"": 28.19, ""thesis"": ""Elevated multi-month valuation multiples leave little safety margin against forward earnings revisions.""}, {""model"": ""Simulated-AI-Quality-Compounder"", ""call"": ""sell"", ""target_price"": 29.75, ""thesis"": ""Heightened earnings volatility and cyclical margin pressures elevate downside risk.""}, {""model"": ""Simulated-AI-Macro-Tactical"", ""call"": ""hold"", ""target_price"": 37.38, ""thesis"": ""Positive operating execution and robust revenue traction support upside.""}]"
CSGS,2024-09-30,small_cap,0.5994,0.75,0.3736,97.78,4,"[{""model"": ""Simulated-AI-Momentum-Quant"", ""call"": ""hold"", ""target_price"": 102.05, ""thesis"": ""Consolidating trading range warrants a neutral rating until breakout confirmation.""}, {""model"": ""Simulated-AI-Fundamental-Value"", ""call"": ""sell"", ""target_price"": 82.9, ""thesis"": ""Elevated multi-month valuation multiples leave little safety margin against forward earnings revisions.""}, {""model"": ""Simulated-AI-Quality-Compounder"", ""call"": ""hold"", ""target_price"": 105.16, ""thesis"": ""Defensive operational balance sheet balanced by limited immediate re-rating catalysts.""}, {""model"": ""Simulated-AI-Macro-Tactical"", ""call"": ""hold"", ""target_price"": 101.0, ""thesis"": ""Balanced near-term catalysts recommend maintaining current position.""}]"
ENSG,2024-09-30,small_cap,0.4121,0.5,0.2802,147.52,4,"[{""model"": ""Simulated-AI-Momentum-Quant"", ""call"": ""buy"", ""target_price"": 163.26, ""thesis"": ""Strong upward medium-term momentum (+14.3%) signals continued institutional accumulation.""}, {""model"": ""Simulated-AI-Fundamental-Value"", ""call"": ""sell"", ""target_price"": 120.89, ""thesis"": ""Elevated multi-month valuation multiples leave little safety margin against forward earnings revisions.""}, {""model"": ""Simulated-AI-Quality-Compounder"", ""call"": ""hold"", ""target_price"": 148.17, ""thesis"": ""Defensive operational balance sheet balanced by limited immediate re-rating catalysts.""}, {""model"": ""Simulated-AI-Macro-Tactical"", ""call"": ""buy"", ""target_price"": 157.75, ""thesis"": ""Positive operating execution and robust revenue traction support upside.""}]"
FIX,2024-09-30,small_cap,0.5831,0.75,0.3327,403.93,4,"[{""model"": ""Simulated-AI-Momentum-Quant"", ""call"": ""buy"", ""target_price"": 434.99, ""thesis"": ""Strong upward medium-term momentum (+33.0%) signals continued institutional accumulation.""}, {""model"": ""Simulated-AI-Fundamental-Value"", ""call"": ""sell"", ""target_price"": 326.4, ""thesis"": ""Elevated multi-month valuation multiples leave little safety margin against forward earnings revisions.""}, {""model"": ""Simulated-AI-Quality-Compounder"", ""call"": ""buy"", ""target_price"": 427.39, ""thesis"": ""Stable financial profile and durable competitive moat support long-term compounding potential.""}, {""model"": ""Simulated-AI-Macro-Tactical"", ""call"": ""buy"", ""target_price"": 426.92, ""thesis"": ""Positive operating execution and robust revenue traction support upside.""}]"
GBCI,2024-09-30,small_cap,0.4327,0.5,0.3318,45.33,4,"[{""model"": ""Simulated-AI-Momentum-Quant"", ""call"": ""buy"", ""target_price"": 49.59, ""thesis"": ""Strong upward medium-term momentum (+22.6%) signals continued institutional accumulation.""}, {""model"": ""Simulated-AI-Fundamental-Value"", ""call"": ""sell"", ""target_price"": 36.52, ""thesis"": ""Elevated multi-month valuation multiples leave little safety margin against forward earnings revisions.""}, {""model"": ""Simulated-AI-Quality-Compounder"", ""call"": ""buy"", ""target_price"": 47.72, ""thesis"": ""Stable financial profile and durable competitive moat support long-term compounding potential.""}, {""model"": ""Simulated-AI-Macro-Tactical"", ""call"": ""hold"", ""target_price"": 47.49, ""thesis"": ""Positive operating execution and robust revenue traction support upside.""}]"
GPI,2024-09-30,small_cap,0.5834,0.75,0.3336,395.63,4,"[{""model"": ""Simulated-AI-Momentum-Quant"", ""call"": ""buy"", ""target_price"": 428.79, ""thesis"": ""Strong upward medium-term momentum (+30.9%) signals continued institutional accumulation.""}, {""model"": ""Simulated-AI-Fundamental-Value"", ""call"": ""sell"", ""target_price"": 312.88, ""thesis"": ""Elevated multi-month valuation multiples leave little safety margin against forward earnings revisions.""}, {""model"": ""Simulated-AI-Quality-Compounder"", ""call"": ""buy"", ""target_price"": 424.17, ""thesis"": ""Stable financial profile and durable competitive moat support long-term compounding potential.""}, {""model"": ""Simulated-AI-Macro-Tactical"", ""call"": ""buy"", ""target_price"": 416.67, ""thesis"": ""Positive operating execution and robust revenue traction support upside.""}]"
HLNE,2024-09-30,small_cap,0.5836,0.75,0.3339,171.38,4,"[{""model"": ""Simulated-AI-Momentum-Quant"", ""call"": ""buy"", ""target_price"": 187.33, ""thesis"": ""Strong upward medium-term momentum (+32.7%) signals continued institutional accumulation.""}, {""model"": ""Simulated-AI-Fundamental-Value"", ""call"": ""sell"", ""target_price"": 138.06, ""thesis"": ""Elevated multi-month valuation multiples leave little safety margin against forward earnings revisions.""}, {""model"": ""Simulated-AI-Quality-Compounder"", ""call"": ""buy"", ""target_price"": 180.5, ""thesis"": ""Stable financial profile and durable competitive moat support long-term compounding potential.""}, {""model"": ""Simulated-AI-Macro-Tactical"", ""call"": ""buy"", ""target_price"": 179.62, ""thesis"": ""Positive operating execution and robust revenue traction support upside.""}]"
HWKN,2024-09-30,small_cap,0.5827,0.75,0.3316,132.6,4,"[{""model"": ""Simulated-AI-Momentum-Quant"", ""call"": ""buy"", ""target_price"": 145.23, ""thesis"": ""Strong upward medium-term momentum (+43.7%) signals continued institutional accumulation.""}, {""model"": ""Simulated-AI-Fundamental-Value"", ""call"": ""sell"", ""target_price"": 105.84, ""thesis"": ""Elevated multi-month valuation multiples leave little safety margin against forward earnings revisions.""}, {""model"": ""Simulated-AI-Quality-Compounder"", ""call"": ""buy"", ""target_price"": 140.64, ""thesis"": ""Stable financial profile and durable competitive moat support long-term compounding potential.""}, {""model"": ""Simulated-AI-Macro-Tactical"", ""call"": ""buy"", ""target_price"": 138.68, ""thesis"": ""Positive operating execution and robust revenue traction support upside.""}]"
IBP,2024-09-30,small_cap,0.5832,0.75,0.3331,252.06,4,"[{""model"": ""Simulated-AI-Momentum-Quant"", ""call"": ""buy"", ""target_price"": 272.36, ""thesis"": ""Strong upward medium-term momentum (+24.1%) signals continued institutional accumulation.""}, {""model"": ""Simulated-AI-Fundamental-Value"", ""call"": ""sell"", ""target_price"": 202.64, ""thesis"": ""Elevated multi-month valuation multiples leave little safety margin against forward earnings revisions.""}, {""model"": ""Simulated-AI-Quality-Compounder"", ""call"": ""buy"", ""target_price"": 270.07, ""thesis"": ""Stable financial profile and durable competitive moat support long-term compounding potential.""}, {""model"": ""Simulated-AI-Macro-Tactical"", ""call"": ""buy"", ""target_price"": 263.18, ""thesis"": ""Positive operating execution and robust revenue traction support upside.""}]"
KAR,2024-09-30,small_cap,0.3998,0.5,0.2496,109.1,4,"[{""model"": ""Simulated-AI-Momentum-Quant"", ""call"": ""buy"", ""target_price"": 115.6, ""thesis"": ""Strong upward medium-term momentum (+0.0%) signals continued institutional accumulation.""}, {""model"": ""Simulated-AI-Fundamental-Value"", ""call"": ""buy"", ""target_price"": 116.95, ""thesis"": ""Recent price softening provides an attractive risk-adjusted entry point against fundamental book value.""}, {""model"": ""Simulated-AI-Quality-Compounder"", ""call"": ""hold"", ""target_price"": 102.84, ""thesis"": ""Defensive operational balance sheet balanced by limited immediate re-rating catalysts.""}, {""model"": ""Simulated-AI-Macro-Tactical"", ""call"": ""hold"", ""target_price"": 101.0, ""thesis"": ""Balanced near-term catalysts recommend maintaining current position.""}]"
MC,2024-09-30,small_cap,0.5827,0.75,0.3318,66.41,4,"[{""model"": ""Simulated-AI-Momentum-Quant"", ""call"": ""buy"", ""target_price"": 72.36, ""thesis"": ""Strong upward medium-term momentum (+20.9%) signals continued institutional accumulation.""}, {""model"": ""Simulated-AI-Fundamental-Value"", ""call"": ""sell"", ""target_price"": 53.01, ""thesis"": ""Elevated multi-month valuation multiples leave little safety margin against forward earnings revisions.""}, {""model"": ""Simulated-AI-Quality-Compounder"", ""call"": ""buy"", ""target_price"": 70.62, ""thesis"": ""Stable financial profile and durable competitive moat support long-term compounding potential.""}, {""model"": ""Simulated-AI-Macro-Tactical"", ""call"": ""buy"", ""target_price"": 69.63, ""thesis"": ""Positive operating execution and robust revenue traction support upside.""}]"
OII,2024-09-30,small_cap,0.5539,0.75,0.2599,25.64,4,"[{""model"": ""Simulated-AI-Momentum-Quant"", ""call"": ""hold"", ""target_price"": 24.8, ""thesis"": ""Consolidating trading range warrants a neutral rating until breakout confirmation.""}, {""model"": ""Simulated-AI-Fundamental-Value"", ""call"": ""hold"", ""target_price"": 25.14, ""thesis"": ""Fair valuation reflects balanced risk-reward relative to sector peers.""}, {""model"": ""Simulated-AI-Quality-Compounder"", ""call"": ""buy"", ""target_price"": 27.49, ""thesis"": ""Stable financial profile and durable competitive moat support long-term compounding potential.""}, {""model"": ""Simulated-AI-Macro-Tactical"", ""call"": ""hold"", ""target_price"": 25.12, ""thesis"": ""Balanced near-term catalysts recommend maintaining current position.""}]"
PRDO,2024-09-30,small_cap,0.5831,0.75,0.3329,22.39,4,"[{""model"": ""Simulated-AI-Momentum-Quant"", ""call"": ""buy"", ""target_price"": 24.32, ""thesis"": ""Strong upward medium-term momentum (+6.0%) signals continued institutional accumulation.""}, {""model"": ""Simulated-AI-Fundamental-Value"", ""call"": ""sell"", ""target_price"": 17.77, ""thesis"": ""Elevated multi-month valuation multiples leave little safety margin against forward earnings revisions.""}, {""model"": ""Simulated-AI-Quality-Compounder"", ""call"": ""buy"", ""target_price"": 23.92, ""thesis"": ""Stable financial profile and durable competitive moat support long-term compounding potential.""}, {""model"": ""Simulated-AI-Macro-Tactical"", ""call"": ""buy"", ""target_price"": 23.55, ""thesis"": ""Positive operating execution and robust revenue traction support upside.""}]"
SHOO,2024-09-30,small_cap,0.5836,0.75,0.3341,49.39,4,"[{""model"": ""Simulated-AI-Momentum-Quant"", ""call"": ""buy"", ""target_price"": 53.84, ""thesis"": ""Strong upward medium-term momentum (+17.1%) signals continued institutional accumulation.""}, {""model"": ""Simulated-AI-Fundamental-Value"", ""call"": ""sell"", ""target_price"": 39.44, ""thesis"": ""Elevated multi-month valuation multiples leave little safety margin against forward earnings revisions.""}, {""model"": ""Simulated-AI-Quality-Compounder"", ""call"": ""buy"", ""target_price"": 52.66, ""thesis"": ""Stable financial profile and durable competitive moat support long-term compounding potential.""}, {""model"": ""Simulated-AI-Macro-Tactical"", ""call"": ""buy"", ""target_price"": 51.62, ""thesis"": ""Positive operating execution and robust revenue traction support upside.""}]"
SLVM,2024-09-30,small_cap,0.5827,0.75,0.3317,84.19,4,"[{""model"": ""Simulated-AI-Momentum-Quant"", ""call"": ""buy"", ""target_price"": 91.47, ""thesis"": ""Strong upward medium-term momentum (+27.1%) signals continued institutional accumulation.""}, {""model"": ""Simulated-AI-Fundamental-Value"", ""call"": ""sell"", ""target_price"": 66.78, ""thesis"": ""Elevated multi-month valuation multiples leave little safety margin against forward earnings revisions.""}, {""model"": ""Simulated-AI-Quality-Compounder"", ""call"": ""buy"", ""target_price"": 90.43, ""thesis"": ""Stable financial profile and durable competitive moat support long-term compounding potential.""}, {""model"": ""Simulated-AI-Macro-Tactical"", ""call"": ""buy"", ""target_price"": 88.08, ""thesis"": ""Positive operating execution and robust revenue traction support upside.""}]"
AAPL,2024-12-31,large_cap,0.5834,0.75,0.3335,260.21,4,"[{""model"": ""Simulated-AI-Momentum-Quant"", ""call"": ""buy"", ""target_price"": 285.02, ""thesis"": ""Strong upward medium-term momentum (+10.5%) signals continued institutional accumulation.""}, {""model"": ""Simulated-AI-Fundamental-Value"", ""call"": ""sell"", ""target_price"": 208.09, ""thesis"": ""Elevated multi-month valuation multiples leave little safety margin against forward earnings revisions.""}, {""model"": ""Simulated-AI-Quality-Compounder"", ""call"": ""buy"", ""target_price"": 274.23, ""thesis"": ""Stable financial profile and durable competitive moat support long-term compounding potential.""}, {""model"": ""Simulated-AI-Macro-Tactical"", ""call"": ""buy"", ""target_price"": 273.48, ""thesis"": ""Positive operating execution and robust revenue traction support upside.""}]"
MSFT,2024-12-31,large_cap,0.4095,0.5,0.2737,420.62,4,"[{""model"": ""Simulated-AI-Momentum-Quant"", ""call"": ""buy"", ""target_price"": 477.32, ""thesis"": ""Strong upward medium-term momentum (+1.2%) signals continued institutional accumulation.""}, {""model"": ""Simulated-AI-Fundamental-Value"", ""call"": ""sell"", ""target_price"": 348.84, ""thesis"": ""Elevated multi-month valuation multiples leave little safety margin against forward earnings revisions.""}, {""model"": ""Simulated-AI-Quality-Compounder"", ""call"": ""hold"", ""target_price"": 436.4, ""thesis"": ""Defensive operational balance sheet balanced by limited immediate re-rating catalysts.""}, {""model"": ""Simulated-AI-Macro-Tactical"", ""call"": ""hold"", ""target_price"": 419.94, ""thesis"": ""Balanced near-term catalysts recommend maintaining current position.""}]"
NVDA,2024-12-31,large_cap,0.5747,0.75,0.3119,146.83,4,"[{""model"": ""Simulated-AI-Momentum-Quant"", ""call"": ""buy"", ""target_price"": 154.08, ""thesis"": ""Strong upward medium-term momentum (+13.0%) signals continued institutional accumulation.""}, {""model"": ""Simulated-AI-Fundamental-Value"", ""call"": ""hold"", ""target_price"": 136.24, ""thesis"": ""Fair valuation reflects balanced risk-reward relative to sector peers.""}, {""model"": ""Simulated-AI-Quality-Compounder"", ""call"": ""buy"", ""target_price"": 149.66, ""thesis"": ""Stable financial profile and durable competitive moat support long-term compounding potential.""}, {""model"": ""Simulated-AI-Macro-Tactical"", ""call"": ""buy"", ""target_price"": 147.33, ""thesis"": ""Positive operating execution and robust revenue traction support upside.""}]"
AMZN,2024-12-31,large_cap,0.4325,0.5,0.3313,231.16,4,"[{""model"": ""Simulated-AI-Momentum-Quant"", ""call"": ""buy"", ""target_price"": 253.44, ""thesis"": ""Strong upward medium-term momentum (+18.7%) signals continued institutional accumulation.""}, {""model"": ""Simulated-AI-Fundamental-Value"", ""call"": ""sell"", ""target_price"": 184.73, ""thesis"": ""Elevated multi-month valuation multiples leave little safety margin against forward earnings revisions.""}, {""model"": ""Simulated-AI-Quality-Compounder"", ""call"": ""buy"", ""target_price"": 245.15, ""thesis"": ""Stable financial profile and durable competitive moat support long-term compounding potential.""}, {""model"": ""Simulated-AI-Macro-Tactical"", ""call"": ""hold"", ""target_price"": 241.33, ""thesis"": ""Positive operating execution and robust revenue traction support upside.""}]"
GOOGL,2024-12-31,large_cap,0.4329,0.5,0.3321,196.75,4,"[{""model"": ""Simulated-AI-Momentum-Quant"", ""call"": ""buy"", ""target_price"": 213.95, ""thesis"": ""Strong upward medium-term momentum (+14.3%) signals continued institutional accumulation.""}, {""model"": ""Simulated-AI-Fundamental-Value"", ""call"": ""sell"", ""target_price"": 158.46, ""thesis"": ""Elevated multi-month valuation multiples leave little safety margin against forward earnings revisions.""}, {""model"": ""Simulated-AI-Quality-Compounder"", ""call"": ""buy"", ""target_price"": 207.58, ""thesis"": ""Stable financial profile and durable competitive moat support long-term compounding potential.""}, {""model"": ""Simulated-AI-Macro-Tactical"", ""call"": ""hold"", ""target_price"": 207.02, ""thesis"": ""Positive operating execution and robust revenue traction support upside.""}]"
META,2024-12-31,large_cap,0.5491,0.75,0.2476,611.59,4,"[{""model"": ""Simulated-AI-Momentum-Quant"", ""call"": ""buy"", ""target_price"": 670.26, ""thesis"": ""Strong upward medium-term momentum (+2.3%) signals continued institutional accumulation.""}, {""model"": ""Simulated-AI-Fundamental-Value"", ""call"": ""hold"", ""target_price"": 586.82, ""thesis"": ""Fair valuation reflects balanced risk-reward relative to sector peers.""}, {""model"": ""Simulated-AI-Quality-Compounder"", ""call"": ""hold"", ""target_price"": 600.81, ""thesis"": ""Defensive operational balance sheet balanced by limited immediate re-rating catalysts.""}, {""model"": ""Simulated-AI-Macro-Tactical"", ""call"": ""hold"", ""target_price"": 588.46, ""thesis"": ""Balanced near-term catalysts recommend maintaining current position.""}]"
BRK-B,2024-12-31,large_cap,0.5488,0.75,0.2469,441.45,4,"[{""model"": ""Simulated-AI-Momentum-Quant"", ""call"": ""sell"", ""target_price"": 384.38, ""thesis"": ""Persistent negative price trajectory (-0.7%) indicates structural distribution headwinds.""}, {""model"": ""Simulated-AI-Fundamental-Value"", ""call"": ""hold"", ""target_price"": 454.37, ""thesis"": ""Fair valuation reflects balanced risk-reward relative to sector peers.""}, {""model"": ""Simulated-AI-Quality-Compounder"", ""call"": ""hold"", ""target_price"": 469.24, ""thesis"": ""Defensive operational balance sheet balanced by limited immediate re-rating catalysts.""}, {""model"": ""Simulated-AI-Macro-Tactical"", ""call"": ""hold"", ""target_price"": 457.81, ""thesis"": ""Balanced near-term catalysts recommend maintaining current position.""}]"
JPM,2024-12-31,large_cap,0.4238,0.5,0.3096,240.27,4,"[{""model"": ""Simulated-AI-Momentum-Quant"", ""call"": ""buy"", ""target_price"": 266.45, ""thesis"": ""Strong upward medium-term momentum (+16.3%) signals continued institutional accumulation.""}, {""model"": ""Simulated-AI-Fundamental-Value"", ""call"": ""hold"", ""target_price"": 235.43, ""thesis"": ""Fair valuation reflects balanced risk-reward relative to sector peers.""}, {""model"": ""Simulated-AI-Quality-Compounder"", ""call"": ""sell"", ""target_price"": 204.6, ""thesis"": ""Heightened earnings volatility and cyclical margin pressures elevate downside risk.""}, {""model"": ""Simulated-AI-Macro-Tactical"", ""call"": ""hold"", ""target_price"": 254.59, ""thesis"": ""Positive operating execution and robust revenue traction support upside.""}]"
V,2024-12-31,large_cap,0.4329,0.5,0.3321,326.98,4,"[{""model"": ""Simulated-AI-Momentum-Quant"", ""call"": ""buy"", ""target_price"": 361.1, ""thesis"": ""Strong upward medium-term momentum (+14.3%) signals continued institutional accumulation.""}, {""model"": ""Simulated-AI-Fundamental-Value"", ""call"": ""sell"", ""target_price"": 260.16, ""thesis"": ""Elevated multi-month valuation multiples leave little safety margin against forward earnings revisions.""}, {""model"": ""Simulated-AI-Quality-Compounder"", ""call"": ""buy"", ""target_price"": 343.51, ""thesis"": ""Stable financial profile and durable competitive moat support long-term compounding potential.""}, {""model"": ""Simulated-AI-Macro-Tactical"", ""call"": ""hold"", ""target_price"": 343.13, ""thesis"": ""Positive operating execution and robust revenue traction support upside.""}]"
LLY,2024-12-31,large_cap,0.4236,0.5,0.3089,721.17,4,"[{""model"": ""Simulated-AI-Momentum-Quant"", ""call"": ""sell"", ""target_price"": 652.18, ""thesis"": ""Persistent negative price trajectory (-13.2%) indicates structural distribution headwinds.""}, {""model"": ""Simulated-AI-Fundamental-Value"", ""call"": ""buy"", ""target_price"": 878.13, ""thesis"": ""Recent price softening provides an attractive risk-adjusted entry point against fundamental book value.""}, {""model"": ""Simulated-AI-Quality-Compounder"", ""call"": ""sell"", ""target_price"": 668.04, ""thesis"": ""Heightened earnings volatility and cyclical margin pressures elevate downside risk.""}, {""model"": ""Simulated-AI-Macro-Tactical"", ""call"": ""hold"", ""target_price"": 686.34, ""thesis"": ""Macro headwinds and declining momentum justify a defensive posture.""}]"
UNH,2024-12-31,large_cap,0.424,0.5,0.3099,465.4,4,"[{""model"": ""Simulated-AI-Momentum-Quant"", ""call"": ""sell"", ""target_price"": 424.37, ""thesis"": ""Persistent negative price trajectory (-14.3%) indicates structural distribution headwinds.""}, {""model"": ""Simulated-AI-Fundamental-Value"", ""call"": ""buy"", ""target_price"": 570.89, ""thesis"": ""Recent price softening provides an attractive risk-adjusted entry point against fundamental book value.""}, {""model"": ""Simulated-AI-Quality-Compounder"", ""call"": ""sell"", ""target_price"": 427.93, ""thesis"": ""Heightened earnings volatility and cyclical margin pressures elevate downside risk.""}, {""model"": ""Simulated-AI-Macro-Tactical"", ""call"": ""hold"", ""target_price"": 438.4, ""thesis"": ""Macro headwinds and declining momentum justify a defensive posture.""}]"
XOM,2024-12-31,large_cap,0.5672,0.75,0.2931,92.56,4,"[{""model"": ""Simulated-AI-Momentum-Quant"", ""call"": ""sell"", ""target_price"": 89.35, ""thesis"": ""Persistent negative price trajectory (-10.8%) indicates structural distribution headwinds.""}, {""model"": ""Simulated-AI-Fundamental-Value"", ""call"": ""hold"", ""target_price"": 100.13, ""thesis"": ""Fair valuation reflects balanced risk-reward relative to sector peers.""}, {""model"": ""Simulated-AI-Quality-Compounder"", ""call"": ""sell"", ""target_price"": 89.21, ""thesis"": ""Heightened earnings volatility and cyclical margin pressures elevate downside risk.""}, {""model"": ""Simulated-AI-Macro-Tactical"", ""call"": ""sell"", ""target_price"": 91.55, ""thesis"": ""Macro headwinds and declining momentum justify a defensive posture.""}]"
JNJ,2024-12-31,large_cap,0.4182,0.5,0.2954,124.74,4,"[{""model"": ""Simulated-AI-Momentum-Quant"", ""call"": ""sell"", ""target_price"": 118.32, ""thesis"": ""Persistent negative price trajectory (-9.5%) indicates structural distribution headwinds.""}, {""model"": ""Simulated-AI-Fundamental-Value"", ""call"": ""hold"", ""target_price"": 135.45, ""thesis"": ""Fair valuation reflects balanced risk-reward relative to sector peers.""}, {""model"": ""Simulated-AI-Quality-Compounder"", ""call"": ""sell"", ""target_price"": 120.91, ""thesis"": ""Heightened earnings volatility and cyclical margin pressures elevate downside risk.""}, {""model"": ""Simulated-AI-Macro-Tactical"", ""call"": ""hold"", ""target_price"": 124.29, ""thesis"": ""Macro headwinds and declining momentum justify a defensive posture.""}]"
PG,2024-12-31,large_cap,0.5994,0.75,0.3736,157.04,4,"[{""model"": ""Simulated-AI-Momentum-Quant"", ""call"": ""hold"", ""target_price"": 165.05, ""thesis"": ""Consolidating trading range warrants a neutral rating until breakout confirmation.""}, {""model"": ""Simulated-AI-Fundamental-Value"", ""call"": ""sell"", ""target_price"": 132.62, ""thesis"": ""Elevated multi-month valuation multiples leave little safety margin against forward earnings revisions.""}, {""model"": ""Simulated-AI-Quality-Compounder"", ""call"": ""hold"", ""target_price"": 169.11, ""thesis"": ""Defensive operational balance sheet balanced by limited immediate re-rating catalysts.""}, {""model"": ""Simulated-AI-Macro-Tactical"", ""call"": ""hold"", ""target_price"": 161.38, ""thesis"": ""Balanced near-term catalysts recommend maintaining current position.""}]"
HD,2024-12-31,large_cap,0.3921,0.5,0.2302,362.75,4,"[{""model"": ""Simulated-AI-Momentum-Quant"", ""call"": ""sell"", ""target_price"": 316.19, ""thesis"": ""Persistent negative price trajectory (-4.9%) indicates structural distribution headwinds.""}, {""model"": ""Simulated-AI-Fundamental-Value"", ""call"": ""buy"", ""target_price"": 434.05, ""thesis"": ""Recent price softening provides an attractive risk-adjusted entry point against fundamental book value.""}, {""model"": ""Simulated-AI-Quality-Compounder"", ""call"": ""sell"", ""target_price"": 325.58, ""thesis"": ""Heightened earnings volatility and cyclical margin pressures elevate downside risk.""}, {""model"": ""Simulated-AI-Macro-Tactical"", ""call"": ""hold"", ""target_price"": 375.17, ""thesis"": ""Balanced near-term catalysts recommend maintaining current position.""}]"
MA,2024-12-31,large_cap,0.4244,0.5,0.3111,539.6,4,"[{""model"": ""Simulated-AI-Momentum-Quant"", ""call"": ""buy"", ""target_price"": 597.7, ""thesis"": ""Strong upward medium-term momentum (+6.4%) signals continued institutional accumulation.""}, {""model"": ""Simulated-AI-Fundamental-Value"", ""call"": ""hold"", ""target_price"": 530.39, ""thesis"": ""Fair valuation reflects balanced risk-reward relative to sector peers.""}, {""model"": ""Simulated-AI-Quality-Compounder"", ""call"": ""sell"", ""target_price"": 457.19, ""thesis"": ""Heightened earnings volatility and cyclical margin pressures elevate downside risk.""}, {""model"": ""Simulated-AI-Macro-Tactical"", ""call"": ""hold"", ""target_price"": 573.11, ""thesis"": ""Positive operating execution and robust revenue traction support upside.""}]"
COST,2024-12-31,large_cap,0.5994,0.75,0.3736,883.12,4,"[{""model"": ""Simulated-AI-Momentum-Quant"", ""call"": ""hold"", ""target_price"": 922.03, ""thesis"": ""Consolidating trading range warrants a neutral rating until breakout confirmation.""}, {""model"": ""Simulated-AI-Fundamental-Value"", ""call"": ""sell"", ""target_price"": 755.5, ""thesis"": ""Elevated multi-month valuation multiples leave little safety margin against forward earnings revisions.""}, {""model"": ""Simulated-AI-Quality-Compounder"", ""call"": ""hold"", ""target_price"": 938.37, ""thesis"": ""Defensive operational balance sheet balanced by limited immediate re-rating catalysts.""}, {""model"": ""Simulated-AI-Macro-Tactical"", ""call"": ""hold"", ""target_price"": 916.59, ""thesis"": ""Balanced near-term catalysts recommend maintaining current position.""}]"
ABBV,2024-12-31,large_cap,0.5568,0.75,0.267,158.76,4,"[{""model"": ""Simulated-AI-Momentum-Quant"", ""call"": ""sell"", ""target_price"": 142.64, ""thesis"": ""Persistent negative price trajectory (-9.0%) indicates structural distribution headwinds.""}, {""model"": ""Simulated-AI-Fundamental-Value"", ""call"": ""hold"", ""target_price"": 165.31, ""thesis"": ""Fair valuation reflects balanced risk-reward relative to sector peers.""}, {""model"": ""Simulated-AI-Quality-Compounder"", ""call"": ""hold"", ""target_price"": 176.12, ""thesis"": ""Defensive operational balance sheet balanced by limited immediate re-rating catalysts.""}, {""model"": ""Simulated-AI-Macro-Tactical"", ""call"": ""hold"", ""target_price"": 150.96, ""thesis"": ""Macro headwinds and declining momentum justify a defensive posture.""}]"
MRK,2024-12-31,large_cap,0.5749,0.75,0.3122,90.2,4,"[{""model"": ""Simulated-AI-Momentum-Quant"", ""call"": ""sell"", ""target_price"": 81.71, ""thesis"": ""Persistent negative price trajectory (-10.5%) indicates structural distribution headwinds.""}, {""model"": ""Simulated-AI-Fundamental-Value"", ""call"": ""buy"", ""target_price"": 109.28, ""thesis"": ""Recent price softening provides an attractive risk-adjusted entry point against fundamental book value.""}, {""model"": ""Simulated-AI-Quality-Compounder"", ""call"": ""sell"", ""target_price"": 84.76, ""thesis"": ""Heightened earnings volatility and cyclical margin pressures elevate downside risk.""}, {""model"": ""Simulated-AI-Macro-Tactical"", ""call"": ""sell"", ""target_price"": 85.04, ""thesis"": ""Macro headwinds and declining momentum justify a defensive posture.""}]"
BAC,2024-12-31,large_cap,0.5829,0.75,0.3322,44.4,4,"[{""model"": ""Simulated-AI-Momentum-Quant"", ""call"": ""buy"", ""target_price"": 47.83, ""thesis"": ""Strong upward medium-term momentum (+12.7%) signals continued institutional accumulation.""}, {""model"": ""Simulated-AI-Fundamental-Value"", ""call"": ""sell"", ""target_price"": 35.6, ""thesis"": ""Elevated multi-month valuation multiples leave little safety margin against forward earnings revisions.""}, {""model"": ""Simulated-AI-Quality-Compounder"", ""call"": ""buy"", ""target_price"": 47.65, ""thesis"": ""Stable financial profile and durable competitive moat support long-term compounding potential.""}, {""model"": ""Simulated-AI-Macro-Tactical"", ""call"": ""buy"", ""target_price"": 46.51, ""thesis"": ""Positive operating execution and robust revenue traction support upside.""}]"
CVX,2024-12-31,large_cap,0.4019,0.5,0.2548,137.11,4,"[{""model"": ""Simulated-AI-Momentum-Quant"", ""call"": ""sell"", ""target_price"": 115.27, ""thesis"": ""Persistent negative price trajectory (-3.1%) indicates structural distribution headwinds.""}, {""model"": ""Simulated-AI-Fundamental-Value"", ""call"": ""buy"", ""target_price"": 156.21, ""thesis"": ""Recent price softening provides an attractive risk-adjusted entry point against fundamental book value.""}, {""model"": ""Simulated-AI-Quality-Compounder"", ""call"": ""hold"", ""target_price"": 140.96, ""thesis"": ""Defensive operational balance sheet balanced by limited immediate re-rating catalysts.""}, {""model"": ""Simulated-AI-Macro-Tactical"", ""call"": ""hold"", ""target_price"": 136.01, ""thesis"": ""Balanced near-term catalysts recommend maintaining current position.""}]"
CRM,2024-12-31,large_cap,0.5825,0.75,0.3313,346.4,4,"[{""model"": ""Simulated-AI-Momentum-Quant"", ""call"": ""buy"", ""target_price"": 375.43, ""thesis"": ""Strong upward medium-term momentum (+19.8%) signals continued institutional accumulation.""}, {""model"": ""Simulated-AI-Fundamental-Value"", ""call"": ""sell"", ""target_price"": 280.74, ""thesis"": ""Elevated multi-month valuation multiples leave little safety margin against forward earnings revisions.""}, {""model"": ""Simulated-AI-Quality-Compounder"", ""call"": ""buy"", ""target_price"": 365.91, ""thesis"": ""Stable financial profile and durable competitive moat support long-term compounding potential.""}, {""model"": ""Simulated-AI-Macro-Tactical"", ""call"": ""buy"", ""target_price"": 363.53, ""thesis"": ""Positive operating execution and robust revenue traction support upside.""}]"
NFLX,2024-12-31,large_cap,0.4445,0.5,0.3612,87.9,4,"[{""model"": ""Simulated-AI-Momentum-Quant"", ""call"": ""buy"", ""target_price"": 100.4, ""thesis"": ""Strong upward medium-term momentum (+25.3%) signals continued institutional accumulation.""}, {""model"": ""Simulated-AI-Fundamental-Value"", ""call"": ""sell"", ""target_price"": 74.47, ""thesis"": ""Elevated multi-month valuation multiples leave little safety margin against forward earnings revisions.""}, {""model"": ""Simulated-AI-Quality-Compounder"", ""call"": ""sell"", ""target_price"": 78.7, ""thesis"": ""Heightened earnings volatility and cyclical margin pressures elevate downside risk.""}, {""model"": ""Simulated-AI-Macro-Tactical"", ""call"": ""buy"", ""target_price"": 98.04, ""thesis"": ""Positive operating execution and robust revenue traction support upside.""}]"
AMD,2024-12-31,large_cap,0.4232,0.5,0.308,114.63,4,"[{""model"": ""Simulated-AI-Momentum-Quant"", ""call"": ""sell"", ""target_price"": 101.66, ""thesis"": ""Persistent negative price trajectory (-24.4%) indicates structural distribution headwinds.""}, {""model"": ""Simulated-AI-Fundamental-Value"", ""call"": ""buy"", ""target_price"": 141.81, ""thesis"": ""Recent price softening provides an attractive risk-adjusted entry point against fundamental book value.""}, {""model"": ""Simulated-AI-Quality-Compounder"", ""call"": ""sell"", ""target_price"": 106.36, ""thesis"": ""Heightened earnings volatility and cyclical margin pressures elevate downside risk.""}, {""model"": ""Simulated-AI-Macro-Tactical"", ""call"": ""hold"", ""target_price"": 108.71, ""thesis"": ""Macro headwinds and declining momentum justify a defensive posture.""}]"
PEP,2024-12-31,large_cap,0.5643,0.75,0.2857,141.02,4,"[{""model"": ""Simulated-AI-Momentum-Quant"", ""call"": ""hold"", ""target_price"": 147.79, ""thesis"": ""Consolidating trading range warrants a neutral rating until breakout confirmation.""}, {""model"": ""Simulated-AI-Fundamental-Value"", ""call"": ""hold"", ""target_price"": 140.54, ""thesis"": ""Fair valuation reflects balanced risk-reward relative to sector peers.""}, {""model"": ""Simulated-AI-Quality-Compounder"", ""call"": ""hold"", ""target_price"": 148.03, ""thesis"": ""Defensive operational balance sheet balanced by limited immediate re-rating catalysts.""}, {""model"": ""Simulated-AI-Macro-Tactical"", ""call"": ""sell"", ""target_price"": 127.71, ""thesis"": ""Macro headwinds and declining momentum justify a defensive posture.""}]"
KO,2024-12-31,large_cap,0.4267,0.5,0.3168,56.84,4,"[{""model"": ""Simulated-AI-Momentum-Quant"", ""call"": ""sell"", ""target_price"": 52.33, ""thesis"": ""Persistent negative price trajectory (-11.7%) indicates structural distribution headwinds.""}, {""model"": ""Simulated-AI-Fundamental-Value"", ""call"": ""buy"", ""target_price"": 68.72, ""thesis"": ""Recent price softening provides an attractive risk-adjusted entry point against fundamental book value.""}, {""model"": ""Simulated-AI-Quality-Compounder"", ""call"": ""sell"", ""target_price"": 52.58, ""thesis"": ""Heightened earnings volatility and cyclical margin pressures elevate downside risk.""}, {""model"": ""Simulated-AI-Macro-Tactical"", ""call"": ""hold"", ""target_price"": 53.71, ""thesis"": ""Macro headwinds and declining momentum justify a defensive posture.""}]"
TMO,2024-12-31,large_cap,0.5735,0.75,0.3087,493.39,4,"[{""model"": ""Simulated-AI-Momentum-Quant"", ""call"": ""sell"", ""target_price"": 443.7, ""thesis"": ""Persistent negative price trajectory (-15.0%) indicates structural distribution headwinds.""}, {""model"": ""Simulated-AI-Fundamental-Value"", ""call"": ""buy"", ""target_price"": 606.62, ""thesis"": ""Recent price softening provides an attractive risk-adjusted entry point against fundamental book value.""}, {""model"": ""Simulated-AI-Quality-Compounder"", ""call"": ""sell"", ""target_price"": 457.61, ""thesis"": ""Heightened earnings volatility and cyclical margin pressures elevate downside risk.""}, {""model"": ""Simulated-AI-Macro-Tactical"", ""call"": ""sell"", ""target_price"": 465.63, ""thesis"": ""Macro headwinds and declining momentum justify a defensive posture.""}]"
WMT,2024-12-31,large_cap,0.5828,0.75,0.332,93.41,4,"[{""model"": ""Simulated-AI-Momentum-Quant"", ""call"": ""buy"", ""target_price"": 101.31, ""thesis"": ""Strong upward medium-term momentum (+12.6%) signals continued institutional accumulation.""}, {""model"": ""Simulated-AI-Fundamental-Value"", ""call"": ""sell"", ""target_price"": 74.48, ""thesis"": ""Elevated multi-month valuation multiples leave little safety margin against forward earnings revisions.""}, {""model"": ""Simulated-AI-Quality-Compounder"", ""call"": ""buy"", ""target_price"": 100.01, ""thesis"": ""Stable financial profile and durable competitive moat support long-term compounding potential.""}, {""model"": ""Simulated-AI-Macro-Tactical"", ""call"": ""buy"", ""target_price"": 97.82, ""thesis"": ""Positive operating execution and robust revenue traction support upside.""}]"
MCD,2024-12-31,large_cap,0.586,0.75,0.3401,296.03,4,"[{""model"": ""Simulated-AI-Momentum-Quant"", ""call"": ""hold"", ""target_price"": 290.06, ""thesis"": ""Consolidating trading range warrants a neutral rating until breakout confirmation.""}, {""model"": ""Simulated-AI-Fundamental-Value"", ""call"": ""buy"", ""target_price"": 326.05, ""thesis"": ""Recent price softening provides an attractive risk-adjusted entry point against fundamental book value.""}, {""model"": ""Simulated-AI-Quality-Compounder"", ""call"": ""hold"", ""target_price"": 287.4, ""thesis"": ""Defensive operational balance sheet balanced by limited immediate re-rating catalysts.""}, {""model"": ""Simulated-AI-Macro-Tactical"", ""call"": ""hold"", ""target_price"": 280.62, ""thesis"": ""Balanced near-term catalysts recommend maintaining current position.""}]"
CSCO,2024-12-31,large_cap,0.5833,0.75,0.3331,59.62,4,"[{""model"": ""Simulated-AI-Momentum-Quant"", ""call"": ""buy"", ""target_price"": 65.03, ""thesis"": ""Strong upward medium-term momentum (+12.5%) signals continued institutional accumulation.""}, {""model"": ""Simulated-AI-Fundamental-Value"", ""call"": ""sell"", ""target_price"": 48.01, ""thesis"": ""Elevated multi-month valuation multiples leave little safety margin against forward earnings revisions.""}, {""model"": ""Simulated-AI-Quality-Compounder"", ""call"": ""buy"", ""target_price"": 62.88, ""thesis"": ""Stable financial profile and durable competitive moat support long-term compounding potential.""}, {""model"": ""Simulated-AI-Macro-Tactical"", ""call"": ""buy"", ""target_price"": 62.57, ""thesis"": ""Positive operating execution and robust revenue traction support upside.""}]"
KNSL,2024-12-31,small_cap,0.7327,1.0,0.3317,474.55,4,"[{""model"": ""Simulated-AI-Momentum-Quant"", ""call"": ""hold"", ""target_price"": 480.55, ""thesis"": ""Consolidating trading range warrants a neutral rating until breakout confirmation.""}, {""model"": ""Simulated-AI-Fundamental-Value"", ""call"": ""hold"", ""target_price"": 459.32, ""thesis"": ""Fair valuation reflects balanced risk-reward relative to sector peers.""}, {""model"": ""Simulated-AI-Quality-Compounder"", ""call"": ""hold"", ""target_price"": 490.28, ""thesis"": ""Defensive operational balance sheet balanced by limited immediate re-rating catalysts.""}, {""model"": ""Simulated-AI-Macro-Tactical"", ""call"": ""hold"", ""target_price"": 468.03, ""thesis"": ""Balanced near-term catalysts recommend maintaining current position.""}]"
SAIA,2024-12-31,small_cap,0.4122,0.5,0.2804,470.45,4,"[{""model"": ""Simulated-AI-Momentum-Quant"", ""call"": ""buy"", ""target_price"": 522.45, ""thesis"": ""Strong upward medium-term momentum (+5.9%) signals continued institutional accumulation.""}, {""model"": ""Simulated-AI-Fundamental-Value"", ""call"": ""sell"", ""target_price"": 386.46, ""thesis"": ""Elevated multi-month valuation multiples leave little safety margin against forward earnings revisions.""}, {""model"": ""Simulated-AI-Quality-Compounder"", ""call"": ""hold"", ""target_price"": 471.59, ""thesis"": ""Defensive operational balance sheet balanced by limited immediate re-rating catalysts.""}, {""model"": ""Simulated-AI-Macro-Tactical"", ""call"": ""hold"", ""target_price"": 501.3, ""thesis"": ""Positive operating execution and robust revenue traction support upside.""}]"
MEDP,2024-12-31,small_cap,0.5994,0.75,0.3736,326.16,4,"[{""model"": ""Simulated-AI-Momentum-Quant"", ""call"": ""hold"", ""target_price"": 343.53, ""thesis"": ""Consolidating trading range warrants a neutral rating until breakout confirmation.""}, {""model"": ""Simulated-AI-Fundamental-Value"", ""call"": ""sell"", ""target_price"": 275.92, ""thesis"": ""Elevated multi-month valuation multiples leave little safety margin against forward earnings revisions.""}, {""model"": ""Simulated-AI-Quality-Compounder"", ""call"": ""hold"", ""target_price"": 349.64, ""thesis"": ""Defensive operational balance sheet balanced by limited immediate re-rating catalysts.""}, {""model"": ""Simulated-AI-Macro-Tactical"", ""call"": ""hold"", ""target_price"": 335.55, ""thesis"": ""Balanced near-term catalysts recommend maintaining current position.""}]"
SSD,2024-12-31,small_cap,0.5738,0.75,0.3096,155.03,4,"[{""model"": ""Simulated-AI-Momentum-Quant"", ""call"": ""sell"", ""target_price"": 139.22, ""thesis"": ""Persistent negative price trajectory (-13.3%) indicates structural distribution headwinds.""}, {""model"": ""Simulated-AI-Fundamental-Value"", ""call"": ""buy"", ""target_price"": 189.09, ""thesis"": ""Recent price softening provides an attractive risk-adjusted entry point against fundamental book value.""}, {""model"": ""Simulated-AI-Quality-Compounder"", ""call"": ""sell"", ""target_price"": 144.36, ""thesis"": ""Heightened earnings volatility and cyclical margin pressures elevate downside risk.""}, {""model"": ""Simulated-AI-Macro-Tactical"", ""call"": ""sell"", ""target_price"": 147.47, ""thesis"": ""Macro headwinds and declining momentum justify a defensive posture.""}]"
EXPO,2024-12-31,small_cap,0.5748,0.75,0.3119,82.51,4,"[{""model"": ""Simulated-AI-Momentum-Quant"", ""call"": ""sell"", ""target_price"": 73.71, ""thesis"": ""Persistent negative price trajectory (-21.8%) indicates structural distribution headwinds.""}, {""model"": ""Simulated-AI-Fundamental-Value"", ""call"": ""buy"", ""target_price"": 101.43, ""thesis"": ""Recent price softening provides an attractive risk-adjusted entry point against fundamental book value.""}, {""model"": ""Simulated-AI-Quality-Compounder"", ""call"": ""sell"", ""target_price"": 77.04, ""thesis"": ""Heightened earnings volatility and cyclical margin pressures elevate downside risk.""}, {""model"": ""Simulated-AI-Macro-Tactical"", ""call"": ""sell"", ""target_price"": 77.86, ""thesis"": ""Macro headwinds and declining momentum justify a defensive posture.""}]"
FORM,2024-12-31,small_cap,0.4004,0.5,0.2509,44.7,4,"[{""model"": ""Simulated-AI-Momentum-Quant"", ""call"": ""sell"", ""target_price"": 37.35, ""thesis"": ""Persistent negative price trajectory (-2.2%) indicates structural distribution headwinds.""}, {""model"": ""Simulated-AI-Fundamental-Value"", ""call"": ""buy"", ""target_price"": 51.11, ""thesis"": ""Recent price softening provides an attractive risk-adjusted entry point against fundamental book value.""}, {""model"": ""Simulated-AI-Quality-Compounder"", ""call"": ""hold"", ""target_price"": 45.92, ""thesis"": ""Defensive operational balance sheet balanced by limited immediate re-rating catalysts.""}, {""model"": ""Simulated-AI-Macro-Tactical"", ""call"": ""hold"", ""target_price"": 44.44, ""thesis"": ""Balanced near-term catalysts recommend maintaining current position.""}]"
CRVL,2024-12-31,small_cap,0.4101,0.5,0.2751,111.11,4,"[{""model"": ""Simulated-AI-Momentum-Quant"", ""call"": ""buy"", ""target_price"": 124.61, ""thesis"": ""Strong upward medium-term momentum (+4.9%) signals continued institutional accumulation.""}, {""model"": ""Simulated-AI-Fundamental-Value"", ""call"": ""sell"", ""target_price"": 92.29, ""thesis"": ""Elevated multi-month valuation multiples leave little safety margin against forward earnings revisions.""}, {""model"": ""Simulated-AI-Quality-Compounder"", ""call"": ""hold"", ""target_price"": 115.18, ""thesis"": ""Defensive operational balance sheet balanced by limited immediate re-rating catalysts.""}, {""model"": ""Simulated-AI-Macro-Tactical"", ""call"": ""hold"", ""target_price"": 112.37, ""thesis"": ""Balanced near-term catalysts recommend maintaining current position.""}]"
TKR,2024-12-31,small_cap,0.5743,0.75,0.3108,66.19,4,"[{""model"": ""Simulated-AI-Momentum-Quant"", ""call"": ""sell"", ""target_price"": 61.01, ""thesis"": ""Persistent negative price trajectory (-13.4%) indicates structural distribution headwinds.""}, {""model"": ""Simulated-AI-Fundamental-Value"", ""call"": ""buy"", ""target_price"": 80.09, ""thesis"": ""Recent price softening provides an attractive risk-adjusted entry point against fundamental book value.""}, {""model"": ""Simulated-AI-Quality-Compounder"", ""call"": ""sell"", ""target_price"": 61.16, ""thesis"": ""Heightened earnings volatility and cyclical margin pressures elevate downside risk.""}, {""model"": ""Simulated-AI-Macro-Tactical"", ""call"": ""sell"", ""target_price"": 62.51, ""thesis"": ""Macro headwinds and declining momentum justify a defensive posture.""}]"
POWI,2024-12-31,small_cap,0.7327,1.0,0.3317,61.19,4,"[{""model"": ""Simulated-AI-Momentum-Quant"", ""call"": ""hold"", ""target_price"": 61.11, ""thesis"": ""Consolidating trading range warrants a neutral rating until breakout confirmation.""}, {""model"": ""Simulated-AI-Fundamental-Value"", ""call"": ""hold"", ""target_price"": 59.98, ""thesis"": ""Fair valuation reflects balanced risk-reward relative to sector peers.""}, {""model"": ""Simulated-AI-Quality-Compounder"", ""call"": ""hold"", ""target_price"": 63.15, ""thesis"": ""Defensive operational balance sheet balanced by limited immediate re-rating catalysts.""}, {""model"": ""Simulated-AI-Macro-Tactical"", ""call"": ""hold"", ""target_price"": 60.51, ""thesis"": ""Balanced near-term catalysts recommend maintaining current position.""}]"
CALM,2024-12-31,small_cap,0.4114,0.5,0.2785,95.12,4,"[{""model"": ""Simulated-AI-Momentum-Quant"", ""call"": ""buy"", ""target_price"": 104.66, ""thesis"": ""Strong upward medium-term momentum (+38.0%) signals continued institutional accumulation.""}, {""model"": ""Simulated-AI-Fundamental-Value"", ""call"": ""sell"", ""target_price"": 77.46, ""thesis"": ""Elevated multi-month valuation multiples leave little safety margin against forward earnings revisions.""}, {""model"": ""Simulated-AI-Quality-Compounder"", ""call"": ""hold"", ""target_price"": 95.99, ""thesis"": ""Defensive operational balance sheet balanced by limited immediate re-rating catalysts.""}, {""model"": ""Simulated-AI-Macro-Tactical"", ""call"": ""buy"", ""target_price"": 102.36, ""thesis"": ""Positive operating execution and robust revenue traction support upside.""}]"
PLUS,2024-12-31,small_cap,0.5743,0.75,0.3106,69.22,4,"[{""model"": ""Simulated-AI-Momentum-Quant"", ""call"": ""sell"", ""target_price"": 61.9, ""thesis"": ""Persistent negative price trajectory (-22.5%) indicates structural distribution headwinds.""}, {""model"": ""Simulated-AI-Fundamental-Value"", ""call"": ""buy"", ""target_price"": 84.43, ""thesis"": ""Recent price softening provides an attractive risk-adjusted entry point against fundamental book value.""}, {""model"": ""Simulated-AI-Quality-Compounder"", ""call"": ""sell"", ""target_price"": 65.08, ""thesis"": ""Heightened earnings volatility and cyclical margin pressures elevate downside risk.""}, {""model"": ""Simulated-AI-Macro-Tactical"", ""call"": ""sell"", ""target_price"": 65.45, ""thesis"": ""Macro headwinds and declining momentum justify a defensive posture.""}]"
FSS,2024-12-31,small_cap,0.5476,0.75,0.2441,89.03,4,"[{""model"": ""Simulated-AI-Momentum-Quant"", ""call"": ""sell"", ""target_price"": 77.88, ""thesis"": ""Persistent negative price trajectory (-0.4%) indicates structural distribution headwinds.""}, {""model"": ""Simulated-AI-Fundamental-Value"", ""call"": ""hold"", ""target_price"": 90.77, ""thesis"": ""Fair valuation reflects balanced risk-reward relative to sector peers.""}, {""model"": ""Simulated-AI-Quality-Compounder"", ""call"": ""hold"", ""target_price"": 95.05, ""thesis"": ""Defensive operational balance sheet balanced by limited immediate re-rating catalysts.""}, {""model"": ""Simulated-AI-Macro-Tactical"", ""call"": ""hold"", ""target_price"": 92.42, ""thesis"": ""Balanced near-term catalysts recommend maintaining current position.""}]"
AMWD,2024-12-31,small_cap,0.5994,0.75,0.3736,97.69,4,"[{""model"": ""Simulated-AI-Momentum-Quant"", ""call"": ""hold"", ""target_price"": 101.65, ""thesis"": ""Consolidating trading range warrants a neutral rating until breakout confirmation.""}, {""model"": ""Simulated-AI-Fundamental-Value"", ""call"": ""sell"", ""target_price"": 82.55, ""thesis"": ""Elevated multi-month valuation multiples leave little safety margin against forward earnings revisions.""}, {""model"": ""Simulated-AI-Quality-Compounder"", ""call"": ""hold"", ""target_price"": 105.56, ""thesis"": ""Defensive operational balance sheet balanced by limited immediate re-rating catalysts.""}, {""model"": ""Simulated-AI-Macro-Tactical"", ""call"": ""hold"", ""target_price"": 101.0, ""thesis"": ""Balanced near-term catalysts recommend maintaining current position.""}]"
ATKR,2024-12-31,small_cap,0.586,0.75,0.3401,85.24,4,"[{""model"": ""Simulated-AI-Momentum-Quant"", ""call"": ""hold"", ""target_price"": 81.36, ""thesis"": ""Consolidating trading range warrants a neutral rating until breakout confirmation.""}, {""model"": ""Simulated-AI-Fundamental-Value"", ""call"": ""buy"", ""target_price"": 94.03, ""thesis"": ""Recent price softening provides an attractive risk-adjusted entry point against fundamental book value.""}, {""model"": ""Simulated-AI-Quality-Compounder"", ""call"": ""hold"", ""target_price"": 84.01, ""thesis"": ""Defensive operational balance sheet balanced by limited immediate re-rating catalysts.""}, {""model"": ""Simulated-AI-Macro-Tactical"", ""call"": ""hold"", ""target_price"": 81.56, ""thesis"": ""Balanced near-term catalysts recommend maintaining current position.""}]"
BRC,2024-12-31,small_cap,0.385,0.5,0.2126,73.21,4,"[{""model"": ""Simulated-AI-Momentum-Quant"", ""call"": ""buy"", ""target_price"": 83.58, ""thesis"": ""Strong upward medium-term momentum (-0.1%) signals continued institutional accumulation.""}, {""model"": ""Simulated-AI-Fundamental-Value"", ""call"": ""hold"", ""target_price"": 72.81, ""thesis"": ""Fair valuation reflects balanced risk-reward relative to sector peers.""}, {""model"": ""Simulated-AI-Quality-Compounder"", ""call"": ""sell"", ""target_price"": 63.54, ""thesis"": ""Heightened earnings volatility and cyclical margin pressures elevate downside risk.""}, {""model"": ""Simulated-AI-Macro-Tactical"", ""call"": ""hold"", ""target_price"": 72.92, ""thesis"": ""Balanced near-term catalysts recommend maintaining current position.""}]"
CNO,2024-12-31,small_cap,0.5751,0.75,0.3129,39.22,4,"[{""model"": ""Simulated-AI-Momentum-Quant"", ""call"": ""buy"", ""target_price"": 40.86, ""thesis"": ""Strong upward medium-term momentum (+7.9%) signals continued institutional accumulation.""}, {""model"": ""Simulated-AI-Fundamental-Value"", ""call"": ""hold"", ""target_price"": 36.24, ""thesis"": ""Fair valuation reflects balanced risk-reward relative to sector peers.""}, {""model"": ""Simulated-AI-Quality-Compounder"", ""call"": ""buy"", ""target_price"": 40.0, ""thesis"": ""Stable financial profile and durable competitive moat support long-term compounding potential.""}, {""model"": ""Simulated-AI-Macro-Tactical"", ""call"": ""buy"", ""target_price"": 39.79, ""thesis"": ""Positive operating execution and robust revenue traction support upside.""}]"
CSGS,2024-12-31,small_cap,0.7327,1.0,0.3317,101.65,4,"[{""model"": ""Simulated-AI-Momentum-Quant"", ""call"": ""hold"", ""target_price"": 102.3, ""thesis"": ""Consolidating trading range warrants a neutral rating until breakout confirmation.""}, {""model"": ""Simulated-AI-Fundamental-Value"", ""call"": ""hold"", ""target_price"": 99.0, ""thesis"": ""Fair valuation reflects balanced risk-reward relative to sector peers.""}, {""model"": ""Simulated-AI-Quality-Compounder"", ""call"": ""hold"", ""target_price"": 104.28, ""thesis"": ""Defensive operational balance sheet balanced by limited immediate re-rating catalysts.""}, {""model"": ""Simulated-AI-Macro-Tactical"", ""call"": ""hold"", ""target_price"": 101.0, ""thesis"": ""Balanced near-term catalysts recommend maintaining current position.""}]"
ENSG,2024-12-31,small_cap,0.5755,0.75,0.3137,126.51,4,"[{""model"": ""Simulated-AI-Momentum-Quant"", ""call"": ""sell"", ""target_price"": 115.27, ""thesis"": ""Persistent negative price trajectory (-8.5%) indicates structural distribution headwinds.""}, {""model"": ""Simulated-AI-Fundamental-Value"", ""call"": ""buy"", ""target_price"": 155.08, ""thesis"": ""Recent price softening provides an attractive risk-adjusted entry point against fundamental book value.""}, {""model"": ""Simulated-AI-Quality-Compounder"", ""call"": ""sell"", ""target_price"": 116.38, ""thesis"": ""Heightened earnings volatility and cyclical margin pressures elevate downside risk.""}, {""model"": ""Simulated-AI-Macro-Tactical"", ""call"": ""sell"", ""target_price"": 119.3, ""thesis"": ""Macro headwinds and declining momentum justify a defensive posture.""}]"
FIX,2024-12-31,small_cap,0.4326,0.5,0.3315,440.84,4,"[{""model"": ""Simulated-AI-Momentum-Quant"", ""call"": ""buy"", ""target_price"": 474.62, ""thesis"": ""Strong upward medium-term momentum (+6.8%) signals continued institutional accumulation.""}, {""model"": ""Simulated-AI-Fundamental-Value"", ""call"": ""sell"", ""target_price"": 356.35, ""thesis"": ""Elevated multi-month valuation multiples leave little safety margin against forward earnings revisions.""}, {""model"": ""Simulated-AI-Quality-Compounder"", ""call"": ""buy"", ""target_price"": 468.21, ""thesis"": ""Stable financial profile and durable competitive moat support long-term compounding potential.""}, {""model"": ""Simulated-AI-Macro-Tactical"", ""call"": ""hold"", ""target_price"": 464.16, ""thesis"": ""Positive operating execution and robust revenue traction support upside.""}]"
GBCI,2024-12-31,small_cap,0.4123,0.5,0.2808,49.63,4,"[{""model"": ""Simulated-AI-Momentum-Quant"", ""call"": ""buy"", ""target_price"": 55.22, ""thesis"": ""Strong upward medium-term momentum (+14.9%) signals continued institutional accumulation.""}, {""model"": ""Simulated-AI-Fundamental-Value"", ""call"": ""sell"", ""target_price"": 40.84, ""thesis"": ""Elevated multi-month valuation multiples leave little safety margin against forward earnings revisions.""}, {""model"": ""Simulated-AI-Quality-Compounder"", ""call"": ""hold"", ""target_price"": 49.59, ""thesis"": ""Defensive operational balance sheet balanced by limited immediate re-rating catalysts.""}, {""model"": ""Simulated-AI-Macro-Tactical"", ""call"": ""buy"", ""target_price"": 52.88, ""thesis"": ""Positive operating execution and robust revenue traction support upside.""}]"
GPI,2024-12-31,small_cap,0.5831,0.75,0.3328,438.28,4,"[{""model"": ""Simulated-AI-Momentum-Quant"", ""call"": ""buy"", ""target_price"": 480.02, ""thesis"": ""Strong upward medium-term momentum (+13.1%) signals continued institutional accumulation.""}, {""model"": ""Simulated-AI-Fundamental-Value"", ""call"": ""sell"", ""target_price"": 351.12, ""thesis"": ""Elevated multi-month valuation multiples leave little safety margin against forward earnings revisions.""}, {""model"": ""Simulated-AI-Quality-Compounder"", ""call"": ""buy"", ""target_price"": 462.99, ""thesis"": ""Stable financial profile and durable competitive moat support long-term compounding potential.""}, {""model"": ""Simulated-AI-Macro-Tactical"", ""call"": ""buy"", ""target_price"": 458.99, ""thesis"": ""Positive operating execution and robust revenue traction support upside.""}]"
HLNE,2024-12-31,small_cap,0.5751,0.75,0.3127,137.73,4,"[{""model"": ""Simulated-AI-Momentum-Quant"", ""call"": ""sell"", ""target_price"": 126.47, ""thesis"": ""Persistent negative price trajectory (-11.8%) indicates structural distribution headwinds.""}, {""model"": ""Simulated-AI-Fundamental-Value"", ""call"": ""buy"", ""target_price"": 167.88, ""thesis"": ""Recent price softening provides an attractive risk-adjusted entry point against fundamental book value.""}, {""model"": ""Simulated-AI-Quality-Compounder"", ""call"": ""sell"", ""target_price"": 126.99, ""thesis"": ""Heightened earnings volatility and cyclical margin pressures elevate downside risk.""}, {""model"": ""Simulated-AI-Macro-Tactical"", ""call"": ""sell"", ""target_price"": 129.58, ""thesis"": ""Macro headwinds and declining momentum justify a defensive posture.""}]"
HWKN,2024-12-31,small_cap,0.4082,0.5,0.2705,113.59,4,"[{""model"": ""Simulated-AI-Momentum-Quant"", ""call"": ""sell"", ""target_price"": 103.23, ""thesis"": ""Persistent negative price trajectory (-3.9%) indicates structural distribution headwinds.""}, {""model"": ""Simulated-AI-Fundamental-Value"", ""call"": ""sell"", ""target_price"": 100.6, ""thesis"": ""Elevated multi-month valuation multiples leave little safety margin against forward earnings revisions.""}, {""model"": ""Simulated-AI-Quality-Compounder"", ""call"": ""hold"", ""target_price"": 127.82, ""thesis"": ""Defensive operational balance sheet balanced by limited immediate re-rating catalysts.""}, {""model"": ""Simulated-AI-Macro-Tactical"", ""call"": ""hold"", ""target_price"": 122.72, ""thesis"": ""Balanced near-term catalysts recommend maintaining current position.""}]"
IBP,2024-12-31,small_cap,0.5756,0.75,0.3141,162.72,4,"[{""model"": ""Simulated-AI-Momentum-Quant"", ""call"": ""sell"", ""target_price"": 146.66, ""thesis"": ""Persistent negative price trajectory (-28.5%) indicates structural distribution headwinds.""}, {""model"": ""Simulated-AI-Fundamental-Value"", ""call"": ""buy"", ""target_price"": 199.62, ""thesis"": ""Recent price softening provides an attractive risk-adjusted entry point against fundamental book value.""}, {""model"": ""Simulated-AI-Quality-Compounder"", ""call"": ""sell"", ""target_price"": 151.1, ""thesis"": ""Heightened earnings volatility and cyclical margin pressures elevate downside risk.""}, {""model"": ""Simulated-AI-Macro-Tactical"", ""call"": ""sell"", ""target_price"": 153.49, ""thesis"": ""Macro headwinds and declining momentum justify a defensive posture.""}]"
KAR,2024-12-31,small_cap,0.586,0.75,0.3401,105.92,4,"[{""model"": ""Simulated-AI-Momentum-Quant"", ""call"": ""hold"", ""target_price"": 103.05, ""thesis"": ""Consolidating trading range warrants a neutral rating until breakout confirmation.""}, {""model"": ""Simulated-AI-Fundamental-Value"", ""call"": ""buy"", ""target_price"": 116.6, ""thesis"": ""Recent price softening provides an attractive risk-adjusted entry point against fundamental book value.""}, {""model"": ""Simulated-AI-Quality-Compounder"", ""call"": ""hold"", ""target_price"": 103.04, ""thesis"": ""Defensive operational balance sheet balanced by limited immediate re-rating catalysts.""}, {""model"": ""Simulated-AI-Macro-Tactical"", ""call"": ""hold"", ""target_price"": 101.0, ""thesis"": ""Balanced near-term catalysts recommend maintaining current position.""}]"
MC,2024-12-31,small_cap,0.4244,0.5,0.3111,71.52,4,"[{""model"": ""Simulated-AI-Momentum-Quant"", ""call"": ""buy"", ""target_price"": 79.74, ""thesis"": ""Strong upward medium-term momentum (+12.2%) signals continued institutional accumulation.""}, {""model"": ""Simulated-AI-Fundamental-Value"", ""call"": ""hold"", ""target_price"": 70.09, ""thesis"": ""Fair valuation reflects balanced risk-reward relative to sector peers.""}, {""model"": ""Simulated-AI-Quality-Compounder"", ""call"": ""sell"", ""target_price"": 60.48, ""thesis"": ""Heightened earnings volatility and cyclical margin pressures elevate downside risk.""}, {""model"": ""Simulated-AI-Macro-Tactical"", ""call"": ""hold"", ""target_price"": 75.77, ""thesis"": ""Positive operating execution and robust revenue traction support upside.""}]"
OII,2024-12-31,small_cap,0.5494,0.75,0.2486,27.44,4,"[{""model"": ""Simulated-AI-Momentum-Quant"", ""call"": ""buy"", ""target_price"": 30.11, ""thesis"": ""Strong upward medium-term momentum (+1.7%) signals continued institutional accumulation.""}, {""model"": ""Simulated-AI-Fundamental-Value"", ""call"": ""hold"", ""target_price"": 26.01, ""thesis"": ""Fair valuation reflects balanced risk-reward relative to sector peers.""}, {""model"": ""Simulated-AI-Quality-Compounder"", ""call"": ""hold"", ""target_price"": 27.28, ""thesis"": ""Defensive operational balance sheet balanced by limited immediate re-rating catalysts.""}, {""model"": ""Simulated-AI-Macro-Tactical"", ""call"": ""hold"", ""target_price"": 26.34, ""thesis"": ""Balanced near-term catalysts recommend maintaining current position.""}]"
PRDO,2024-12-31,small_cap,0.5831,0.75,0.3328,26.91,4,"[{""model"": ""Simulated-AI-Momentum-Quant"", ""call"": ""buy"", ""target_price"": 29.31, ""thesis"": ""Strong upward medium-term momentum (+25.1%) signals continued institutional accumulation.""}, {""model"": ""Simulated-AI-Fundamental-Value"", ""call"": ""sell"", ""target_price"": 21.71, ""thesis"": ""Elevated multi-month valuation multiples leave little safety margin against forward earnings revisions.""}, {""model"": ""Simulated-AI-Quality-Compounder"", ""call"": ""buy"", ""target_price"": 28.45, ""thesis"": ""Stable financial profile and durable competitive moat support long-term compounding potential.""}, {""model"": ""Simulated-AI-Macro-Tactical"", ""call"": ""buy"", ""target_price"": 28.16, ""thesis"": ""Positive operating execution and robust revenue traction support upside.""}]"
SHOO,2024-12-31,small_cap,0.4153,0.5,0.2882,37.22,4,"[{""model"": ""Simulated-AI-Momentum-Quant"", ""call"": ""sell"", ""target_price"": 35.23, ""thesis"": ""Persistent negative price trajectory (-13.0%) indicates structural distribution headwinds.""}, {""model"": ""Simulated-AI-Fundamental-Value"", ""call"": ""hold"", ""target_price"": 40.34, ""thesis"": ""Fair valuation reflects balanced risk-reward relative to sector peers.""}, {""model"": ""Simulated-AI-Quality-Compounder"", ""call"": ""sell"", ""target_price"": 36.45, ""thesis"": ""Heightened earnings volatility and cyclical margin pressures elevate downside risk.""}, {""model"": ""Simulated-AI-Macro-Tactical"", ""call"": ""hold"", ""target_price"": 36.84, ""thesis"": ""Macro headwinds and declining momentum justify a defensive posture.""}]"
SLVM,2024-12-31,small_cap,0.7327,1.0,0.3317,75.33,4,"[{""model"": ""Simulated-AI-Momentum-Quant"", ""call"": ""hold"", ""target_price"": 75.48, ""thesis"": ""Consolidating trading range warrants a neutral rating until breakout confirmation.""}, {""model"": ""Simulated-AI-Fundamental-Value"", ""call"": ""hold"", ""target_price"": 73.96, ""thesis"": ""Fair valuation reflects balanced risk-reward relative to sector peers.""}, {""model"": ""Simulated-AI-Quality-Compounder"", ""call"": ""hold"", ""target_price"": 77.02, ""thesis"": ""Defensive operational balance sheet balanced by limited immediate re-rating catalysts.""}, {""model"": ""Simulated-AI-Macro-Tactical"", ""call"": ""hold"", ""target_price"": 74.85, ""thesis"": ""Balanced near-term catalysts recommend maintaining current position.""}]"
AAPL,2025-03-31,large_cap,0.5653,0.75,0.2882,200.25,4,"[{""model"": ""Simulated-AI-Momentum-Quant"", ""call"": ""sell"", ""target_price"": 188.45, ""thesis"": ""Persistent negative price trajectory (-13.0%) indicates structural distribution headwinds.""}, {""model"": ""Simulated-AI-Fundamental-Value"", ""call"": ""hold"", ""target_price"": 218.39, ""thesis"": ""Fair valuation reflects balanced risk-reward relative to sector peers.""}, {""model"": ""Simulated-AI-Quality-Compounder"", ""call"": ""sell"", ""target_price"": 195.49, ""thesis"": ""Heightened earnings volatility and cyclical margin pressures elevate downside risk.""}, {""model"": ""Simulated-AI-Macro-Tactical"", ""call"": ""sell"", ""target_price"": 198.69, ""thesis"": ""Macro headwinds and declining momentum justify a defensive posture.""}]"
MSFT,2025-03-31,large_cap,0.425,0.5,0.3126,353.99,4,"[{""model"": ""Simulated-AI-Momentum-Quant"", ""call"": ""sell"", ""target_price"": 320.87, ""thesis"": ""Persistent negative price trajectory (-12.6%) indicates structural distribution headwinds.""}, {""model"": ""Simulated-AI-Fundamental-Value"", ""call"": ""buy"", ""target_price"": 433.18, ""thesis"": ""Recent price softening provides an attractive risk-adjusted entry point against fundamental book value.""}, {""model"": ""Simulated-AI-Quality-Compounder"", ""call"": ""sell"", ""target_price"": 327.99, ""thesis"": ""Heightened earnings volatility and cyclical margin pressures elevate downside risk.""}, {""model"": ""Simulated-AI-Macro-Tactical"", ""call"": ""hold"", ""target_price"": 333.93, ""thesis"": ""Macro headwinds and declining momentum justify a defensive posture.""}]"
NVDA,2025-03-31,large_cap,0.5745,0.75,0.3113,102.9,4,"[{""model"": ""Simulated-AI-Momentum-Quant"", ""call"": ""sell"", ""target_price"": 93.49, ""thesis"": ""Persistent negative price trajectory (-20.9%) indicates structural distribution headwinds.""}, {""model"": ""Simulated-AI-Fundamental-Value"", ""call"": ""buy"", ""target_price"": 124.81, ""thesis"": ""Recent price softening provides an attractive risk-adjusted entry point against fundamental book value.""}, {""model"": ""Simulated-AI-Quality-Compounder"", ""call"": ""sell"", ""target_price"": 96.0, ""thesis"": ""Heightened earnings volatility and cyclical margin pressures elevate downside risk.""}, {""model"": ""Simulated-AI-Macro-Tactical"", ""call"": ""sell"", ""target_price"": 97.3, ""thesis"": ""Macro headwinds and declining momentum justify a defensive posture.""}]"
AMZN,2025-03-31,large_cap,0.5735,0.75,0.3087,180.87,4,"[{""model"": ""Simulated-AI-Momentum-Quant"", ""call"": ""sell"", ""target_price"": 162.41, ""thesis"": ""Persistent negative price trajectory (-15.0%) indicates structural distribution headwinds.""}, {""model"": ""Simulated-AI-Fundamental-Value"", ""call"": ""buy"", ""target_price"": 220.99, ""thesis"": ""Recent price softening provides an attractive risk-adjusted entry point against fundamental book value.""}, {""model"": ""Simulated-AI-Quality-Compounder"", ""call"": ""sell"", ""target_price"": 168.86, ""thesis"": ""Heightened earnings volatility and cyclical margin pressures elevate downside risk.""}, {""model"": ""Simulated-AI-Macro-Tactical"", ""call"": ""sell"", ""target_price"": 171.23, ""thesis"": ""Macro headwinds and declining momentum justify a defensive posture.""}]"
GOOGL,2025-03-31,large_cap,0.5748,0.75,0.312,146.93,4,"[{""model"": ""Simulated-AI-Momentum-Quant"", ""call"": ""sell"", ""target_price"": 131.62, ""thesis"": ""Persistent negative price trajectory (-19.7%) indicates structural distribution headwinds.""}, {""model"": ""Simulated-AI-Fundamental-Value"", ""call"": ""buy"", ""target_price"": 179.84, ""thesis"": ""Recent price softening provides an attractive risk-adjusted entry point against fundamental book value.""}, {""model"": ""Simulated-AI-Quality-Compounder"", ""call"": ""sell"", ""target_price"": 137.75, ""thesis"": ""Heightened earnings volatility and cyclical margin pressures elevate downside risk.""}, {""model"": ""Simulated-AI-Macro-Tactical"", ""call"": ""sell"", ""target_price"": 138.52, ""thesis"": ""Macro headwinds and declining momentum justify a defensive posture.""}]"
META,2025-03-31,large_cap,0.5476,0.75,0.244,564.22,4,"[{""model"": ""Simulated-AI-Momentum-Quant"", ""call"": ""sell"", ""target_price"": 496.43, ""thesis"": ""Persistent negative price trajectory (-3.8%) indicates structural distribution headwinds.""}, {""model"": ""Simulated-AI-Fundamental-Value"", ""call"": ""hold"", ""target_price"": 576.11, ""thesis"": ""Fair valuation reflects balanced risk-reward relative to sector peers.""}, {""model"": ""Simulated-AI-Quality-Compounder"", ""call"": ""hold"", ""target_price"": 604.58, ""thesis"": ""Defensive operational balance sheet balanced by limited immediate re-rating catalysts.""}, {""model"": ""Simulated-AI-Macro-Tactical"", ""call"": ""hold"", ""target_price"": 579.78, ""thesis"": ""Balanced near-term catalysts recommend maintaining current position.""}]"
BRK-B,2025-03-31,large_cap,0.4445,0.5,0.3611,527.86,4,"[{""model"": ""Simulated-AI-Momentum-Quant"", ""call"": ""buy"", ""target_price"": 611.4, ""thesis"": ""Strong upward medium-term momentum (+16.7%) signals continued institutional accumulation.""}, {""model"": ""Simulated-AI-Fundamental-Value"", ""call"": ""sell"", ""target_price"": 443.91, ""thesis"": ""Elevated multi-month valuation multiples leave little safety margin against forward earnings revisions.""}, {""model"": ""Simulated-AI-Quality-Compounder"", ""call"": ""sell"", ""target_price"": 470.27, ""thesis"": ""Heightened earnings volatility and cyclical margin pressures elevate downside risk.""}, {""model"": ""Simulated-AI-Macro-Tactical"", ""call"": ""hold"", ""target_price"": 585.84, ""thesis"": ""Positive operating execution and robust revenue traction support upside.""}]"
JPM,2025-03-31,large_cap,0.5994,0.75,0.3736,231.54,4,"[{""model"": ""Simulated-AI-Momentum-Quant"", ""call"": ""hold"", ""target_price"": 243.19, ""thesis"": ""Consolidating trading range warrants a neutral rating until breakout confirmation.""}, {""model"": ""Simulated-AI-Fundamental-Value"", ""call"": ""sell"", ""target_price"": 196.65, ""thesis"": ""Elevated multi-month valuation multiples leave little safety margin against forward earnings revisions.""}, {""model"": ""Simulated-AI-Quality-Compounder"", ""call"": ""hold"", ""target_price"": 245.88, ""thesis"": ""Defensive operational balance sheet balanced by limited immediate re-rating catalysts.""}, {""model"": ""Simulated-AI-Macro-Tactical"", ""call"": ""hold"", ""target_price"": 240.45, ""thesis"": ""Balanced near-term catalysts recommend maintaining current position.""}]"
V,2025-03-31,large_cap,0.4329,0.5,0.3322,361.82,4,"[{""model"": ""Simulated-AI-Momentum-Quant"", ""call"": ""buy"", ""target_price"": 388.35, ""thesis"": ""Strong upward medium-term momentum (+10.2%) signals continued institutional accumulation.""}, {""model"": ""Simulated-AI-Fundamental-Value"", ""call"": ""sell"", ""target_price"": 293.13, ""thesis"": ""Elevated multi-month valuation multiples leave little safety margin against forward earnings revisions.""}, {""model"": ""Simulated-AI-Quality-Compounder"", ""call"": ""buy"", ""target_price"": 384.67, ""thesis"": ""Stable financial profile and durable competitive moat support long-term compounding potential.""}, {""model"": ""Simulated-AI-Macro-Tactical"", ""call"": ""hold"", ""target_price"": 381.14, ""thesis"": ""Positive operating execution and robust revenue traction support upside.""}]"
LLY,2025-03-31,large_cap,0.43,0.5,0.3251,874.04,4,"[{""model"": ""Simulated-AI-Momentum-Quant"", ""call"": ""buy"", ""target_price"": 917.29, ""thesis"": ""Strong upward medium-term momentum (+5.6%) signals continued institutional accumulation.""}, {""model"": ""Simulated-AI-Fundamental-Value"", ""call"": ""buy"", ""target_price"": 959.87, ""thesis"": ""Recent price softening provides an attractive risk-adjusted entry point against fundamental book value.""}, {""model"": ""Simulated-AI-Quality-Compounder"", ""call"": ""sell"", ""target_price"": 720.01, ""thesis"": ""Heightened earnings volatility and cyclical margin pressures elevate downside risk.""}, {""model"": ""Simulated-AI-Macro-Tactical"", ""call"": ""hold"", ""target_price"": 898.99, ""thesis"": ""Positive operating execution and robust revenue traction support upside.""}]"
UNH,2025-03-31,large_cap,0.4021,0.5,0.2553,540.37,4,"[{""model"": ""Simulated-AI-Momentum-Quant"", ""call"": ""buy"", ""target_price"": 572.13, ""thesis"": ""Strong upward medium-term momentum (+3.1%) signals continued institutional accumulation.""}, {""model"": ""Simulated-AI-Fundamental-Value"", ""call"": ""hold"", ""target_price"": 507.91, ""thesis"": ""Fair valuation reflects balanced risk-reward relative to sector peers.""}, {""model"": ""Simulated-AI-Quality-Compounder"", ""call"": ""buy"", ""target_price"": 569.9, ""thesis"": ""Stable financial profile and durable competitive moat support long-term compounding potential.""}, {""model"": ""Simulated-AI-Macro-Tactical"", ""call"": ""hold"", ""target_price"": 511.55, ""thesis"": ""Balanced near-term catalysts recommend maintaining current position.""}]"
XOM,2025-03-31,large_cap,0.4329,0.5,0.3322,118.77,4,"[{""model"": ""Simulated-AI-Momentum-Quant"", ""call"": ""buy"", ""target_price"": 128.72, ""thesis"": ""Strong upward medium-term momentum (+12.7%) signals continued institutional accumulation.""}, {""model"": ""Simulated-AI-Fundamental-Value"", ""call"": ""sell"", ""target_price"": 94.69, ""thesis"": ""Elevated multi-month valuation multiples leave little safety margin against forward earnings revisions.""}, {""model"": ""Simulated-AI-Quality-Compounder"", ""call"": ""buy"", ""target_price"": 126.86, ""thesis"": ""Stable financial profile and durable competitive moat support long-term compounding potential.""}, {""model"": ""Simulated-AI-Macro-Tactical"", ""call"": ""hold"", ""target_price"": 124.82, ""thesis"": ""Positive operating execution and robust revenue traction support upside.""}]"
JNJ,2025-03-31,large_cap,0.4325,0.5,0.3311,167.09,4,"[{""model"": ""Simulated-AI-Momentum-Quant"", ""call"": ""buy"", ""target_price"": 180.7, ""thesis"": ""Strong upward medium-term momentum (+15.2%) signals continued institutional accumulation.""}, {""model"": ""Simulated-AI-Fundamental-Value"", ""call"": ""sell"", ""target_price"": 134.17, ""thesis"": ""Elevated multi-month valuation multiples leave little safety margin against forward earnings revisions.""}, {""model"": ""Simulated-AI-Quality-Compounder"", ""call"": ""buy"", ""target_price"": 177.89, ""thesis"": ""Stable financial profile and durable competitive moat support long-term compounding potential.""}, {""model"": ""Simulated-AI-Macro-Tactical"", ""call"": ""hold"", ""target_price"": 175.59, ""thesis"": ""Positive operating execution and robust revenue traction support upside.""}]"
PG,2025-03-31,large_cap,0.4058,0.5,0.2646,166.41,4,"[{""model"": ""Simulated-AI-Momentum-Quant"", ""call"": ""hold"", ""target_price"": 166.27, ""thesis"": ""Consolidating trading range warrants a neutral rating until breakout confirmation.""}, {""model"": ""Simulated-AI-Fundamental-Value"", ""call"": ""buy"", ""target_price"": 191.03, ""thesis"": ""Recent price softening provides an attractive risk-adjusted entry point against fundamental book value.""}, {""model"": ""Simulated-AI-Quality-Compounder"", ""call"": ""sell"", ""target_price"": 143.31, ""thesis"": ""Heightened earnings volatility and cyclical margin pressures elevate downside risk.""}, {""model"": ""Simulated-AI-Macro-Tactical"", ""call"": ""hold"", ""target_price"": 165.04, ""thesis"": ""Balanced near-term catalysts recommend maintaining current position.""}]"
HD,2025-03-31,large_cap,0.5571,0.75,0.2678,331.99,4,"[{""model"": ""Simulated-AI-Momentum-Quant"", ""call"": ""sell"", ""target_price"": 300.36, ""thesis"": ""Persistent negative price trajectory (-6.1%) indicates structural distribution headwinds.""}, {""model"": ""Simulated-AI-Fundamental-Value"", ""call"": ""hold"", ""target_price"": 347.13, ""thesis"": ""Fair valuation reflects balanced risk-reward relative to sector peers.""}, {""model"": ""Simulated-AI-Quality-Compounder"", ""call"": ""hold"", ""target_price"": 363.47, ""thesis"": ""Defensive operational balance sheet balanced by limited immediate re-rating catalysts.""}, {""model"": ""Simulated-AI-Macro-Tactical"", ""call"": ""hold"", ""target_price"": 316.98, ""thesis"": ""Macro headwinds and declining momentum justify a defensive posture.""}]"
MA,2025-03-31,large_cap,0.4145,0.5,0.2863,555.98,4,"[{""model"": ""Simulated-AI-Momentum-Quant"", ""call"": ""buy"", ""target_price"": 628.29, ""thesis"": ""Strong upward medium-term momentum (+3.1%) signals continued institutional accumulation.""}, {""model"": ""Simulated-AI-Fundamental-Value"", ""call"": ""sell"", ""target_price"": 448.63, ""thesis"": ""Elevated multi-month valuation multiples leave little safety margin against forward earnings revisions.""}, {""model"": ""Simulated-AI-Quality-Compounder"", ""call"": ""buy"", ""target_price"": 598.42, ""thesis"": ""Stable financial profile and durable competitive moat support long-term compounding potential.""}, {""model"": ""Simulated-AI-Macro-Tactical"", ""call"": ""hold"", ""target_price"": 548.56, ""thesis"": ""Balanced near-term catalysts recommend maintaining current position.""}]"
COST,2025-03-31,large_cap,0.4104,0.5,0.2759,907.74,4,"[{""model"": ""Simulated-AI-Momentum-Quant"", ""call"": ""buy"", ""target_price"": 1086.31, ""thesis"": ""Strong upward medium-term momentum (+0.8%) signals continued institutional accumulation.""}, {""model"": ""Simulated-AI-Fundamental-Value"", ""call"": ""sell"", ""target_price"": 776.0, ""thesis"": ""Elevated multi-month valuation multiples leave little safety margin against forward earnings revisions.""}, {""model"": ""Simulated-AI-Quality-Compounder"", ""call"": ""sell"", ""target_price"": 821.49, ""thesis"": ""Heightened earnings volatility and cyclical margin pressures elevate downside risk.""}, {""model"": ""Simulated-AI-Macro-Tactical"", ""call"": ""hold"", ""target_price"": 947.15, ""thesis"": ""Balanced near-term catalysts recommend maintaining current position.""}]"
ABBV,2025-03-31,large_cap,0.4444,0.5,0.3611,197.81,4,"[{""model"": ""Simulated-AI-Momentum-Quant"", ""call"": ""buy"", ""target_price"": 228.06, ""thesis"": ""Strong upward medium-term momentum (+18.8%) signals continued institutional accumulation.""}, {""model"": ""Simulated-AI-Fundamental-Value"", ""call"": ""sell"", ""target_price"": 168.69, ""thesis"": ""Elevated multi-month valuation multiples leave little safety margin against forward earnings revisions.""}, {""model"": ""Simulated-AI-Quality-Compounder"", ""call"": ""sell"", ""target_price"": 174.88, ""thesis"": ""Heightened earnings volatility and cyclical margin pressures elevate downside risk.""}, {""model"": ""Simulated-AI-Macro-Tactical"", ""call"": ""buy"", ""target_price"": 219.59, ""thesis"": ""Positive operating execution and robust revenue traction support upside.""}]"
MRK,2025-03-31,large_cap,0.574,0.75,0.31,81.58,4,"[{""model"": ""Simulated-AI-Momentum-Quant"", ""call"": ""sell"", ""target_price"": 72.52, ""thesis"": ""Persistent negative price trajectory (-9.2%) indicates structural distribution headwinds.""}, {""model"": ""Simulated-AI-Fundamental-Value"", ""call"": ""buy"", ""target_price"": 100.66, ""thesis"": ""Recent price softening provides an attractive risk-adjusted entry point against fundamental book value.""}, {""model"": ""Simulated-AI-Quality-Compounder"", ""call"": ""sell"", ""target_price"": 75.72, ""thesis"": ""Heightened earnings volatility and cyclical margin pressures elevate downside risk.""}, {""model"": ""Simulated-AI-Macro-Tactical"", ""call"": ""sell"", ""target_price"": 77.4, ""thesis"": ""Macro headwinds and declining momentum justify a defensive posture.""}]"
BAC,2025-03-31,large_cap,0.4085,0.5,0.2714,38.37,4,"[{""model"": ""Simulated-AI-Momentum-Quant"", ""call"": ""sell"", ""target_price"": 34.77, ""thesis"": ""Persistent negative price trajectory (-5.3%) indicates structural distribution headwinds.""}, {""model"": ""Simulated-AI-Fundamental-Value"", ""call"": ""hold"", ""target_price"": 40.1, ""thesis"": ""Fair valuation reflects balanced risk-reward relative to sector peers.""}, {""model"": ""Simulated-AI-Quality-Compounder"", ""call"": ""hold"", ""target_price"": 42.26, ""thesis"": ""Defensive operational balance sheet balanced by limited immediate re-rating catalysts.""}, {""model"": ""Simulated-AI-Macro-Tactical"", ""call"": ""sell"", ""target_price"": 36.35, ""thesis"": ""Macro headwinds and declining momentum justify a defensive posture.""}]"
CVX,2025-03-31,large_cap,0.4455,0.5,0.3638,155.67,4,"[{""model"": ""Simulated-AI-Momentum-Quant"", ""call"": ""buy"", ""target_price"": 179.28, ""thesis"": ""Strong upward medium-term momentum (+17.5%) signals continued institutional accumulation.""}, {""model"": ""Simulated-AI-Fundamental-Value"", ""call"": ""sell"", ""target_price"": 132.57, ""thesis"": ""Elevated multi-month valuation multiples leave little safety margin against forward earnings revisions.""}, {""model"": ""Simulated-AI-Quality-Compounder"", ""call"": ""sell"", ""target_price"": 137.84, ""thesis"": ""Heightened earnings volatility and cyclical margin pressures elevate downside risk.""}, {""model"": ""Simulated-AI-Macro-Tactical"", ""call"": ""buy"", ""target_price"": 172.99, ""thesis"": ""Positive operating execution and robust revenue traction support upside.""}]"
CRM,2025-03-31,large_cap,0.5758,0.75,0.3144,251.26,4,"[{""model"": ""Simulated-AI-Momentum-Quant"", ""call"": ""sell"", ""target_price"": 223.68, ""thesis"": ""Persistent negative price trajectory (-20.7%) indicates structural distribution headwinds.""}, {""model"": ""Simulated-AI-Fundamental-Value"", ""call"": ""buy"", ""target_price"": 305.72, ""thesis"": ""Recent price softening provides an attractive risk-adjusted entry point against fundamental book value.""}, {""model"": ""Simulated-AI-Quality-Compounder"", ""call"": ""sell"", ""target_price"": 236.89, ""thesis"": ""Heightened earnings volatility and cyclical margin pressures elevate downside risk.""}, {""model"": ""Simulated-AI-Macro-Tactical"", ""call"": ""sell"", ""target_price"": 238.74, ""thesis"": ""Macro headwinds and declining momentum justify a defensive posture.""}]"
NFLX,2025-03-31,large_cap,0.5539,0.75,0.2599,96.13,4,"[{""model"": ""Simulated-AI-Momentum-Quant"", ""call"": ""hold"", ""target_price"": 93.3, ""thesis"": ""Consolidating trading range warrants a neutral rating until breakout confirmation.""}, {""model"": ""Simulated-AI-Fundamental-Value"", ""call"": ""hold"", ""target_price"": 94.18, ""thesis"": ""Fair valuation reflects balanced risk-reward relative to sector peers.""}, {""model"": ""Simulated-AI-Quality-Compounder"", ""call"": ""buy"", ""target_price"": 102.85, ""thesis"": ""Stable financial profile and durable competitive moat support long-term compounding potential.""}, {""model"": ""Simulated-AI-Macro-Tactical"", ""call"": ""hold"", ""target_price"": 94.18, ""thesis"": ""Balanced near-term catalysts recommend maintaining current position.""}]"
AMD,2025-03-31,large_cap,0.4254,0.5,0.3134,98.21,4,"[{""model"": ""Simulated-AI-Momentum-Quant"", ""call"": ""sell"", ""target_price"": 90.0, ""thesis"": ""Persistent negative price trajectory (-17.9%) indicates structural distribution headwinds.""}, {""model"": ""Simulated-AI-Fundamental-Value"", ""call"": ""buy"", ""target_price"": 119.85, ""thesis"": ""Recent price softening provides an attractive risk-adjusted entry point against fundamental book value.""}, {""model"": ""Simulated-AI-Quality-Compounder"", ""call"": ""sell"", ""target_price"": 90.51, ""thesis"": ""Heightened earnings volatility and cyclical margin pressures elevate downside risk.""}, {""model"": ""Simulated-AI-Macro-Tactical"", ""call"": ""hold"", ""target_price"": 92.47, ""thesis"": ""Macro headwinds and declining momentum justify a defensive posture.""}]"
PEP,2025-03-31,large_cap,0.4033,0.5,0.2582,144.15,4,"[{""model"": ""Simulated-AI-Momentum-Quant"", ""call"": ""sell"", ""target_price"": 120.95, ""thesis"": ""Persistent negative price trajectory (-1.1%) indicates structural distribution headwinds.""}, {""model"": ""Simulated-AI-Fundamental-Value"", ""call"": ""buy"", ""target_price"": 165.37, ""thesis"": ""Recent price softening provides an attractive risk-adjusted entry point against fundamental book value.""}, {""model"": ""Simulated-AI-Quality-Compounder"", ""call"": ""hold"", ""target_price"": 147.71, ""thesis"": ""Defensive operational balance sheet balanced by limited immediate re-rating catalysts.""}, {""model"": ""Simulated-AI-Macro-Tactical"", ""call"": ""hold"", ""target_price"": 142.57, ""thesis"": ""Balanced near-term catalysts recommend maintaining current position.""}]"
KO,2025-03-31,large_cap,0.4451,0.5,0.3628,68.66,4,"[{""model"": ""Simulated-AI-Momentum-Quant"", ""call"": ""buy"", ""target_price"": 79.84, ""thesis"": ""Strong upward medium-term momentum (+15.5%) signals continued institutional accumulation.""}, {""model"": ""Simulated-AI-Fundamental-Value"", ""call"": ""sell"", ""target_price"": 57.89, ""thesis"": ""Elevated multi-month valuation multiples leave little safety margin against forward earnings revisions.""}, {""model"": ""Simulated-AI-Quality-Compounder"", ""call"": ""sell"", ""target_price"": 60.83, ""thesis"": ""Heightened earnings volatility and cyclical margin pressures elevate downside risk.""}, {""model"": ""Simulated-AI-Macro-Tactical"", ""call"": ""buy"", ""target_price"": 76.08, ""thesis"": ""Positive operating execution and robust revenue traction support upside.""}]"
TMO,2025-03-31,large_cap,0.7143,1.0,0.2857,492.0,4,"[{""model"": ""Simulated-AI-Momentum-Quant"", ""call"": ""hold"", ""target_price"": 509.89, ""thesis"": ""Consolidating trading range warrants a neutral rating until breakout confirmation.""}, {""model"": ""Simulated-AI-Fundamental-Value"", ""call"": ""hold"", ""target_price"": 487.75, ""thesis"": ""Fair valuation reflects balanced risk-reward relative to sector peers.""}, {""model"": ""Simulated-AI-Quality-Compounder"", ""call"": ""hold"", ""target_price"": 524.6, ""thesis"": ""Defensive operational balance sheet balanced by limited immediate re-rating catalysts.""}, {""model"": ""Simulated-AI-Macro-Tactical"", ""call"": ""hold"", ""target_price"": 445.75, ""thesis"": ""Macro headwinds and declining momentum justify a defensive posture.""}]"
WMT,2025-03-31,large_cap,0.586,0.75,0.3401,92.13,4,"[{""model"": ""Simulated-AI-Momentum-Quant"", ""call"": ""hold"", ""target_price"": 88.42, ""thesis"": ""Consolidating trading range warrants a neutral rating until breakout confirmation.""}, {""model"": ""Simulated-AI-Fundamental-Value"", ""call"": ""buy"", ""target_price"": 101.28, ""thesis"": ""Recent price softening provides an attractive risk-adjusted entry point against fundamental book value.""}, {""model"": ""Simulated-AI-Quality-Compounder"", ""call"": ""hold"", ""target_price"": 91.32, ""thesis"": ""Defensive operational balance sheet balanced by limited immediate re-rating catalysts.""}, {""model"": ""Simulated-AI-Macro-Tactical"", ""call"": ""hold"", ""target_price"": 87.51, ""thesis"": ""Balanced near-term catalysts recommend maintaining current position.""}]"
MCD,2025-03-31,large_cap,0.4338,0.5,0.3346,316.97,4,"[{""model"": ""Simulated-AI-Momentum-Quant"", ""call"": ""buy"", ""target_price"": 348.08, ""thesis"": ""Strong upward medium-term momentum (+7.0%) signals continued institutional accumulation.""}, {""model"": ""Simulated-AI-Fundamental-Value"", ""call"": ""sell"", ""target_price"": 253.38, ""thesis"": ""Elevated multi-month valuation multiples leave little safety margin against forward earnings revisions.""}, {""model"": ""Simulated-AI-Quality-Compounder"", ""call"": ""buy"", ""target_price"": 335.2, ""thesis"": ""Stable financial profile and durable competitive moat support long-term compounding potential.""}, {""model"": ""Simulated-AI-Macro-Tactical"", ""call"": ""hold"", ""target_price"": 331.22, ""thesis"": ""Positive operating execution and robust revenue traction support upside.""}]"
CSCO,2025-03-31,large_cap,0.4024,0.5,0.256,63.65,4,"[{""model"": ""Simulated-AI-Momentum-Quant"", ""call"": ""buy"", ""target_price"": 68.73, ""thesis"": ""Strong upward medium-term momentum (+4.2%) signals continued institutional accumulation.""}, {""model"": ""Simulated-AI-Fundamental-Value"", ""call"": ""hold"", ""target_price"": 59.6, ""thesis"": ""Fair valuation reflects balanced risk-reward relative to sector peers.""}, {""model"": ""Simulated-AI-Quality-Compounder"", ""call"": ""buy"", ""target_price"": 65.96, ""thesis"": ""Stable financial profile and durable competitive moat support long-term compounding potential.""}, {""model"": ""Simulated-AI-Macro-Tactical"", ""call"": ""hold"", ""target_price"": 60.3, ""thesis"": ""Balanced near-term catalysts recommend maintaining current position.""}]"
KNSL,2025-03-31,small_cap,0.4153,0.5,0.2882,520.71,4,"[{""model"": ""Simulated-AI-Momentum-Quant"", ""call"": ""hold"", ""target_price"": 488.73, ""thesis"": ""Consolidating trading range warrants a neutral rating until breakout confirmation.""}, {""model"": ""Simulated-AI-Fundamental-Value"", ""call"": ""buy"", ""target_price"": 568.53, ""thesis"": ""Recent price softening provides an attractive risk-adjusted entry point against fundamental book value.""}, {""model"": ""Simulated-AI-Quality-Compounder"", ""call"": ""buy"", ""target_price"": 535.64, ""thesis"": ""Stable financial profile and durable competitive moat support long-term compounding potential.""}, {""model"": ""Simulated-AI-Macro-Tactical"", ""call"": ""hold"", ""target_price"": 489.94, ""thesis"": ""Balanced near-term catalysts recommend maintaining current position.""}]"
SAIA,2025-03-31,small_cap,0.5747,0.75,0.3116,332.72,4,"[{""model"": ""Simulated-AI-Momentum-Quant"", ""call"": ""sell"", ""target_price"": 300.23, ""thesis"": ""Persistent negative price trajectory (-26.5%) indicates structural distribution headwinds.""}, {""model"": ""Simulated-AI-Fundamental-Value"", ""call"": ""buy"", ""target_price"": 404.81, ""thesis"": ""Recent price softening provides an attractive risk-adjusted entry point against fundamental book value.""}, {""model"": ""Simulated-AI-Quality-Compounder"", ""call"": ""sell"", ""target_price"": 311.34, ""thesis"": ""Heightened earnings volatility and cyclical margin pressures elevate downside risk.""}, {""model"": ""Simulated-AI-Macro-Tactical"", ""call"": ""sell"", ""target_price"": 314.49, ""thesis"": ""Macro headwinds and declining momentum justify a defensive posture.""}]"
MEDP,2025-03-31,small_cap,0.5756,0.75,0.3139,290.8,4,"[{""model"": ""Simulated-AI-Momentum-Quant"", ""call"": ""sell"", ""target_price"": 266.18, ""thesis"": ""Persistent negative price trajectory (-10.7%) indicates structural distribution headwinds.""}, {""model"": ""Simulated-AI-Fundamental-Value"", ""call"": ""buy"", ""target_price"": 354.96, ""thesis"": ""Recent price softening provides an attractive risk-adjusted entry point against fundamental book value.""}, {""model"": ""Simulated-AI-Quality-Compounder"", ""call"": ""sell"", ""target_price"": 267.82, ""thesis"": ""Heightened earnings volatility and cyclical margin pressures elevate downside risk.""}, {""model"": ""Simulated-AI-Macro-Tactical"", ""call"": ""sell"", ""target_price"": 274.22, ""thesis"": ""Macro headwinds and declining momentum justify a defensive posture.""}]"
SSD,2025-03-31,small_cap,0.4091,0.5,0.2727,147.57,4,"[{""model"": ""Simulated-AI-Momentum-Quant"", ""call"": ""sell"", ""target_price"": 132.97, ""thesis"": ""Persistent negative price trajectory (-5.7%) indicates structural distribution headwinds.""}, {""model"": ""Simulated-AI-Fundamental-Value"", ""call"": ""hold"", ""target_price"": 154.92, ""thesis"": ""Fair valuation reflects balanced risk-reward relative to sector peers.""}, {""model"": ""Simulated-AI-Quality-Compounder"", ""call"": ""hold"", ""target_price"": 162.45, ""thesis"": ""Defensive operational balance sheet balanced by limited immediate re-rating catalysts.""}, {""model"": ""Simulated-AI-Macro-Tactical"", ""call"": ""sell"", ""target_price"": 139.93, ""thesis"": ""Macro headwinds and declining momentum justify a defensive posture.""}]"
EXPO,2025-03-31,small_cap,0.5662,0.75,0.2905,71.74,4,"[{""model"": ""Simulated-AI-Momentum-Quant"", ""call"": ""sell"", ""target_price"": 67.81, ""thesis"": ""Persistent negative price trajectory (-9.0%) indicates structural distribution headwinds.""}, {""model"": ""Simulated-AI-Fundamental-Value"", ""call"": ""hold"", ""target_price"": 78.17, ""thesis"": ""Fair valuation reflects balanced risk-reward relative to sector peers.""}, {""model"": ""Simulated-AI-Quality-Compounder"", ""call"": ""sell"", ""target_price"": 69.87, ""thesis"": ""Heightened earnings volatility and cyclical margin pressures elevate downside risk.""}, {""model"": ""Simulated-AI-Macro-Tactical"", ""call"": ""sell"", ""target_price"": 71.09, ""thesis"": ""Macro headwinds and declining momentum justify a defensive posture.""}]"
FORM,2025-03-31,small_cap,0.4249,0.5,0.3123,26.81,4,"[{""model"": ""Simulated-AI-Momentum-Quant"", ""call"": ""sell"", ""target_price"": 24.04, ""thesis"": ""Persistent negative price trajectory (-38.4%) indicates structural distribution headwinds.""}, {""model"": ""Simulated-AI-Fundamental-Value"", ""call"": ""buy"", ""target_price"": 32.56, ""thesis"": ""Recent price softening provides an attractive risk-adjusted entry point against fundamental book value.""}, {""model"": ""Simulated-AI-Quality-Compounder"", ""call"": ""sell"", ""target_price"": 25.18, ""thesis"": ""Heightened earnings volatility and cyclical margin pressures elevate downside risk.""}, {""model"": ""Simulated-AI-Macro-Tactical"", ""call"": ""hold"", ""target_price"": 25.46, ""thesis"": ""Macro headwinds and declining momentum justify a defensive posture.""}]"
CRVL,2025-03-31,small_cap,0.7327,1.0,0.3317,113.88,4,"[{""model"": ""Simulated-AI-Momentum-Quant"", ""call"": ""hold"", ""target_price"": 115.11, ""thesis"": ""Consolidating trading range warrants a neutral rating until breakout confirmation.""}, {""model"": ""Simulated-AI-Fundamental-Value"", ""call"": ""hold"", ""target_price"": 111.75, ""thesis"": ""Fair valuation reflects balanced risk-reward relative to sector peers.""}, {""model"": ""Simulated-AI-Quality-Compounder"", ""call"": ""hold"", ""target_price"": 115.55, ""thesis"": ""Defensive operational balance sheet balanced by limited immediate re-rating catalysts.""}, {""model"": ""Simulated-AI-Macro-Tactical"", ""call"": ""hold"", ""target_price"": 113.09, ""thesis"": ""Balanced near-term catalysts recommend maintaining current position.""}]"
TKR,2025-03-31,small_cap,0.5497,0.75,0.2492,73.6,4,"[{""model"": ""Simulated-AI-Momentum-Quant"", ""call"": ""buy"", ""target_price"": 80.02, ""thesis"": ""Strong upward medium-term momentum (+1.0%) signals continued institutional accumulation.""}, {""model"": ""Simulated-AI-Fundamental-Value"", ""call"": ""hold"", ""target_price"": 70.24, ""thesis"": ""Fair valuation reflects balanced risk-reward relative to sector peers.""}, {""model"": ""Simulated-AI-Quality-Compounder"", ""call"": ""hold"", ""target_price"": 73.22, ""thesis"": ""Defensive operational balance sheet balanced by limited immediate re-rating catalysts.""}, {""model"": ""Simulated-AI-Macro-Tactical"", ""call"": ""hold"", ""target_price"": 70.94, ""thesis"": ""Balanced near-term catalysts recommend maintaining current position.""}]"
POWI,2025-03-31,small_cap,0.5743,0.75,0.3106,46.85,4,"[{""model"": ""Simulated-AI-Momentum-Quant"", ""call"": ""sell"", ""target_price"": 42.27, ""thesis"": ""Persistent negative price trajectory (-19.6%) indicates structural distribution headwinds.""}, {""model"": ""Simulated-AI-Fundamental-Value"", ""call"": ""buy"", ""target_price"": 57.24, ""thesis"": ""Recent price softening provides an attractive risk-adjusted entry point against fundamental book value.""}, {""model"": ""Simulated-AI-Quality-Compounder"", ""call"": ""sell"", ""target_price"": 43.59, ""thesis"": ""Heightened earnings volatility and cyclical margin pressures elevate downside risk.""}, {""model"": ""Simulated-AI-Macro-Tactical"", ""call"": ""sell"", ""target_price"": 44.28, ""thesis"": ""Macro headwinds and declining momentum justify a defensive posture.""}]"
CALM,2025-03-31,small_cap,0.5574,0.75,0.2686,78.84,4,"[{""model"": ""Simulated-AI-Momentum-Quant"", ""call"": ""sell"", ""target_price"": 70.11, ""thesis"": ""Persistent negative price trajectory (-8.9%) indicates structural distribution headwinds.""}, {""model"": ""Simulated-AI-Fundamental-Value"", ""call"": ""hold"", ""target_price"": 82.5, ""thesis"": ""Fair valuation reflects balanced risk-reward relative to sector peers.""}, {""model"": ""Simulated-AI-Quality-Compounder"", ""call"": ""hold"", ""target_price"": 87.8, ""thesis"": ""Defensive operational balance sheet balanced by limited immediate re-rating catalysts.""}, {""model"": ""Simulated-AI-Macro-Tactical"", ""call"": ""hold"", ""target_price"": 74.97, ""thesis"": ""Macro headwinds and declining momentum justify a defensive posture.""}]"
PLUS,2025-03-31,small_cap,0.5739,0.75,0.3098,57.33,4,"[{""model"": ""Simulated-AI-Momentum-Quant"", ""call"": ""sell"", ""target_price"": 51.71, ""thesis"": ""Persistent negative price trajectory (-17.0%) indicates structural distribution headwinds.""}, {""model"": ""Simulated-AI-Fundamental-Value"", ""call"": ""buy"", ""target_price"": 70.13, ""thesis"": ""Recent price softening provides an attractive risk-adjusted entry point against fundamental book value.""}, {""model"": ""Simulated-AI-Quality-Compounder"", ""call"": ""sell"", ""target_price"": 53.43, ""thesis"": ""Heightened earnings volatility and cyclical margin pressures elevate downside risk.""}, {""model"": ""Simulated-AI-Macro-Tactical"", ""call"": ""sell"", ""target_price"": 54.06, ""thesis"": ""Macro headwinds and declining momentum justify a defensive posture.""}]"
FSS,2025-03-31,small_cap,0.5747,0.75,0.3118,69.65,4,"[{""model"": ""Simulated-AI-Momentum-Quant"", ""call"": ""sell"", ""target_price"": 63.29, ""thesis"": ""Persistent negative price trajectory (-20.5%) indicates structural distribution headwinds.""}, {""model"": ""Simulated-AI-Fundamental-Value"", ""call"": ""buy"", ""target_price"": 84.51, ""thesis"": ""Recent price softening provides an attractive risk-adjusted entry point against fundamental book value.""}, {""model"": ""Simulated-AI-Quality-Compounder"", ""call"": ""sell"", ""target_price"": 65.13, ""thesis"": ""Heightened earnings volatility and cyclical margin pressures elevate downside risk.""}, {""model"": ""Simulated-AI-Macro-Tactical"", ""call"": ""sell"", ""target_price"": 65.68, ""thesis"": ""Macro headwinds and declining momentum justify a defensive posture.""}]"
AMWD,2025-03-31,small_cap,0.3809,0.5,0.2022,94.02,4,"[{""model"": ""Simulated-AI-Momentum-Quant"", ""call"": ""sell"", ""target_price"": 85.76, ""thesis"": ""Persistent negative price trajectory (+0.0%) indicates structural distribution headwinds.""}, {""model"": ""Simulated-AI-Fundamental-Value"", ""call"": ""hold"", ""target_price"": 100.92, ""thesis"": ""Fair valuation reflects balanced risk-reward relative to sector peers.""}, {""model"": ""Simulated-AI-Quality-Compounder"", ""call"": ""sell"", ""target_price"": 88.4, ""thesis"": ""Heightened earnings volatility and cyclical margin pressures elevate downside risk.""}, {""model"": ""Simulated-AI-Macro-Tactical"", ""call"": ""hold"", ""target_price"": 101.0, ""thesis"": ""Balanced near-term catalysts recommend maintaining current position.""}]"
ATKR,2025-03-31,small_cap,0.5755,0.75,0.3138,55.15,4,"[{""model"": ""Simulated-AI-Momentum-Quant"", ""call"": ""sell"", ""target_price"": 48.97, ""thesis"": ""Persistent negative price trajectory (-27.7%) indicates structural distribution headwinds.""}, {""model"": ""Simulated-AI-Fundamental-Value"", ""call"": ""buy"", ""target_price"": 67.19, ""thesis"": ""Recent price softening provides an attractive risk-adjusted entry point against fundamental book value.""}, {""model"": ""Simulated-AI-Quality-Compounder"", ""call"": ""sell"", ""target_price"": 51.95, ""thesis"": ""Heightened earnings volatility and cyclical margin pressures elevate downside risk.""}, {""model"": ""Simulated-AI-Macro-Tactical"", ""call"": ""sell"", ""target_price"": 52.47, ""thesis"": ""Macro headwinds and declining momentum justify a defensive posture.""}]"
BRC,2025-03-31,small_cap,0.5477,0.75,0.2442,67.81,4,"[{""model"": ""Simulated-AI-Momentum-Quant"", ""call"": ""sell"", ""target_price"": 58.43, ""thesis"": ""Persistent negative price trajectory (-4.1%) indicates structural distribution headwinds.""}, {""model"": ""Simulated-AI-Fundamental-Value"", ""call"": ""hold"", ""target_price"": 69.46, ""thesis"": ""Fair valuation reflects balanced risk-reward relative to sector peers.""}, {""model"": ""Simulated-AI-Quality-Compounder"", ""call"": ""hold"", ""target_price"": 73.39, ""thesis"": ""Defensive operational balance sheet balanced by limited immediate re-rating catalysts.""}, {""model"": ""Simulated-AI-Macro-Tactical"", ""call"": ""hold"", ""target_price"": 69.98, ""thesis"": ""Balanced near-term catalysts recommend maintaining current position.""}]"
CNO,2025-03-31,small_cap,0.425,0.5,0.3125,44.46,4,"[{""model"": ""Simulated-AI-Momentum-Quant"", ""call"": ""buy"", ""target_price"": 46.97, ""thesis"": ""Strong upward medium-term momentum (+12.1%) signals continued institutional accumulation.""}, {""model"": ""Simulated-AI-Fundamental-Value"", ""call"": ""hold"", ""target_price"": 41.33, ""thesis"": ""Fair valuation reflects balanced risk-reward relative to sector peers.""}, {""model"": ""Simulated-AI-Quality-Compounder"", ""call"": ""buy"", ""target_price"": 44.8, ""thesis"": ""Stable financial profile and durable competitive moat support long-term compounding potential.""}, {""model"": ""Simulated-AI-Macro-Tactical"", ""call"": ""hold"", ""target_price"": 44.73, ""thesis"": ""Positive operating execution and robust revenue traction support upside.""}]"
CSGS,2025-03-31,small_cap,0.3949,0.5,0.2373,97.75,4,"[{""model"": ""Simulated-AI-Momentum-Quant"", ""call"": ""sell"", ""target_price"": 85.28, ""thesis"": ""Persistent negative price trajectory (+0.0%) indicates structural distribution headwinds.""}, {""model"": ""Simulated-AI-Fundamental-Value"", ""call"": ""buy"", ""target_price"": 117.1, ""thesis"": ""Recent price softening provides an attractive risk-adjusted entry point against fundamental book value.""}, {""model"": ""Simulated-AI-Quality-Compounder"", ""call"": ""sell"", ""target_price"": 87.6, ""thesis"": ""Heightened earnings volatility and cyclical margin pressures elevate downside risk.""}, {""model"": ""Simulated-AI-Macro-Tactical"", ""call"": ""hold"", ""target_price"": 101.0, ""thesis"": ""Balanced near-term catalysts recommend maintaining current position.""}]"
ENSG,2025-03-31,small_cap,0.4017,0.5,0.2543,131.13,4,"[{""model"": ""Simulated-AI-Momentum-Quant"", ""call"": ""sell"", ""target_price"": 109.53, ""thesis"": ""Persistent negative price trajectory (-3.3%) indicates structural distribution headwinds.""}, {""model"": ""Simulated-AI-Fundamental-Value"", ""call"": ""buy"", ""target_price"": 150.67, ""thesis"": ""Recent price softening provides an attractive risk-adjusted entry point against fundamental book value.""}, {""model"": ""Simulated-AI-Quality-Compounder"", ""call"": ""hold"", ""target_price"": 133.86, ""thesis"": ""Defensive operational balance sheet balanced by limited immediate re-rating catalysts.""}, {""model"": ""Simulated-AI-Macro-Tactical"", ""call"": ""hold"", ""target_price"": 130.45, ""thesis"": ""Balanced near-term catalysts recommend maintaining current position.""}]"
FIX,2025-03-31,small_cap,0.5755,0.75,0.3138,303.84,4,"[{""model"": ""Simulated-AI-Momentum-Quant"", ""call"": ""sell"", ""target_price"": 272.83, ""thesis"": ""Persistent negative price trajectory (-25.3%) indicates structural distribution headwinds.""}, {""model"": ""Simulated-AI-Fundamental-Value"", ""call"": ""buy"", ""target_price"": 370.26, ""thesis"": ""Recent price softening provides an attractive risk-adjusted entry point against fundamental book value.""}, {""model"": ""Simulated-AI-Quality-Compounder"", ""call"": ""sell"", ""target_price"": 283.24, ""thesis"": ""Heightened earnings volatility and cyclical margin pressures elevate downside risk.""}, {""model"": ""Simulated-AI-Macro-Tactical"", ""call"": ""sell"", ""target_price"": 289.02, ""thesis"": ""Macro headwinds and declining momentum justify a defensive posture.""}]"
GBCI,2025-03-31,small_cap,0.5655,0.75,0.2887,38.45,4,"[{""model"": ""Simulated-AI-Momentum-Quant"", ""call"": ""sell"", ""target_price"": 35.93, ""thesis"": ""Persistent negative price trajectory (-12.1%) indicates structural distribution headwinds.""}, {""model"": ""Simulated-AI-Fundamental-Value"", ""call"": ""hold"", ""target_price"": 41.86, ""thesis"": ""Fair valuation reflects balanced risk-reward relative to sector peers.""}, {""model"": ""Simulated-AI-Quality-Compounder"", ""call"": ""sell"", ""target_price"": 37.93, ""thesis"": ""Heightened earnings volatility and cyclical margin pressures elevate downside risk.""}, {""model"": ""Simulated-AI-Macro-Tactical"", ""call"": ""sell"", ""target_price"": 38.1, ""thesis"": ""Macro headwinds and declining momentum justify a defensive posture.""}]"
GPI,2025-03-31,small_cap,0.4036,0.5,0.2591,375.09,4,"[{""model"": ""Simulated-AI-Momentum-Quant"", ""call"": ""sell"", ""target_price"": 326.15, ""thesis"": ""Persistent negative price trajectory (-9.6%) indicates structural distribution headwinds.""}, {""model"": ""Simulated-AI-Fundamental-Value"", ""call"": ""buy"", ""target_price"": 437.4, ""thesis"": ""Recent price softening provides an attractive risk-adjusted entry point against fundamental book value.""}, {""model"": ""Simulated-AI-Quality-Compounder"", ""call"": ""hold"", ""target_price"": 396.1, ""thesis"": ""Defensive operational balance sheet balanced by limited immediate re-rating catalysts.""}, {""model"": ""Simulated-AI-Macro-Tactical"", ""call"": ""sell"", ""target_price"": 340.69, ""thesis"": ""Macro headwinds and declining momentum justify a defensive posture.""}]"
HLNE,2025-03-31,small_cap,0.7327,1.0,0.3317,147.07,4,"[{""model"": ""Simulated-AI-Momentum-Quant"", ""call"": ""hold"", ""target_price"": 147.35, ""thesis"": ""Consolidating trading range warrants a neutral rating until breakout confirmation.""}, {""model"": ""Simulated-AI-Fundamental-Value"", ""call"": ""hold"", ""target_price"": 144.0, ""thesis"": ""Fair valuation reflects balanced risk-reward relative to sector peers.""}, {""model"": ""Simulated-AI-Quality-Compounder"", ""call"": ""hold"", ""target_price"": 150.38, ""thesis"": ""Defensive operational balance sheet balanced by limited immediate re-rating catalysts.""}, {""model"": ""Simulated-AI-Macro-Tactical"", ""call"": ""hold"", ""target_price"": 146.55, ""thesis"": ""Balanced near-term catalysts recommend maintaining current position.""}]"
HWKN,2025-03-31,small_cap,0.5668,0.75,0.292,95.32,4,"[{""model"": ""Simulated-AI-Momentum-Quant"", ""call"": ""sell"", ""target_price"": 90.7, ""thesis"": ""Persistent negative price trajectory (-15.4%) indicates structural distribution headwinds.""}, {""model"": ""Simulated-AI-Fundamental-Value"", ""call"": ""hold"", ""target_price"": 103.6, ""thesis"": ""Fair valuation reflects balanced risk-reward relative to sector peers.""}, {""model"": ""Simulated-AI-Quality-Compounder"", ""call"": ""sell"", ""target_price"": 92.41, ""thesis"": ""Heightened earnings volatility and cyclical margin pressures elevate downside risk.""}, {""model"": ""Simulated-AI-Macro-Tactical"", ""call"": ""sell"", ""target_price"": 94.56, ""thesis"": ""Macro headwinds and declining momentum justify a defensive posture.""}]"
IBP,2025-03-31,small_cap,0.4058,0.5,0.2646,172.25,4,"[{""model"": ""Simulated-AI-Momentum-Quant"", ""call"": ""hold"", ""target_price"": 171.46, ""thesis"": ""Consolidating trading range warrants a neutral rating until breakout confirmation.""}, {""model"": ""Simulated-AI-Fundamental-Value"", ""call"": ""buy"", ""target_price"": 198.41, ""thesis"": ""Recent price softening provides an attractive risk-adjusted entry point against fundamental book value.""}, {""model"": ""Simulated-AI-Quality-Compounder"", ""call"": ""sell"", ""target_price"": 148.49, ""thesis"": ""Heightened earnings volatility and cyclical margin pressures elevate downside risk.""}, {""model"": ""Simulated-AI-Macro-Tactical"", ""call"": ""hold"", ""target_price"": 170.62, ""thesis"": ""Balanced near-term catalysts recommend maintaining current position.""}]"
KAR,2025-03-31,small_cap,0.7327,1.0,0.3317,101.26,4,"[{""model"": ""Simulated-AI-Momentum-Quant"", ""call"": ""hold"", ""target_price"": 100.85, ""thesis"": ""Consolidating trading range warrants a neutral rating until breakout confirmation.""}, {""model"": ""Simulated-AI-Fundamental-Value"", ""call"": ""hold"", ""target_price"": 99.52, ""thesis"": ""Fair valuation reflects balanced risk-reward relative to sector peers.""}, {""model"": ""Simulated-AI-Quality-Compounder"", ""call"": ""hold"", ""target_price"": 103.68, ""thesis"": ""Defensive operational balance sheet balanced by limited immediate re-rating catalysts.""}, {""model"": ""Simulated-AI-Macro-Tactical"", ""call"": ""hold"", ""target_price"": 101.0, ""thesis"": ""Balanced near-term catalysts recommend maintaining current position.""}]"
MC,2025-03-31,small_cap,0.5745,0.75,0.3113,52.33,4,"[{""model"": ""Simulated-AI-Momentum-Quant"", ""call"": ""sell"", ""target_price"": 47.99, ""thesis"": ""Persistent negative price trajectory (-20.9%) indicates structural distribution headwinds.""}, {""model"": ""Simulated-AI-Fundamental-Value"", ""call"": ""buy"", ""target_price"": 63.55, ""thesis"": ""Recent price softening provides an attractive risk-adjusted entry point against fundamental book value.""}, {""model"": ""Simulated-AI-Quality-Compounder"", ""call"": ""sell"", ""target_price"": 48.4, ""thesis"": ""Heightened earnings volatility and cyclical margin pressures elevate downside risk.""}, {""model"": ""Simulated-AI-Macro-Tactical"", ""call"": ""sell"", ""target_price"": 49.39, ""thesis"": ""Macro headwinds and declining momentum justify a defensive posture.""}]"
OII,2025-03-31,small_cap,0.4246,0.5,0.3116,20.7,4,"[{""model"": ""Simulated-AI-Momentum-Quant"", ""call"": ""sell"", ""target_price"": 18.51, ""thesis"": ""Persistent negative price trajectory (-13.5%) indicates structural distribution headwinds.""}, {""model"": ""Simulated-AI-Fundamental-Value"", ""call"": ""buy"", ""target_price"": 25.16, ""thesis"": ""Recent price softening provides an attractive risk-adjusted entry point against fundamental book value.""}, {""model"": ""Simulated-AI-Quality-Compounder"", ""call"": ""sell"", ""target_price"": 19.52, ""thesis"": ""Heightened earnings volatility and cyclical margin pressures elevate downside risk.""}, {""model"": ""Simulated-AI-Macro-Tactical"", ""call"": ""hold"", ""target_price"": 19.63, ""thesis"": ""Macro headwinds and declining momentum justify a defensive posture.""}]"
PRDO,2025-03-31,small_cap,0.4015,0.5,0.2538,24.93,4,"[{""model"": ""Simulated-AI-Momentum-Quant"", ""call"": ""sell"", ""target_price"": 20.58, ""thesis"": ""Persistent negative price trajectory (-3.8%) indicates structural distribution headwinds.""}, {""model"": ""Simulated-AI-Fundamental-Value"", ""call"": ""buy"", ""target_price"": 28.51, ""thesis"": ""Recent price softening provides an attractive risk-adjusted entry point against fundamental book value.""}, {""model"": ""Simulated-AI-Quality-Compounder"", ""call"": ""hold"", ""target_price"": 25.9, ""thesis"": ""Defensive operational balance sheet balanced by limited immediate re-rating catalysts.""}, {""model"": ""Simulated-AI-Macro-Tactical"", ""call"": ""hold"", ""target_price"": 24.72, ""thesis"": ""Balanced near-term catalysts recommend maintaining current position.""}]"
SHOO,2025-03-31,small_cap,0.4236,0.5,0.309,24.6,4,"[{""model"": ""Simulated-AI-Momentum-Quant"", ""call"": ""sell"", ""target_price"": 22.42, ""thesis"": ""Persistent negative price trajectory (-36.6%) indicates structural distribution headwinds.""}, {""model"": ""Simulated-AI-Fundamental-Value"", ""call"": ""buy"", ""target_price"": 29.78, ""thesis"": ""Recent price softening provides an attractive risk-adjusted entry point against fundamental book value.""}, {""model"": ""Simulated-AI-Quality-Compounder"", ""call"": ""sell"", ""target_price"": 22.95, ""thesis"": ""Heightened earnings volatility and cyclical margin pressures elevate downside risk.""}, {""model"": ""Simulated-AI-Macro-Tactical"", ""call"": ""hold"", ""target_price"": 23.25, ""thesis"": ""Macro headwinds and declining momentum justify a defensive posture.""}]"
SLVM,2025-03-31,small_cap,0.574,0.75,0.31,60.32,4,"[{""model"": ""Simulated-AI-Momentum-Quant"", ""call"": ""sell"", ""target_price"": 55.31, ""thesis"": ""Persistent negative price trajectory (-15.1%) indicates structural distribution headwinds.""}, {""model"": ""Simulated-AI-Fundamental-Value"", ""call"": ""buy"", ""target_price"": 72.97, ""thesis"": ""Recent price softening provides an attractive risk-adjusted entry point against fundamental book value.""}, {""model"": ""Simulated-AI-Quality-Compounder"", ""call"": ""sell"", ""target_price"": 56.08, ""thesis"": ""Heightened earnings volatility and cyclical margin pressures elevate downside risk.""}, {""model"": ""Simulated-AI-Macro-Tactical"", ""call"": ""sell"", ""target_price"": 56.93, ""thesis"": ""Macro headwinds and declining momentum justify a defensive posture.""}]"
AAPL,2025-06-30,large_cap,0.4083,0.5,0.2708,194.3,4,"[{""model"": ""Simulated-AI-Momentum-Quant"", ""call"": ""sell"", ""target_price"": 177.23, ""thesis"": ""Persistent negative price trajectory (-7.5%) indicates structural distribution headwinds.""}, {""model"": ""Simulated-AI-Fundamental-Value"", ""call"": ""hold"", ""target_price"": 201.97, ""thesis"": ""Fair valuation reflects balanced risk-reward relative to sector peers.""}, {""model"": ""Simulated-AI-Quality-Compounder"", ""call"": ""hold"", ""target_price"": 214.23, ""thesis"": ""Defensive operational balance sheet balanced by limited immediate re-rating catalysts.""}, {""model"": ""Simulated-AI-Macro-Tactical"", ""call"": ""sell"", ""target_price"": 183.76, ""thesis"": ""Macro headwinds and declining momentum justify a defensive posture.""}]"
MSFT,2025-06-30,large_cap,0.4457,0.5,0.3641,485.78,4,"[{""model"": ""Simulated-AI-Momentum-Quant"", ""call"": ""buy"", ""target_price"": 558.34, ""thesis"": ""Strong upward medium-term momentum (+32.7%) signals continued institutional accumulation.""}, {""model"": ""Simulated-AI-Fundamental-Value"", ""call"": ""sell"", ""target_price"": 409.3, ""thesis"": ""Elevated multi-month valuation multiples leave little safety margin against forward earnings revisions.""}, {""model"": ""Simulated-AI-Quality-Compounder"", ""call"": ""sell"", ""target_price"": 433.68, ""thesis"": ""Heightened earnings volatility and cyclical margin pressures elevate downside risk.""}, {""model"": ""Simulated-AI-Macro-Tactical"", ""call"": ""buy"", ""target_price"": 541.79, ""thesis"": ""Positive operating execution and robust revenue traction support upside.""}]"
NVDA,2025-06-30,large_cap,0.4333,0.5,0.3332,164.11,4,"[{""model"": ""Simulated-AI-Momentum-Quant"", ""call"": ""buy"", ""target_price"": 177.39, ""thesis"": ""Strong upward medium-term momentum (+45.8%) signals continued institutional accumulation.""}, {""model"": ""Simulated-AI-Fundamental-Value"", ""call"": ""sell"", ""target_price"": 132.23, ""thesis"": ""Elevated multi-month valuation multiples leave little safety margin against forward earnings revisions.""}, {""model"": ""Simulated-AI-Quality-Compounder"", ""call"": ""buy"", ""target_price"": 173.45, ""thesis"": ""Stable financial profile and durable competitive moat support long-term compounding potential.""}, {""model"": ""Simulated-AI-Macro-Tactical"", ""call"": ""hold"", ""target_price"": 173.36, ""thesis"": ""Positive operating execution and robust revenue traction support upside.""}]"
AMZN,2025-06-30,large_cap,0.4056,0.5,0.2641,235.27,4,"[{""model"": ""Simulated-AI-Momentum-Quant"", ""call"": ""buy"", ""target_price"": 251.68, ""thesis"": ""Strong upward medium-term momentum (+15.3%) signals continued institutional accumulation.""}, {""model"": ""Simulated-AI-Fundamental-Value"", ""call"": ""hold"", ""target_price"": 222.55, ""thesis"": ""Fair valuation reflects balanced risk-reward relative to sector peers.""}, {""model"": ""Simulated-AI-Quality-Compounder"", ""call"": ""hold"", ""target_price"": 225.53, ""thesis"": ""Defensive operational balance sheet balanced by limited immediate re-rating catalysts.""}, {""model"": ""Simulated-AI-Macro-Tactical"", ""call"": ""buy"", ""target_price"": 241.33, ""thesis"": ""Positive operating execution and robust revenue traction support upside.""}]"
GOOGL,2025-06-30,large_cap,0.4333,0.5,0.3333,184.8,4,"[{""model"": ""Simulated-AI-Momentum-Quant"", ""call"": ""buy"", ""target_price"": 200.35, ""thesis"": ""Strong upward medium-term momentum (+14.1%) signals continued institutional accumulation.""}, {""model"": ""Simulated-AI-Fundamental-Value"", ""call"": ""sell"", ""target_price"": 149.01, ""thesis"": ""Elevated multi-month valuation multiples leave little safety margin against forward earnings revisions.""}, {""model"": ""Simulated-AI-Quality-Compounder"", ""call"": ""buy"", ""target_price"": 196.66, ""thesis"": ""Stable financial profile and durable competitive moat support long-term compounding potential.""}, {""model"": ""Simulated-AI-Macro-Tactical"", ""call"": ""hold"", ""target_price"": 193.18, ""thesis"": ""Positive operating execution and robust revenue traction support upside.""}]"
META,2025-06-30,large_cap,0.4442,0.5,0.3604,725.0,4,"[{""model"": ""Simulated-AI-Momentum-Quant"", ""call"": ""buy"", ""target_price"": 828.67, ""thesis"": ""Strong upward medium-term momentum (+28.2%) signals continued institutional accumulation.""}, {""model"": ""Simulated-AI-Fundamental-Value"", ""call"": ""sell"", ""target_price"": 617.97, ""thesis"": ""Elevated multi-month valuation multiples leave little safety margin against forward earnings revisions.""}, {""model"": ""Simulated-AI-Quality-Compounder"", ""call"": ""sell"", ""target_price"": 644.09, ""thesis"": ""Heightened earnings volatility and cyclical margin pressures elevate downside risk.""}, {""model"": ""Simulated-AI-Macro-Tactical"", ""call"": ""buy"", ""target_price"": 809.25, ""thesis"": ""Positive operating execution and robust revenue traction support upside.""}]"
BRK-B,2025-06-30,large_cap,0.4066,0.5,0.2666,461.34,4,"[{""model"": ""Simulated-AI-Momentum-Quant"", ""call"": ""sell"", ""target_price"": 420.48, ""thesis"": ""Persistent negative price trajectory (-8.8%) indicates structural distribution headwinds.""}, {""model"": ""Simulated-AI-Fundamental-Value"", ""call"": ""hold"", ""target_price"": 481.5, ""thesis"": ""Fair valuation reflects balanced risk-reward relative to sector peers.""}, {""model"": ""Simulated-AI-Quality-Compounder"", ""call"": ""hold"", ""target_price"": 506.17, ""thesis"": ""Defensive operational balance sheet balanced by limited immediate re-rating catalysts.""}, {""model"": ""Simulated-AI-Macro-Tactical"", ""call"": ""sell"", ""target_price"": 437.19, ""thesis"": ""Macro headwinds and declining momentum justify a defensive posture.""}]"
JPM,2025-06-30,large_cap,0.4446,0.5,0.3615,280.29,4,"[{""model"": ""Simulated-AI-Momentum-Quant"", ""call"": ""buy"", ""target_price"": 324.09, ""thesis"": ""Strong upward medium-term momentum (+18.9%) signals continued institutional accumulation.""}, {""model"": ""Simulated-AI-Fundamental-Value"", ""call"": ""sell"", ""target_price"": 237.8, ""thesis"": ""Elevated multi-month valuation multiples leave little safety margin against forward earnings revisions.""}, {""model"": ""Simulated-AI-Quality-Compounder"", ""call"": ""sell"", ""target_price"": 247.85, ""thesis"": ""Heightened earnings volatility and cyclical margin pressures elevate downside risk.""}, {""model"": ""Simulated-AI-Macro-Tactical"", ""call"": ""buy"", ""target_price"": 311.41, ""thesis"": ""Positive operating execution and robust revenue traction support upside.""}]"
V,2025-06-30,large_cap,0.4099,0.5,0.2747,355.16,4,"[{""model"": ""Simulated-AI-Momentum-Quant"", ""call"": ""buy"", ""target_price"": 405.05, ""thesis"": ""Strong upward medium-term momentum (+1.5%) signals continued institutional accumulation.""}, {""model"": ""Simulated-AI-Fundamental-Value"", ""call"": ""sell"", ""target_price"": 295.35, ""thesis"": ""Elevated multi-month valuation multiples leave little safety margin against forward earnings revisions.""}, {""model"": ""Simulated-AI-Quality-Compounder"", ""call"": ""hold"", ""target_price"": 365.11, ""thesis"": ""Defensive operational balance sheet balanced by limited immediate re-rating catalysts.""}, {""model"": ""Simulated-AI-Macro-Tactical"", ""call"": ""hold"", ""target_price"": 355.13, ""thesis"": ""Balanced near-term catalysts recommend maintaining current position.""}]"
LLY,2025-06-30,large_cap,0.4052,0.5,0.263,764.59,4,"[{""model"": ""Simulated-AI-Momentum-Quant"", ""call"": ""sell"", ""target_price"": 672.78, ""thesis"": ""Persistent negative price trajectory (-5.4%) indicates structural distribution headwinds.""}, {""model"": ""Simulated-AI-Fundamental-Value"", ""call"": ""buy"", ""target_price"": 893.14, ""thesis"": ""Recent price softening provides an attractive risk-adjusted entry point against fundamental book value.""}, {""model"": ""Simulated-AI-Quality-Compounder"", ""call"": ""hold"", ""target_price"": 796.76, ""thesis"": ""Defensive operational balance sheet balanced by limited immediate re-rating catalysts.""}, {""model"": ""Simulated-AI-Macro-Tactical"", ""call"": ""hold"", ""target_price"": 695.66, ""thesis"": ""Macro headwinds and declining momentum justify a defensive posture.""}]"
UNH,2025-06-30,large_cap,0.424,0.5,0.3099,290.93,4,"[{""model"": ""Simulated-AI-Momentum-Quant"", ""call"": ""sell"", ""target_price"": 265.91, ""thesis"": ""Persistent negative price trajectory (-40.0%) indicates structural distribution headwinds.""}, {""model"": ""Simulated-AI-Fundamental-Value"", ""call"": ""buy"", ""target_price"": 351.68, ""thesis"": ""Recent price softening provides an attractive risk-adjusted entry point against fundamental book value.""}, {""model"": ""Simulated-AI-Quality-Compounder"", ""call"": ""sell"", ""target_price"": 272.69, ""thesis"": ""Heightened earnings volatility and cyclical margin pressures elevate downside risk.""}, {""model"": ""Simulated-AI-Macro-Tactical"", ""call"": ""hold"", ""target_price"": 273.45, ""thesis"": ""Macro headwinds and declining momentum justify a defensive posture.""}]"
XOM,2025-06-30,large_cap,0.4039,0.5,0.2598,102.9,4,"[{""model"": ""Simulated-AI-Momentum-Quant"", ""call"": ""sell"", ""target_price"": 90.6, ""thesis"": ""Persistent negative price trajectory (-8.5%) indicates structural distribution headwinds.""}, {""model"": ""Simulated-AI-Fundamental-Value"", ""call"": ""buy"", ""target_price"": 120.41, ""thesis"": ""Recent price softening provides an attractive risk-adjusted entry point against fundamental book value.""}, {""model"": ""Simulated-AI-Quality-Compounder"", ""call"": ""hold"", ""target_price"": 107.16, ""thesis"": ""Defensive operational balance sheet balanced by limited immediate re-rating catalysts.""}, {""model"": ""Simulated-AI-Macro-Tactical"", ""call"": ""sell"", ""target_price"": 93.42, ""thesis"": ""Macro headwinds and declining momentum justify a defensive posture.""}]"
JNJ,2025-06-30,large_cap,0.4096,0.5,0.2739,153.43,4,"[{""model"": ""Simulated-AI-Momentum-Quant"", ""call"": ""hold"", ""target_price"": 154.75, ""thesis"": ""Consolidating trading range warrants a neutral rating until breakout confirmation.""}, {""model"": ""Simulated-AI-Fundamental-Value"", ""call"": ""buy"", ""target_price"": 170.62, ""thesis"": ""Recent price softening provides an attractive risk-adjusted entry point against fundamental book value.""}, {""model"": ""Simulated-AI-Quality-Compounder"", ""call"": ""hold"", ""target_price"": 154.88, ""thesis"": ""Defensive operational balance sheet balanced by limited immediate re-rating catalysts.""}, {""model"": ""Simulated-AI-Macro-Tactical"", ""call"": ""sell"", ""target_price"": 133.47, ""thesis"": ""Macro headwinds and declining momentum justify a defensive posture.""}]"
PG,2025-06-30,large_cap,0.4049,0.5,0.2623,151.71,4,"[{""model"": ""Simulated-AI-Momentum-Quant"", ""call"": ""sell"", ""target_price"": 129.62, ""thesis"": ""Persistent negative price trajectory (-5.9%) indicates structural distribution headwinds.""}, {""model"": ""Simulated-AI-Fundamental-Value"", ""call"": ""buy"", ""target_price"": 179.93, ""thesis"": ""Recent price softening provides an attractive risk-adjusted entry point against fundamental book value.""}, {""model"": ""Simulated-AI-Quality-Compounder"", ""call"": ""hold"", ""target_price"": 158.95, ""thesis"": ""Defensive operational balance sheet balanced by limited immediate re-rating catalysts.""}, {""model"": ""Simulated-AI-Macro-Tactical"", ""call"": ""sell"", ""target_price"": 138.35, ""thesis"": ""Macro headwinds and declining momentum justify a defensive posture.""}]"
HD,2025-06-30,large_cap,0.4066,0.5,0.2666,359.24,4,"[{""model"": ""Simulated-AI-Momentum-Quant"", ""call"": ""sell"", ""target_price"": 299.22, ""thesis"": ""Persistent negative price trajectory (+0.7%) indicates structural distribution headwinds.""}, {""model"": ""Simulated-AI-Fundamental-Value"", ""call"": ""buy"", ""target_price"": 413.2, ""thesis"": ""Recent price softening provides an attractive risk-adjusted entry point against fundamental book value.""}, {""model"": ""Simulated-AI-Quality-Compounder"", ""call"": ""hold"", ""target_price"": 366.44, ""thesis"": ""Defensive operational balance sheet balanced by limited immediate re-rating catalysts.""}, {""model"": ""Simulated-AI-Macro-Tactical"", ""call"": ""hold"", ""target_price"": 358.08, ""thesis"": ""Balanced near-term catalysts recommend maintaining current position.""}]"
MA,2025-06-30,large_cap,0.387,0.5,0.2174,562.72,4,"[{""model"": ""Simulated-AI-Momentum-Quant"", ""call"": ""buy"", ""target_price"": 637.57, ""thesis"": ""Strong upward medium-term momentum (+2.7%) signals continued institutional accumulation.""}, {""model"": ""Simulated-AI-Fundamental-Value"", ""call"": ""hold"", ""target_price"": 558.38, ""thesis"": ""Fair valuation reflects balanced risk-reward relative to sector peers.""}, {""model"": ""Simulated-AI-Quality-Compounder"", ""call"": ""sell"", ""target_price"": 491.62, ""thesis"": ""Heightened earnings volatility and cyclical margin pressures elevate downside risk.""}, {""model"": ""Simulated-AI-Macro-Tactical"", ""call"": ""hold"", ""target_price"": 563.29, ""thesis"": ""Balanced near-term catalysts recommend maintaining current position.""}]"
COST,2025-06-30,large_cap,0.402,0.5,0.2549,1045.99,4,"[{""model"": ""Simulated-AI-Momentum-Quant"", ""call"": ""buy"", ""target_price"": 1115.72, ""thesis"": ""Strong upward medium-term momentum (+4.8%) signals continued institutional accumulation.""}, {""model"": ""Simulated-AI-Fundamental-Value"", ""call"": ""hold"", ""target_price"": 990.31, ""thesis"": ""Fair valuation reflects balanced risk-reward relative to sector peers.""}, {""model"": ""Simulated-AI-Quality-Compounder"", ""call"": ""buy"", ""target_price"": 1085.25, ""thesis"": ""Stable financial profile and durable competitive moat support long-term compounding potential.""}, {""model"": ""Simulated-AI-Macro-Tactical"", ""call"": ""hold"", ""target_price"": 992.67, ""thesis"": ""Balanced near-term catalysts recommend maintaining current position.""}]"
ABBV,2025-06-30,large_cap,0.5752,0.75,0.313,170.98,4,"[{""model"": ""Simulated-AI-Momentum-Quant"", ""call"": ""sell"", ""target_price"": 154.07, ""thesis"": ""Persistent negative price trajectory (-10.6%) indicates structural distribution headwinds.""}, {""model"": ""Simulated-AI-Fundamental-Value"", ""call"": ""buy"", ""target_price"": 209.55, ""thesis"": ""Recent price softening provides an attractive risk-adjusted entry point against fundamental book value.""}, {""model"": ""Simulated-AI-Quality-Compounder"", ""call"": ""sell"", ""target_price"": 159.66, ""thesis"": ""Heightened earnings volatility and cyclical margin pressures elevate downside risk.""}, {""model"": ""Simulated-AI-Macro-Tactical"", ""call"": ""sell"", ""target_price"": 160.64, ""thesis"": ""Macro headwinds and declining momentum justify a defensive posture.""}]"
MRK,2025-06-30,large_cap,0.5676,0.75,0.2939,69.33,4,"[{""model"": ""Simulated-AI-Momentum-Quant"", ""call"": ""sell"", ""target_price"": 65.69, ""thesis"": ""Persistent negative price trajectory (-10.9%) indicates structural distribution headwinds.""}, {""model"": ""Simulated-AI-Fundamental-Value"", ""call"": ""hold"", ""target_price"": 75.47, ""thesis"": ""Fair valuation reflects balanced risk-reward relative to sector peers.""}, {""model"": ""Simulated-AI-Quality-Compounder"", ""call"": ""sell"", ""target_price"": 67.22, ""thesis"": ""Heightened earnings volatility and cyclical margin pressures elevate downside risk.""}, {""model"": ""Simulated-AI-Macro-Tactical"", ""call"": ""sell"", ""target_price"": 68.94, ""thesis"": ""Macro headwinds and declining momentum justify a defensive posture.""}]"
BAC,2025-06-30,large_cap,0.5833,0.75,0.3333,48.4,4,"[{""model"": ""Simulated-AI-Momentum-Quant"", ""call"": ""buy"", ""target_price"": 53.19, ""thesis"": ""Strong upward medium-term momentum (+14.1%) signals continued institutional accumulation.""}, {""model"": ""Simulated-AI-Fundamental-Value"", ""call"": ""sell"", ""target_price"": 38.8, ""thesis"": ""Elevated multi-month valuation multiples leave little safety margin against forward earnings revisions.""}, {""model"": ""Simulated-AI-Quality-Compounder"", ""call"": ""buy"", ""target_price"": 50.91, ""thesis"": ""Stable financial profile and durable competitive moat support long-term compounding potential.""}, {""model"": ""Simulated-AI-Macro-Tactical"", ""call"": ""buy"", ""target_price"": 50.69, ""thesis"": ""Positive operating execution and robust revenue traction support upside.""}]"
CVX,2025-06-30,large_cap,0.5663,0.75,0.2908,124.75,4,"[{""model"": ""Simulated-AI-Momentum-Quant"", ""call"": ""sell"", ""target_price"": 119.78, ""thesis"": ""Persistent negative price trajectory (-13.4%) indicates structural distribution headwinds.""}, {""model"": ""Simulated-AI-Fundamental-Value"", ""call"": ""hold"", ""target_price"": 134.66, ""thesis"": ""Fair valuation reflects balanced risk-reward relative to sector peers.""}, {""model"": ""Simulated-AI-Quality-Compounder"", ""call"": ""sell"", ""target_price"": 121.93, ""thesis"": ""Heightened earnings volatility and cyclical margin pressures elevate downside risk.""}, {""model"": ""Simulated-AI-Macro-Tactical"", ""call"": ""sell"", ""target_price"": 122.62, ""thesis"": ""Macro headwinds and declining momentum justify a defensive posture.""}]"
CRM,2025-06-30,large_cap,0.5495,0.75,0.2489,283.65,4,"[{""model"": ""Simulated-AI-Momentum-Quant"", ""call"": ""buy"", ""target_price"": 309.99, ""thesis"": ""Strong upward medium-term momentum (+1.9%) signals continued institutional accumulation.""}, {""model"": ""Simulated-AI-Fundamental-Value"", ""call"": ""hold"", ""target_price"": 269.43, ""thesis"": ""Fair valuation reflects balanced risk-reward relative to sector peers.""}, {""model"": ""Simulated-AI-Quality-Compounder"", ""call"": ""hold"", ""target_price"": 282.08, ""thesis"": ""Defensive operational balance sheet balanced by limited immediate re-rating catalysts.""}, {""model"": ""Simulated-AI-Macro-Tactical"", ""call"": ""hold"", ""target_price"": 273.1, ""thesis"": ""Balanced near-term catalysts recommend maintaining current position.""}]"
NFLX,2025-06-30,large_cap,0.4117,0.5,0.2792,136.74,4,"[{""model"": ""Simulated-AI-Momentum-Quant"", ""call"": ""buy"", ""target_price"": 150.84, ""thesis"": ""Strong upward medium-term momentum (+43.6%) signals continued institutional accumulation.""}, {""model"": ""Simulated-AI-Fundamental-Value"", ""call"": ""sell"", ""target_price"": 110.74, ""thesis"": ""Elevated multi-month valuation multiples leave little safety margin against forward earnings revisions.""}, {""model"": ""Simulated-AI-Quality-Compounder"", ""call"": ""hold"", ""target_price"": 138.09, ""thesis"": ""Defensive operational balance sheet balanced by limited immediate re-rating catalysts.""}, {""model"": ""Simulated-AI-Macro-Tactical"", ""call"": ""buy"", ""target_price"": 147.3, ""thesis"": ""Positive operating execution and robust revenue traction support upside.""}]"
AMD,2025-06-30,large_cap,0.5824,0.75,0.3311,149.39,4,"[{""model"": ""Simulated-AI-Momentum-Quant"", ""call"": ""buy"", ""target_price"": 161.99, ""thesis"": ""Strong upward medium-term momentum (+38.1%) signals continued institutional accumulation.""}, {""model"": ""Simulated-AI-Fundamental-Value"", ""call"": ""sell"", ""target_price"": 119.55, ""thesis"": ""Elevated multi-month valuation multiples leave little safety margin against forward earnings revisions.""}, {""model"": ""Simulated-AI-Quality-Compounder"", ""call"": ""buy"", ""target_price"": 159.92, ""thesis"": ""Stable financial profile and durable competitive moat support long-term compounding potential.""}, {""model"": ""Simulated-AI-Macro-Tactical"", ""call"": ""buy"", ""target_price"": 156.09, ""thesis"": ""Positive operating execution and robust revenue traction support upside.""}]"
PEP,2025-06-30,large_cap,0.5739,0.75,0.3098,119.52,4,"[{""model"": ""Simulated-AI-Momentum-Quant"", ""call"": ""sell"", ""target_price"": 108.78, ""thesis"": ""Persistent negative price trajectory (-11.0%) indicates structural distribution headwinds.""}, {""model"": ""Simulated-AI-Fundamental-Value"", ""call"": ""buy"", ""target_price"": 145.09, ""thesis"": ""Recent price softening provides an attractive risk-adjusted entry point against fundamental book value.""}, {""model"": ""Simulated-AI-Quality-Compounder"", ""call"": ""sell"", ""target_price"": 111.09, ""thesis"": ""Heightened earnings volatility and cyclical margin pressures elevate downside risk.""}, {""model"": ""Simulated-AI-Macro-Tactical"", ""call"": ""sell"", ""target_price"": 113.1, ""thesis"": ""Macro headwinds and declining momentum justify a defensive posture.""}]"
KO,2025-06-30,large_cap,0.5478,0.75,0.2444,72.38,4,"[{""model"": ""Simulated-AI-Momentum-Quant"", ""call"": ""buy"", ""target_price"": 79.42, ""thesis"": ""Strong upward medium-term momentum (-0.5%) signals continued institutional accumulation.""}, {""model"": ""Simulated-AI-Fundamental-Value"", ""call"": ""hold"", ""target_price"": 68.69, ""thesis"": ""Fair valuation reflects balanced risk-reward relative to sector peers.""}, {""model"": ""Simulated-AI-Quality-Compounder"", ""call"": ""hold"", ""target_price"": 71.91, ""thesis"": ""Defensive operational balance sheet balanced by limited immediate re-rating catalysts.""}, {""model"": ""Simulated-AI-Macro-Tactical"", ""call"": ""hold"", ""target_price"": 69.49, ""thesis"": ""Balanced near-term catalysts recommend maintaining current position.""}]"
TMO,2025-06-30,large_cap,0.5745,0.75,0.3113,383.05,4,"[{""model"": ""Simulated-AI-Momentum-Quant"", ""call"": ""sell"", ""target_price"": 343.88, ""thesis"": ""Persistent negative price trajectory (-18.4%) indicates structural distribution headwinds.""}, {""model"": ""Simulated-AI-Fundamental-Value"", ""call"": ""buy"", ""target_price"": 467.21, ""thesis"": ""Recent price softening provides an attractive risk-adjusted entry point against fundamental book value.""}, {""model"": ""Simulated-AI-Quality-Compounder"", ""call"": ""sell"", ""target_price"": 357.53, ""thesis"": ""Heightened earnings volatility and cyclical margin pressures elevate downside risk.""}, {""model"": ""Simulated-AI-Macro-Tactical"", ""call"": ""sell"", ""target_price"": 363.59, ""thesis"": ""Macro headwinds and declining momentum justify a defensive posture.""}]"
WMT,2025-06-30,large_cap,0.5832,0.75,0.3329,101.41,4,"[{""model"": ""Simulated-AI-Momentum-Quant"", ""call"": ""buy"", ""target_price"": 108.97, ""thesis"": ""Strong upward medium-term momentum (+11.6%) signals continued institutional accumulation.""}, {""model"": ""Simulated-AI-Fundamental-Value"", ""call"": ""sell"", ""target_price"": 81.99, ""thesis"": ""Elevated multi-month valuation multiples leave little safety margin against forward earnings revisions.""}, {""model"": ""Simulated-AI-Quality-Compounder"", ""call"": ""buy"", ""target_price"": 108.27, ""thesis"": ""Stable financial profile and durable competitive moat support long-term compounding potential.""}, {""model"": ""Simulated-AI-Macro-Tactical"", ""call"": ""buy"", ""target_price"": 106.41, ""thesis"": ""Positive operating execution and robust revenue traction support upside.""}]"
MCD,2025-06-30,large_cap,0.5588,0.75,0.2721,268.34,4,"[{""model"": ""Simulated-AI-Momentum-Quant"", ""call"": ""sell"", ""target_price"": 241.32, ""thesis"": ""Persistent negative price trajectory (-5.9%) indicates structural distribution headwinds.""}, {""model"": ""Simulated-AI-Fundamental-Value"", ""call"": ""hold"", ""target_price"": 283.24, ""thesis"": ""Fair valuation reflects balanced risk-reward relative to sector peers.""}, {""model"": ""Simulated-AI-Quality-Compounder"", ""call"": ""hold"", ""target_price"": 293.89, ""thesis"": ""Defensive operational balance sheet balanced by limited immediate re-rating catalysts.""}, {""model"": ""Simulated-AI-Macro-Tactical"", ""call"": ""hold"", ""target_price"": 254.92, ""thesis"": ""Macro headwinds and declining momentum justify a defensive posture.""}]"
CSCO,2025-06-30,large_cap,0.5827,0.75,0.3316,70.97,4,"[{""model"": ""Simulated-AI-Momentum-Quant"", ""call"": ""buy"", ""target_price"": 78.22, ""thesis"": ""Strong upward medium-term momentum (+13.2%) signals continued institutional accumulation.""}, {""model"": ""Simulated-AI-Fundamental-Value"", ""call"": ""sell"", ""target_price"": 56.22, ""thesis"": ""Elevated multi-month valuation multiples leave little safety margin against forward earnings revisions.""}, {""model"": ""Simulated-AI-Quality-Compounder"", ""call"": ""buy"", ""target_price"": 75.1, ""thesis"": ""Stable financial profile and durable competitive moat support long-term compounding potential.""}, {""model"": ""Simulated-AI-Macro-Tactical"", ""call"": ""buy"", ""target_price"": 74.33, ""thesis"": ""Positive operating execution and robust revenue traction support upside.""}]"
KNSL,2025-06-30,small_cap,0.3923,0.5,0.2307,469.48,4,"[{""model"": ""Simulated-AI-Momentum-Quant"", ""call"": ""sell"", ""target_price"": 405.66, ""thesis"": ""Persistent negative price trajectory (-0.5%) indicates structural distribution headwinds.""}, {""model"": ""Simulated-AI-Fundamental-Value"", ""call"": ""buy"", ""target_price"": 562.8, ""thesis"": ""Recent price softening provides an attractive risk-adjusted entry point against fundamental book value.""}, {""model"": ""Simulated-AI-Quality-Compounder"", ""call"": ""sell"", ""target_price"": 422.16, ""thesis"": ""Heightened earnings volatility and cyclical margin pressures elevate downside risk.""}, {""model"": ""Simulated-AI-Macro-Tactical"", ""call"": ""hold"", ""target_price"": 487.29, ""thesis"": ""Balanced near-term catalysts recommend maintaining current position.""}]"
SAIA,2025-06-30,small_cap,0.5757,0.75,0.3142,260.41,4,"[{""model"": ""Simulated-AI-Momentum-Quant"", ""call"": ""sell"", ""target_price"": 233.22, ""thesis"": ""Persistent negative price trajectory (-21.6%) indicates structural distribution headwinds.""}, {""model"": ""Simulated-AI-Fundamental-Value"", ""call"": ""buy"", ""target_price"": 321.39, ""thesis"": ""Recent price softening provides an attractive risk-adjusted entry point against fundamental book value.""}, {""model"": ""Simulated-AI-Quality-Compounder"", ""call"": ""sell"", ""target_price"": 240.43, ""thesis"": ""Heightened earnings volatility and cyclical margin pressures elevate downside risk.""}, {""model"": ""Simulated-AI-Macro-Tactical"", ""call"": ""sell"", ""target_price"": 246.59, ""thesis"": ""Macro headwinds and declining momentum justify a defensive posture.""}]"
MEDP,2025-06-30,small_cap,0.4014,0.5,0.2536,334.84,4,"[{""model"": ""Simulated-AI-Momentum-Quant"", ""call"": ""buy"", ""target_price"": 359.81, ""thesis"": ""Strong upward medium-term momentum (+3.0%) signals continued institutional accumulation.""}, {""model"": ""Simulated-AI-Fundamental-Value"", ""call"": ""hold"", ""target_price"": 314.49, ""thesis"": ""Fair valuation reflects balanced risk-reward relative to sector peers.""}, {""model"": ""Simulated-AI-Quality-Compounder"", ""call"": ""buy"", ""target_price"": 348.07, ""thesis"": ""Stable financial profile and durable competitive moat support long-term compounding potential.""}, {""model"": ""Simulated-AI-Macro-Tactical"", ""call"": ""hold"", ""target_price"": 317.0, ""thesis"": ""Balanced near-term catalysts recommend maintaining current position.""}]"
SSD,2025-06-30,small_cap,0.5412,0.75,0.2281,150.64,4,"[{""model"": ""Simulated-AI-Momentum-Quant"", ""call"": ""hold"", ""target_price"": 157.39, ""thesis"": ""Consolidating trading range warrants a neutral rating until breakout confirmation.""}, {""model"": ""Simulated-AI-Fundamental-Value"", ""call"": ""hold"", ""target_price"": 153.51, ""thesis"": ""Fair valuation reflects balanced risk-reward relative to sector peers.""}, {""model"": ""Simulated-AI-Quality-Compounder"", ""call"": ""sell"", ""target_price"": 136.14, ""thesis"": ""Heightened earnings volatility and cyclical margin pressures elevate downside risk.""}, {""model"": ""Simulated-AI-Macro-Tactical"", ""call"": ""hold"", ""target_price"": 155.54, ""thesis"": ""Balanced near-term catalysts recommend maintaining current position.""}]"
EXPO,2025-06-30,small_cap,0.4048,0.5,0.2621,69.5,4,"[{""model"": ""Simulated-AI-Momentum-Quant"", ""call"": ""hold"", ""target_price"": 75.56, ""thesis"": ""Consolidating trading range warrants a neutral rating until breakout confirmation.""}, {""model"": ""Simulated-AI-Fundamental-Value"", ""call"": ""hold"", ""target_price"": 72.03, ""thesis"": ""Fair valuation reflects balanced risk-reward relative to sector peers.""}, {""model"": ""Simulated-AI-Quality-Compounder"", ""call"": ""sell"", ""target_price"": 64.64, ""thesis"": ""Heightened earnings volatility and cyclical margin pressures elevate downside risk.""}, {""model"": ""Simulated-AI-Macro-Tactical"", ""call"": ""sell"", ""target_price"": 65.77, ""thesis"": ""Macro headwinds and declining momentum justify a defensive posture.""}]"
FORM,2025-06-30,small_cap,0.5832,0.75,0.333,36.09,4,"[{""model"": ""Simulated-AI-Momentum-Quant"", ""call"": ""buy"", ""target_price"": 39.39, ""thesis"": ""Strong upward medium-term momentum (+21.6%) signals continued institutional accumulation.""}, {""model"": ""Simulated-AI-Fundamental-Value"", ""call"": ""sell"", ""target_price"": 29.16, ""thesis"": ""Elevated multi-month valuation multiples leave little safety margin against forward earnings revisions.""}, {""model"": ""Simulated-AI-Quality-Compounder"", ""call"": ""buy"", ""target_price"": 37.97, ""thesis"": ""Stable financial profile and durable competitive moat support long-term compounding potential.""}, {""model"": ""Simulated-AI-Macro-Tactical"", ""call"": ""buy"", ""target_price"": 37.85, ""thesis"": ""Positive operating execution and robust revenue traction support upside.""}]"
CRVL,2025-06-30,small_cap,0.4067,0.5,0.2667,97.84,4,"[{""model"": ""Simulated-AI-Momentum-Quant"", ""call"": ""sell"", ""target_price"": 89.13, ""thesis"": ""Persistent negative price trajectory (-8.2%) indicates structural distribution headwinds.""}, {""model"": ""Simulated-AI-Fundamental-Value"", ""call"": ""hold"", ""target_price"": 101.63, ""thesis"": ""Fair valuation reflects balanced risk-reward relative to sector peers.""}, {""model"": ""Simulated-AI-Quality-Compounder"", ""call"": ""hold"", ""target_price"": 108.12, ""thesis"": ""Defensive operational balance sheet balanced by limited immediate re-rating catalysts.""}, {""model"": ""Simulated-AI-Macro-Tactical"", ""call"": ""sell"", ""target_price"": 92.5, ""thesis"": ""Macro headwinds and declining momentum justify a defensive posture.""}]"
TKR,2025-06-30,small_cap,0.5497,0.75,0.2492,74.87,4,"[{""model"": ""Simulated-AI-Momentum-Quant"", ""call"": ""buy"", ""target_price"": 81.11, ""thesis"": ""Strong upward medium-term momentum (+1.4%) signals continued institutional accumulation.""}, {""model"": ""Simulated-AI-Fundamental-Value"", ""call"": ""hold"", ""target_price"": 70.99, ""thesis"": ""Fair valuation reflects balanced risk-reward relative to sector peers.""}, {""model"": ""Simulated-AI-Quality-Compounder"", ""call"": ""hold"", ""target_price"": 75.41, ""thesis"": ""Defensive operational balance sheet balanced by limited immediate re-rating catalysts.""}, {""model"": ""Simulated-AI-Macro-Tactical"", ""call"": ""hold"", ""target_price"": 71.96, ""thesis"": ""Balanced near-term catalysts recommend maintaining current position.""}]"
POWI,2025-06-30,small_cap,0.4063,0.5,0.2657,58.65,4,"[{""model"": ""Simulated-AI-Momentum-Quant"", ""call"": ""buy"", ""target_price"": 62.17, ""thesis"": ""Strong upward medium-term momentum (+11.2%) signals continued institutional accumulation.""}, {""model"": ""Simulated-AI-Fundamental-Value"", ""call"": ""hold"", ""target_price"": 55.65, ""thesis"": ""Fair valuation reflects balanced risk-reward relative to sector peers.""}, {""model"": ""Simulated-AI-Quality-Compounder"", ""call"": ""hold"", ""target_price"": 56.62, ""thesis"": ""Defensive operational balance sheet balanced by limited immediate re-rating catalysts.""}, {""model"": ""Simulated-AI-Macro-Tactical"", ""call"": ""buy"", ""target_price"": 60.16, ""thesis"": ""Positive operating execution and robust revenue traction support upside.""}]"
CALM,2025-06-30,small_cap,0.4328,0.5,0.3321,98.94,4,"[{""model"": ""Simulated-AI-Momentum-Quant"", ""call"": ""buy"", ""target_price"": 109.07, ""thesis"": ""Strong upward medium-term momentum (+13.7%) signals continued institutional accumulation.""}, {""model"": ""Simulated-AI-Fundamental-Value"", ""call"": ""sell"", ""target_price"": 78.35, ""thesis"": ""Elevated multi-month valuation multiples leave little safety margin against forward earnings revisions.""}, {""model"": ""Simulated-AI-Quality-Compounder"", ""call"": ""buy"", ""target_price"": 104.2, ""thesis"": ""Stable financial profile and durable competitive moat support long-term compounding potential.""}, {""model"": ""Simulated-AI-Macro-Tactical"", ""call"": ""hold"", ""target_price"": 104.15, ""thesis"": ""Positive operating execution and robust revenue traction support upside.""}]"
PLUS,2025-06-30,small_cap,0.4325,0.5,0.3311,74.83,4,"[{""model"": ""Simulated-AI-Momentum-Quant"", ""call"": ""buy"", ""target_price"": 81.7, ""thesis"": ""Strong upward medium-term momentum (+18.1%) signals continued institutional accumulation.""}, {""model"": ""Simulated-AI-Fundamental-Value"", ""call"": ""sell"", ""target_price"": 59.61, ""thesis"": ""Elevated multi-month valuation multiples leave little safety margin against forward earnings revisions.""}, {""model"": ""Simulated-AI-Quality-Compounder"", ""call"": ""buy"", ""target_price"": 79.94, ""thesis"": ""Stable financial profile and durable competitive moat support long-term compounding potential.""}, {""model"": ""Simulated-AI-Macro-Tactical"", ""call"": ""hold"", ""target_price"": 78.07, ""thesis"": ""Positive operating execution and robust revenue traction support upside.""}]"
FSS,2025-06-30,small_cap,0.5828,0.75,0.3321,110.08,4,"[{""model"": ""Simulated-AI-Momentum-Quant"", ""call"": ""buy"", ""target_price"": 118.61, ""thesis"": ""Strong upward medium-term momentum (+44.9%) signals continued institutional accumulation.""}, {""model"": ""Simulated-AI-Fundamental-Value"", ""call"": ""sell"", ""target_price"": 87.61, ""thesis"": ""Elevated multi-month valuation multiples leave little safety margin against forward earnings revisions.""}, {""model"": ""Simulated-AI-Quality-Compounder"", ""call"": ""buy"", ""target_price"": 117.78, ""thesis"": ""Stable financial profile and durable competitive moat support long-term compounding potential.""}, {""model"": ""Simulated-AI-Macro-Tactical"", ""call"": ""buy"", ""target_price"": 116.33, ""thesis"": ""Positive operating execution and robust revenue traction support upside.""}]"
AMWD,2025-06-30,small_cap,0.7327,1.0,0.3317,102.16,4,"[{""model"": ""Simulated-AI-Momentum-Quant"", ""call"": ""hold"", ""target_price"": 102.9, ""thesis"": ""Consolidating trading range warrants a neutral rating until breakout confirmation.""}, {""model"": ""Simulated-AI-Fundamental-Value"", ""call"": ""hold"", ""target_price"": 99.96, ""thesis"": ""Fair valuation reflects balanced risk-reward relative to sector peers.""}, {""model"": ""Simulated-AI-Quality-Compounder"", ""call"": ""hold"", ""target_price"": 104.76, ""thesis"": ""Defensive operational balance sheet balanced by limited immediate re-rating catalysts.""}, {""model"": ""Simulated-AI-Macro-Tactical"", ""call"": ""hold"", ""target_price"": 101.0, ""thesis"": ""Balanced near-term catalysts recommend maintaining current position.""}]"
ATKR,2025-06-30,small_cap,0.5819,0.75,0.3298,71.95,4,"[{""model"": ""Simulated-AI-Momentum-Quant"", ""call"": ""buy"", ""target_price"": 79.03, ""thesis"": ""Strong upward medium-term momentum (+18.2%) signals continued institutional accumulation.""}, {""model"": ""Simulated-AI-Fundamental-Value"", ""call"": ""sell"", ""target_price"": 57.21, ""thesis"": ""Elevated multi-month valuation multiples leave little safety margin against forward earnings revisions.""}, {""model"": ""Simulated-AI-Quality-Compounder"", ""call"": ""buy"", ""target_price"": 75.78, ""thesis"": ""Stable financial profile and durable competitive moat support long-term compounding potential.""}, {""model"": ""Simulated-AI-Macro-Tactical"", ""call"": ""buy"", ""target_price"": 75.78, ""thesis"": ""Positive operating execution and robust revenue traction support upside.""}]"
BRC,2025-06-30,small_cap,0.4022,0.5,0.2555,68.4,4,"[{""model"": ""Simulated-AI-Momentum-Quant"", ""call"": ""sell"", ""target_price"": 57.82, ""thesis"": ""Persistent negative price trajectory (-3.4%) indicates structural distribution headwinds.""}, {""model"": ""Simulated-AI-Fundamental-Value"", ""call"": ""buy"", ""target_price"": 78.36, ""thesis"": ""Recent price softening provides an attractive risk-adjusted entry point against fundamental book value.""}, {""model"": ""Simulated-AI-Quality-Compounder"", ""call"": ""hold"", ""target_price"": 69.84, ""thesis"": ""Defensive operational balance sheet balanced by limited immediate re-rating catalysts.""}, {""model"": ""Simulated-AI-Macro-Tactical"", ""call"": ""hold"", ""target_price"": 67.59, ""thesis"": ""Balanced near-term catalysts recommend maintaining current position.""}]"
CNO,2025-06-30,small_cap,0.4096,0.5,0.2739,39.11,4,"[{""model"": ""Simulated-AI-Momentum-Quant"", ""call"": ""hold"", ""target_price"": 39.29, ""thesis"": ""Consolidating trading range warrants a neutral rating until breakout confirmation.""}, {""model"": ""Simulated-AI-Fundamental-Value"", ""call"": ""buy"", ""target_price"": 43.98, ""thesis"": ""Recent price softening provides an attractive risk-adjusted entry point against fundamental book value.""}, {""model"": ""Simulated-AI-Quality-Compounder"", ""call"": ""hold"", ""target_price"": 39.13, ""thesis"": ""Defensive operational balance sheet balanced by limited immediate re-rating catalysts.""}, {""model"": ""Simulated-AI-Macro-Tactical"", ""call"": ""sell"", ""target_price"": 34.05, ""thesis"": ""Macro headwinds and declining momentum justify a defensive posture.""}]"
CSGS,2025-06-30,small_cap,0.586,0.75,0.3401,106.59,4,"[{""model"": ""Simulated-AI-Momentum-Quant"", ""call"": ""hold"", ""target_price"": 102.55, ""thesis"": ""Consolidating trading range warrants a neutral rating until breakout confirmation.""}, {""model"": ""Simulated-AI-Fundamental-Value"", ""call"": ""buy"", ""target_price"": 117.45, ""thesis"": ""Recent price softening provides an attractive risk-adjusted entry point against fundamental book value.""}, {""model"": ""Simulated-AI-Quality-Compounder"", ""call"": ""hold"", ""target_price"": 105.36, ""thesis"": ""Defensive operational balance sheet balanced by limited immediate re-rating catalysts.""}, {""model"": ""Simulated-AI-Macro-Tactical"", ""call"": ""hold"", ""target_price"": 101.0, ""thesis"": ""Balanced near-term catalysts recommend maintaining current position.""}]"
ENSG,2025-06-30,small_cap,0.4444,0.5,0.361,151.79,4,"[{""model"": ""Simulated-AI-Momentum-Quant"", ""call"": ""buy"", ""target_price"": 174.49, ""thesis"": ""Strong upward medium-term momentum (+19.3%) signals continued institutional accumulation.""}, {""model"": ""Simulated-AI-Fundamental-Value"", ""call"": ""sell"", ""target_price"": 128.31, ""thesis"": ""Elevated multi-month valuation multiples leave little safety margin against forward earnings revisions.""}, {""model"": ""Simulated-AI-Quality-Compounder"", ""call"": ""sell"", ""target_price"": 134.93, ""thesis"": ""Heightened earnings volatility and cyclical margin pressures elevate downside risk.""}, {""model"": ""Simulated-AI-Macro-Tactical"", ""call"": ""buy"", ""target_price"": 169.43, ""thesis"": ""Positive operating execution and robust revenue traction support upside.""}]"
FIX,2025-06-30,small_cap,0.4341,0.5,0.3352,560.56,4,"[{""model"": ""Simulated-AI-Momentum-Quant"", ""call"": ""buy"", ""target_price"": 609.59, ""thesis"": ""Strong upward medium-term momentum (+66.5%) signals continued institutional accumulation.""}, {""model"": ""Simulated-AI-Fundamental-Value"", ""call"": ""sell"", ""target_price"": 453.99, ""thesis"": ""Elevated multi-month valuation multiples leave little safety margin against forward earnings revisions.""}, {""model"": ""Simulated-AI-Quality-Compounder"", ""call"": ""buy"", ""target_price"": 590.45, ""thesis"": ""Stable financial profile and durable competitive moat support long-term compounding potential.""}, {""model"": ""Simulated-AI-Macro-Tactical"", ""call"": ""hold"", ""target_price"": 588.2, ""thesis"": ""Positive operating execution and robust revenue traction support upside.""}]"
GBCI,2025-06-30,small_cap,0.586,0.75,0.3401,44.15,4,"[{""model"": ""Simulated-AI-Momentum-Quant"", ""call"": ""hold"", ""target_price"": 42.48, ""thesis"": ""Consolidating trading range warrants a neutral rating until breakout confirmation.""}, {""model"": ""Simulated-AI-Fundamental-Value"", ""call"": ""buy"", ""target_price"": 48.72, ""thesis"": ""Recent price softening provides an attractive risk-adjusted entry point against fundamental book value.""}, {""model"": ""Simulated-AI-Quality-Compounder"", ""call"": ""hold"", ""target_price"": 43.4, ""thesis"": ""Defensive operational balance sheet balanced by limited immediate re-rating catalysts.""}, {""model"": ""Simulated-AI-Macro-Tactical"", ""call"": ""hold"", ""target_price"": 42.01, ""thesis"": ""Balanced near-term catalysts recommend maintaining current position.""}]"
GPI,2025-06-30,small_cap,0.4335,0.5,0.3338,454.66,4,"[{""model"": ""Simulated-AI-Momentum-Quant"", ""call"": ""buy"", ""target_price"": 495.72, ""thesis"": ""Strong upward medium-term momentum (+14.5%) signals continued institutional accumulation.""}, {""model"": ""Simulated-AI-Fundamental-Value"", ""call"": ""sell"", ""target_price"": 365.72, ""thesis"": ""Elevated multi-month valuation multiples leave little safety margin against forward earnings revisions.""}, {""model"": ""Simulated-AI-Quality-Compounder"", ""call"": ""buy"", ""target_price"": 480.55, ""thesis"": ""Stable financial profile and durable competitive moat support long-term compounding potential.""}, {""model"": ""Simulated-AI-Macro-Tactical"", ""call"": ""hold"", ""target_price"": 476.65, ""thesis"": ""Positive operating execution and robust revenue traction support upside.""}]"
HLNE,2025-06-30,small_cap,0.4027,0.5,0.2566,142.22,4,"[{""model"": ""Simulated-AI-Momentum-Quant"", ""call"": ""sell"", ""target_price"": 121.2, ""thesis"": ""Persistent negative price trajectory (-4.0%) indicates structural distribution headwinds.""}, {""model"": ""Simulated-AI-Fundamental-Value"", ""call"": ""buy"", ""target_price"": 162.23, ""thesis"": ""Recent price softening provides an attractive risk-adjusted entry point against fundamental book value.""}, {""model"": ""Simulated-AI-Quality-Compounder"", ""call"": ""hold"", ""target_price"": 144.82, ""thesis"": ""Defensive operational balance sheet balanced by limited immediate re-rating catalysts.""}, {""model"": ""Simulated-AI-Macro-Tactical"", ""call"": ""hold"", ""target_price"": 140.64, ""thesis"": ""Balanced near-term catalysts recommend maintaining current position.""}]"
HWKN,2025-06-30,small_cap,0.5836,0.75,0.3339,148.0,4,"[{""model"": ""Simulated-AI-Momentum-Quant"", ""call"": ""buy"", ""target_price"": 160.81, ""thesis"": ""Strong upward medium-term momentum (+34.3%) signals continued institutional accumulation.""}, {""model"": ""Simulated-AI-Fundamental-Value"", ""call"": ""sell"", ""target_price"": 119.0, ""thesis"": ""Elevated multi-month valuation multiples leave little safety margin against forward earnings revisions.""}, {""model"": ""Simulated-AI-Quality-Compounder"", ""call"": ""buy"", ""target_price"": 156.89, ""thesis"": ""Stable financial profile and durable competitive moat support long-term compounding potential.""}, {""model"": ""Simulated-AI-Macro-Tactical"", ""call"": ""buy"", ""target_price"": 155.28, ""thesis"": ""Positive operating execution and robust revenue traction support upside.""}]"
IBP,2025-06-30,small_cap,0.4056,0.5,0.2639,189.81,4,"[{""model"": ""Simulated-AI-Momentum-Quant"", ""call"": ""buy"", ""target_price"": 201.68, ""thesis"": ""Strong upward medium-term momentum (+5.4%) signals continued institutional accumulation.""}, {""model"": ""Simulated-AI-Fundamental-Value"", ""call"": ""hold"", ""target_price"": 177.97, ""thesis"": ""Fair valuation reflects balanced risk-reward relative to sector peers.""}, {""model"": ""Simulated-AI-Quality-Compounder"", ""call"": ""hold"", ""target_price"": 183.74, ""thesis"": ""Defensive operational balance sheet balanced by limited immediate re-rating catalysts.""}, {""model"": ""Simulated-AI-Macro-Tactical"", ""call"": ""buy"", ""target_price"": 195.84, ""thesis"": ""Positive operating execution and robust revenue traction support upside.""}]"
KAR,2025-06-30,small_cap,0.5526,0.75,0.2565,97.26,4,"[{""model"": ""Simulated-AI-Momentum-Quant"", ""call"": ""sell"", ""target_price"": 84.72, ""thesis"": ""Persistent negative price trajectory (+0.0%) indicates structural distribution headwinds.""}, {""model"": ""Simulated-AI-Fundamental-Value"", ""call"": ""hold"", ""target_price"": 100.04, ""thesis"": ""Fair valuation reflects balanced risk-reward relative to sector peers.""}, {""model"": ""Simulated-AI-Quality-Compounder"", ""call"": ""hold"", ""target_price"": 103.28, ""thesis"": ""Defensive operational balance sheet balanced by limited immediate re-rating catalysts.""}, {""model"": ""Simulated-AI-Macro-Tactical"", ""call"": ""hold"", ""target_price"": 101.0, ""thesis"": ""Balanced near-term catalysts recommend maintaining current position.""}]"
MC,2025-06-30,small_cap,0.4248,0.5,0.312,64.21,4,"[{""model"": ""Simulated-AI-Momentum-Quant"", ""call"": ""buy"", ""target_price"": 66.52, ""thesis"": ""Strong upward medium-term momentum (+8.1%) signals continued institutional accumulation.""}, {""model"": ""Simulated-AI-Fundamental-Value"", ""call"": ""hold"", ""target_price"": 59.48, ""thesis"": ""Fair valuation reflects balanced risk-reward relative to sector peers.""}, {""model"": ""Simulated-AI-Quality-Compounder"", ""call"": ""buy"", ""target_price"": 65.6, ""thesis"": ""Stable financial profile and durable competitive moat support long-term compounding potential.""}, {""model"": ""Simulated-AI-Macro-Tactical"", ""call"": ""hold"", ""target_price"": 65.24, ""thesis"": ""Positive operating execution and robust revenue traction support upside.""}]"
OII,2025-06-30,small_cap,0.3928,0.5,0.2319,20.22,4,"[{""model"": ""Simulated-AI-Momentum-Quant"", ""call"": ""sell"", ""target_price"": 17.55, ""thesis"": ""Persistent negative price trajectory (-5.0%) indicates structural distribution headwinds.""}, {""model"": ""Simulated-AI-Fundamental-Value"", ""call"": ""buy"", ""target_price"": 24.24, ""thesis"": ""Recent price softening provides an attractive risk-adjusted entry point against fundamental book value.""}, {""model"": ""Simulated-AI-Quality-Compounder"", ""call"": ""sell"", ""target_price"": 18.16, ""thesis"": ""Heightened earnings volatility and cyclical margin pressures elevate downside risk.""}, {""model"": ""Simulated-AI-Macro-Tactical"", ""call"": ""hold"", ""target_price"": 20.93, ""thesis"": ""Balanced near-term catalysts recommend maintaining current position.""}]"
PRDO,2025-06-30,small_cap,0.4452,0.5,0.363,31.72,4,"[{""model"": ""Simulated-AI-Momentum-Quant"", ""call"": ""buy"", ""target_price"": 36.99, ""thesis"": ""Strong upward medium-term momentum (+30.3%) signals continued institutional accumulation.""}, {""model"": ""Simulated-AI-Fundamental-Value"", ""call"": ""sell"", ""target_price"": 26.76, ""thesis"": ""Elevated multi-month valuation multiples leave little safety margin against forward earnings revisions.""}, {""model"": ""Simulated-AI-Quality-Compounder"", ""call"": ""sell"", ""target_price"": 28.03, ""thesis"": ""Heightened earnings volatility and cyclical margin pressures elevate downside risk.""}, {""model"": ""Simulated-AI-Macro-Tactical"", ""call"": ""buy"", ""target_price"": 35.1, ""thesis"": ""Positive operating execution and robust revenue traction support upside.""}]"
SHOO,2025-06-30,small_cap,0.574,0.75,0.31,22.43,4,"[{""model"": ""Simulated-AI-Momentum-Quant"", ""call"": ""sell"", ""target_price"": 20.6, ""thesis"": ""Persistent negative price trajectory (-9.2%) indicates structural distribution headwinds.""}, {""model"": ""Simulated-AI-Fundamental-Value"", ""call"": ""buy"", ""target_price"": 27.38, ""thesis"": ""Recent price softening provides an attractive risk-adjusted entry point against fundamental book value.""}, {""model"": ""Simulated-AI-Quality-Compounder"", ""call"": ""sell"", ""target_price"": 20.62, ""thesis"": ""Heightened earnings volatility and cyclical margin pressures elevate downside risk.""}, {""model"": ""Simulated-AI-Macro-Tactical"", ""call"": ""sell"", ""target_price"": 21.11, ""thesis"": ""Macro headwinds and declining momentum justify a defensive posture.""}]"
SLVM,2025-06-30,small_cap,0.5746,0.75,0.3116,45.18,4,"[{""model"": ""Simulated-AI-Momentum-Quant"", ""call"": ""sell"", ""target_price"": 40.23, ""thesis"": ""Persistent negative price trajectory (-24.7%) indicates structural distribution headwinds.""}, {""model"": ""Simulated-AI-Fundamental-Value"", ""call"": ""buy"", ""target_price"": 55.69, ""thesis"": ""Recent price softening provides an attractive risk-adjusted entry point against fundamental book value.""}, {""model"": ""Simulated-AI-Quality-Compounder"", ""call"": ""sell"", ""target_price"": 41.95, ""thesis"": ""Heightened earnings volatility and cyclical margin pressures elevate downside risk.""}, {""model"": ""Simulated-AI-Macro-Tactical"", ""call"": ""sell"", ""target_price"": 42.86, ""thesis"": ""Macro headwinds and declining momentum justify a defensive posture.""}]"
AAPL,2025-09-30,large_cap,0.4121,0.5,0.2801,261.41,4,"[{""model"": ""Simulated-AI-Momentum-Quant"", ""call"": ""buy"", ""target_price"": 291.03, ""thesis"": ""Strong upward medium-term momentum (+20.0%) signals continued institutional accumulation.""}, {""model"": ""Simulated-AI-Fundamental-Value"", ""call"": ""sell"", ""target_price"": 214.75, ""thesis"": ""Elevated multi-month valuation multiples leave little safety margin against forward earnings revisions.""}, {""model"": ""Simulated-AI-Quality-Compounder"", ""call"": ""hold"", ""target_price"": 260.79, ""thesis"": ""Defensive operational balance sheet balanced by limited immediate re-rating catalysts.""}, {""model"": ""Simulated-AI-Macro-Tactical"", ""call"": ""hold"", ""target_price"": 279.06, ""thesis"": ""Positive operating execution and robust revenue traction support upside.""}]"
MSFT,2025-09-30,large_cap,0.4331,0.5,0.3328,523.85,4,"[{""model"": ""Simulated-AI-Momentum-Quant"", ""call"": ""hold"", ""target_price"": 520.14, ""thesis"": ""Consolidating trading range warrants a neutral rating until breakout confirmation.""}, {""model"": ""Simulated-AI-Fundamental-Value"", ""call"": ""sell"", ""target_price"": 433.07, ""thesis"": ""Elevated multi-month valuation multiples leave little safety margin against forward earnings revisions.""}, {""model"": ""Simulated-AI-Quality-Compounder"", ""call"": ""buy"", ""target_price"": 577.11, ""thesis"": ""Stable financial profile and durable competitive moat support long-term compounding potential.""}, {""model"": ""Simulated-AI-Macro-Tactical"", ""call"": ""buy"", ""target_price"": 565.09, ""thesis"": ""Positive operating execution and robust revenue traction support upside.""}]"
NVDA,2025-09-30,large_cap,0.5825,0.75,0.3313,195.45,4,"[{""model"": ""Simulated-AI-Momentum-Quant"", ""call"": ""buy"", ""target_price"": 212.49, ""thesis"": ""Strong upward medium-term momentum (+18.7%) signals continued institutional accumulation.""}, {""model"": ""Simulated-AI-Fundamental-Value"", ""call"": ""sell"", ""target_price"": 157.28, ""thesis"": ""Elevated multi-month valuation multiples leave little safety margin against forward earnings revisions.""}, {""model"": ""Simulated-AI-Quality-Compounder"", ""call"": ""buy"", ""target_price"": 207.31, ""thesis"": ""Stable financial profile and durable competitive moat support long-term compounding potential.""}, {""model"": ""Simulated-AI-Macro-Tactical"", ""call"": ""buy"", ""target_price"": 204.74, ""thesis"": ""Positive operating execution and robust revenue traction support upside.""}]"
AMZN,2025-09-30,large_cap,0.4068,0.5,0.2671,205.35,4,"[{""model"": ""Simulated-AI-Momentum-Quant"", ""call"": ""sell"", ""target_price"": 188.13, ""thesis"": ""Persistent negative price trajectory (-0.2%) indicates structural distribution headwinds.""}, {""model"": ""Simulated-AI-Fundamental-Value"", ""call"": ""sell"", ""target_price"": 183.67, ""thesis"": ""Elevated multi-month valuation multiples leave little safety margin against forward earnings revisions.""}, {""model"": ""Simulated-AI-Quality-Compounder"", ""call"": ""hold"", ""target_price"": 227.83, ""thesis"": ""Defensive operational balance sheet balanced by limited immediate re-rating catalysts.""}, {""model"": ""Simulated-AI-Macro-Tactical"", ""call"": ""hold"", ""target_price"": 221.77, ""thesis"": ""Balanced near-term catalysts recommend maintaining current position.""}]"
GOOGL,2025-09-30,large_cap,0.5825,0.75,0.3313,255.26,4,"[{""model"": ""Simulated-AI-Momentum-Quant"", ""call"": ""buy"", ""target_price"": 277.97, ""thesis"": ""Strong upward medium-term momentum (+36.2%) signals continued institutional accumulation.""}, {""model"": ""Simulated-AI-Fundamental-Value"", ""call"": ""sell"", ""target_price"": 203.8, ""thesis"": ""Elevated multi-month valuation multiples leave little safety margin against forward earnings revisions.""}, {""model"": ""Simulated-AI-Quality-Compounder"", ""call"": ""buy"", ""target_price"": 272.54, ""thesis"": ""Stable financial profile and durable competitive moat support long-term compounding potential.""}, {""model"": ""Simulated-AI-Macro-Tactical"", ""call"": ""buy"", ""target_price"": 266.72, ""thesis"": ""Positive operating execution and robust revenue traction support upside.""}]"
META,2025-09-30,large_cap,0.5412,0.75,0.2281,714.41,4,"[{""model"": ""Simulated-AI-Momentum-Quant"", ""call"": ""hold"", ""target_price"": 736.13, ""thesis"": ""Consolidating trading range warrants a neutral rating until breakout confirmation.""}, {""model"": ""Simulated-AI-Fundamental-Value"", ""call"": ""hold"", ""target_price"": 734.23, ""thesis"": ""Fair valuation reflects balanced risk-reward relative to sector peers.""}, {""model"": ""Simulated-AI-Quality-Compounder"", ""call"": ""sell"", ""target_price"": 647.5, ""thesis"": ""Heightened earnings volatility and cyclical margin pressures elevate downside risk.""}, {""model"": ""Simulated-AI-Macro-Tactical"", ""call"": ""hold"", ""target_price"": 739.79, ""thesis"": ""Balanced near-term catalysts recommend maintaining current position.""}]"
BRK-B,2025-09-30,large_cap,0.3871,0.5,0.2177,509.43,4,"[{""model"": ""Simulated-AI-Momentum-Quant"", ""call"": ""buy"", ""target_price"": 579.16, ""thesis"": ""Strong upward medium-term momentum (+4.6%) signals continued institutional accumulation.""}, {""model"": ""Simulated-AI-Fundamental-Value"", ""call"": ""hold"", ""target_price"": 508.37, ""thesis"": ""Fair valuation reflects balanced risk-reward relative to sector peers.""}, {""model"": ""Simulated-AI-Quality-Compounder"", ""call"": ""sell"", ""target_price"": 442.41, ""thesis"": ""Heightened earnings volatility and cyclical margin pressures elevate downside risk.""}, {""model"": ""Simulated-AI-Macro-Tactical"", ""call"": ""hold"", ""target_price"": 507.77, ""thesis"": ""Balanced near-term catalysts recommend maintaining current position.""}]"
JPM,2025-09-30,large_cap,0.406,0.5,0.265,330.99,4,"[{""model"": ""Simulated-AI-Momentum-Quant"", ""call"": ""buy"", ""target_price"": 353.34, ""thesis"": ""Strong upward medium-term momentum (+8.5%) signals continued institutional accumulation.""}, {""model"": ""Simulated-AI-Fundamental-Value"", ""call"": ""hold"", ""target_price"": 310.87, ""thesis"": ""Fair valuation reflects balanced risk-reward relative to sector peers.""}, {""model"": ""Simulated-AI-Quality-Compounder"", ""call"": ""hold"", ""target_price"": 319.29, ""thesis"": ""Defensive operational balance sheet balanced by limited immediate re-rating catalysts.""}, {""model"": ""Simulated-AI-Macro-Tactical"", ""call"": ""buy"", ""target_price"": 340.46, ""thesis"": ""Positive operating execution and robust revenue traction support upside.""}]"
V,2025-09-30,large_cap,0.7327,1.0,0.3317,344.83,4,"[{""model"": ""Simulated-AI-Momentum-Quant"", ""call"": ""hold"", ""target_price"": 347.48, ""thesis"": ""Consolidating trading range warrants a neutral rating until breakout confirmation.""}, {""model"": ""Simulated-AI-Fundamental-Value"", ""call"": ""hold"", ""target_price"": 339.62, ""thesis"": ""Fair valuation reflects balanced risk-reward relative to sector peers.""}, {""model"": ""Simulated-AI-Quality-Compounder"", ""call"": ""hold"", ""target_price"": 350.18, ""thesis"": ""Defensive operational balance sheet balanced by limited immediate re-rating catalysts.""}, {""model"": ""Simulated-AI-Macro-Tactical"", ""call"": ""hold"", ""target_price"": 342.06, ""thesis"": ""Balanced near-term catalysts recommend maintaining current position.""}]"
LLY,2025-09-30,large_cap,0.7327,1.0,0.3317,771.77,4,"[{""model"": ""Simulated-AI-Momentum-Quant"", ""call"": ""hold"", ""target_price"": 771.49, ""thesis"": ""Consolidating trading range warrants a neutral rating until breakout confirmation.""}, {""model"": ""Simulated-AI-Fundamental-Value"", ""call"": ""hold"", ""target_price"": 754.58, ""thesis"": ""Fair valuation reflects balanced risk-reward relative to sector peers.""}, {""model"": ""Simulated-AI-Quality-Compounder"", ""call"": ""hold"", ""target_price"": 795.22, ""thesis"": ""Defensive operational balance sheet balanced by limited immediate re-rating catalysts.""}, {""model"": ""Simulated-AI-Macro-Tactical"", ""call"": ""hold"", ""target_price"": 765.8, ""thesis"": ""Balanced near-term catalysts recommend maintaining current position.""}]"
UNH,2025-09-30,large_cap,0.5747,0.75,0.3119,367.95,4,"[{""model"": ""Simulated-AI-Momentum-Quant"", ""call"": ""buy"", ""target_price"": 381.47, ""thesis"": ""Strong upward medium-term momentum (+13.0%) signals continued institutional accumulation.""}, {""model"": ""Simulated-AI-Fundamental-Value"", ""call"": ""hold"", ""target_price"": 342.35, ""thesis"": ""Fair valuation reflects balanced risk-reward relative to sector peers.""}, {""model"": ""Simulated-AI-Quality-Compounder"", ""call"": ""buy"", ""target_price"": 375.71, ""thesis"": ""Stable financial profile and durable competitive moat support long-term compounding potential.""}, {""model"": ""Simulated-AI-Macro-Tactical"", ""call"": ""buy"", ""target_price"": 372.26, ""thesis"": ""Positive operating execution and robust revenue traction support upside.""}]"
XOM,2025-09-30,large_cap,0.5618,0.75,0.2795,121.02,4,"[{""model"": ""Simulated-AI-Momentum-Quant"", ""call"": ""buy"", ""target_price"": 124.12, ""thesis"": ""Strong upward medium-term momentum (+2.5%) signals continued institutional accumulation.""}, {""model"": ""Simulated-AI-Fundamental-Value"", ""call"": ""buy"", ""target_price"": 128.09, ""thesis"": ""Recent price softening provides an attractive risk-adjusted entry point against fundamental book value.""}, {""model"": ""Simulated-AI-Quality-Compounder"", ""call"": ""buy"", ""target_price"": 121.18, ""thesis"": ""Stable financial profile and durable competitive moat support long-term compounding potential.""}, {""model"": ""Simulated-AI-Macro-Tactical"", ""call"": ""hold"", ""target_price"": 110.67, ""thesis"": ""Balanced near-term catalysts recommend maintaining current position.""}]"
JNJ,2025-09-30,large_cap,0.4449,0.5,0.3622,179.29,4,"[{""model"": ""Simulated-AI-Momentum-Quant"", ""call"": ""buy"", ""target_price"": 206.72, ""thesis"": ""Strong upward medium-term momentum (+20.1%) signals continued institutional accumulation.""}, {""model"": ""Simulated-AI-Fundamental-Value"", ""call"": ""sell"", ""target_price"": 150.96, ""thesis"": ""Elevated multi-month valuation multiples leave little safety margin against forward earnings revisions.""}, {""model"": ""Simulated-AI-Quality-Compounder"", ""call"": ""sell"", ""target_price"": 160.02, ""thesis"": ""Heightened earnings volatility and cyclical margin pressures elevate downside risk.""}, {""model"": ""Simulated-AI-Macro-Tactical"", ""call"": ""buy"", ""target_price"": 199.46, ""thesis"": ""Positive operating execution and robust revenue traction support upside.""}]"
PG,2025-09-30,large_cap,0.5412,0.75,0.2281,146.34,4,"[{""model"": ""Simulated-AI-Momentum-Quant"", ""call"": ""hold"", ""target_price"": 155.53, ""thesis"": ""Consolidating trading range warrants a neutral rating until breakout confirmation.""}, {""model"": ""Simulated-AI-Fundamental-Value"", ""call"": ""hold"", ""target_price"": 147.35, ""thesis"": ""Fair valuation reflects balanced risk-reward relative to sector peers.""}, {""model"": ""Simulated-AI-Quality-Compounder"", ""call"": ""sell"", ""target_price"": 131.72, ""thesis"": ""Heightened earnings volatility and cyclical margin pressures elevate downside risk.""}, {""model"": ""Simulated-AI-Macro-Tactical"", ""call"": ""hold"", ""target_price"": 150.75, ""thesis"": ""Balanced near-term catalysts recommend maintaining current position.""}]"
HD,2025-09-30,large_cap,0.5708,0.75,0.3021,393.95,4,"[{""model"": ""Simulated-AI-Momentum-Quant"", ""call"": ""hold"", ""target_price"": 394.42, ""thesis"": ""Consolidating trading range warrants a neutral rating until breakout confirmation.""}, {""model"": ""Simulated-AI-Fundamental-Value"", ""call"": ""hold"", ""target_price"": 401.6, ""thesis"": ""Fair valuation reflects balanced risk-reward relative to sector peers.""}, {""model"": ""Simulated-AI-Quality-Compounder"", ""call"": ""sell"", ""target_price"": 346.35, ""thesis"": ""Heightened earnings volatility and cyclical margin pressures elevate downside risk.""}, {""model"": ""Simulated-AI-Macro-Tactical"", ""call"": ""hold"", ""target_price"": 433.43, ""thesis"": ""Positive operating execution and robust revenue traction support upside.""}]"
MA,2025-09-30,large_cap,0.5497,0.75,0.2492,596.49,4,"[{""model"": ""Simulated-AI-Momentum-Quant"", ""call"": ""buy"", ""target_price"": 648.95, ""thesis"": ""Strong upward medium-term momentum (+1.4%) signals continued institutional accumulation.""}, {""model"": ""Simulated-AI-Fundamental-Value"", ""call"": ""hold"", ""target_price"": 569.59, ""thesis"": ""Fair valuation reflects balanced risk-reward relative to sector peers.""}, {""model"": ""Simulated-AI-Quality-Compounder"", ""call"": ""hold"", ""target_price"": 596.49, ""thesis"": ""Defensive operational balance sheet balanced by limited immediate re-rating catalysts.""}, {""model"": ""Simulated-AI-Macro-Tactical"", ""call"": ""hold"", ""target_price"": 570.94, ""thesis"": ""Balanced near-term catalysts recommend maintaining current position.""}]"
COST,2025-09-30,large_cap,0.4048,0.5,0.2621,875.74,4,"[{""model"": ""Simulated-AI-Momentum-Quant"", ""call"": ""hold"", ""target_price"": 946.49, ""thesis"": ""Consolidating trading range warrants a neutral rating until breakout confirmation.""}, {""model"": ""Simulated-AI-Fundamental-Value"", ""call"": ""hold"", ""target_price"": 918.42, ""thesis"": ""Fair valuation reflects balanced risk-reward relative to sector peers.""}, {""model"": ""Simulated-AI-Quality-Compounder"", ""call"": ""sell"", ""target_price"": 809.83, ""thesis"": ""Heightened earnings volatility and cyclical margin pressures elevate downside risk.""}, {""model"": ""Simulated-AI-Macro-Tactical"", ""call"": ""sell"", ""target_price"": 828.23, ""thesis"": ""Macro headwinds and declining momentum justify a defensive posture.""}]"
ABBV,2025-09-30,large_cap,0.4447,0.5,0.3618,222.27,4,"[{""model"": ""Simulated-AI-Momentum-Quant"", ""call"": ""buy"", ""target_price"": 254.57, ""thesis"": ""Strong upward medium-term momentum (+22.4%) signals continued institutional accumulation.""}, {""model"": ""Simulated-AI-Fundamental-Value"", ""call"": ""sell"", ""target_price"": 190.77, ""thesis"": ""Elevated multi-month valuation multiples leave little safety margin against forward earnings revisions.""}, {""model"": ""Simulated-AI-Quality-Compounder"", ""call"": ""sell"", ""target_price"": 196.72, ""thesis"": ""Heightened earnings volatility and cyclical margin pressures elevate downside risk.""}, {""model"": ""Simulated-AI-Macro-Tactical"", ""call"": ""hold"", ""target_price"": 247.03, ""thesis"": ""Positive operating execution and robust revenue traction support upside.""}]"
MRK,2025-09-30,large_cap,0.4021,0.5,0.2552,87.98,4,"[{""model"": ""Simulated-AI-Momentum-Quant"", ""call"": ""buy"", ""target_price"": 94.95, ""thesis"": ""Strong upward medium-term momentum (+2.9%) signals continued institutional accumulation.""}, {""model"": ""Simulated-AI-Fundamental-Value"", ""call"": ""hold"", ""target_price"": 82.58, ""thesis"": ""Fair valuation reflects balanced risk-reward relative to sector peers.""}, {""model"": ""Simulated-AI-Quality-Compounder"", ""call"": ""buy"", ""target_price"": 91.55, ""thesis"": ""Stable financial profile and durable competitive moat support long-term compounding potential.""}, {""model"": ""Simulated-AI-Macro-Tactical"", ""call"": ""hold"", ""target_price"": 82.84, ""thesis"": ""Balanced near-term catalysts recommend maintaining current position.""}]"
BAC,2025-09-30,large_cap,0.425,0.5,0.3124,55.22,4,"[{""model"": ""Simulated-AI-Momentum-Quant"", ""call"": ""buy"", ""target_price"": 57.7, ""thesis"": ""Strong upward medium-term momentum (+6.5%) signals continued institutional accumulation.""}, {""model"": ""Simulated-AI-Fundamental-Value"", ""call"": ""hold"", ""target_price"": 50.77, ""thesis"": ""Fair valuation reflects balanced risk-reward relative to sector peers.""}, {""model"": ""Simulated-AI-Quality-Compounder"", ""call"": ""buy"", ""target_price"": 56.83, ""thesis"": ""Stable financial profile and durable competitive moat support long-term compounding potential.""}, {""model"": ""Simulated-AI-Macro-Tactical"", ""call"": ""hold"", ""target_price"": 55.56, ""thesis"": ""Positive operating execution and robust revenue traction support upside.""}]"
CVX,2025-09-30,large_cap,0.4124,0.5,0.2811,152.9,4,"[{""model"": ""Simulated-AI-Momentum-Quant"", ""call"": ""buy"", ""target_price"": 169.72, ""thesis"": ""Strong upward medium-term momentum (+6.1%) signals continued institutional accumulation.""}, {""model"": ""Simulated-AI-Fundamental-Value"", ""call"": ""sell"", ""target_price"": 123.4, ""thesis"": ""Elevated multi-month valuation multiples leave little safety margin against forward earnings revisions.""}, {""model"": ""Simulated-AI-Quality-Compounder"", ""call"": ""hold"", ""target_price"": 154.12, ""thesis"": ""Defensive operational balance sheet balanced by limited immediate re-rating catalysts.""}, {""model"": ""Simulated-AI-Macro-Tactical"", ""call"": ""hold"", ""target_price"": 164.34, ""thesis"": ""Positive operating execution and robust revenue traction support upside.""}]"
CRM,2025-09-30,large_cap,0.5674,0.75,0.2936,214.93,4,"[{""model"": ""Simulated-AI-Momentum-Quant"", ""call"": ""sell"", ""target_price"": 205.85, ""thesis"": ""Persistent negative price trajectory (-11.8%) indicates structural distribution headwinds.""}, {""model"": ""Simulated-AI-Fundamental-Value"", ""call"": ""hold"", ""target_price"": 232.12, ""thesis"": ""Fair valuation reflects balanced risk-reward relative to sector peers.""}, {""model"": ""Simulated-AI-Quality-Compounder"", ""call"": ""sell"", ""target_price"": 209.88, ""thesis"": ""Heightened earnings volatility and cyclical margin pressures elevate downside risk.""}, {""model"": ""Simulated-AI-Macro-Tactical"", ""call"": ""sell"", ""target_price"": 211.88, ""thesis"": ""Macro headwinds and declining momentum justify a defensive posture.""}]"
NFLX,2025-09-30,large_cap,0.4046,0.5,0.2616,119.58,4,"[{""model"": ""Simulated-AI-Momentum-Quant"", ""call"": ""sell"", ""target_price"": 103.78, ""thesis"": ""Persistent negative price trajectory (-6.7%) indicates structural distribution headwinds.""}, {""model"": ""Simulated-AI-Fundamental-Value"", ""call"": ""buy"", ""target_price"": 140.81, ""thesis"": ""Recent price softening provides an attractive risk-adjusted entry point against fundamental book value.""}, {""model"": ""Simulated-AI-Quality-Compounder"", ""call"": ""hold"", ""target_price"": 125.84, ""thesis"": ""Defensive operational balance sheet balanced by limited immediate re-rating catalysts.""}, {""model"": ""Simulated-AI-Macro-Tactical"", ""call"": ""hold"", ""target_price"": 107.9, ""thesis"": ""Macro headwinds and declining momentum justify a defensive posture.""}]"
AMD,2025-09-30,large_cap,0.4325,0.5,0.3312,169.45,4,"[{""model"": ""Simulated-AI-Momentum-Quant"", ""call"": ""buy"", ""target_price"": 185.09, ""thesis"": ""Strong upward medium-term momentum (+16.8%) signals continued institutional accumulation.""}, {""model"": ""Simulated-AI-Fundamental-Value"", ""call"": ""sell"", ""target_price"": 133.48, ""thesis"": ""Elevated multi-month valuation multiples leave little safety margin against forward earnings revisions.""}, {""model"": ""Simulated-AI-Quality-Compounder"", ""call"": ""buy"", ""target_price"": 181.27, ""thesis"": ""Stable financial profile and durable competitive moat support long-term compounding potential.""}, {""model"": ""Simulated-AI-Macro-Tactical"", ""call"": ""hold"", ""target_price"": 177.97, ""thesis"": ""Positive operating execution and robust revenue traction support upside.""}]"
PEP,2025-09-30,large_cap,0.5994,0.75,0.3736,130.63,4,"[{""model"": ""Simulated-AI-Momentum-Quant"", ""call"": ""hold"", ""target_price"": 135.17, ""thesis"": ""Consolidating trading range warrants a neutral rating until breakout confirmation.""}, {""model"": ""Simulated-AI-Fundamental-Value"", ""call"": ""sell"", ""target_price"": 112.03, ""thesis"": ""Elevated multi-month valuation multiples leave little safety margin against forward earnings revisions.""}, {""model"": ""Simulated-AI-Quality-Compounder"", ""call"": ""hold"", ""target_price"": 139.02, ""thesis"": ""Defensive operational balance sheet balanced by limited immediate re-rating catalysts.""}, {""model"": ""Simulated-AI-Macro-Tactical"", ""call"": ""hold"", ""target_price"": 136.32, ""thesis"": ""Balanced near-term catalysts recommend maintaining current position.""}]"
KO,2025-09-30,large_cap,0.4328,0.5,0.332,59.28,4,"[{""model"": ""Simulated-AI-Momentum-Quant"", ""call"": ""hold"", ""target_price"": 67.78, ""thesis"": ""Consolidating trading range warrants a neutral rating until breakout confirmation.""}, {""model"": ""Simulated-AI-Fundamental-Value"", ""call"": ""sell"", ""target_price"": 53.62, ""thesis"": ""Elevated multi-month valuation multiples leave little safety margin against forward earnings revisions.""}, {""model"": ""Simulated-AI-Quality-Compounder"", ""call"": ""sell"", ""target_price"": 57.22, ""thesis"": ""Heightened earnings volatility and cyclical margin pressures elevate downside risk.""}, {""model"": ""Simulated-AI-Macro-Tactical"", ""call"": ""hold"", ""target_price"": 58.49, ""thesis"": ""Macro headwinds and declining momentum justify a defensive posture.""}]"
TMO,2025-09-30,large_cap,0.4252,0.5,0.3131,499.68,4,"[{""model"": ""Simulated-AI-Momentum-Quant"", ""call"": ""buy"", ""target_price"": 549.86, ""thesis"": ""Strong upward medium-term momentum (+13.5%) signals continued institutional accumulation.""}, {""model"": ""Simulated-AI-Fundamental-Value"", ""call"": ""hold"", ""target_price"": 489.69, ""thesis"": ""Fair valuation reflects balanced risk-reward relative to sector peers.""}, {""model"": ""Simulated-AI-Quality-Compounder"", ""call"": ""sell"", ""target_price"": 427.1, ""thesis"": ""Heightened earnings volatility and cyclical margin pressures elevate downside risk.""}, {""model"": ""Simulated-AI-Macro-Tactical"", ""call"": ""hold"", ""target_price"": 532.06, ""thesis"": ""Positive operating execution and robust revenue traction support upside.""}]"
WMT,2025-09-30,large_cap,0.4437,0.5,0.3594,101.38,4,"[{""model"": ""Simulated-AI-Momentum-Quant"", ""call"": ""hold"", ""target_price"": 103.27, ""thesis"": ""Consolidating trading range warrants a neutral rating until breakout confirmation.""}, {""model"": ""Simulated-AI-Fundamental-Value"", ""call"": ""sell"", ""target_price"": 84.67, ""thesis"": ""Elevated multi-month valuation multiples leave little safety margin against forward earnings revisions.""}, {""model"": ""Simulated-AI-Quality-Compounder"", ""call"": ""hold"", ""target_price"": 105.14, ""thesis"": ""Defensive operational balance sheet balanced by limited immediate re-rating catalysts.""}, {""model"": ""Simulated-AI-Macro-Tactical"", ""call"": ""buy"", ""target_price"": 112.42, ""thesis"": ""Positive operating execution and robust revenue traction support upside.""}]"
MCD,2025-09-30,large_cap,0.4146,0.5,0.2864,303.31,4,"[{""model"": ""Simulated-AI-Momentum-Quant"", ""call"": ""buy"", ""target_price"": 339.41, ""thesis"": ""Strong upward medium-term momentum (+3.7%) signals continued institutional accumulation.""}, {""model"": ""Simulated-AI-Fundamental-Value"", ""call"": ""sell"", ""target_price"": 246.94, ""thesis"": ""Elevated multi-month valuation multiples leave little safety margin against forward earnings revisions.""}, {""model"": ""Simulated-AI-Quality-Compounder"", ""call"": ""buy"", ""target_price"": 327.67, ""thesis"": ""Stable financial profile and durable competitive moat support long-term compounding potential.""}, {""model"": ""Simulated-AI-Macro-Tactical"", ""call"": ""hold"", ""target_price"": 299.23, ""thesis"": ""Balanced near-term catalysts recommend maintaining current position.""}]"
CSCO,2025-09-30,large_cap,0.586,0.75,0.3401,71.01,4,"[{""model"": ""Simulated-AI-Momentum-Quant"", ""call"": ""hold"", ""target_price"": 67.93, ""thesis"": ""Consolidating trading range warrants a neutral rating until breakout confirmation.""}, {""model"": ""Simulated-AI-Fundamental-Value"", ""call"": ""buy"", ""target_price"": 78.59, ""thesis"": ""Recent price softening provides an attractive risk-adjusted entry point against fundamental book value.""}, {""model"": ""Simulated-AI-Quality-Compounder"", ""call"": ""hold"", ""target_price"": 69.82, ""thesis"": ""Defensive operational balance sheet balanced by limited immediate re-rating catalysts.""}, {""model"": ""Simulated-AI-Macro-Tactical"", ""call"": ""hold"", ""target_price"": 67.7, ""thesis"": ""Balanced near-term catalysts recommend maintaining current position.""}]"
KNSL,2025-09-30,small_cap,0.5737,0.75,0.3093,405.14,4,"[{""model"": ""Simulated-AI-Momentum-Quant"", ""call"": ""sell"", ""target_price"": 367.15, ""thesis"": ""Persistent negative price trajectory (-10.1%) indicates structural distribution headwinds.""}, {""model"": ""Simulated-AI-Fundamental-Value"", ""call"": ""buy"", ""target_price"": 493.3, ""thesis"": ""Recent price softening provides an attractive risk-adjusted entry point against fundamental book value.""}, {""model"": ""Simulated-AI-Quality-Compounder"", ""call"": ""sell"", ""target_price"": 378.35, ""thesis"": ""Heightened earnings volatility and cyclical margin pressures elevate downside risk.""}, {""model"": ""Simulated-AI-Macro-Tactical"", ""call"": ""sell"", ""target_price"": 381.74, ""thesis"": ""Macro headwinds and declining momentum justify a defensive posture.""}]"
SAIA,2025-09-30,small_cap,0.7327,1.0,0.3317,304.79,4,"[{""model"": ""Simulated-AI-Momentum-Quant"", ""call"": ""hold"", ""target_price"": 302.65, ""thesis"": ""Consolidating trading range warrants a neutral rating until breakout confirmation.""}, {""model"": ""Simulated-AI-Fundamental-Value"", ""call"": ""hold"", ""target_price"": 297.32, ""thesis"": ""Fair valuation reflects balanced risk-reward relative to sector peers.""}, {""model"": ""Simulated-AI-Quality-Compounder"", ""call"": ""hold"", ""target_price"": 316.84, ""thesis"": ""Defensive operational balance sheet balanced by limited immediate re-rating catalysts.""}, {""model"": ""Simulated-AI-Macro-Tactical"", ""call"": ""hold"", ""target_price"": 302.35, ""thesis"": ""Balanced near-term catalysts recommend maintaining current position.""}]"
MEDP,2025-09-30,small_cap,0.4326,0.5,0.3315,535.59,4,"[{""model"": ""Simulated-AI-Momentum-Quant"", ""call"": ""buy"", ""target_price"": 579.97, ""thesis"": ""Strong upward medium-term momentum (+57.7%) signals continued institutional accumulation.""}, {""model"": ""Simulated-AI-Fundamental-Value"", ""call"": ""sell"", ""target_price"": 424.44, ""thesis"": ""Elevated multi-month valuation multiples leave little safety margin against forward earnings revisions.""}, {""model"": ""Simulated-AI-Quality-Compounder"", ""call"": ""buy"", ""target_price"": 572.36, ""thesis"": ""Stable financial profile and durable competitive moat support long-term compounding potential.""}, {""model"": ""Simulated-AI-Macro-Tactical"", ""call"": ""hold"", ""target_price"": 565.58, ""thesis"": ""Positive operating execution and robust revenue traction support upside.""}]"
SSD,2025-09-30,small_cap,0.5495,0.75,0.2489,174.07,4,"[{""model"": ""Simulated-AI-Momentum-Quant"", ""call"": ""buy"", ""target_price"": 189.36, ""thesis"": ""Strong upward medium-term momentum (+1.9%) signals continued institutional accumulation.""}, {""model"": ""Simulated-AI-Fundamental-Value"", ""call"": ""hold"", ""target_price"": 167.87, ""thesis"": ""Fair valuation reflects balanced risk-reward relative to sector peers.""}, {""model"": ""Simulated-AI-Quality-Compounder"", ""call"": ""hold"", ""target_price"": 171.06, ""thesis"": ""Defensive operational balance sheet balanced by limited immediate re-rating catalysts.""}, {""model"": ""Simulated-AI-Macro-Tactical"", ""call"": ""hold"", ""target_price"": 168.0, ""thesis"": ""Balanced near-term catalysts recommend maintaining current position.""}]"
EXPO,2025-09-30,small_cap,0.5737,0.75,0.3093,65.41,4,"[{""model"": ""Simulated-AI-Momentum-Quant"", ""call"": ""sell"", ""target_price"": 60.01, ""thesis"": ""Persistent negative price trajectory (-10.1%) indicates structural distribution headwinds.""}, {""model"": ""Simulated-AI-Fundamental-Value"", ""call"": ""buy"", ""target_price"": 79.31, ""thesis"": ""Recent price softening provides an attractive risk-adjusted entry point against fundamental book value.""}, {""model"": ""Simulated-AI-Quality-Compounder"", ""call"": ""sell"", ""target_price"": 60.88, ""thesis"": ""Heightened earnings volatility and cyclical margin pressures elevate downside risk.""}, {""model"": ""Simulated-AI-Macro-Tactical"", ""call"": ""sell"", ""target_price"": 61.43, ""thesis"": ""Macro headwinds and declining momentum justify a defensive posture.""}]"
FORM,2025-09-30,small_cap,0.5488,0.75,0.2471,38.2,4,"[{""model"": ""Simulated-AI-Momentum-Quant"", ""call"": ""buy"", ""target_price"": 41.9, ""thesis"": ""Strong upward medium-term momentum (+0.2%) signals continued institutional accumulation.""}, {""model"": ""Simulated-AI-Fundamental-Value"", ""call"": ""hold"", ""target_price"": 36.17, ""thesis"": ""Fair valuation reflects balanced risk-reward relative to sector peers.""}, {""model"": ""Simulated-AI-Quality-Compounder"", ""call"": ""hold"", ""target_price"": 37.95, ""thesis"": ""Defensive operational balance sheet balanced by limited immediate re-rating catalysts.""}, {""model"": ""Simulated-AI-Macro-Tactical"", ""call"": ""hold"", ""target_price"": 36.78, ""thesis"": ""Balanced near-term catalysts recommend maintaining current position.""}]"
CRVL,2025-09-30,small_cap,0.5761,0.75,0.3152,74.14,4,"[{""model"": ""Simulated-AI-Momentum-Quant"", ""call"": ""sell"", ""target_price"": 67.32, ""thesis"": ""Persistent negative price trajectory (-23.6%) indicates structural distribution headwinds.""}, {""model"": ""Simulated-AI-Fundamental-Value"", ""call"": ""buy"", ""target_price"": 90.12, ""thesis"": ""Recent price softening provides an attractive risk-adjusted entry point against fundamental book value.""}, {""model"": ""Simulated-AI-Quality-Compounder"", ""call"": ""sell"", ""target_price"": 69.45, ""thesis"": ""Heightened earnings volatility and cyclical margin pressures elevate downside risk.""}, {""model"": ""Simulated-AI-Macro-Tactical"", ""call"": ""sell"", ""target_price"": 69.68, ""thesis"": ""Macro headwinds and declining momentum justify a defensive posture.""}]"
TKR,2025-09-30,small_cap,0.4033,0.5,0.2582,75.82,4,"[{""model"": ""Simulated-AI-Momentum-Quant"", ""call"": ""sell"", ""target_price"": 63.55, ""thesis"": ""Persistent negative price trajectory (-1.6%) indicates structural distribution headwinds.""}, {""model"": ""Simulated-AI-Fundamental-Value"", ""call"": ""buy"", ""target_price"": 86.89, ""thesis"": ""Recent price softening provides an attractive risk-adjusted entry point against fundamental book value.""}, {""model"": ""Simulated-AI-Quality-Compounder"", ""call"": ""hold"", ""target_price"": 77.94, ""thesis"": ""Defensive operational balance sheet balanced by limited immediate re-rating catalysts.""}, {""model"": ""Simulated-AI-Macro-Tactical"", ""call"": ""hold"", ""target_price"": 74.91, ""thesis"": ""Balanced near-term catalysts recommend maintaining current position.""}]"
POWI,2025-09-30,small_cap,0.5769,0.75,0.3173,37.83,4,"[{""model"": ""Simulated-AI-Momentum-Quant"", ""call"": ""sell"", ""target_price"": 34.02, ""thesis"": ""Persistent negative price trajectory (-31.7%) indicates structural distribution headwinds.""}, {""model"": ""Simulated-AI-Fundamental-Value"", ""call"": ""buy"", ""target_price"": 46.22, ""thesis"": ""Recent price softening provides an attractive risk-adjusted entry point against fundamental book value.""}, {""model"": ""Simulated-AI-Quality-Compounder"", ""call"": ""sell"", ""target_price"": 35.49, ""thesis"": ""Heightened earnings volatility and cyclical margin pressures elevate downside risk.""}, {""model"": ""Simulated-AI-Macro-Tactical"", ""call"": ""sell"", ""target_price"": 35.57, ""thesis"": ""Macro headwinds and declining momentum justify a defensive posture.""}]"
CALM,2025-09-30,small_cap,0.4034,0.5,0.2585,90.4,4,"[{""model"": ""Simulated-AI-Momentum-Quant"", ""call"": ""sell"", ""target_price"": 78.33, ""thesis"": ""Persistent negative price trajectory (-6.8%) indicates structural distribution headwinds.""}, {""model"": ""Simulated-AI-Fundamental-Value"", ""call"": ""buy"", ""target_price"": 105.64, ""thesis"": ""Recent price softening provides an attractive risk-adjusted entry point against fundamental book value.""}, {""model"": ""Simulated-AI-Quality-Compounder"", ""call"": ""hold"", ""target_price"": 95.33, ""thesis"": ""Defensive operational balance sheet balanced by limited immediate re-rating catalysts.""}, {""model"": ""Simulated-AI-Macro-Tactical"", ""call"": ""sell"", ""target_price"": 82.28, ""thesis"": ""Macro headwinds and declining momentum justify a defensive posture.""}]"
PLUS,2025-09-30,small_cap,0.5472,0.75,0.243,73.98,4,"[{""model"": ""Simulated-AI-Momentum-Quant"", ""call"": ""buy"", ""target_price"": 81.14, ""thesis"": ""Strong upward medium-term momentum (-0.7%) signals continued institutional accumulation.""}, {""model"": ""Simulated-AI-Fundamental-Value"", ""call"": ""hold"", ""target_price"": 69.78, ""thesis"": ""Fair valuation reflects balanced risk-reward relative to sector peers.""}, {""model"": ""Simulated-AI-Quality-Compounder"", ""call"": ""hold"", ""target_price"": 74.15, ""thesis"": ""Defensive operational balance sheet balanced by limited immediate re-rating catalysts.""}, {""model"": ""Simulated-AI-Macro-Tactical"", ""call"": ""hold"", ""target_price"": 70.84, ""thesis"": ""Balanced near-term catalysts recommend maintaining current position.""}]"
FSS,2025-09-30,small_cap,0.5825,0.75,0.3311,123.02,4,"[{""model"": ""Simulated-AI-Momentum-Quant"", ""call"": ""buy"", ""target_price"": 132.76, ""thesis"": ""Strong upward medium-term momentum (+8.9%) signals continued institutional accumulation.""}, {""model"": ""Simulated-AI-Fundamental-Value"", ""call"": ""sell"", ""target_price"": 97.83, ""thesis"": ""Elevated multi-month valuation multiples leave little safety margin against forward earnings revisions.""}, {""model"": ""Simulated-AI-Quality-Compounder"", ""call"": ""buy"", ""target_price"": 131.27, ""thesis"": ""Stable financial profile and durable competitive moat support long-term compounding potential.""}, {""model"": ""Simulated-AI-Macro-Tactical"", ""call"": ""buy"", ""target_price"": 130.21, ""thesis"": ""Positive operating execution and robust revenue traction support upside.""}]"
AMWD,2025-09-30,small_cap,0.5994,0.75,0.3736,97.31,4,"[{""model"": ""Simulated-AI-Momentum-Quant"", ""call"": ""hold"", ""target_price"": 102.1, ""thesis"": ""Consolidating trading range warrants a neutral rating until breakout confirmation.""}, {""model"": ""Simulated-AI-Fundamental-Value"", ""call"": ""sell"", ""target_price"": 83.05, ""thesis"": ""Elevated multi-month valuation multiples leave little safety margin against forward earnings revisions.""}, {""model"": ""Simulated-AI-Quality-Compounder"", ""call"": ""hold"", ""target_price"": 103.08, ""thesis"": ""Defensive operational balance sheet balanced by limited immediate re-rating catalysts.""}, {""model"": ""Simulated-AI-Macro-Tactical"", ""call"": ""hold"", ""target_price"": 101.0, ""thesis"": ""Balanced near-term catalysts recommend maintaining current position.""}]"
ATKR,2025-09-30,small_cap,0.5727,0.75,0.3067,58.72,4,"[{""model"": ""Simulated-AI-Momentum-Quant"", ""call"": ""sell"", ""target_price"": 53.24, ""thesis"": ""Persistent negative price trajectory (-16.2%) indicates structural distribution headwinds.""}, {""model"": ""Simulated-AI-Fundamental-Value"", ""call"": ""buy"", ""target_price"": 71.05, ""thesis"": ""Recent price softening provides an attractive risk-adjusted entry point against fundamental book value.""}, {""model"": ""Simulated-AI-Quality-Compounder"", ""call"": ""sell"", ""target_price"": 55.12, ""thesis"": ""Heightened earnings volatility and cyclical margin pressures elevate downside risk.""}, {""model"": ""Simulated-AI-Macro-Tactical"", ""call"": ""sell"", ""target_price"": 55.46, ""thesis"": ""Macro headwinds and declining momentum justify a defensive posture.""}]"
BRC,2025-09-30,small_cap,0.4124,0.5,0.2811,78.97,4,"[{""model"": ""Simulated-AI-Momentum-Quant"", ""call"": ""buy"", ""target_price"": 86.46, ""thesis"": ""Strong upward medium-term momentum (+13.1%) signals continued institutional accumulation.""}, {""model"": ""Simulated-AI-Fundamental-Value"", ""call"": ""sell"", ""target_price"": 64.87, ""thesis"": ""Elevated multi-month valuation multiples leave little safety margin against forward earnings revisions.""}, {""model"": ""Simulated-AI-Quality-Compounder"", ""call"": ""hold"", ""target_price"": 79.77, ""thesis"": ""Defensive operational balance sheet balanced by limited immediate re-rating catalysts.""}, {""model"": ""Simulated-AI-Macro-Tactical"", ""call"": ""buy"", ""target_price"": 84.8, ""thesis"": ""Positive operating execution and robust revenue traction support upside.""}]"
CNO,2025-09-30,small_cap,0.4229,0.5,0.3071,38.51,4,"[{""model"": ""Simulated-AI-Momentum-Quant"", ""call"": ""hold"", ""target_price"": 38.79, ""thesis"": ""Consolidating trading range warrants a neutral rating until breakout confirmation.""}, {""model"": ""Simulated-AI-Fundamental-Value"", ""call"": ""sell"", ""target_price"": 32.74, ""thesis"": ""Elevated multi-month valuation multiples leave little safety margin against forward earnings revisions.""}, {""model"": ""Simulated-AI-Quality-Compounder"", ""call"": ""buy"", ""target_price"": 43.15, ""thesis"": ""Stable financial profile and durable competitive moat support long-term compounding potential.""}, {""model"": ""Simulated-AI-Macro-Tactical"", ""call"": ""hold"", ""target_price"": 39.34, ""thesis"": ""Balanced near-term catalysts recommend maintaining current position.""}]"
CSGS,2025-09-30,small_cap,0.5412,0.75,0.2281,98.06,4,"[{""model"": ""Simulated-AI-Momentum-Quant"", ""call"": ""hold"", ""target_price"": 102.6, ""thesis"": ""Consolidating trading range warrants a neutral rating until breakout confirmation.""}, {""model"": ""Simulated-AI-Fundamental-Value"", ""call"": ""hold"", ""target_price"": 100.2, ""thesis"": ""Fair valuation reflects balanced risk-reward relative to sector peers.""}, {""model"": ""Simulated-AI-Quality-Compounder"", ""call"": ""sell"", ""target_price"": 88.45, ""thesis"": ""Heightened earnings volatility and cyclical margin pressures elevate downside risk.""}, {""model"": ""Simulated-AI-Macro-Tactical"", ""call"": ""hold"", ""target_price"": 101.0, ""thesis"": ""Balanced near-term catalysts recommend maintaining current position.""}]"
ENSG,2025-09-30,small_cap,0.583,0.75,0.3324,180.67,4,"[{""model"": ""Simulated-AI-Momentum-Quant"", ""call"": ""buy"", ""target_price"": 195.08, ""thesis"": ""Strong upward medium-term momentum (+16.1%) signals continued institutional accumulation.""}, {""model"": ""Simulated-AI-Fundamental-Value"", ""call"": ""sell"", ""target_price"": 143.07, ""thesis"": ""Elevated multi-month valuation multiples leave little safety margin against forward earnings revisions.""}, {""model"": ""Simulated-AI-Quality-Compounder"", ""call"": ""buy"", ""target_price"": 194.7, ""thesis"": ""Stable financial profile and durable competitive moat support long-term compounding potential.""}, {""model"": ""Simulated-AI-Macro-Tactical"", ""call"": ""buy"", ""target_price"": 189.84, ""thesis"": ""Positive operating execution and robust revenue traction support upside.""}]"
FIX,2025-09-30,small_cap,0.5827,0.75,0.3317,862.71,4,"[{""model"": ""Simulated-AI-Momentum-Quant"", ""call"": ""buy"", ""target_price"": 955.25, ""thesis"": ""Strong upward medium-term momentum (+55.8%) signals continued institutional accumulation.""}, {""model"": ""Simulated-AI-Fundamental-Value"", ""call"": ""sell"", ""target_price"": 683.91, ""thesis"": ""Elevated multi-month valuation multiples leave little safety margin against forward earnings revisions.""}, {""model"": ""Simulated-AI-Quality-Compounder"", ""call"": ""buy"", ""target_price"": 905.84, ""thesis"": ""Stable financial profile and durable competitive moat support long-term compounding potential.""}, {""model"": ""Simulated-AI-Macro-Tactical"", ""call"": ""buy"", ""target_price"": 905.84, ""thesis"": ""Positive operating execution and robust revenue traction support upside.""}]"
GBCI,2025-09-30,small_cap,0.4331,0.5,0.3328,48.14,4,"[{""model"": ""Simulated-AI-Momentum-Quant"", ""call"": ""hold"", ""target_price"": 47.35, ""thesis"": ""Consolidating trading range warrants a neutral rating until breakout confirmation.""}, {""model"": ""Simulated-AI-Fundamental-Value"", ""call"": ""sell"", ""target_price"": 39.9, ""thesis"": ""Elevated multi-month valuation multiples leave little safety margin against forward earnings revisions.""}, {""model"": ""Simulated-AI-Quality-Compounder"", ""call"": ""buy"", ""target_price"": 53.26, ""thesis"": ""Stable financial profile and durable competitive moat support long-term compounding potential.""}, {""model"": ""Simulated-AI-Macro-Tactical"", ""call"": ""hold"", ""target_price"": 52.06, ""thesis"": ""Positive operating execution and robust revenue traction support upside.""}]"
GPI,2025-09-30,small_cap,0.5643,0.75,0.2857,431.79,4,"[{""model"": ""Simulated-AI-Momentum-Quant"", ""call"": ""hold"", ""target_price"": 446.53, ""thesis"": ""Consolidating trading range warrants a neutral rating until breakout confirmation.""}, {""model"": ""Simulated-AI-Fundamental-Value"", ""call"": ""hold"", ""target_price"": 432.67, ""thesis"": ""Fair valuation reflects balanced risk-reward relative to sector peers.""}, {""model"": ""Simulated-AI-Quality-Compounder"", ""call"": ""hold"", ""target_price"": 456.83, ""thesis"": ""Defensive operational balance sheet balanced by limited immediate re-rating catalysts.""}, {""model"": ""Simulated-AI-Macro-Tactical"", ""call"": ""sell"", ""target_price"": 391.12, ""thesis"": ""Macro headwinds and declining momentum justify a defensive posture.""}]"
HLNE,2025-09-30,small_cap,0.4071,0.5,0.2676,125.05,4,"[{""model"": ""Simulated-AI-Momentum-Quant"", ""call"": ""sell"", ""target_price"": 113.24, ""thesis"": ""Persistent negative price trajectory (-6.8%) indicates structural distribution headwinds.""}, {""model"": ""Simulated-AI-Fundamental-Value"", ""call"": ""hold"", ""target_price"": 131.21, ""thesis"": ""Fair valuation reflects balanced risk-reward relative to sector peers.""}, {""model"": ""Simulated-AI-Quality-Compounder"", ""call"": ""hold"", ""target_price"": 136.46, ""thesis"": ""Defensive operational balance sheet balanced by limited immediate re-rating catalysts.""}, {""model"": ""Simulated-AI-Macro-Tactical"", ""call"": ""sell"", ""target_price"": 119.29, ""thesis"": ""Macro headwinds and declining momentum justify a defensive posture.""}]"
HWKN,2025-09-30,small_cap,0.5836,0.75,0.3339,191.03,4,"[{""model"": ""Simulated-AI-Momentum-Quant"", ""call"": ""buy"", ""target_price"": 208.31, ""thesis"": ""Strong upward medium-term momentum (+21.5%) signals continued institutional accumulation.""}, {""model"": ""Simulated-AI-Fundamental-Value"", ""call"": ""sell"", ""target_price"": 153.0, ""thesis"": ""Elevated multi-month valuation multiples leave little safety margin against forward earnings revisions.""}, {""model"": ""Simulated-AI-Quality-Compounder"", ""call"": ""buy"", ""target_price"": 202.93, ""thesis"": ""Stable financial profile and durable competitive moat support long-term compounding potential.""}, {""model"": ""Simulated-AI-Macro-Tactical"", ""call"": ""buy"", ""target_price"": 199.88, ""thesis"": ""Positive operating execution and robust revenue traction support upside.""}]"
IBP,2025-09-30,small_cap,0.4447,0.5,0.3618,242.31,4,"[{""model"": ""Simulated-AI-Momentum-Quant"", ""call"": ""buy"", ""target_price"": 280.17, ""thesis"": ""Strong upward medium-term momentum (+26.3%) signals continued institutional accumulation.""}, {""model"": ""Simulated-AI-Fundamental-Value"", ""call"": ""sell"", ""target_price"": 205.96, ""thesis"": ""Elevated multi-month valuation multiples leave little safety margin against forward earnings revisions.""}, {""model"": ""Simulated-AI-Quality-Compounder"", ""call"": ""sell"", ""target_price"": 214.86, ""thesis"": ""Heightened earnings volatility and cyclical margin pressures elevate downside risk.""}, {""model"": ""Simulated-AI-Macro-Tactical"", ""call"": ""hold"", ""target_price"": 268.27, ""thesis"": ""Positive operating execution and robust revenue traction support upside.""}]"
KAR,2025-09-30,small_cap,0.586,0.75,0.3401,106.0,4,"[{""model"": ""Simulated-AI-Momentum-Quant"", ""call"": ""hold"", ""target_price"": 101.3, ""thesis"": ""Consolidating trading range warrants a neutral rating until breakout confirmation.""}, {""model"": ""Simulated-AI-Fundamental-Value"", ""call"": ""buy"", ""target_price"": 117.2, ""thesis"": ""Recent price softening provides an attractive risk-adjusted entry point against fundamental book value.""}, {""model"": ""Simulated-AI-Quality-Compounder"", ""call"": ""hold"", ""target_price"": 104.48, ""thesis"": ""Defensive operational balance sheet balanced by limited immediate re-rating catalysts.""}, {""model"": ""Simulated-AI-Macro-Tactical"", ""call"": ""hold"", ""target_price"": 101.0, ""thesis"": ""Balanced near-term catalysts recommend maintaining current position.""}]"
MC,2025-09-30,small_cap,0.5746,0.75,0.3116,74.9,4,"[{""model"": ""Simulated-AI-Momentum-Quant"", ""call"": ""buy"", ""target_price"": 78.18, ""thesis"": ""Strong upward medium-term momentum (+9.9%) signals continued institutional accumulation.""}, {""model"": ""Simulated-AI-Fundamental-Value"", ""call"": ""hold"", ""target_price"": 69.71, ""thesis"": ""Fair valuation reflects balanced risk-reward relative to sector peers.""}, {""model"": ""Simulated-AI-Quality-Compounder"", ""call"": ""buy"", ""target_price"": 76.33, ""thesis"": ""Stable financial profile and durable competitive moat support long-term compounding potential.""}, {""model"": ""Simulated-AI-Macro-Tactical"", ""call"": ""buy"", ""target_price"": 75.38, ""thesis"": ""Positive operating execution and robust revenue traction support upside.""}]"
OII,2025-09-30,small_cap,0.5742,0.75,0.3105,27.02,4,"[{""model"": ""Simulated-AI-Momentum-Quant"", ""call"": ""buy"", ""target_price"": 28.35, ""thesis"": ""Strong upward medium-term momentum (+15.4%) signals continued institutional accumulation.""}, {""model"": ""Simulated-AI-Fundamental-Value"", ""call"": ""hold"", ""target_price"": 25.13, ""thesis"": ""Fair valuation reflects balanced risk-reward relative to sector peers.""}, {""model"": ""Simulated-AI-Quality-Compounder"", ""call"": ""buy"", ""target_price"": 27.33, ""thesis"": ""Stable financial profile and durable competitive moat support long-term compounding potential.""}, {""model"": ""Simulated-AI-Macro-Tactical"", ""call"": ""buy"", ""target_price"": 27.26, ""thesis"": ""Positive operating execution and robust revenue traction support upside.""}]"
PRDO,2025-09-30,small_cap,0.5828,0.75,0.3319,38.98,4,"[{""model"": ""Simulated-AI-Momentum-Quant"", ""call"": ""buy"", ""target_price"": 42.75, ""thesis"": ""Strong upward medium-term momentum (+19.7%) signals continued institutional accumulation.""}, {""model"": ""Simulated-AI-Fundamental-Value"", ""call"": ""sell"", ""target_price"": 31.26, ""thesis"": ""Elevated multi-month valuation multiples leave little safety margin against forward earnings revisions.""}, {""model"": ""Simulated-AI-Quality-Compounder"", ""call"": ""buy"", ""target_price"": 41.27, ""thesis"": ""Stable financial profile and durable competitive moat support long-term compounding potential.""}, {""model"": ""Simulated-AI-Macro-Tactical"", ""call"": ""buy"", ""target_price"": 40.62, ""thesis"": ""Positive operating execution and robust revenue traction support upside.""}]"
SHOO,2025-09-30,small_cap,0.5829,0.75,0.3322,34.41,4,"[{""model"": ""Simulated-AI-Momentum-Quant"", ""call"": ""buy"", ""target_price"": 37.07, ""thesis"": ""Strong upward medium-term momentum (+29.4%) signals continued institutional accumulation.""}, {""model"": ""Simulated-AI-Fundamental-Value"", ""call"": ""sell"", ""target_price"": 27.54, ""thesis"": ""Elevated multi-month valuation multiples leave little safety margin against forward earnings revisions.""}, {""model"": ""Simulated-AI-Quality-Compounder"", ""call"": ""buy"", ""target_price"": 36.79, ""thesis"": ""Stable financial profile and durable competitive moat support long-term compounding potential.""}, {""model"": ""Simulated-AI-Macro-Tactical"", ""call"": ""buy"", ""target_price"": 36.26, ""thesis"": ""Positive operating execution and robust revenue traction support upside.""}]"
SLVM,2025-09-30,small_cap,0.575,0.75,0.3125,40.41,4,"[{""model"": ""Simulated-AI-Momentum-Quant"", ""call"": ""sell"", ""target_price"": 36.85, ""thesis"": ""Persistent negative price trajectory (-15.5%) indicates structural distribution headwinds.""}, {""model"": ""Simulated-AI-Fundamental-Value"", ""call"": ""buy"", ""target_price"": 48.79, ""thesis"": ""Recent price softening provides an attractive risk-adjusted entry point against fundamental book value.""}, {""model"": ""Simulated-AI-Quality-Compounder"", ""call"": ""sell"", ""target_price"": 37.81, ""thesis"": ""Heightened earnings volatility and cyclical margin pressures elevate downside risk.""}, {""model"": ""Simulated-AI-Macro-Tactical"", ""call"": ""sell"", ""target_price"": 38.17, ""thesis"": ""Macro headwinds and declining momentum justify a defensive posture.""}]"
AAPL,2025-12-31,large_cap,0.5827,0.75,0.3317,284.65,4,"[{""model"": ""Simulated-AI-Momentum-Quant"", ""call"": ""buy"", ""target_price"": 309.29, ""thesis"": ""Strong upward medium-term momentum (+5.8%) signals continued institutional accumulation.""}, {""model"": ""Simulated-AI-Fundamental-Value"", ""call"": ""sell"", ""target_price"": 226.66, ""thesis"": ""Elevated multi-month valuation multiples leave little safety margin against forward earnings revisions.""}, {""model"": ""Simulated-AI-Quality-Compounder"", ""call"": ""buy"", ""target_price"": 304.41, ""thesis"": ""Stable financial profile and durable competitive moat support long-term compounding potential.""}, {""model"": ""Simulated-AI-Macro-Tactical"", ""call"": ""buy"", ""target_price"": 298.23, ""thesis"": ""Positive operating execution and robust revenue traction support upside.""}]"
MSFT,2025-12-31,large_cap,0.5667,0.75,0.2917,436.1,4,"[{""model"": ""Simulated-AI-Momentum-Quant"", ""call"": ""sell"", ""target_price"": 408.68, ""thesis"": ""Persistent negative price trajectory (-6.1%) indicates structural distribution headwinds.""}, {""model"": ""Simulated-AI-Fundamental-Value"", ""call"": ""hold"", ""target_price"": 478.65, ""thesis"": ""Fair valuation reflects balanced risk-reward relative to sector peers.""}, {""model"": ""Simulated-AI-Quality-Compounder"", ""call"": ""sell"", ""target_price"": 424.58, ""thesis"": ""Heightened earnings volatility and cyclical margin pressures elevate downside risk.""}, {""model"": ""Simulated-AI-Macro-Tactical"", ""call"": ""sell"", ""target_price"": 432.51, ""thesis"": ""Macro headwinds and declining momentum justify a defensive posture.""}]"
NVDA,2025-12-31,large_cap,0.5994,0.75,0.3736,180.9,4,"[{""model"": ""Simulated-AI-Momentum-Quant"", ""call"": ""hold"", ""target_price"": 188.66, ""thesis"": ""Consolidating trading range warrants a neutral rating until breakout confirmation.""}, {""model"": ""Simulated-AI-Fundamental-Value"", ""call"": ""sell"", ""target_price"": 153.59, ""thesis"": ""Elevated multi-month valuation multiples leave little safety margin against forward earnings revisions.""}, {""model"": ""Simulated-AI-Quality-Compounder"", ""call"": ""hold"", ""target_price"": 193.43, ""thesis"": ""Defensive operational balance sheet balanced by limited immediate re-rating catalysts.""}, {""model"": ""Simulated-AI-Macro-Tactical"", ""call"": ""hold"", ""target_price"": 187.92, ""thesis"": ""Balanced near-term catalysts recommend maintaining current position.""}]"
AMZN,2025-12-31,large_cap,0.4229,0.5,0.3071,229.01,4,"[{""model"": ""Simulated-AI-Momentum-Quant"", ""call"": ""hold"", ""target_price"": 233.47, ""thesis"": ""Consolidating trading range warrants a neutral rating until breakout confirmation.""}, {""model"": ""Simulated-AI-Fundamental-Value"", ""call"": ""sell"", ""target_price"": 194.7, ""thesis"": ""Elevated multi-month valuation multiples leave little safety margin against forward earnings revisions.""}, {""model"": ""Simulated-AI-Quality-Compounder"", ""call"": ""buy"", ""target_price"": 254.73, ""thesis"": ""Stable financial profile and durable competitive moat support long-term compounding potential.""}, {""model"": ""Simulated-AI-Macro-Tactical"", ""call"": ""hold"", ""target_price"": 233.13, ""thesis"": ""Balanced near-term catalysts recommend maintaining current position.""}]"
GOOGL,2025-12-31,large_cap,0.5828,0.75,0.3321,326.28,4,"[{""model"": ""Simulated-AI-Momentum-Quant"", ""call"": ""buy"", ""target_price"": 354.88, ""thesis"": ""Strong upward medium-term momentum (+27.5%) signals continued institutional accumulation.""}, {""model"": ""Simulated-AI-Fundamental-Value"", ""call"": ""sell"", ""target_price"": 262.41, ""thesis"": ""Elevated multi-month valuation multiples leave little safety margin against forward earnings revisions.""}, {""model"": ""Simulated-AI-Quality-Compounder"", ""call"": ""buy"", ""target_price"": 344.19, ""thesis"": ""Stable financial profile and durable competitive moat support long-term compounding potential.""}, {""model"": ""Simulated-AI-Macro-Tactical"", ""call"": ""buy"", ""target_price"": 343.63, ""thesis"": ""Positive operating execution and robust revenue traction support upside.""}]"
META,2025-12-31,large_cap,0.4027,0.5,0.2569,655.94,4,"[{""model"": ""Simulated-AI-Momentum-Quant"", ""call"": ""sell"", ""target_price"": 567.19, ""thesis"": ""Persistent negative price trajectory (-9.1%) indicates structural distribution headwinds.""}, {""model"": ""Simulated-AI-Fundamental-Value"", ""call"": ""buy"", ""target_price"": 773.56, ""thesis"": ""Recent price softening provides an attractive risk-adjusted entry point against fundamental book value.""}, {""model"": ""Simulated-AI-Quality-Compounder"", ""call"": ""hold"", ""target_price"": 690.01, ""thesis"": ""Defensive operational balance sheet balanced by limited immediate re-rating catalysts.""}, {""model"": ""Simulated-AI-Macro-Tactical"", ""call"": ""sell"", ""target_price"": 593.02, ""thesis"": ""Macro headwinds and declining momentum justify a defensive posture.""}]"
BRK-B,2025-12-31,large_cap,0.5497,0.75,0.2492,527.28,4,"[{""model"": ""Simulated-AI-Momentum-Quant"", ""call"": ""buy"", ""target_price"": 570.61, ""thesis"": ""Strong upward medium-term momentum (+1.4%) signals continued institutional accumulation.""}, {""model"": ""Simulated-AI-Fundamental-Value"", ""call"": ""hold"", ""target_price"": 505.67, ""thesis"": ""Fair valuation reflects balanced risk-reward relative to sector peers.""}, {""model"": ""Simulated-AI-Quality-Compounder"", ""call"": ""hold"", ""target_price"": 525.17, ""thesis"": ""Defensive operational balance sheet balanced by limited immediate re-rating catalysts.""}, {""model"": ""Simulated-AI-Macro-Tactical"", ""call"": ""hold"", ""target_price"": 507.68, ""thesis"": ""Balanced near-term catalysts recommend maintaining current position.""}]"
JPM,2025-12-31,large_cap,0.4471,0.5,0.3678,303.53,4,"[{""model"": ""Simulated-AI-Momentum-Quant"", ""call"": ""hold"", ""target_price"": 317.07, ""thesis"": ""Consolidating trading range warrants a neutral rating until breakout confirmation.""}, {""model"": ""Simulated-AI-Fundamental-Value"", ""call"": ""sell"", ""target_price"": 267.51, ""thesis"": ""Elevated multi-month valuation multiples leave little safety margin against forward earnings revisions.""}, {""model"": ""Simulated-AI-Quality-Compounder"", ""call"": ""sell"", ""target_price"": 280.06, ""thesis"": ""Heightened earnings volatility and cyclical margin pressures elevate downside risk.""}, {""model"": ""Simulated-AI-Macro-Tactical"", ""call"": ""hold"", ""target_price"": 349.48, ""thesis"": ""Positive operating execution and robust revenue traction support upside.""}]"
V,2025-12-31,large_cap,0.7327,1.0,0.3317,355.81,4,"[{""model"": ""Simulated-AI-Momentum-Quant"", ""call"": ""hold"", ""target_price"": 355.07, ""thesis"": ""Consolidating trading range warrants a neutral rating until breakout confirmation.""}, {""model"": ""Simulated-AI-Fundamental-Value"", ""call"": ""hold"", ""target_price"": 346.81, ""thesis"": ""Fair valuation reflects balanced risk-reward relative to sector peers.""}, {""model"": ""Simulated-AI-Quality-Compounder"", ""call"": ""hold"", ""target_price"": 369.26, ""thesis"": ""Defensive operational balance sheet balanced by limited immediate re-rating catalysts.""}, {""model"": ""Simulated-AI-Macro-Tactical"", ""call"": ""hold"", ""target_price"": 352.11, ""thesis"": ""Balanced near-term catalysts recommend maintaining current position.""}]"
LLY,2025-12-31,large_cap,0.5831,0.75,0.3327,1120.39,4,"[{""model"": ""Simulated-AI-Momentum-Quant"", ""call"": ""buy"", ""target_price"": 1214.11, ""thesis"": ""Strong upward medium-term momentum (+31.3%) signals continued institutional accumulation.""}, {""model"": ""Simulated-AI-Fundamental-Value"", ""call"": ""sell"", ""target_price"": 907.48, ""thesis"": ""Elevated multi-month valuation multiples leave little safety margin against forward earnings revisions.""}, {""model"": ""Simulated-AI-Quality-Compounder"", ""call"": ""buy"", ""target_price"": 1183.52, ""thesis"": ""Stable financial profile and durable competitive moat support long-term compounding potential.""}, {""model"": ""Simulated-AI-Macro-Tactical"", ""call"": ""buy"", ""target_price"": 1176.46, ""thesis"": ""Positive operating execution and robust revenue traction support upside.""}]"
UNH,2025-12-31,large_cap,0.4069,0.5,0.2674,311.27,4,"[{""model"": ""Simulated-AI-Momentum-Quant"", ""call"": ""sell"", ""target_price"": 285.83, ""thesis"": ""Persistent negative price trajectory (-6.0%) indicates structural distribution headwinds.""}, {""model"": ""Simulated-AI-Fundamental-Value"", ""call"": ""hold"", ""target_price"": 324.53, ""thesis"": ""Fair valuation reflects balanced risk-reward relative to sector peers.""}, {""model"": ""Simulated-AI-Quality-Compounder"", ""call"": ""hold"", ""target_price"": 341.59, ""thesis"": ""Defensive operational balance sheet balanced by limited immediate re-rating catalysts.""}, {""model"": ""Simulated-AI-Macro-Tactical"", ""call"": ""sell"", ""target_price"": 293.13, ""thesis"": ""Macro headwinds and declining momentum justify a defensive posture.""}]"
XOM,2025-12-31,large_cap,0.4453,0.5,0.3633,116.72,4,"[{""model"": ""Simulated-AI-Momentum-Quant"", ""call"": ""buy"", ""target_price"": 134.2, ""thesis"": ""Strong upward medium-term momentum (+9.1%) signals continued institutional accumulation.""}, {""model"": ""Simulated-AI-Fundamental-Value"", ""call"": ""sell"", ""target_price"": 98.92, ""thesis"": ""Elevated multi-month valuation multiples leave little safety margin against forward earnings revisions.""}, {""model"": ""Simulated-AI-Quality-Compounder"", ""call"": ""sell"", ""target_price"": 103.99, ""thesis"": ""Heightened earnings volatility and cyclical margin pressures elevate downside risk.""}, {""model"": ""Simulated-AI-Macro-Tactical"", ""call"": ""hold"", ""target_price"": 129.77, ""thesis"": ""Positive operating execution and robust revenue traction support upside.""}]"
JNJ,2025-12-31,large_cap,0.583,0.75,0.3325,212.9,4,"[{""model"": ""Simulated-AI-Momentum-Quant"", ""call"": ""buy"", ""target_price"": 232.84, ""thesis"": ""Strong upward medium-term momentum (+12.0%) signals continued institutional accumulation.""}, {""model"": ""Simulated-AI-Fundamental-Value"", ""call"": ""sell"", ""target_price"": 168.74, ""thesis"": ""Elevated multi-month valuation multiples leave little safety margin against forward earnings revisions.""}, {""model"": ""Simulated-AI-Quality-Compounder"", ""call"": ""buy"", ""target_price"": 225.99, ""thesis"": ""Stable financial profile and durable competitive moat support long-term compounding potential.""}, {""model"": ""Simulated-AI-Macro-Tactical"", ""call"": ""buy"", ""target_price"": 224.04, ""thesis"": ""Positive operating execution and robust revenue traction support upside.""}]"
PG,2025-12-31,large_cap,0.4052,0.5,0.263,138.3,4,"[{""model"": ""Simulated-AI-Momentum-Quant"", ""call"": ""sell"", ""target_price"": 119.78, ""thesis"": ""Persistent negative price trajectory (-5.1%) indicates structural distribution headwinds.""}, {""model"": ""Simulated-AI-Fundamental-Value"", ""call"": ""buy"", ""target_price"": 162.13, ""thesis"": ""Recent price softening provides an attractive risk-adjusted entry point against fundamental book value.""}, {""model"": ""Simulated-AI-Quality-Compounder"", ""call"": ""hold"", ""target_price"": 145.12, ""thesis"": ""Defensive operational balance sheet balanced by limited immediate re-rating catalysts.""}, {""model"": ""Simulated-AI-Macro-Tactical"", ""call"": ""hold"", ""target_price"": 126.17, ""thesis"": ""Macro headwinds and declining momentum justify a defensive posture.""}]"
HD,2025-12-31,large_cap,0.424,0.5,0.31,318.32,4,"[{""model"": ""Simulated-AI-Momentum-Quant"", ""call"": ""sell"", ""target_price"": 284.79, ""thesis"": ""Persistent negative price trajectory (-12.3%) indicates structural distribution headwinds.""}, {""model"": ""Simulated-AI-Fundamental-Value"", ""call"": ""buy"", ""target_price"": 388.82, ""thesis"": ""Recent price softening provides an attractive risk-adjusted entry point against fundamental book value.""}, {""model"": ""Simulated-AI-Quality-Compounder"", ""call"": ""sell"", ""target_price"": 296.54, ""thesis"": ""Heightened earnings volatility and cyclical margin pressures elevate downside risk.""}, {""model"": ""Simulated-AI-Macro-Tactical"", ""call"": ""hold"", ""target_price"": 303.11, ""thesis"": ""Macro headwinds and declining momentum justify a defensive posture.""}]"
MA,2025-12-31,large_cap,0.3987,0.5,0.2468,619.5,4,"[{""model"": ""Simulated-AI-Momentum-Quant"", ""call"": ""buy"", ""target_price"": 654.89, ""thesis"": ""Strong upward medium-term momentum (-1.0%) signals continued institutional accumulation.""}, {""model"": ""Simulated-AI-Fundamental-Value"", ""call"": ""buy"", ""target_price"": 660.12, ""thesis"": ""Recent price softening provides an attractive risk-adjusted entry point against fundamental book value.""}, {""model"": ""Simulated-AI-Quality-Compounder"", ""call"": ""hold"", ""target_price"": 589.22, ""thesis"": ""Defensive operational balance sheet balanced by limited immediate re-rating catalysts.""}, {""model"": ""Simulated-AI-Macro-Tactical"", ""call"": ""hold"", ""target_price"": 573.77, ""thesis"": ""Balanced near-term catalysts recommend maintaining current position.""}]"
COST,2025-12-31,large_cap,0.4047,0.5,0.2618,853.63,4,"[{""model"": ""Simulated-AI-Momentum-Quant"", ""call"": ""sell"", ""target_price"": 745.91, ""thesis"": ""Persistent negative price trajectory (-5.8%) indicates structural distribution headwinds.""}, {""model"": ""Simulated-AI-Fundamental-Value"", ""call"": ""buy"", ""target_price"": 1005.79, ""thesis"": ""Recent price softening provides an attractive risk-adjusted entry point against fundamental book value.""}, {""model"": ""Simulated-AI-Quality-Compounder"", ""call"": ""hold"", ""target_price"": 890.14, ""thesis"": ""Defensive operational balance sheet balanced by limited immediate re-rating catalysts.""}, {""model"": ""Simulated-AI-Macro-Tactical"", ""call"": ""sell"", ""target_price"": 772.69, ""thesis"": ""Macro headwinds and declining momentum justify a defensive posture.""}]"
ABBV,2025-12-31,large_cap,0.4027,0.5,0.2567,227.9,4,"[{""model"": ""Simulated-AI-Momentum-Quant"", ""call"": ""sell"", ""target_price"": 194.1, ""thesis"": ""Persistent negative price trajectory (-2.7%) indicates structural distribution headwinds.""}, {""model"": ""Simulated-AI-Fundamental-Value"", ""call"": ""buy"", ""target_price"": 261.6, ""thesis"": ""Recent price softening provides an attractive risk-adjusted entry point against fundamental book value.""}, {""model"": ""Simulated-AI-Quality-Compounder"", ""call"": ""hold"", ""target_price"": 230.44, ""thesis"": ""Defensive operational balance sheet balanced by limited immediate re-rating catalysts.""}, {""model"": ""Simulated-AI-Macro-Tactical"", ""call"": ""hold"", ""target_price"": 225.44, ""thesis"": ""Balanced near-term catalysts recommend maintaining current position.""}]"
MRK,2025-12-31,large_cap,0.4323,0.5,0.3309,108.5,4,"[{""model"": ""Simulated-AI-Momentum-Quant"", ""call"": ""buy"", ""target_price"": 118.01, ""thesis"": ""Strong upward medium-term momentum (+18.6%) signals continued institutional accumulation.""}, {""model"": ""Simulated-AI-Fundamental-Value"", ""call"": ""sell"", ""target_price"": 87.4, ""thesis"": ""Elevated multi-month valuation multiples leave little safety margin against forward earnings revisions.""}, {""model"": ""Simulated-AI-Quality-Compounder"", ""call"": ""buy"", ""target_price"": 114.49, ""thesis"": ""Stable financial profile and durable competitive moat support long-term compounding potential.""}, {""model"": ""Simulated-AI-Macro-Tactical"", ""call"": ""hold"", ""target_price"": 114.11, ""thesis"": ""Positive operating execution and robust revenue traction support upside.""}]"
BAC,2025-12-31,large_cap,0.5833,0.75,0.3332,56.73,4,"[{""model"": ""Simulated-AI-Momentum-Quant"", ""call"": ""buy"", ""target_price"": 61.79, ""thesis"": ""Strong upward medium-term momentum (+9.5%) signals continued institutional accumulation.""}, {""model"": ""Simulated-AI-Fundamental-Value"", ""call"": ""sell"", ""target_price"": 44.74, ""thesis"": ""Elevated multi-month valuation multiples leave little safety margin against forward earnings revisions.""}, {""model"": ""Simulated-AI-Quality-Compounder"", ""call"": ""buy"", ""target_price"": 60.84, ""thesis"": ""Stable financial profile and durable competitive moat support long-term compounding potential.""}, {""model"": ""Simulated-AI-Macro-Tactical"", ""call"": ""buy"", ""target_price"": 59.54, ""thesis"": ""Positive operating execution and robust revenue traction support upside.""}]"
CVX,2025-12-31,large_cap,0.387,0.5,0.2175,150.33,4,"[{""model"": ""Simulated-AI-Momentum-Quant"", ""call"": ""buy"", ""target_price"": 171.76, ""thesis"": ""Strong upward medium-term momentum (+0.5%) signals continued institutional accumulation.""}, {""model"": ""Simulated-AI-Fundamental-Value"", ""call"": ""hold"", ""target_price"": 149.69, ""thesis"": ""Fair valuation reflects balanced risk-reward relative to sector peers.""}, {""model"": ""Simulated-AI-Quality-Compounder"", ""call"": ""sell"", ""target_price"": 130.11, ""thesis"": ""Heightened earnings volatility and cyclical margin pressures elevate downside risk.""}, {""model"": ""Simulated-AI-Macro-Tactical"", ""call"": ""hold"", ""target_price"": 149.75, ""thesis"": ""Balanced near-term catalysts recommend maintaining current position.""}]"
CRM,2025-12-31,large_cap,0.4459,0.5,0.3647,260.42,4,"[{""model"": ""Simulated-AI-Momentum-Quant"", ""call"": ""buy"", ""target_price"": 301.31, ""thesis"": ""Strong upward medium-term momentum (+11.1%) signals continued institutional accumulation.""}, {""model"": ""Simulated-AI-Fundamental-Value"", ""call"": ""sell"", ""target_price"": 219.29, ""thesis"": ""Elevated multi-month valuation multiples leave little safety margin against forward earnings revisions.""}, {""model"": ""Simulated-AI-Quality-Compounder"", ""call"": ""sell"", ""target_price"": 231.15, ""thesis"": ""Heightened earnings volatility and cyclical margin pressures elevate downside risk.""}, {""model"": ""Simulated-AI-Macro-Tactical"", ""call"": ""buy"", ""target_price"": 289.93, ""thesis"": ""Positive operating execution and robust revenue traction support upside.""}]"
NFLX,2025-12-31,large_cap,0.5731,0.75,0.3079,89.16,4,"[{""model"": ""Simulated-AI-Momentum-Quant"", ""call"": ""sell"", ""target_price"": 80.03, ""thesis"": ""Persistent negative price trajectory (-19.3%) indicates structural distribution headwinds.""}, {""model"": ""Simulated-AI-Fundamental-Value"", ""call"": ""buy"", ""target_price"": 108.67, ""thesis"": ""Recent price softening provides an attractive risk-adjusted entry point against fundamental book value.""}, {""model"": ""Simulated-AI-Quality-Compounder"", ""call"": ""sell"", ""target_price"": 83.54, ""thesis"": ""Heightened earnings volatility and cyclical margin pressures elevate downside risk.""}, {""model"": ""Simulated-AI-Macro-Tactical"", ""call"": ""sell"", ""target_price"": 84.38, ""thesis"": ""Macro headwinds and declining momentum justify a defensive posture.""}]"
AMD,2025-12-31,large_cap,0.5829,0.75,0.3322,224.12,4,"[{""model"": ""Simulated-AI-Momentum-Quant"", ""call"": ""buy"", ""target_price"": 245.68, ""thesis"": ""Strong upward medium-term momentum (+26.2%) signals continued institutional accumulation.""}, {""model"": ""Simulated-AI-Fundamental-Value"", ""call"": ""sell"", ""target_price"": 178.72, ""thesis"": ""Elevated multi-month valuation multiples leave little safety margin against forward earnings revisions.""}, {""model"": ""Simulated-AI-Quality-Compounder"", ""call"": ""buy"", ""target_price"": 236.48, ""thesis"": ""Stable financial profile and durable competitive moat support long-term compounding potential.""}, {""model"": ""Simulated-AI-Macro-Tactical"", ""call"": ""buy"", ""target_price"": 235.58, ""thesis"": ""Positive operating execution and robust revenue traction support upside.""}]"
PEP,2025-12-31,large_cap,0.401,0.5,0.2525,151.98,4,"[{""model"": ""Simulated-AI-Momentum-Quant"", ""call"": ""buy"", ""target_price"": 158.11, ""thesis"": ""Strong upward medium-term momentum (+1.8%) signals continued institutional accumulation.""}, {""model"": ""Simulated-AI-Fundamental-Value"", ""call"": ""buy"", ""target_price"": 163.03, ""thesis"": ""Recent price softening provides an attractive risk-adjusted entry point against fundamental book value.""}, {""model"": ""Simulated-AI-Quality-Compounder"", ""call"": ""hold"", ""target_price"": 146.13, ""thesis"": ""Defensive operational balance sheet balanced by limited immediate re-rating catalysts.""}, {""model"": ""Simulated-AI-Macro-Tactical"", ""call"": ""hold"", ""target_price"": 140.67, ""thesis"": ""Balanced near-term catalysts recommend maintaining current position.""}]"
KO,2025-12-31,large_cap,0.4252,0.5,0.313,71.27,4,"[{""model"": ""Simulated-AI-Momentum-Quant"", ""call"": ""buy"", ""target_price"": 78.76, ""thesis"": ""Strong upward medium-term momentum (+6.5%) signals continued institutional accumulation.""}, {""model"": ""Simulated-AI-Fundamental-Value"", ""call"": ""hold"", ""target_price"": 69.49, ""thesis"": ""Fair valuation reflects balanced risk-reward relative to sector peers.""}, {""model"": ""Simulated-AI-Quality-Compounder"", ""call"": ""sell"", ""target_price"": 60.95, ""thesis"": ""Heightened earnings volatility and cyclical margin pressures elevate downside risk.""}, {""model"": ""Simulated-AI-Macro-Tactical"", ""call"": ""buy"", ""target_price"": 75.89, ""thesis"": ""Positive operating execution and robust revenue traction support upside.""}]"
TMO,2025-12-31,large_cap,0.5753,0.75,0.3132,628.61,4,"[{""model"": ""Simulated-AI-Momentum-Quant"", ""call"": ""buy"", ""target_price"": 651.86, ""thesis"": ""Strong upward medium-term momentum (+10.5%) signals continued institutional accumulation.""}, {""model"": ""Simulated-AI-Fundamental-Value"", ""call"": ""hold"", ""target_price"": 584.78, ""thesis"": ""Fair valuation reflects balanced risk-reward relative to sector peers.""}, {""model"": ""Simulated-AI-Quality-Compounder"", ""call"": ""buy"", ""target_price"": 641.68, ""thesis"": ""Stable financial profile and durable competitive moat support long-term compounding potential.""}, {""model"": ""Simulated-AI-Macro-Tactical"", ""call"": ""buy"", ""target_price"": 636.13, ""thesis"": ""Positive operating execution and robust revenue traction support upside.""}]"
WMT,2025-12-31,large_cap,0.4331,0.5,0.3328,112.33,4,"[{""model"": ""Simulated-AI-Momentum-Quant"", ""call"": ""hold"", ""target_price"": 110.71, ""thesis"": ""Consolidating trading range warrants a neutral rating until breakout confirmation.""}, {""model"": ""Simulated-AI-Fundamental-Value"", ""call"": ""sell"", ""target_price"": 92.39, ""thesis"": ""Elevated multi-month valuation multiples leave little safety margin against forward earnings revisions.""}, {""model"": ""Simulated-AI-Quality-Compounder"", ""call"": ""buy"", ""target_price"": 124.44, ""thesis"": ""Stable financial profile and durable competitive moat support long-term compounding potential.""}, {""model"": ""Simulated-AI-Macro-Tactical"", ""call"": ""buy"", ""target_price"": 121.78, ""thesis"": ""Positive operating execution and robust revenue traction support upside.""}]"
MCD,2025-12-31,large_cap,0.5412,0.75,0.2281,292.14,4,"[{""model"": ""Simulated-AI-Momentum-Quant"", ""call"": ""hold"", ""target_price"": 301.25, ""thesis"": ""Consolidating trading range warrants a neutral rating until breakout confirmation.""}, {""model"": ""Simulated-AI-Fundamental-Value"", ""call"": ""hold"", ""target_price"": 299.87, ""thesis"": ""Fair valuation reflects balanced risk-reward relative to sector peers.""}, {""model"": ""Simulated-AI-Quality-Compounder"", ""call"": ""sell"", ""target_price"": 264.68, ""thesis"": ""Heightened earnings volatility and cyclical margin pressures elevate downside risk.""}, {""model"": ""Simulated-AI-Macro-Tactical"", ""call"": ""hold"", ""target_price"": 302.75, ""thesis"": ""Balanced near-term catalysts recommend maintaining current position.""}]"
CSCO,2025-12-31,large_cap,0.5743,0.75,0.3108,82.92,4,"[{""model"": ""Simulated-AI-Momentum-Quant"", ""call"": ""buy"", ""target_price"": 86.73, ""thesis"": ""Strong upward medium-term momentum (+13.4%) signals continued institutional accumulation.""}, {""model"": ""Simulated-AI-Fundamental-Value"", ""call"": ""hold"", ""target_price"": 76.95, ""thesis"": ""Fair valuation reflects balanced risk-reward relative to sector peers.""}, {""model"": ""Simulated-AI-Quality-Compounder"", ""call"": ""buy"", ""target_price"": 84.47, ""thesis"": ""Stable financial profile and durable competitive moat support long-term compounding potential.""}, {""model"": ""Simulated-AI-Macro-Tactical"", ""call"": ""buy"", ""target_price"": 83.51, ""thesis"": ""Positive operating execution and robust revenue traction support upside.""}]"
KNSL,2025-12-31,small_cap,0.5682,0.75,0.2956,352.7,4,"[{""model"": ""Simulated-AI-Momentum-Quant"", ""call"": ""sell"", ""target_price"": 332.83, ""thesis"": ""Persistent negative price trajectory (-11.6%) indicates structural distribution headwinds.""}, {""model"": ""Simulated-AI-Fundamental-Value"", ""call"": ""hold"", ""target_price"": 384.66, ""thesis"": ""Fair valuation reflects balanced risk-reward relative to sector peers.""}, {""model"": ""Simulated-AI-Quality-Compounder"", ""call"": ""sell"", ""target_price"": 342.08, ""thesis"": ""Heightened earnings volatility and cyclical margin pressures elevate downside risk.""}, {""model"": ""Simulated-AI-Macro-Tactical"", ""call"": ""sell"", ""target_price"": 351.25, ""thesis"": ""Macro headwinds and declining momentum justify a defensive posture.""}]"
SAIA,2025-12-31,small_cap,0.5754,0.75,0.3136,357.51,4,"[{""model"": ""Simulated-AI-Momentum-Quant"", ""call"": ""buy"", ""target_price"": 370.93, ""thesis"": ""Strong upward medium-term momentum (+11.1%) signals continued institutional accumulation.""}, {""model"": ""Simulated-AI-Fundamental-Value"", ""call"": ""hold"", ""target_price"": 332.53, ""thesis"": ""Fair valuation reflects balanced risk-reward relative to sector peers.""}, {""model"": ""Simulated-AI-Quality-Compounder"", ""call"": ""buy"", ""target_price"": 367.4, ""thesis"": ""Stable financial profile and durable competitive moat support long-term compounding potential.""}, {""model"": ""Simulated-AI-Macro-Tactical"", ""call"": ""buy"", ""target_price"": 359.17, ""thesis"": ""Positive operating execution and robust revenue traction support upside.""}]"
MEDP,2025-12-31,small_cap,0.5539,0.75,0.2599,580.62,4,"[{""model"": ""Simulated-AI-Momentum-Quant"", ""call"": ""hold"", ""target_price"": 559.12, ""thesis"": ""Consolidating trading range warrants a neutral rating until breakout confirmation.""}, {""model"": ""Simulated-AI-Fundamental-Value"", ""call"": ""hold"", ""target_price"": 564.12, ""thesis"": ""Fair valuation reflects balanced risk-reward relative to sector peers.""}, {""model"": ""Simulated-AI-Quality-Compounder"", ""call"": ""buy"", ""target_price"": 631.97, ""thesis"": ""Stable financial profile and durable competitive moat support long-term compounding potential.""}, {""model"": ""Simulated-AI-Macro-Tactical"", ""call"": ""hold"", ""target_price"": 567.27, ""thesis"": ""Balanced near-term catalysts recommend maintaining current position.""}]"
SSD,2025-12-31,small_cap,0.4031,0.5,0.2578,163.76,4,"[{""model"": ""Simulated-AI-Momentum-Quant"", ""call"": ""sell"", ""target_price"": 139.2, ""thesis"": ""Persistent negative price trajectory (-4.6%) indicates structural distribution headwinds.""}, {""model"": ""Simulated-AI-Fundamental-Value"", ""call"": ""buy"", ""target_price"": 188.22, ""thesis"": ""Recent price softening provides an attractive risk-adjusted entry point against fundamental book value.""}, {""model"": ""Simulated-AI-Quality-Compounder"", ""call"": ""hold"", ""target_price"": 165.36, ""thesis"": ""Defensive operational balance sheet balanced by limited immediate re-rating catalysts.""}, {""model"": ""Simulated-AI-Macro-Tactical"", ""call"": ""hold"", ""target_price"": 162.28, ""thesis"": ""Balanced near-term catalysts recommend maintaining current position.""}]"
EXPO,2025-12-31,small_cap,0.4229,0.5,0.3071,68.22,4,"[{""model"": ""Simulated-AI-Momentum-Quant"", ""call"": ""hold"", ""target_price"": 69.85, ""thesis"": ""Consolidating trading range warrants a neutral rating until breakout confirmation.""}, {""model"": ""Simulated-AI-Fundamental-Value"", ""call"": ""sell"", ""target_price"": 56.56, ""thesis"": ""Elevated multi-month valuation multiples leave little safety margin against forward earnings revisions.""}, {""model"": ""Simulated-AI-Quality-Compounder"", ""call"": ""buy"", ""target_price"": 77.29, ""thesis"": ""Stable financial profile and durable competitive moat support long-term compounding potential.""}, {""model"": ""Simulated-AI-Macro-Tactical"", ""call"": ""hold"", ""target_price"": 69.2, ""thesis"": ""Balanced near-term catalysts recommend maintaining current position.""}]"
FORM,2025-12-31,small_cap,0.4333,0.5,0.3333,58.0,4,"[{""model"": ""Simulated-AI-Momentum-Quant"", ""call"": ""buy"", ""target_price"": 62.47, ""thesis"": ""Strong upward medium-term momentum (+41.5%) signals continued institutional accumulation.""}, {""model"": ""Simulated-AI-Fundamental-Value"", ""call"": ""sell"", ""target_price"": 46.6, ""thesis"": ""Elevated multi-month valuation multiples leave little safety margin against forward earnings revisions.""}, {""model"": ""Simulated-AI-Quality-Compounder"", ""call"": ""buy"", ""target_price"": 61.56, ""thesis"": ""Stable financial profile and durable competitive moat support long-term compounding potential.""}, {""model"": ""Simulated-AI-Macro-Tactical"", ""call"": ""hold"", ""target_price"": 61.36, ""thesis"": ""Positive operating execution and robust revenue traction support upside.""}]"
CRVL,2025-12-31,small_cap,0.5573,0.75,0.2684,64.43,4,"[{""model"": ""Simulated-AI-Momentum-Quant"", ""call"": ""sell"", ""target_price"": 58.2, ""thesis"": ""Persistent negative price trajectory (-7.8%) indicates structural distribution headwinds.""}, {""model"": ""Simulated-AI-Fundamental-Value"", ""call"": ""hold"", ""target_price"": 67.07, ""thesis"": ""Fair valuation reflects balanced risk-reward relative to sector peers.""}, {""model"": ""Simulated-AI-Quality-Compounder"", ""call"": ""hold"", ""target_price"": 71.57, ""thesis"": ""Defensive operational balance sheet balanced by limited immediate re-rating catalysts.""}, {""model"": ""Simulated-AI-Macro-Tactical"", ""call"": ""hold"", ""target_price"": 60.9, ""thesis"": ""Macro headwinds and declining momentum justify a defensive posture.""}]"
TKR,2025-12-31,small_cap,0.433,0.5,0.3325,87.78,4,"[{""model"": ""Simulated-AI-Momentum-Quant"", ""call"": ""buy"", ""target_price"": 95.23, ""thesis"": ""Strong upward medium-term momentum (+11.2%) signals continued institutional accumulation.""}, {""model"": ""Simulated-AI-Fundamental-Value"", ""call"": ""sell"", ""target_price"": 70.4, ""thesis"": ""Elevated multi-month valuation multiples leave little safety margin against forward earnings revisions.""}, {""model"": ""Simulated-AI-Quality-Compounder"", ""call"": ""buy"", ""target_price"": 93.8, ""thesis"": ""Stable financial profile and durable competitive moat support long-term compounding potential.""}, {""model"": ""Simulated-AI-Macro-Tactical"", ""call"": ""hold"", ""target_price"": 91.7, ""thesis"": ""Positive operating execution and robust revenue traction support upside.""}]"
POWI,2025-12-31,small_cap,0.567,0.75,0.2925,31.92,4,"[{""model"": ""Simulated-AI-Momentum-Quant"", ""call"": ""sell"", ""target_price"": 30.12, ""thesis"": ""Persistent negative price trajectory (-8.1%) indicates structural distribution headwinds.""}, {""model"": ""Simulated-AI-Fundamental-Value"", ""call"": ""hold"", ""target_price"": 34.9, ""thesis"": ""Fair valuation reflects balanced risk-reward relative to sector peers.""}, {""model"": ""Simulated-AI-Quality-Compounder"", ""call"": ""sell"", ""target_price"": 31.02, ""thesis"": ""Heightened earnings volatility and cyclical margin pressures elevate downside risk.""}, {""model"": ""Simulated-AI-Macro-Tactical"", ""call"": ""sell"", ""target_price"": 31.63, ""thesis"": ""Macro headwinds and declining momentum justify a defensive posture.""}]"
CALM,2025-12-31,small_cap,0.5673,0.75,0.2932,70.94,4,"[{""model"": ""Simulated-AI-Momentum-Quant"", ""call"": ""sell"", ""target_price"": 65.96, ""thesis"": ""Persistent negative price trajectory (-12.7%) indicates structural distribution headwinds.""}, {""model"": ""Simulated-AI-Fundamental-Value"", ""call"": ""hold"", ""target_price"": 77.42, ""thesis"": ""Fair valuation reflects balanced risk-reward relative to sector peers.""}, {""model"": ""Simulated-AI-Quality-Compounder"", ""call"": ""sell"", ""target_price"": 69.69, ""thesis"": ""Heightened earnings volatility and cyclical margin pressures elevate downside risk.""}, {""model"": ""Simulated-AI-Macro-Tactical"", ""call"": ""sell"", ""target_price"": 70.67, ""thesis"": ""Macro headwinds and declining momentum justify a defensive posture.""}]"
PLUS,2025-12-31,small_cap,0.5828,0.75,0.332,90.89,4,"[{""model"": ""Simulated-AI-Momentum-Quant"", ""call"": ""buy"", ""target_price"": 97.56, ""thesis"": ""Strong upward medium-term momentum (+20.7%) signals continued institutional accumulation.""}, {""model"": ""Simulated-AI-Fundamental-Value"", ""call"": ""sell"", ""target_price"": 72.66, ""thesis"": ""Elevated multi-month valuation multiples leave little safety margin against forward earnings revisions.""}, {""model"": ""Simulated-AI-Quality-Compounder"", ""call"": ""buy"", ""target_price"": 97.79, ""thesis"": ""Stable financial profile and durable competitive moat support long-term compounding potential.""}, {""model"": ""Simulated-AI-Macro-Tactical"", ""call"": ""buy"", ""target_price"": 95.55, ""thesis"": ""Positive operating execution and robust revenue traction support upside.""}]"
FSS,2025-12-31,small_cap,0.5643,0.75,0.2857,106.91,4,"[{""model"": ""Simulated-AI-Momentum-Quant"", ""call"": ""hold"", ""target_price"": 112.16, ""thesis"": ""Consolidating trading range warrants a neutral rating until breakout confirmation.""}, {""model"": ""Simulated-AI-Fundamental-Value"", ""call"": ""hold"", ""target_price"": 106.65, ""thesis"": ""Fair valuation reflects balanced risk-reward relative to sector peers.""}, {""model"": ""Simulated-AI-Quality-Compounder"", ""call"": ""hold"", ""target_price"": 111.49, ""thesis"": ""Defensive operational balance sheet balanced by limited immediate re-rating catalysts.""}, {""model"": ""Simulated-AI-Macro-Tactical"", ""call"": ""sell"", ""target_price"": 97.34, ""thesis"": ""Macro headwinds and declining momentum justify a defensive posture.""}]"
AMWD,2025-12-31,small_cap,0.4054,0.5,0.2635,101.73,4,"[{""model"": ""Simulated-AI-Momentum-Quant"", ""call"": ""sell"", ""target_price"": 84.56, ""thesis"": ""Persistent negative price trajectory (+0.0%) indicates structural distribution headwinds.""}, {""model"": ""Simulated-AI-Fundamental-Value"", ""call"": ""buy"", ""target_price"": 116.7, ""thesis"": ""Recent price softening provides an attractive risk-adjusted entry point against fundamental book value.""}, {""model"": ""Simulated-AI-Quality-Compounder"", ""call"": ""hold"", ""target_price"": 104.68, ""thesis"": ""Defensive operational balance sheet balanced by limited immediate re-rating catalysts.""}, {""model"": ""Simulated-AI-Macro-Tactical"", ""call"": ""hold"", ""target_price"": 101.0, ""thesis"": ""Balanced near-term catalysts recommend maintaining current position.""}]"
ATKR,2025-12-31,small_cap,0.7327,1.0,0.3317,63.35,4,"[{""model"": ""Simulated-AI-Momentum-Quant"", ""call"": ""hold"", ""target_price"": 63.1, ""thesis"": ""Consolidating trading range warrants a neutral rating until breakout confirmation.""}, {""model"": ""Simulated-AI-Fundamental-Value"", ""call"": ""hold"", ""target_price"": 62.61, ""thesis"": ""Fair valuation reflects balanced risk-reward relative to sector peers.""}, {""model"": ""Simulated-AI-Quality-Compounder"", ""call"": ""hold"", ""target_price"": 64.64, ""thesis"": ""Defensive operational balance sheet balanced by limited immediate re-rating catalysts.""}, {""model"": ""Simulated-AI-Macro-Tactical"", ""call"": ""hold"", ""target_price"": 63.06, ""thesis"": ""Balanced near-term catalysts recommend maintaining current position.""}]"
BRC,2025-12-31,small_cap,0.5533,0.75,0.2583,75.66,4,"[{""model"": ""Simulated-AI-Momentum-Quant"", ""call"": ""sell"", ""target_price"": 66.19, ""thesis"": ""Persistent negative price trajectory (+0.5%) indicates structural distribution headwinds.""}, {""model"": ""Simulated-AI-Fundamental-Value"", ""call"": ""hold"", ""target_price"": 77.81, ""thesis"": ""Fair valuation reflects balanced risk-reward relative to sector peers.""}, {""model"": ""Simulated-AI-Quality-Compounder"", ""call"": ""hold"", ""target_price"": 80.18, ""thesis"": ""Defensive operational balance sheet balanced by limited immediate re-rating catalysts.""}, {""model"": ""Simulated-AI-Macro-Tactical"", ""call"": ""hold"", ""target_price"": 78.47, ""thesis"": ""Balanced near-term catalysts recommend maintaining current position.""}]"
CNO,2025-12-31,small_cap,0.4445,0.5,0.3613,41.51,4,"[{""model"": ""Simulated-AI-Momentum-Quant"", ""call"": ""buy"", ""target_price"": 48.05, ""thesis"": ""Strong upward medium-term momentum (+8.7%) signals continued institutional accumulation.""}, {""model"": ""Simulated-AI-Fundamental-Value"", ""call"": ""sell"", ""target_price"": 34.69, ""thesis"": ""Elevated multi-month valuation multiples leave little safety margin against forward earnings revisions.""}, {""model"": ""Simulated-AI-Quality-Compounder"", ""call"": ""sell"", ""target_price"": 37.09, ""thesis"": ""Heightened earnings volatility and cyclical margin pressures elevate downside risk.""}, {""model"": ""Simulated-AI-Macro-Tactical"", ""call"": ""buy"", ""target_price"": 46.2, ""thesis"": ""Positive operating execution and robust revenue traction support upside.""}]"
CSGS,2025-12-31,small_cap,0.5412,0.75,0.2281,97.58,4,"[{""model"": ""Simulated-AI-Momentum-Quant"", ""call"": ""hold"", ""target_price"": 101.95, ""thesis"": ""Consolidating trading range warrants a neutral rating until breakout confirmation.""}, {""model"": ""Simulated-AI-Fundamental-Value"", ""call"": ""hold"", ""target_price"": 99.72, ""thesis"": ""Fair valuation reflects balanced risk-reward relative to sector peers.""}, {""model"": ""Simulated-AI-Quality-Compounder"", ""call"": ""sell"", ""target_price"": 87.65, ""thesis"": ""Heightened earnings volatility and cyclical margin pressures elevate downside risk.""}, {""model"": ""Simulated-AI-Macro-Tactical"", ""call"": ""hold"", ""target_price"": 101.0, ""thesis"": ""Balanced near-term catalysts recommend maintaining current position.""}]"
ENSG,2025-12-31,small_cap,0.5412,0.75,0.2281,170.12,4,"[{""model"": ""Simulated-AI-Momentum-Quant"", ""call"": ""hold"", ""target_price"": 177.64, ""thesis"": ""Consolidating trading range warrants a neutral rating until breakout confirmation.""}, {""model"": ""Simulated-AI-Fundamental-Value"", ""call"": ""hold"", ""target_price"": 173.58, ""thesis"": ""Fair valuation reflects balanced risk-reward relative to sector peers.""}, {""model"": ""Simulated-AI-Quality-Compounder"", ""call"": ""sell"", ""target_price"": 153.44, ""thesis"": ""Heightened earnings volatility and cyclical margin pressures elevate downside risk.""}, {""model"": ""Simulated-AI-Macro-Tactical"", ""call"": ""hold"", ""target_price"": 175.81, ""thesis"": ""Balanced near-term catalysts recommend maintaining current position.""}]"
FIX,2025-12-31,small_cap,0.5831,0.75,0.3329,976.28,4,"[{""model"": ""Simulated-AI-Momentum-Quant"", ""call"": ""buy"", ""target_price"": 1057.96, ""thesis"": ""Strong upward medium-term momentum (+12.1%) signals continued institutional accumulation.""}, {""model"": ""Simulated-AI-Fundamental-Value"", ""call"": ""sell"", ""target_price"": 791.23, ""thesis"": ""Elevated multi-month valuation multiples leave little safety margin against forward earnings revisions.""}, {""model"": ""Simulated-AI-Quality-Compounder"", ""call"": ""buy"", ""target_price"": 1030.75, ""thesis"": ""Stable financial profile and durable competitive moat support long-term compounding potential.""}, {""model"": ""Simulated-AI-Macro-Tactical"", ""call"": ""buy"", ""target_price"": 1025.16, ""thesis"": ""Positive operating execution and robust revenue traction support upside.""}]"
GBCI,2025-12-31,small_cap,0.5787,0.75,0.3217,41.34,4,"[{""model"": ""Simulated-AI-Momentum-Quant"", ""call"": ""hold"", ""target_price"": 44.92, ""thesis"": ""Consolidating trading range warrants a neutral rating until breakout confirmation.""}, {""model"": ""Simulated-AI-Fundamental-Value"", ""call"": ""sell"", ""target_price"": 35.85, ""thesis"": ""Elevated multi-month valuation multiples leave little safety margin against forward earnings revisions.""}, {""model"": ""Simulated-AI-Quality-Compounder"", ""call"": ""hold"", ""target_price"": 45.49, ""thesis"": ""Defensive operational balance sheet balanced by limited immediate re-rating catalysts.""}, {""model"": ""Simulated-AI-Macro-Tactical"", ""call"": ""hold"", ""target_price"": 39.11, ""thesis"": ""Macro headwinds and declining momentum justify a defensive posture.""}]"
GPI,2025-12-31,small_cap,0.5759,0.75,0.3146,375.19,4,"[{""model"": ""Simulated-AI-Momentum-Quant"", ""call"": ""sell"", ""target_price"": 339.83, ""thesis"": ""Persistent negative price trajectory (-11.6%) indicates structural distribution headwinds.""}, {""model"": ""Simulated-AI-Fundamental-Value"", ""call"": ""buy"", ""target_price"": 457.06, ""thesis"": ""Recent price softening provides an attractive risk-adjusted entry point against fundamental book value.""}, {""model"": ""Simulated-AI-Quality-Compounder"", ""call"": ""sell"", ""target_price"": 351.84, ""thesis"": ""Heightened earnings volatility and cyclical margin pressures elevate downside risk.""}, {""model"": ""Simulated-AI-Macro-Tactical"", ""call"": ""sell"", ""target_price"": 352.03, ""thesis"": ""Macro headwinds and declining momentum justify a defensive posture.""}]"
HLNE,2025-12-31,small_cap,0.5745,0.75,0.3114,144.46,4,"[{""model"": ""Simulated-AI-Momentum-Quant"", ""call"": ""buy"", ""target_price"": 151.28, ""thesis"": ""Strong upward medium-term momentum (+6.6%) signals continued institutional accumulation.""}, {""model"": ""Simulated-AI-Fundamental-Value"", ""call"": ""hold"", ""target_price"": 132.66, ""thesis"": ""Fair valuation reflects balanced risk-reward relative to sector peers.""}, {""model"": ""Simulated-AI-Quality-Compounder"", ""call"": ""buy"", ""target_price"": 148.02, ""thesis"": ""Stable financial profile and durable competitive moat support long-term compounding potential.""}, {""model"": ""Simulated-AI-Macro-Tactical"", ""call"": ""buy"", ""target_price"": 145.87, ""thesis"": ""Positive operating execution and robust revenue traction support upside.""}]"
HWKN,2025-12-31,small_cap,0.4248,0.5,0.3119,134.83,4,"[{""model"": ""Simulated-AI-Momentum-Quant"", ""call"": ""sell"", ""target_price"": 120.54, ""thesis"": ""Persistent negative price trajectory (-21.8%) indicates structural distribution headwinds.""}, {""model"": ""Simulated-AI-Fundamental-Value"", ""call"": ""buy"", ""target_price"": 165.18, ""thesis"": ""Recent price softening provides an attractive risk-adjusted entry point against fundamental book value.""}, {""model"": ""Simulated-AI-Quality-Compounder"", ""call"": ""sell"", ""target_price"": 126.27, ""thesis"": ""Heightened earnings volatility and cyclical margin pressures elevate downside risk.""}, {""model"": ""Simulated-AI-Macro-Tactical"", ""call"": ""hold"", ""target_price"": 127.33, ""thesis"": ""Macro headwinds and declining momentum justify a defensive posture.""}]"
IBP,2025-12-31,small_cap,0.4331,0.5,0.3328,260.56,4,"[{""model"": ""Simulated-AI-Momentum-Quant"", ""call"": ""hold"", ""target_price"": 255.66, ""thesis"": ""Consolidating trading range warrants a neutral rating until breakout confirmation.""}, {""model"": ""Simulated-AI-Fundamental-Value"", ""call"": ""sell"", ""target_price"": 214.32, ""thesis"": ""Elevated multi-month valuation multiples leave little safety margin against forward earnings revisions.""}, {""model"": ""Simulated-AI-Quality-Compounder"", ""call"": ""buy"", ""target_price"": 289.74, ""thesis"": ""Stable financial profile and durable competitive moat support long-term compounding potential.""}, {""model"": ""Simulated-AI-Macro-Tactical"", ""call"": ""hold"", ""target_price"": 282.5, ""thesis"": ""Positive operating execution and robust revenue traction support upside.""}]"
KAR,2025-12-31,small_cap,0.4216,0.5,0.304,93.11,4,"[{""model"": ""Simulated-AI-Momentum-Quant"", ""call"": ""hold"", ""target_price"": 100.7, ""thesis"": ""Consolidating trading range warrants a neutral rating until breakout confirmation.""}, {""model"": ""Simulated-AI-Fundamental-Value"", ""call"": ""sell"", ""target_price"": 82.75, ""thesis"": ""Elevated multi-month valuation multiples leave little safety margin against forward earnings revisions.""}, {""model"": ""Simulated-AI-Quality-Compounder"", ""call"": ""sell"", ""target_price"": 88.0, ""thesis"": ""Heightened earnings volatility and cyclical margin pressures elevate downside risk.""}, {""model"": ""Simulated-AI-Macro-Tactical"", ""call"": ""hold"", ""target_price"": 101.0, ""thesis"": ""Balanced near-term catalysts recommend maintaining current position.""}]"
MC,2025-12-31,small_cap,0.5529,0.75,0.2571,65.33,4,"[{""model"": ""Simulated-AI-Momentum-Quant"", ""call"": ""sell"", ""target_price"": 56.96, ""thesis"": ""Persistent negative price trajectory (+0.9%) indicates structural distribution headwinds.""}, {""model"": ""Simulated-AI-Fundamental-Value"", ""call"": ""hold"", ""target_price"": 66.6, ""thesis"": ""Fair valuation reflects balanced risk-reward relative to sector peers.""}, {""model"": ""Simulated-AI-Quality-Compounder"", ""call"": ""hold"", ""target_price"": 70.36, ""thesis"": ""Defensive operational balance sheet balanced by limited immediate re-rating catalysts.""}, {""model"": ""Simulated-AI-Macro-Tactical"", ""call"": ""hold"", ""target_price"": 67.4, ""thesis"": ""Balanced near-term catalysts recommend maintaining current position.""}]"
OII,2025-12-31,small_cap,0.5994,0.75,0.3736,23.45,4,"[{""model"": ""Simulated-AI-Momentum-Quant"", ""call"": ""hold"", ""target_price"": 24.44, ""thesis"": ""Consolidating trading range warrants a neutral rating until breakout confirmation.""}, {""model"": ""Simulated-AI-Fundamental-Value"", ""call"": ""sell"", ""target_price"": 19.92, ""thesis"": ""Elevated multi-month valuation multiples leave little safety margin against forward earnings revisions.""}, {""model"": ""Simulated-AI-Quality-Compounder"", ""call"": ""hold"", ""target_price"": 25.16, ""thesis"": ""Defensive operational balance sheet balanced by limited immediate re-rating catalysts.""}, {""model"": ""Simulated-AI-Macro-Tactical"", ""call"": ""hold"", ""target_price"": 24.27, ""thesis"": ""Balanced near-term catalysts recommend maintaining current position.""}]"
PRDO,2025-12-31,small_cap,0.5751,0.75,0.3128,27.45,4,"[{""model"": ""Simulated-AI-Momentum-Quant"", ""call"": ""sell"", ""target_price"": 24.47, ""thesis"": ""Persistent negative price trajectory (-20.6%) indicates structural distribution headwinds.""}, {""model"": ""Simulated-AI-Fundamental-Value"", ""call"": ""buy"", ""target_price"": 33.91, ""thesis"": ""Recent price softening provides an attractive risk-adjusted entry point against fundamental book value.""}, {""model"": ""Simulated-AI-Quality-Compounder"", ""call"": ""sell"", ""target_price"": 25.41, ""thesis"": ""Heightened earnings volatility and cyclical margin pressures elevate downside risk.""}, {""model"": ""Simulated-AI-Macro-Tactical"", ""call"": ""sell"", ""target_price"": 26.02, ""thesis"": ""Macro headwinds and declining momentum justify a defensive posture.""}]"
SHOO,2025-12-31,small_cap,0.5823,0.75,0.3308,43.07,4,"[{""model"": ""Simulated-AI-Momentum-Quant"", ""call"": ""buy"", ""target_price"": 46.63, ""thesis"": ""Strong upward medium-term momentum (+22.2%) signals continued institutional accumulation.""}, {""model"": ""Simulated-AI-Fundamental-Value"", ""call"": ""sell"", ""target_price"": 34.99, ""thesis"": ""Elevated multi-month valuation multiples leave little safety margin against forward earnings revisions.""}, {""model"": ""Simulated-AI-Quality-Compounder"", ""call"": ""buy"", ""target_price"": 45.36, ""thesis"": ""Stable financial profile and durable competitive moat support long-term compounding potential.""}, {""model"": ""Simulated-AI-Macro-Tactical"", ""call"": ""buy"", ""target_price"": 45.31, ""thesis"": ""Positive operating execution and robust revenue traction support upside.""}]"
SLVM,2025-12-31,small_cap,0.4331,0.5,0.3328,47.27,4,"[{""model"": ""Simulated-AI-Momentum-Quant"", ""call"": ""hold"", ""target_price"": 46.59, ""thesis"": ""Consolidating trading range warrants a neutral rating until breakout confirmation.""}, {""model"": ""Simulated-AI-Fundamental-Value"", ""call"": ""sell"", ""target_price"": 39.62, ""thesis"": ""Elevated multi-month valuation multiples leave little safety margin against forward earnings revisions.""}, {""model"": ""Simulated-AI-Quality-Compounder"", ""call"": ""buy"", ""target_price"": 51.58, ""thesis"": ""Stable financial profile and durable competitive moat support long-term compounding potential.""}, {""model"": ""Simulated-AI-Macro-Tactical"", ""call"": ""buy"", ""target_price"": 51.3, ""thesis"": ""Positive operating execution and robust revenue traction support upside.""}]"
AAPL,2026-03-31,large_cap,0.5574,0.75,0.2684,240.65,4,"[{""model"": ""Simulated-AI-Momentum-Quant"", ""call"": ""sell"", ""target_price"": 220.1, ""thesis"": ""Persistent negative price trajectory (-7.0%) indicates structural distribution headwinds.""}, {""model"": ""Simulated-AI-Fundamental-Value"", ""call"": ""hold"", ""target_price"": 251.52, ""thesis"": ""Fair valuation reflects balanced risk-reward relative to sector peers.""}, {""model"": ""Simulated-AI-Quality-Compounder"", ""call"": ""hold"", ""target_price"": 262.97, ""thesis"": ""Defensive operational balance sheet balanced by limited immediate re-rating catalysts.""}, {""model"": ""Simulated-AI-Macro-Tactical"", ""call"": ""hold"", ""target_price"": 228.01, ""thesis"": ""Macro headwinds and declining momentum justify a defensive posture.""}]"
MSFT,2026-03-31,large_cap,0.5751,0.75,0.3128,351.75,4,"[{""model"": ""Simulated-AI-Momentum-Quant"", ""call"": ""sell"", ""target_price"": 312.94, ""thesis"": ""Persistent negative price trajectory (-23.9%) indicates structural distribution headwinds.""}, {""model"": ""Simulated-AI-Fundamental-Value"", ""call"": ""buy"", ""target_price"": 431.72, ""thesis"": ""Recent price softening provides an attractive risk-adjusted entry point against fundamental book value.""}, {""model"": ""Simulated-AI-Quality-Compounder"", ""call"": ""sell"", ""target_price"": 330.52, ""thesis"": ""Heightened earnings volatility and cyclical margin pressures elevate downside risk.""}, {""model"": ""Simulated-AI-Macro-Tactical"", ""call"": ""sell"", ""target_price"": 331.81, ""thesis"": ""Macro headwinds and declining momentum justify a defensive posture.""}]"
NVDA,2026-03-31,large_cap,0.4047,0.5,0.2616,173.77,4,"[{""model"": ""Simulated-AI-Momentum-Quant"", ""call"": ""sell"", ""target_price"": 151.73, ""thesis"": ""Persistent negative price trajectory (-7.0%) indicates structural distribution headwinds.""}, {""model"": ""Simulated-AI-Fundamental-Value"", ""call"": ""buy"", ""target_price"": 204.19, ""thesis"": ""Recent price softening provides an attractive risk-adjusted entry point against fundamental book value.""}, {""model"": ""Simulated-AI-Quality-Compounder"", ""call"": ""hold"", ""target_price"": 182.56, ""thesis"": ""Defensive operational balance sheet balanced by limited immediate re-rating catalysts.""}, {""model"": ""Simulated-AI-Macro-Tactical"", ""call"": ""sell"", ""target_price"": 156.6, ""thesis"": ""Macro headwinds and declining momentum justify a defensive posture.""}]"
AMZN,2026-03-31,large_cap,0.5746,0.75,0.3116,197.99,4,"[{""model"": ""Simulated-AI-Momentum-Quant"", ""call"": ""sell"", ""target_price"": 178.28, ""thesis"": ""Persistent negative price trajectory (-10.4%) indicates structural distribution headwinds.""}, {""model"": ""Simulated-AI-Fundamental-Value"", ""call"": ""buy"", ""target_price"": 241.38, ""thesis"": ""Recent price softening provides an attractive risk-adjusted entry point against fundamental book value.""}, {""model"": ""Simulated-AI-Quality-Compounder"", ""call"": ""sell"", ""target_price"": 184.84, ""thesis"": ""Heightened earnings volatility and cyclical margin pressures elevate downside risk.""}, {""model"": ""Simulated-AI-Macro-Tactical"", ""call"": ""sell"", ""target_price"": 187.44, ""thesis"": ""Macro headwinds and declining momentum justify a defensive posture.""}]"
GOOGL,2026-03-31,large_cap,0.4031,0.5,0.2577,286.94,4,"[{""model"": ""Simulated-AI-Momentum-Quant"", ""call"": ""sell"", ""target_price"": 251.59, ""thesis"": ""Persistent negative price trajectory (-8.3%) indicates structural distribution headwinds.""}, {""model"": ""Simulated-AI-Fundamental-Value"", ""call"": ""buy"", ""target_price"": 337.17, ""thesis"": ""Recent price softening provides an attractive risk-adjusted entry point against fundamental book value.""}, {""model"": ""Simulated-AI-Quality-Compounder"", ""call"": ""hold"", ""target_price"": 300.53, ""thesis"": ""Defensive operational balance sheet balanced by limited immediate re-rating catalysts.""}, {""model"": ""Simulated-AI-Macro-Tactical"", ""call"": ""hold"", ""target_price"": 258.48, ""thesis"": ""Macro headwinds and declining momentum justify a defensive posture.""}]"
META,2026-03-31,large_cap,0.5726,0.75,0.3064,544.75,4,"[{""model"": ""Simulated-AI-Momentum-Quant"", ""call"": ""sell"", ""target_price"": 492.49, ""thesis"": ""Persistent negative price trajectory (-14.0%) indicates structural distribution headwinds.""}, {""model"": ""Simulated-AI-Fundamental-Value"", ""call"": ""buy"", ""target_price"": 663.91, ""thesis"": ""Recent price softening provides an attractive risk-adjusted entry point against fundamental book value.""}, {""model"": ""Simulated-AI-Quality-Compounder"", ""call"": ""sell"", ""target_price"": 508.15, ""thesis"": ""Heightened earnings volatility and cyclical margin pressures elevate downside risk.""}, {""model"": ""Simulated-AI-Macro-Tactical"", ""call"": ""sell"", ""target_price"": 514.44, ""thesis"": ""Macro headwinds and declining momentum justify a defensive posture.""}]"
BRK-B,2026-03-31,large_cap,0.586,0.75,0.3401,509.29,4,"[{""model"": ""Simulated-AI-Momentum-Quant"", ""call"": ""hold"", ""target_price"": 491.18, ""thesis"": ""Consolidating trading range warrants a neutral rating until breakout confirmation.""}, {""model"": ""Simulated-AI-Fundamental-Value"", ""call"": ""buy"", ""target_price"": 555.39, ""thesis"": ""Recent price softening provides an attractive risk-adjusted entry point against fundamental book value.""}, {""model"": ""Simulated-AI-Quality-Compounder"", ""call"": ""hold"", ""target_price"": 506.61, ""thesis"": ""Defensive operational balance sheet balanced by limited immediate re-rating catalysts.""}, {""model"": ""Simulated-AI-Macro-Tactical"", ""call"": ""hold"", ""target_price"": 483.99, ""thesis"": ""Balanced near-term catalysts recommend maintaining current position.""}]"
JPM,2026-03-31,large_cap,0.4038,0.5,0.2594,289.23,4,"[{""model"": ""Simulated-AI-Momentum-Quant"", ""call"": ""sell"", ""target_price"": 248.93, ""thesis"": ""Persistent negative price trajectory (-8.6%) indicates structural distribution headwinds.""}, {""model"": ""Simulated-AI-Fundamental-Value"", ""call"": ""buy"", ""target_price"": 341.61, ""thesis"": ""Recent price softening provides an attractive risk-adjusted entry point against fundamental book value.""}, {""model"": ""Simulated-AI-Quality-Compounder"", ""call"": ""hold"", ""target_price"": 304.17, ""thesis"": ""Defensive operational balance sheet balanced by limited immediate re-rating catalysts.""}, {""model"": ""Simulated-AI-Macro-Tactical"", ""call"": ""sell"", ""target_price"": 262.22, ""thesis"": ""Macro headwinds and declining momentum justify a defensive posture.""}]"
V,2026-03-31,large_cap,0.4243,0.5,0.3108,286.07,4,"[{""model"": ""Simulated-AI-Momentum-Quant"", ""call"": ""sell"", ""target_price"": 254.34, ""thesis"": ""Persistent negative price trajectory (-14.4%) indicates structural distribution headwinds.""}, {""model"": ""Simulated-AI-Fundamental-Value"", ""call"": ""buy"", ""target_price"": 348.33, ""thesis"": ""Recent price softening provides an attractive risk-adjusted entry point against fundamental book value.""}, {""model"": ""Simulated-AI-Quality-Compounder"", ""call"": ""sell"", ""target_price"": 270.65, ""thesis"": ""Heightened earnings volatility and cyclical margin pressures elevate downside risk.""}, {""model"": ""Simulated-AI-Macro-Tactical"", ""call"": ""hold"", ""target_price"": 270.95, ""thesis"": ""Macro headwinds and declining momentum justify a defensive posture.""}]"
LLY,2026-03-31,large_cap,0.5751,0.75,0.3129,873.81,4,"[{""model"": ""Simulated-AI-Momentum-Quant"", ""call"": ""sell"", ""target_price"": 793.65, ""thesis"": ""Persistent negative price trajectory (-14.7%) indicates structural distribution headwinds.""}, {""model"": ""Simulated-AI-Fundamental-Value"", ""call"": ""buy"", ""target_price"": 1062.66, ""thesis"": ""Recent price softening provides an attractive risk-adjusted entry point against fundamental book value.""}, {""model"": ""Simulated-AI-Quality-Compounder"", ""call"": ""sell"", ""target_price"": 813.73, ""thesis"": ""Heightened earnings volatility and cyclical margin pressures elevate downside risk.""}, {""model"": ""Simulated-AI-Macro-Tactical"", ""call"": ""sell"", ""target_price"": 825.19, ""thesis"": ""Macro headwinds and declining momentum justify a defensive posture.""}]"
UNH,2026-03-31,large_cap,0.5754,0.75,0.3134,256.2,4,"[{""model"": ""Simulated-AI-Momentum-Quant"", ""call"": ""sell"", ""target_price"": 230.95, ""thesis"": ""Persistent negative price trajectory (-17.9%) indicates structural distribution headwinds.""}, {""model"": ""Simulated-AI-Fundamental-Value"", ""call"": ""buy"", ""target_price"": 312.23, ""thesis"": ""Recent price softening provides an attractive risk-adjusted entry point against fundamental book value.""}, {""model"": ""Simulated-AI-Quality-Compounder"", ""call"": ""sell"", ""target_price"": 239.45, ""thesis"": ""Heightened earnings volatility and cyclical margin pressures elevate downside risk.""}, {""model"": ""Simulated-AI-Macro-Tactical"", ""call"": ""sell"", ""target_price"": 242.15, ""thesis"": ""Macro headwinds and declining momentum justify a defensive posture.""}]"
XOM,2026-03-31,large_cap,0.5826,0.75,0.3316,174.47,4,"[{""model"": ""Simulated-AI-Momentum-Quant"", ""call"": ""buy"", ""target_price"": 189.26, ""thesis"": ""Strong upward medium-term momentum (+41.2%) signals continued institutional accumulation.""}, {""model"": ""Simulated-AI-Fundamental-Value"", ""call"": ""sell"", ""target_price"": 139.89, ""thesis"": ""Elevated multi-month valuation multiples leave little safety margin against forward earnings revisions.""}, {""model"": ""Simulated-AI-Quality-Compounder"", ""call"": ""buy"", ""target_price"": 184.57, ""thesis"": ""Stable financial profile and durable competitive moat support long-term compounding potential.""}, {""model"": ""Simulated-AI-Macro-Tactical"", ""call"": ""buy"", ""target_price"": 184.17, ""thesis"": ""Positive operating execution and robust revenue traction support upside.""}]"
JNJ,2026-03-31,large_cap,0.5821,0.75,0.3303,253.67,4,"[{""model"": ""Simulated-AI-Momentum-Quant"", ""call"": ""buy"", ""target_price"": 274.94, ""thesis"": ""Strong upward medium-term momentum (+18.8%) signals continued institutional accumulation.""}, {""model"": ""Simulated-AI-Fundamental-Value"", ""call"": ""sell"", ""target_price"": 202.43, ""thesis"": ""Elevated multi-month valuation multiples leave little safety margin against forward earnings revisions.""}, {""model"": ""Simulated-AI-Quality-Compounder"", ""call"": ""buy"", ""target_price"": 271.26, ""thesis"": ""Stable financial profile and durable competitive moat support long-term compounding potential.""}, {""model"": ""Simulated-AI-Macro-Tactical"", ""call"": ""buy"", ""target_price"": 266.04, ""thesis"": ""Positive operating execution and robust revenue traction support upside.""}]"
PG,2026-03-31,large_cap,0.4009,0.5,0.2523,154.98,4,"[{""model"": ""Simulated-AI-Momentum-Quant"", ""call"": ""buy"", ""target_price"": 162.56, ""thesis"": ""Strong upward medium-term momentum (+1.0%) signals continued institutional accumulation.""}, {""model"": ""Simulated-AI-Fundamental-Value"", ""call"": ""buy"", ""target_price"": 167.13, ""thesis"": ""Recent price softening provides an attractive risk-adjusted entry point against fundamental book value.""}, {""model"": ""Simulated-AI-Quality-Compounder"", ""call"": ""hold"", ""target_price"": 146.51, ""thesis"": ""Defensive operational balance sheet balanced by limited immediate re-rating catalysts.""}, {""model"": ""Simulated-AI-Macro-Tactical"", ""call"": ""hold"", ""target_price"": 143.72, ""thesis"": ""Balanced near-term catalysts recommend maintaining current position.""}]"
HD,2026-03-31,large_cap,0.586,0.75,0.3401,343.86,4,"[{""model"": ""Simulated-AI-Momentum-Quant"", ""call"": ""hold"", ""target_price"": 334.1, ""thesis"": ""Consolidating trading range warrants a neutral rating until breakout confirmation.""}, {""model"": ""Simulated-AI-Fundamental-Value"", ""call"": ""buy"", ""target_price"": 377.03, ""thesis"": ""Recent price softening provides an attractive risk-adjusted entry point against fundamental book value.""}, {""model"": ""Simulated-AI-Quality-Compounder"", ""call"": ""hold"", ""target_price"": 337.01, ""thesis"": ""Defensive operational balance sheet balanced by limited immediate re-rating catalysts.""}, {""model"": ""Simulated-AI-Macro-Tactical"", ""call"": ""hold"", ""target_price"": 327.29, ""thesis"": ""Balanced near-term catalysts recommend maintaining current position.""}]"
MA,2026-03-31,large_cap,0.5665,0.75,0.2913,450.5,4,"[{""model"": ""Simulated-AI-Momentum-Quant"", ""call"": ""sell"", ""target_price"": 421.88, ""thesis"": ""Persistent negative price trajectory (-13.3%) indicates structural distribution headwinds.""}, {""model"": ""Simulated-AI-Fundamental-Value"", ""call"": ""hold"", ""target_price"": 490.0, ""thesis"": ""Fair valuation reflects balanced risk-reward relative to sector peers.""}, {""model"": ""Simulated-AI-Quality-Compounder"", ""call"": ""sell"", ""target_price"": 441.95, ""thesis"": ""Heightened earnings volatility and cyclical margin pressures elevate downside risk.""}, {""model"": ""Simulated-AI-Macro-Tactical"", ""call"": ""sell"", ""target_price"": 448.17, ""thesis"": ""Macro headwinds and declining momentum justify a defensive posture.""}]"
COST,2026-03-31,large_cap,0.4324,0.5,0.3311,1041.84,4,"[{""model"": ""Simulated-AI-Momentum-Quant"", ""call"": ""buy"", ""target_price"": 1130.1, ""thesis"": ""Strong upward medium-term momentum (+15.3%) signals continued institutional accumulation.""}, {""model"": ""Simulated-AI-Fundamental-Value"", ""call"": ""sell"", ""target_price"": 825.52, ""thesis"": ""Elevated multi-month valuation multiples leave little safety margin against forward earnings revisions.""}, {""model"": ""Simulated-AI-Quality-Compounder"", ""call"": ""buy"", ""target_price"": 1118.98, ""thesis"": ""Stable financial profile and durable competitive moat support long-term compounding potential.""}, {""model"": ""Simulated-AI-Macro-Tactical"", ""call"": ""hold"", ""target_price"": 1092.75, ""thesis"": ""Positive operating execution and robust revenue traction support upside.""}]"
ABBV,2026-03-31,large_cap,0.3763,0.5,0.1907,200.44,4,"[{""model"": ""Simulated-AI-Momentum-Quant"", ""call"": ""sell"", ""target_price"": 183.17, ""thesis"": ""Persistent negative price trajectory (-4.6%) indicates structural distribution headwinds.""}, {""model"": ""Simulated-AI-Fundamental-Value"", ""call"": ""hold"", ""target_price"": 214.01, ""thesis"": ""Fair valuation reflects balanced risk-reward relative to sector peers.""}, {""model"": ""Simulated-AI-Quality-Compounder"", ""call"": ""sell"", ""target_price"": 188.26, ""thesis"": ""Heightened earnings volatility and cyclical margin pressures elevate downside risk.""}, {""model"": ""Simulated-AI-Macro-Tactical"", ""call"": ""hold"", ""target_price"": 216.32, ""thesis"": ""Balanced near-term catalysts recommend maintaining current position.""}]"
MRK,2026-03-31,large_cap,0.5829,0.75,0.3321,125.45,4,"[{""model"": ""Simulated-AI-Momentum-Quant"", ""call"": ""buy"", ""target_price"": 138.35, ""thesis"": ""Strong upward medium-term momentum (+14.3%) signals continued institutional accumulation.""}, {""model"": ""Simulated-AI-Fundamental-Value"", ""call"": ""sell"", ""target_price"": 98.83, ""thesis"": ""Elevated multi-month valuation multiples leave little safety margin against forward earnings revisions.""}, {""model"": ""Simulated-AI-Quality-Compounder"", ""call"": ""buy"", ""target_price"": 133.24, ""thesis"": ""Stable financial profile and durable competitive moat support long-term compounding potential.""}, {""model"": ""Simulated-AI-Macro-Tactical"", ""call"": ""buy"", ""target_price"": 131.37, ""thesis"": ""Positive operating execution and robust revenue traction support upside.""}]"
BAC,2026-03-31,large_cap,0.5749,0.75,0.3123,46.19,4,"[{""model"": ""Simulated-AI-Momentum-Quant"", ""call"": ""sell"", ""target_price"": 42.42, ""thesis"": ""Persistent negative price trajectory (-11.3%) indicates structural distribution headwinds.""}, {""model"": ""Simulated-AI-Fundamental-Value"", ""call"": ""buy"", ""target_price"": 56.55, ""thesis"": ""Recent price softening provides an attractive risk-adjusted entry point against fundamental book value.""}, {""model"": ""Simulated-AI-Quality-Compounder"", ""call"": ""sell"", ""target_price"": 42.36, ""thesis"": ""Heightened earnings volatility and cyclical margin pressures elevate downside risk.""}, {""model"": ""Simulated-AI-Macro-Tactical"", ""call"": ""sell"", ""target_price"": 43.43, ""thesis"": ""Macro headwinds and declining momentum justify a defensive posture.""}]"
CVX,2026-03-31,large_cap,0.4436,0.5,0.359,200.31,4,"[{""model"": ""Simulated-AI-Momentum-Quant"", ""call"": ""buy"", ""target_price"": 228.78, ""thesis"": ""Strong upward medium-term momentum (+37.2%) signals continued institutional accumulation.""}, {""model"": ""Simulated-AI-Fundamental-Value"", ""call"": ""sell"", ""target_price"": 169.92, ""thesis"": ""Elevated multi-month valuation multiples leave little safety margin against forward earnings revisions.""}, {""model"": ""Simulated-AI-Quality-Compounder"", ""call"": ""sell"", ""target_price"": 178.96, ""thesis"": ""Heightened earnings volatility and cyclical margin pressures elevate downside risk.""}, {""model"": ""Simulated-AI-Macro-Tactical"", ""call"": ""buy"", ""target_price"": 223.58, ""thesis"": ""Positive operating execution and robust revenue traction support upside.""}]"
CRM,2026-03-31,large_cap,0.5741,0.75,0.3102,176.67,4,"[{""model"": ""Simulated-AI-Momentum-Quant"", ""call"": ""sell"", ""target_price"": 158.98, ""thesis"": ""Persistent negative price trajectory (-29.8%) indicates structural distribution headwinds.""}, {""model"": ""Simulated-AI-Fundamental-Value"", ""call"": ""buy"", ""target_price"": 214.32, ""thesis"": ""Recent price softening provides an attractive risk-adjusted entry point against fundamental book value.""}, {""model"": ""Simulated-AI-Quality-Compounder"", ""call"": ""sell"", ""target_price"": 166.22, ""thesis"": ""Heightened earnings volatility and cyclical margin pressures elevate downside risk.""}, {""model"": ""Simulated-AI-Macro-Tactical"", ""call"": ""sell"", ""target_price"": 167.15, ""thesis"": ""Macro headwinds and declining momentum justify a defensive posture.""}]"
NFLX,2026-03-31,large_cap,0.4112,0.5,0.2779,92.92,4,"[{""model"": ""Simulated-AI-Momentum-Quant"", ""call"": ""buy"", ""target_price"": 110.3, ""thesis"": ""Strong upward medium-term momentum (+2.5%) signals continued institutional accumulation.""}, {""model"": ""Simulated-AI-Fundamental-Value"", ""call"": ""sell"", ""target_price"": 79.42, ""thesis"": ""Elevated multi-month valuation multiples leave little safety margin against forward earnings revisions.""}, {""model"": ""Simulated-AI-Quality-Compounder"", ""call"": ""sell"", ""target_price"": 84.85, ""thesis"": ""Heightened earnings volatility and cyclical margin pressures elevate downside risk.""}, {""model"": ""Simulated-AI-Macro-Tactical"", ""call"": ""hold"", ""target_price"": 97.11, ""thesis"": ""Balanced near-term catalysts recommend maintaining current position.""}]"
AMD,2026-03-31,large_cap,0.4053,0.5,0.2633,201.98,4,"[{""model"": ""Simulated-AI-Momentum-Quant"", ""call"": ""sell"", ""target_price"": 176.09, ""thesis"": ""Persistent negative price trajectory (-5.5%) indicates structural distribution headwinds.""}, {""model"": ""Simulated-AI-Fundamental-Value"", ""call"": ""buy"", ""target_price"": 236.69, ""thesis"": ""Recent price softening provides an attractive risk-adjusted entry point against fundamental book value.""}, {""model"": ""Simulated-AI-Quality-Compounder"", ""call"": ""hold"", ""target_price"": 212.06, ""thesis"": ""Defensive operational balance sheet balanced by limited immediate re-rating catalysts.""}, {""model"": ""Simulated-AI-Macro-Tactical"", ""call"": ""sell"", ""target_price"": 183.09, ""thesis"": ""Macro headwinds and declining momentum justify a defensive posture.""}]"
PEP,2026-03-31,large_cap,0.5824,0.75,0.331,159.36,4,"[{""model"": ""Simulated-AI-Momentum-Quant"", ""call"": ""buy"", ""target_price"": 172.24, ""thesis"": ""Strong upward medium-term momentum (+8.7%) signals continued institutional accumulation.""}, {""model"": ""Simulated-AI-Fundamental-Value"", ""call"": ""sell"", ""target_price"": 128.94, ""thesis"": ""Elevated multi-month valuation multiples leave little safety margin against forward earnings revisions.""}, {""model"": ""Simulated-AI-Quality-Compounder"", ""call"": ""buy"", ""target_price"": 168.99, ""thesis"": ""Stable financial profile and durable competitive moat support long-term compounding potential.""}, {""model"": ""Simulated-AI-Macro-Tactical"", ""call"": ""buy"", ""target_price"": 167.26, ""thesis"": ""Positive operating execution and robust revenue traction support upside.""}]"
KO,2026-03-31,large_cap,0.5741,0.75,0.3103,82.05,4,"[{""model"": ""Simulated-AI-Momentum-Quant"", ""call"": ""buy"", ""target_price"": 85.53, ""thesis"": ""Strong upward medium-term momentum (+9.3%) signals continued institutional accumulation.""}, {""model"": ""Simulated-AI-Fundamental-Value"", ""call"": ""hold"", ""target_price"": 75.98, ""thesis"": ""Fair valuation reflects balanced risk-reward relative to sector peers.""}, {""model"": ""Simulated-AI-Quality-Compounder"", ""call"": ""buy"", ""target_price"": 83.57, ""thesis"": ""Stable financial profile and durable competitive moat support long-term compounding potential.""}, {""model"": ""Simulated-AI-Macro-Tactical"", ""call"": ""buy"", ""target_price"": 83.12, ""thesis"": ""Positive operating execution and robust revenue traction support upside.""}]"
TMO,2026-03-31,large_cap,0.4257,0.5,0.3142,466.11,4,"[{""model"": ""Simulated-AI-Momentum-Quant"", ""call"": ""sell"", ""target_price"": 417.58, ""thesis"": ""Persistent negative price trajectory (-15.7%) indicates structural distribution headwinds.""}, {""model"": ""Simulated-AI-Fundamental-Value"", ""call"": ""buy"", ""target_price"": 571.57, ""thesis"": ""Recent price softening provides an attractive risk-adjusted entry point against fundamental book value.""}, {""model"": ""Simulated-AI-Quality-Compounder"", ""call"": ""sell"", ""target_price"": 433.34, ""thesis"": ""Heightened earnings volatility and cyclical margin pressures elevate downside risk.""}, {""model"": ""Simulated-AI-Macro-Tactical"", ""call"": ""hold"", ""target_price"": 441.94, ""thesis"": ""Macro headwinds and declining momentum justify a defensive posture.""}]"
WMT,2026-03-31,large_cap,0.4125,0.5,0.2812,126.73,4,"[{""model"": ""Simulated-AI-Momentum-Quant"", ""call"": ""buy"", ""target_price"": 139.69, ""thesis"": ""Strong upward medium-term momentum (+11.3%) signals continued institutional accumulation.""}, {""model"": ""Simulated-AI-Fundamental-Value"", ""call"": ""sell"", ""target_price"": 103.39, ""thesis"": ""Elevated multi-month valuation multiples leave little safety margin against forward earnings revisions.""}, {""model"": ""Simulated-AI-Quality-Compounder"", ""call"": ""hold"", ""target_price"": 127.71, ""thesis"": ""Defensive operational balance sheet balanced by limited immediate re-rating catalysts.""}, {""model"": ""Simulated-AI-Macro-Tactical"", ""call"": ""buy"", ""target_price"": 136.12, ""thesis"": ""Positive operating execution and robust revenue traction support upside.""}]"
MCD,2026-03-31,large_cap,0.55,0.75,0.2501,321.88,4,"[{""model"": ""Simulated-AI-Momentum-Quant"", ""call"": ""buy"", ""target_price"": 351.88, ""thesis"": ""Strong upward medium-term momentum (+1.5%) signals continued institutional accumulation.""}, {""model"": ""Simulated-AI-Fundamental-Value"", ""call"": ""hold"", ""target_price"": 306.4, ""thesis"": ""Fair valuation reflects balanced risk-reward relative to sector peers.""}, {""model"": ""Simulated-AI-Quality-Compounder"", ""call"": ""hold"", ""target_price"": 319.64, ""thesis"": ""Defensive operational balance sheet balanced by limited immediate re-rating catalysts.""}, {""model"": ""Simulated-AI-Macro-Tactical"", ""call"": ""hold"", ""target_price"": 309.59, ""thesis"": ""Balanced near-term catalysts recommend maintaining current position.""}]"
CSCO,2026-03-31,large_cap,0.5485,0.75,0.2463,80.93,4,"[{""model"": ""Simulated-AI-Momentum-Quant"", ""call"": ""buy"", ""target_price"": 88.01, ""thesis"": ""Strong upward medium-term momentum (+0.8%) signals continued institutional accumulation.""}, {""model"": ""Simulated-AI-Fundamental-Value"", ""call"": ""hold"", ""target_price"": 77.22, ""thesis"": ""Fair valuation reflects balanced risk-reward relative to sector peers.""}, {""model"": ""Simulated-AI-Quality-Compounder"", ""call"": ""hold"", ""target_price"": 80.85, ""thesis"": ""Defensive operational balance sheet balanced by limited immediate re-rating catalysts.""}, {""model"": ""Simulated-AI-Macro-Tactical"", ""call"": ""hold"", ""target_price"": 77.65, ""thesis"": ""Balanced near-term catalysts recommend maintaining current position.""}]"
KNSL,2026-03-31,small_cap,0.5748,0.75,0.312,325.58,4,"[{""model"": ""Simulated-AI-Momentum-Quant"", ""call"": ""sell"", ""target_price"": 295.04, ""thesis"": ""Persistent negative price trajectory (-13.6%) indicates structural distribution headwinds.""}, {""model"": ""Simulated-AI-Fundamental-Value"", ""call"": ""buy"", ""target_price"": 397.28, ""thesis"": ""Recent price softening provides an attractive risk-adjusted entry point against fundamental book value.""}, {""model"": ""Simulated-AI-Quality-Compounder"", ""call"": ""sell"", ""target_price"": 302.95, ""thesis"": ""Heightened earnings volatility and cyclical margin pressures elevate downside risk.""}, {""model"": ""Simulated-AI-Macro-Tactical"", ""call"": ""sell"", ""target_price"": 307.04, ""thesis"": ""Macro headwinds and declining momentum justify a defensive posture.""}]"
SAIA,2026-03-31,small_cap,0.5745,0.75,0.3113,381.6,4,"[{""model"": ""Simulated-AI-Momentum-Quant"", ""call"": ""buy"", ""target_price"": 396.81, ""thesis"": ""Strong upward medium-term momentum (+5.7%) signals continued institutional accumulation.""}, {""model"": ""Simulated-AI-Fundamental-Value"", ""call"": ""hold"", ""target_price"": 353.39, ""thesis"": ""Fair valuation reflects balanced risk-reward relative to sector peers.""}, {""model"": ""Simulated-AI-Quality-Compounder"", ""call"": ""buy"", ""target_price"": 389.78, ""thesis"": ""Stable financial profile and durable competitive moat support long-term compounding potential.""}, {""model"": ""Simulated-AI-Macro-Tactical"", ""call"": ""buy"", ""target_price"": 386.41, ""thesis"": ""Positive operating execution and robust revenue traction support upside.""}]"
MEDP,2026-03-31,small_cap,0.4254,0.5,0.3136,455.29,4,"[{""model"": ""Simulated-AI-Momentum-Quant"", ""call"": ""sell"", ""target_price"": 404.13, ""thesis"": ""Persistent negative price trajectory (-15.6%) indicates structural distribution headwinds.""}, {""model"": ""Simulated-AI-Fundamental-Value"", ""call"": ""buy"", ""target_price"": 562.06, ""thesis"": ""Recent price softening provides an attractive risk-adjusted entry point against fundamental book value.""}, {""model"": ""Simulated-AI-Quality-Compounder"", ""call"": ""sell"", ""target_price"": 422.81, ""thesis"": ""Heightened earnings volatility and cyclical margin pressures elevate downside risk.""}, {""model"": ""Simulated-AI-Macro-Tactical"", ""call"": ""hold"", ""target_price"": 432.17, ""thesis"": ""Macro headwinds and declining momentum justify a defensive posture.""}]"
SSD,2026-03-31,small_cap,0.4102,0.5,0.2755,171.44,4,"[{""model"": ""Simulated-AI-Momentum-Quant"", ""call"": ""buy"", ""target_price"": 194.76, ""thesis"": ""Strong upward medium-term momentum (+4.3%) signals continued institutional accumulation.""}, {""model"": ""Simulated-AI-Fundamental-Value"", ""call"": ""sell"", ""target_price"": 141.31, ""thesis"": ""Elevated multi-month valuation multiples leave little safety margin against forward earnings revisions.""}, {""model"": ""Simulated-AI-Quality-Compounder"", ""call"": ""hold"", ""target_price"": 176.9, ""thesis"": ""Defensive operational balance sheet balanced by limited immediate re-rating catalysts.""}, {""model"": ""Simulated-AI-Macro-Tactical"", ""call"": ""hold"", ""target_price"": 172.79, ""thesis"": ""Balanced near-term catalysts recommend maintaining current position.""}]"
EXPO,2026-03-31,small_cap,0.4071,0.5,0.2676,61.49,4,"[{""model"": ""Simulated-AI-Momentum-Quant"", ""call"": ""sell"", ""target_price"": 56.25, ""thesis"": ""Persistent negative price trajectory (-6.8%) indicates structural distribution headwinds.""}, {""model"": ""Simulated-AI-Fundamental-Value"", ""call"": ""hold"", ""target_price"": 64.46, ""thesis"": ""Fair valuation reflects balanced risk-reward relative to sector peers.""}, {""model"": ""Simulated-AI-Quality-Compounder"", ""call"": ""hold"", ""target_price"": 67.08, ""thesis"": ""Defensive operational balance sheet balanced by limited immediate re-rating catalysts.""}, {""model"": ""Simulated-AI-Macro-Tactical"", ""call"": ""sell"", ""target_price"": 58.16, ""thesis"": ""Macro headwinds and declining momentum justify a defensive posture.""}]"
FORM,2026-03-31,small_cap,0.4453,0.5,0.3633,95.56,4,"[{""model"": ""Simulated-AI-Momentum-Quant"", ""call"": ""buy"", ""target_price"": 109.25, ""thesis"": ""Strong upward medium-term momentum (+69.9%) signals continued institutional accumulation.""}, {""model"": ""Simulated-AI-Fundamental-Value"", ""call"": ""sell"", ""target_price"": 80.7, ""thesis"": ""Elevated multi-month valuation multiples leave little safety margin against forward earnings revisions.""}, {""model"": ""Simulated-AI-Quality-Compounder"", ""call"": ""sell"", ""target_price"": 85.59, ""thesis"": ""Heightened earnings volatility and cyclical margin pressures elevate downside risk.""}, {""model"": ""Simulated-AI-Macro-Tactical"", ""call"": ""buy"", ""target_price"": 106.69, ""thesis"": ""Positive operating execution and robust revenue traction support upside.""}]"
CRVL,2026-03-31,small_cap,0.4238,0.5,0.3096,52.24,4,"[{""model"": ""Simulated-AI-Momentum-Quant"", ""call"": ""sell"", ""target_price"": 46.91, ""thesis"": ""Persistent negative price trajectory (-19.9%) indicates structural distribution headwinds.""}, {""model"": ""Simulated-AI-Fundamental-Value"", ""call"": ""buy"", ""target_price"": 63.8, ""thesis"": ""Recent price softening provides an attractive risk-adjusted entry point against fundamental book value.""}, {""model"": ""Simulated-AI-Quality-Compounder"", ""call"": ""sell"", ""target_price"": 49.08, ""thesis"": ""Heightened earnings volatility and cyclical margin pressures elevate downside risk.""}, {""model"": ""Simulated-AI-Macro-Tactical"", ""call"": ""hold"", ""target_price"": 49.19, ""thesis"": ""Macro headwinds and declining momentum justify a defensive posture.""}]"
TKR,2026-03-31,small_cap,0.5834,0.75,0.3334,104.61,4,"[{""model"": ""Simulated-AI-Momentum-Quant"", ""call"": ""buy"", ""target_price"": 113.58, ""thesis"": ""Strong upward medium-term momentum (+17.6%) signals continued institutional accumulation.""}, {""model"": ""Simulated-AI-Fundamental-Value"", ""call"": ""sell"", ""target_price"": 83.88, ""thesis"": ""Elevated multi-month valuation multiples leave little safety margin against forward earnings revisions.""}, {""model"": ""Simulated-AI-Quality-Compounder"", ""call"": ""buy"", ""target_price"": 111.0, ""thesis"": ""Stable financial profile and durable competitive moat support long-term compounding potential.""}, {""model"": ""Simulated-AI-Macro-Tactical"", ""call"": ""buy"", ""target_price"": 109.98, ""thesis"": ""Positive operating execution and robust revenue traction support upside.""}]"
POWI,2026-03-31,small_cap,0.5831,0.75,0.3328,53.08,4,"[{""model"": ""Simulated-AI-Momentum-Quant"", ""call"": ""buy"", ""target_price"": 57.45, ""thesis"": ""Strong upward medium-term momentum (+42.9%) signals continued institutional accumulation.""}, {""model"": ""Simulated-AI-Fundamental-Value"", ""call"": ""sell"", ""target_price"": 42.72, ""thesis"": ""Elevated multi-month valuation multiples leave little safety margin against forward earnings revisions.""}, {""model"": ""Simulated-AI-Quality-Compounder"", ""call"": ""buy"", ""target_price"": 56.19, ""thesis"": ""Stable financial profile and durable competitive moat support long-term compounding potential.""}, {""model"": ""Simulated-AI-Macro-Tactical"", ""call"": ""buy"", ""target_price"": 55.95, ""thesis"": ""Positive operating execution and robust revenue traction support upside.""}]"
CALM,2026-03-31,small_cap,0.3849,0.5,0.2122,79.54,4,"[{""model"": ""Simulated-AI-Momentum-Quant"", ""call"": ""buy"", ""target_price"": 91.02, ""thesis"": ""Strong upward medium-term momentum (-0.8%) signals continued institutional accumulation.""}, {""model"": ""Simulated-AI-Fundamental-Value"", ""call"": ""hold"", ""target_price"": 77.94, ""thesis"": ""Fair valuation reflects balanced risk-reward relative to sector peers.""}, {""model"": ""Simulated-AI-Quality-Compounder"", ""call"": ""sell"", ""target_price"": 69.61, ""thesis"": ""Heightened earnings volatility and cyclical margin pressures elevate downside risk.""}, {""model"": ""Simulated-AI-Macro-Tactical"", ""call"": ""hold"", ""target_price"": 79.58, ""thesis"": ""Balanced near-term catalysts recommend maintaining current position.""}]"
PLUS,2026-03-31,small_cap,0.5739,0.75,0.3099,70.97,4,"[{""model"": ""Simulated-AI-Momentum-Quant"", ""call"": ""sell"", ""target_price"": 63.88, ""thesis"": ""Persistent negative price trajectory (-14.8%) indicates structural distribution headwinds.""}, {""model"": ""Simulated-AI-Fundamental-Value"", ""call"": ""buy"", ""target_price"": 86.36, ""thesis"": ""Recent price softening provides an attractive risk-adjusted entry point against fundamental book value.""}, {""model"": ""Simulated-AI-Quality-Compounder"", ""call"": ""sell"", ""target_price"": 66.36, ""thesis"": ""Heightened earnings volatility and cyclical margin pressures elevate downside risk.""}, {""model"": ""Simulated-AI-Macro-Tactical"", ""call"": ""sell"", ""target_price"": 67.29, ""thesis"": ""Macro headwinds and declining momentum justify a defensive posture.""}]"
FSS,2026-03-31,small_cap,0.5994,0.75,0.3736,105.49,4,"[{""model"": ""Simulated-AI-Momentum-Quant"", ""call"": ""hold"", ""target_price"": 110.3, ""thesis"": ""Consolidating trading range warrants a neutral rating until breakout confirmation.""}, {""model"": ""Simulated-AI-Fundamental-Value"", ""call"": ""sell"", ""target_price"": 89.96, ""thesis"": ""Elevated multi-month valuation multiples leave little safety margin against forward earnings revisions.""}, {""model"": ""Simulated-AI-Quality-Compounder"", ""call"": ""hold"", ""target_price"": 112.75, ""thesis"": ""Defensive operational balance sheet balanced by limited immediate re-rating catalysts.""}, {""model"": ""Simulated-AI-Macro-Tactical"", ""call"": ""hold"", ""target_price"": 108.95, ""thesis"": ""Balanced near-term catalysts recommend maintaining current position.""}]"
AMWD,2026-03-31,small_cap,0.7327,1.0,0.3317,101.98,4,"[{""model"": ""Simulated-AI-Momentum-Quant"", ""call"": ""hold"", ""target_price"": 102.05, ""thesis"": ""Consolidating trading range warrants a neutral rating until breakout confirmation.""}, {""model"": ""Simulated-AI-Fundamental-Value"", ""call"": ""hold"", ""target_price"": 99.68, ""thesis"": ""Fair valuation reflects balanced risk-reward relative to sector peers.""}, {""model"": ""Simulated-AI-Quality-Compounder"", ""call"": ""hold"", ""target_price"": 105.2, ""thesis"": ""Defensive operational balance sheet balanced by limited immediate re-rating catalysts.""}, {""model"": ""Simulated-AI-Macro-Tactical"", ""call"": ""hold"", ""target_price"": 101.0, ""thesis"": ""Balanced near-term catalysts recommend maintaining current position.""}]"
ATKR,2026-03-31,small_cap,0.4071,0.5,0.2677,55.72,4,"[{""model"": ""Simulated-AI-Momentum-Quant"", ""call"": ""sell"", ""target_price"": 51.01, ""thesis"": ""Persistent negative price trajectory (-7.2%) indicates structural distribution headwinds.""}, {""model"": ""Simulated-AI-Fundamental-Value"", ""call"": ""hold"", ""target_price"": 57.67, ""thesis"": ""Fair valuation reflects balanced risk-reward relative to sector peers.""}, {""model"": ""Simulated-AI-Quality-Compounder"", ""call"": ""hold"", ""target_price"": 61.6, ""thesis"": ""Defensive operational balance sheet balanced by limited immediate re-rating catalysts.""}, {""model"": ""Simulated-AI-Macro-Tactical"", ""call"": ""sell"", ""target_price"": 52.6, ""thesis"": ""Macro headwinds and declining momentum justify a defensive posture.""}]"
BRC,2026-03-31,small_cap,0.4229,0.5,0.3071,80.39,4,"[{""model"": ""Simulated-AI-Momentum-Quant"", ""call"": ""hold"", ""target_price"": 82.07, ""thesis"": ""Consolidating trading range warrants a neutral rating until breakout confirmation.""}, {""model"": ""Simulated-AI-Fundamental-Value"", ""call"": ""sell"", ""target_price"": 67.69, ""thesis"": ""Elevated multi-month valuation multiples leave little safety margin against forward earnings revisions.""}, {""model"": ""Simulated-AI-Quality-Compounder"", ""call"": ""buy"", ""target_price"": 90.22, ""thesis"": ""Stable financial profile and durable competitive moat support long-term compounding potential.""}, {""model"": ""Simulated-AI-Macro-Tactical"", ""call"": ""hold"", ""target_price"": 81.59, ""thesis"": ""Balanced near-term catalysts recommend maintaining current position.""}]"
CNO,2026-03-31,small_cap,0.5481,0.75,0.2452,39.7,4,"[{""model"": ""Simulated-AI-Momentum-Quant"", ""call"": ""sell"", ""target_price"": 34.64, ""thesis"": ""Persistent negative price trajectory (-3.6%) indicates structural distribution headwinds.""}, {""model"": ""Simulated-AI-Fundamental-Value"", ""call"": ""hold"", ""target_price"": 40.62, ""thesis"": ""Fair valuation reflects balanced risk-reward relative to sector peers.""}, {""model"": ""Simulated-AI-Quality-Compounder"", ""call"": ""hold"", ""target_price"": 42.37, ""thesis"": ""Defensive operational balance sheet balanced by limited immediate re-rating catalysts.""}, {""model"": ""Simulated-AI-Macro-Tactical"", ""call"": ""hold"", ""target_price"": 41.18, ""thesis"": ""Balanced near-term catalysts recommend maintaining current position.""}]"
CSGS,2026-03-31,small_cap,0.4054,0.5,0.2635,101.98,4,"[{""model"": ""Simulated-AI-Momentum-Quant"", ""call"": ""sell"", ""target_price"": 85.04, ""thesis"": ""Persistent negative price trajectory (+0.0%) indicates structural distribution headwinds.""}, {""model"": ""Simulated-AI-Fundamental-Value"", ""call"": ""buy"", ""target_price"": 116.45, ""thesis"": ""Recent price softening provides an attractive risk-adjusted entry point against fundamental book value.""}, {""model"": ""Simulated-AI-Quality-Compounder"", ""call"": ""hold"", ""target_price"": 105.44, ""thesis"": ""Defensive operational balance sheet balanced by limited immediate re-rating catalysts.""}, {""model"": ""Simulated-AI-Macro-Tactical"", ""call"": ""hold"", ""target_price"": 101.0, ""thesis"": ""Balanced near-term catalysts recommend maintaining current position.""}]"
ENSG,2026-03-31,small_cap,0.5833,0.75,0.3333,209.42,4,"[{""model"": ""Simulated-AI-Momentum-Quant"", ""call"": ""buy"", ""target_price"": 226.4, ""thesis"": ""Strong upward medium-term momentum (+14.1%) signals continued institutional accumulation.""}, {""model"": ""Simulated-AI-Fundamental-Value"", ""call"": ""sell"", ""target_price"": 166.57, ""thesis"": ""Elevated multi-month valuation multiples leave little safety margin against forward earnings revisions.""}, {""model"": ""Simulated-AI-Quality-Compounder"", ""call"": ""buy"", ""target_price"": 223.13, ""thesis"": ""Stable financial profile and durable competitive moat support long-term compounding potential.""}, {""model"": ""Simulated-AI-Macro-Tactical"", ""call"": ""buy"", ""target_price"": 221.56, ""thesis"": ""Positive operating execution and robust revenue traction support upside.""}]"
FIX,2026-03-31,small_cap,0.5835,0.75,0.3338,1442.29,4,"[{""model"": ""Simulated-AI-Momentum-Quant"", ""call"": ""buy"", ""target_price"": 1544.17, ""thesis"": ""Strong upward medium-term momentum (+45.7%) signals continued institutional accumulation.""}, {""model"": ""Simulated-AI-Fundamental-Value"", ""call"": ""sell"", ""target_price"": 1168.32, ""thesis"": ""Elevated multi-month valuation multiples leave little safety margin against forward earnings revisions.""}, {""model"": ""Simulated-AI-Quality-Compounder"", ""call"": ""buy"", ""target_price"": 1541.14, ""thesis"": ""Stable financial profile and durable competitive moat support long-term compounding potential.""}, {""model"": ""Simulated-AI-Macro-Tactical"", ""call"": ""buy"", ""target_price"": 1515.51, ""thesis"": ""Positive operating execution and robust revenue traction support upside.""}]"
GBCI,2026-03-31,small_cap,0.4095,0.5,0.2736,44.37,4,"[{""model"": ""Simulated-AI-Momentum-Quant"", ""call"": ""buy"", ""target_price"": 51.05, ""thesis"": ""Strong upward medium-term momentum (+0.5%) signals continued institutional accumulation.""}, {""model"": ""Simulated-AI-Fundamental-Value"", ""call"": ""sell"", ""target_price"": 36.45, ""thesis"": ""Elevated multi-month valuation multiples leave little safety margin against forward earnings revisions.""}, {""model"": ""Simulated-AI-Quality-Compounder"", ""call"": ""hold"", ""target_price"": 45.46, ""thesis"": ""Defensive operational balance sheet balanced by limited immediate re-rating catalysts.""}, {""model"": ""Simulated-AI-Macro-Tactical"", ""call"": ""hold"", ""target_price"": 44.51, ""thesis"": ""Balanced near-term catalysts recommend maintaining current position.""}]"
GPI,2026-03-31,small_cap,0.566,0.75,0.2901,299.97,4,"[{""model"": ""Simulated-AI-Momentum-Quant"", ""call"": ""sell"", ""target_price"": 285.37, ""thesis"": ""Persistent negative price trajectory (-17.2%) indicates structural distribution headwinds.""}, {""model"": ""Simulated-AI-Fundamental-Value"", ""call"": ""hold"", ""target_price"": 323.45, ""thesis"": ""Fair valuation reflects balanced risk-reward relative to sector peers.""}, {""model"": ""Simulated-AI-Quality-Compounder"", ""call"": ""sell"", ""target_price"": 294.63, ""thesis"": ""Heightened earnings volatility and cyclical margin pressures elevate downside risk.""}, {""model"": ""Simulated-AI-Macro-Tactical"", ""call"": ""sell"", ""target_price"": 296.44, ""thesis"": ""Macro headwinds and declining momentum justify a defensive posture.""}]"
HLNE,2026-03-31,small_cap,0.5745,0.75,0.3114,94.33,4,"[{""model"": ""Simulated-AI-Momentum-Quant"", ""call"": ""sell"", ""target_price"": 84.94, ""thesis"": ""Persistent negative price trajectory (-26.4%) indicates structural distribution headwinds.""}, {""model"": ""Simulated-AI-Fundamental-Value"", ""call"": ""buy"", ""target_price"": 115.25, ""thesis"": ""Recent price softening provides an attractive risk-adjusted entry point against fundamental book value.""}, {""model"": ""Simulated-AI-Quality-Compounder"", ""call"": ""sell"", ""target_price"": 88.31, ""thesis"": ""Heightened earnings volatility and cyclical margin pressures elevate downside risk.""}, {""model"": ""Simulated-AI-Macro-Tactical"", ""call"": ""sell"", ""target_price"": 88.8, ""thesis"": ""Macro headwinds and declining momentum justify a defensive posture.""}]"
HWKN,2026-03-31,small_cap,0.4331,0.5,0.3328,154.72,4,"[{""model"": ""Simulated-AI-Momentum-Quant"", ""call"": ""hold"", ""target_price"": 152.41, ""thesis"": ""Consolidating trading range warrants a neutral rating until breakout confirmation.""}, {""model"": ""Simulated-AI-Fundamental-Value"", ""call"": ""sell"", ""target_price"": 126.6, ""thesis"": ""Elevated multi-month valuation multiples leave little safety margin against forward earnings revisions.""}, {""model"": ""Simulated-AI-Quality-Compounder"", ""call"": ""buy"", ""target_price"": 171.35, ""thesis"": ""Stable financial profile and durable competitive moat support long-term compounding potential.""}, {""model"": ""Simulated-AI-Macro-Tactical"", ""call"": ""buy"", ""target_price"": 168.5, ""thesis"": ""Positive operating execution and robust revenue traction support upside.""}]"
IBP,2026-03-31,small_cap,0.4077,0.5,0.2693,270.21,4,"[{""model"": ""Simulated-AI-Momentum-Quant"", ""call"": ""sell"", ""target_price"": 224.42, ""thesis"": ""Persistent negative price trajectory (+1.1%) indicates structural distribution headwinds.""}, {""model"": ""Simulated-AI-Fundamental-Value"", ""call"": ""buy"", ""target_price"": 309.77, ""thesis"": ""Recent price softening provides an attractive risk-adjusted entry point against fundamental book value.""}, {""model"": ""Simulated-AI-Quality-Compounder"", ""call"": ""hold"", ""target_price"": 279.36, ""thesis"": ""Defensive operational balance sheet balanced by limited immediate re-rating catalysts.""}, {""model"": ""Simulated-AI-Macro-Tactical"", ""call"": ""hold"", ""target_price"": 267.3, ""thesis"": ""Balanced near-term catalysts recommend maintaining current position.""}]"
KAR,2026-03-31,small_cap,0.7327,1.0,0.3317,101.42,4,"[{""model"": ""Simulated-AI-Momentum-Quant"", ""call"": ""hold"", ""target_price"": 102.15, ""thesis"": ""Consolidating trading range warrants a neutral rating until breakout confirmation.""}, {""model"": ""Simulated-AI-Fundamental-Value"", ""call"": ""hold"", ""target_price"": 99.44, ""thesis"": ""Fair valuation reflects balanced risk-reward relative to sector peers.""}, {""model"": ""Simulated-AI-Quality-Compounder"", ""call"": ""hold"", ""target_price"": 103.08, ""thesis"": ""Defensive operational balance sheet balanced by limited immediate re-rating catalysts.""}, {""model"": ""Simulated-AI-Macro-Tactical"", ""call"": ""hold"", ""target_price"": 101.0, ""thesis"": ""Balanced near-term catalysts recommend maintaining current position.""}]"
MC,2026-03-31,small_cap,0.574,0.75,0.31,53.08,4,"[{""model"": ""Simulated-AI-Momentum-Quant"", ""call"": ""sell"", ""target_price"": 47.65, ""thesis"": ""Persistent negative price trajectory (-18.3%) indicates structural distribution headwinds.""}, {""model"": ""Simulated-AI-Fundamental-Value"", ""call"": ""buy"", ""target_price"": 64.49, ""thesis"": ""Recent price softening provides an attractive risk-adjusted entry point against fundamental book value.""}, {""model"": ""Simulated-AI-Quality-Compounder"", ""call"": ""sell"", ""target_price"": 49.9, ""thesis"": ""Heightened earnings volatility and cyclical margin pressures elevate downside risk.""}, {""model"": ""Simulated-AI-Macro-Tactical"", ""call"": ""sell"", ""target_price"": 50.29, ""thesis"": ""Macro headwinds and declining momentum justify a defensive posture.""}]"
OII,2026-03-31,small_cap,0.4458,0.5,0.3645,35.09,4,"[{""model"": ""Simulated-AI-Momentum-Quant"", ""call"": ""buy"", ""target_price"": 40.69, ""thesis"": ""Strong upward medium-term momentum (+45.9%) signals continued institutional accumulation.""}, {""model"": ""Simulated-AI-Fundamental-Value"", ""call"": ""sell"", ""target_price"": 29.37, ""thesis"": ""Elevated multi-month valuation multiples leave little safety margin against forward earnings revisions.""}, {""model"": ""Simulated-AI-Quality-Compounder"", ""call"": ""sell"", ""target_price"": 31.27, ""thesis"": ""Heightened earnings volatility and cyclical margin pressures elevate downside risk.""}, {""model"": ""Simulated-AI-Macro-Tactical"", ""call"": ""buy"", ""target_price"": 39.02, ""thesis"": ""Positive operating execution and robust revenue traction support upside.""}]"
PRDO,2026-03-31,small_cap,0.5826,0.75,0.3314,38.76,4,"[{""model"": ""Simulated-AI-Momentum-Quant"", ""call"": ""buy"", ""target_price"": 42.16, ""thesis"": ""Strong upward medium-term momentum (+25.3%) signals continued institutional accumulation.""}, {""model"": ""Simulated-AI-Fundamental-Value"", ""call"": ""sell"", ""target_price"": 30.81, ""thesis"": ""Elevated multi-month valuation multiples leave little safety margin against forward earnings revisions.""}, {""model"": ""Simulated-AI-Quality-Compounder"", ""call"": ""buy"", ""target_price"": 41.53, ""thesis"": ""Stable financial profile and durable competitive moat support long-term compounding potential.""}, {""model"": ""Simulated-AI-Macro-Tactical"", ""call"": ""buy"", ""target_price"": 40.54, ""thesis"": ""Positive operating execution and robust revenue traction support upside.""}]"
SHOO,2026-03-31,small_cap,0.5726,0.75,0.3066,32.39,4,"[{""model"": ""Simulated-AI-Momentum-Quant"", ""call"": ""sell"", ""target_price"": 29.47, ""thesis"": ""Persistent negative price trajectory (-19.1%) indicates structural distribution headwinds.""}, {""model"": ""Simulated-AI-Fundamental-Value"", ""call"": ""buy"", ""target_price"": 39.5, ""thesis"": ""Recent price softening provides an attractive risk-adjusted entry point against fundamental book value.""}, {""model"": ""Simulated-AI-Quality-Compounder"", ""call"": ""sell"", ""target_price"": 30.22, ""thesis"": ""Heightened earnings volatility and cyclical margin pressures elevate downside risk.""}, {""model"": ""Simulated-AI-Macro-Tactical"", ""call"": ""sell"", ""target_price"": 30.38, ""thesis"": ""Macro headwinds and declining momentum justify a defensive posture.""}]"
SLVM,2026-03-31,small_cap,0.5767,0.75,0.3168,39.3,4,"[{""model"": ""Simulated-AI-Momentum-Quant"", ""call"": ""sell"", ""target_price"": 35.63, ""thesis"": ""Persistent negative price trajectory (-11.7%) indicates structural distribution headwinds.""}, {""model"": ""Simulated-AI-Fundamental-Value"", ""call"": ""buy"", ""target_price"": 47.59, ""thesis"": ""Recent price softening provides an attractive risk-adjusted entry point against fundamental book value.""}, {""model"": ""Simulated-AI-Quality-Compounder"", ""call"": ""sell"", ""target_price"": 36.79, ""thesis"": ""Heightened earnings volatility and cyclical margin pressures elevate downside risk.""}, {""model"": ""Simulated-AI-Macro-Tactical"", ""call"": ""sell"", ""target_price"": 37.18, ""thesis"": ""Macro headwinds and declining momentum justify a defensive posture.""}]"
AAPL,2026-06-30,large_cap,0.4251,0.5,0.3127,314.5,4,"[{""model"": ""Simulated-AI-Momentum-Quant"", ""call"": ""buy"", ""target_price"": 327.04, ""thesis"": ""Strong upward medium-term momentum (+14.1%) signals continued institutional accumulation.""}, {""model"": ""Simulated-AI-Fundamental-Value"", ""call"": ""hold"", ""target_price"": 294.55, ""thesis"": ""Fair valuation reflects balanced risk-reward relative to sector peers.""}, {""model"": ""Simulated-AI-Quality-Compounder"", ""call"": ""buy"", ""target_price"": 318.37, ""thesis"": ""Stable financial profile and durable competitive moat support long-term compounding potential.""}, {""model"": ""Simulated-AI-Macro-Tactical"", ""call"": ""hold"", ""target_price"": 318.02, ""thesis"": ""Positive operating execution and robust revenue traction support upside.""}]"
MSFT,2026-06-30,large_cap,0.4009,0.5,0.2523,406.51,4,"[{""model"": ""Simulated-AI-Momentum-Quant"", ""call"": ""buy"", ""target_price"": 426.53, ""thesis"": ""Strong upward medium-term momentum (+1.0%) signals continued institutional accumulation.""}, {""model"": ""Simulated-AI-Fundamental-Value"", ""call"": ""buy"", ""target_price"": 437.29, ""thesis"": ""Recent price softening provides an attractive risk-adjusted entry point against fundamental book value.""}, {""model"": ""Simulated-AI-Quality-Compounder"", ""call"": ""hold"", ""target_price"": 386.17, ""thesis"": ""Defensive operational balance sheet balanced by limited immediate re-rating catalysts.""}, {""model"": ""Simulated-AI-Macro-Tactical"", ""call"": ""hold"", ""target_price"": 376.04, ""thesis"": ""Balanced near-term catalysts recommend maintaining current position.""}]"
NVDA,2026-06-30,large_cap,0.4123,0.5,0.2808,205.46,4,"[{""model"": ""Simulated-AI-Momentum-Quant"", ""call"": ""buy"", ""target_price"": 231.05, ""thesis"": ""Strong upward medium-term momentum (+14.9%) signals continued institutional accumulation.""}, {""model"": ""Simulated-AI-Fundamental-Value"", ""call"": ""sell"", ""target_price"": 165.39, ""thesis"": ""Elevated multi-month valuation multiples leave little safety margin against forward earnings revisions.""}, {""model"": ""Simulated-AI-Quality-Compounder"", ""call"": ""hold"", ""target_price"": 205.55, ""thesis"": ""Defensive operational balance sheet balanced by limited immediate re-rating catalysts.""}, {""model"": ""Simulated-AI-Macro-Tactical"", ""call"": ""hold"", ""target_price"": 219.86, ""thesis"": ""Positive operating execution and robust revenue traction support upside.""}]"
AMZN,2026-06-30,large_cap,0.4448,0.5,0.362,234.76,4,"[{""model"": ""Simulated-AI-Momentum-Quant"", ""call"": ""buy"", ""target_price"": 267.51, ""thesis"": ""Strong upward medium-term momentum (+14.4%) signals continued institutional accumulation.""}, {""model"": ""Simulated-AI-Fundamental-Value"", ""call"": ""sell"", ""target_price"": 200.8, ""thesis"": ""Elevated multi-month valuation multiples leave little safety margin against forward earnings revisions.""}, {""model"": ""Simulated-AI-Quality-Compounder"", ""call"": ""sell"", ""target_price"": 208.55, ""thesis"": ""Heightened earnings volatility and cyclical margin pressures elevate downside risk.""}, {""model"": ""Simulated-AI-Macro-Tactical"", ""call"": ""buy"", ""target_price"": 262.17, ""thesis"": ""Positive operating execution and robust revenue traction support upside.""}]"
GOOGL,2026-06-30,large_cap,0.433,0.5,0.3326,375.86,4,"[{""model"": ""Simulated-AI-Momentum-Quant"", ""call"": ""buy"", ""target_price"": 412.85, ""thesis"": ""Strong upward medium-term momentum (+24.4%) signals continued institutional accumulation.""}, {""model"": ""Simulated-AI-Fundamental-Value"", ""call"": ""sell"", ""target_price"": 295.89, ""thesis"": ""Elevated multi-month valuation multiples leave little safety margin against forward earnings revisions.""}, {""model"": ""Simulated-AI-Quality-Compounder"", ""call"": ""buy"", ""target_price"": 401.85, ""thesis"": ""Stable financial profile and durable competitive moat support long-term compounding potential.""}, {""model"": ""Simulated-AI-Macro-Tactical"", ""call"": ""hold"", ""target_price"": 392.85, ""thesis"": ""Positive operating execution and robust revenue traction support upside.""}]"
META,2026-06-30,large_cap,0.5491,0.75,0.2477,548.59,4,"[{""model"": ""Simulated-AI-Momentum-Quant"", ""call"": ""sell"", ""target_price"": 475.42, ""thesis"": ""Persistent negative price trajectory (-1.5%) indicates structural distribution headwinds.""}, {""model"": ""Simulated-AI-Fundamental-Value"", ""call"": ""hold"", ""target_price"": 561.94, ""thesis"": ""Fair valuation reflects balanced risk-reward relative to sector peers.""}, {""model"": ""Simulated-AI-Quality-Compounder"", ""call"": ""hold"", ""target_price"": 588.07, ""thesis"": ""Defensive operational balance sheet balanced by limited immediate re-rating catalysts.""}, {""model"": ""Simulated-AI-Macro-Tactical"", ""call"": ""hold"", ""target_price"": 568.92, ""thesis"": ""Balanced near-term catalysts recommend maintaining current position.""}]"
BRK-B,2026-06-30,large_cap,0.5539,0.75,0.2599,517.46,4,"[{""model"": ""Simulated-AI-Momentum-Quant"", ""call"": ""hold"", ""target_price"": 501.14, ""thesis"": ""Consolidating trading range warrants a neutral rating until breakout confirmation.""}, {""model"": ""Simulated-AI-Fundamental-Value"", ""call"": ""hold"", ""target_price"": 505.39, ""thesis"": ""Fair valuation reflects balanced risk-reward relative to sector peers.""}, {""model"": ""Simulated-AI-Quality-Compounder"", ""call"": ""buy"", ""target_price"": 557.93, ""thesis"": ""Stable financial profile and durable competitive moat support long-term compounding potential.""}, {""model"": ""Simulated-AI-Macro-Tactical"", ""call"": ""hold"", ""target_price"": 505.39, ""thesis"": ""Balanced near-term catalysts recommend maintaining current position.""}]"
JPM,2026-06-30,large_cap,0.433,0.5,0.3325,342.14,4,"[{""model"": ""Simulated-AI-Momentum-Quant"", ""call"": ""buy"", ""target_price"": 376.95, ""thesis"": ""Strong upward medium-term momentum (+11.8%) signals continued institutional accumulation.""}, {""model"": ""Simulated-AI-Fundamental-Value"", ""call"": ""sell"", ""target_price"": 274.54, ""thesis"": ""Elevated multi-month valuation multiples leave little safety margin against forward earnings revisions.""}, {""model"": ""Simulated-AI-Quality-Compounder"", ""call"": ""buy"", ""target_price"": 358.64, ""thesis"": ""Stable financial profile and durable competitive moat support long-term compounding potential.""}, {""model"": ""Simulated-AI-Macro-Tactical"", ""call"": ""hold"", ""target_price"": 358.45, ""thesis"": ""Positive operating execution and robust revenue traction support upside.""}]"
V,2026-06-30,large_cap,0.412,0.5,0.2799,351.25,4,"[{""model"": ""Simulated-AI-Momentum-Quant"", ""call"": ""buy"", ""target_price"": 385.46, ""thesis"": ""Strong upward medium-term momentum (+13.8%) signals continued institutional accumulation.""}, {""model"": ""Simulated-AI-Fundamental-Value"", ""call"": ""sell"", ""target_price"": 290.4, ""thesis"": ""Elevated multi-month valuation multiples leave little safety margin against forward earnings revisions.""}, {""model"": ""Simulated-AI-Quality-Compounder"", ""call"": ""hold"", ""target_price"": 352.45, ""thesis"": ""Defensive operational balance sheet balanced by limited immediate re-rating catalysts.""}, {""model"": ""Simulated-AI-Macro-Tactical"", ""call"": ""hold"", ""target_price"": 376.69, ""thesis"": ""Positive operating execution and robust revenue traction support upside.""}]"
LLY,2026-06-30,large_cap,0.5834,0.75,0.3334,1257.53,4,"[{""model"": ""Simulated-AI-Momentum-Quant"", ""call"": ""buy"", ""target_price"": 1389.34, ""thesis"": ""Strong upward medium-term momentum (+30.6%) signals continued institutional accumulation.""}, {""model"": ""Simulated-AI-Fundamental-Value"", ""call"": ""sell"", ""target_price"": 989.31, ""thesis"": ""Elevated multi-month valuation multiples leave little safety margin against forward earnings revisions.""}, {""model"": ""Simulated-AI-Quality-Compounder"", ""call"": ""buy"", ""target_price"": 1334.01, ""thesis"": ""Stable financial profile and durable competitive moat support long-term compounding potential.""}, {""model"": ""Simulated-AI-Macro-Tactical"", ""call"": ""buy"", ""target_price"": 1317.48, ""thesis"": ""Positive operating execution and robust revenue traction support upside.""}]"
UNH,2026-06-30,large_cap,0.5832,0.75,0.3329,432.54,4,"[{""model"": ""Simulated-AI-Momentum-Quant"", ""call"": ""buy"", ""target_price"": 466.84, ""thesis"": ""Strong upward medium-term momentum (+54.5%) signals continued institutional accumulation.""}, {""model"": ""Simulated-AI-Fundamental-Value"", ""call"": ""sell"", ""target_price"": 347.67, ""thesis"": ""Elevated multi-month valuation multiples leave little safety margin against forward earnings revisions.""}, {""model"": ""Simulated-AI-Quality-Compounder"", ""call"": ""buy"", ""target_price"": 458.44, ""thesis"": ""Stable financial profile and durable competitive moat support long-term compounding potential.""}, {""model"": ""Simulated-AI-Macro-Tactical"", ""call"": ""buy"", ""target_price"": 457.19, ""thesis"": ""Positive operating execution and robust revenue traction support upside.""}]"
XOM,2026-06-30,large_cap,0.5746,0.75,0.3115,129.51,4,"[{""model"": ""Simulated-AI-Momentum-Quant"", ""call"": ""sell"", ""target_price"": 118.67, ""thesis"": ""Persistent negative price trajectory (-18.9%) indicates structural distribution headwinds.""}, {""model"": ""Simulated-AI-Fundamental-Value"", ""call"": ""buy"", ""target_price"": 156.62, ""thesis"": ""Recent price softening provides an attractive risk-adjusted entry point against fundamental book value.""}, {""model"": ""Simulated-AI-Quality-Compounder"", ""call"": ""sell"", ""target_price"": 120.49, ""thesis"": ""Heightened earnings volatility and cyclical margin pressures elevate downside risk.""}, {""model"": ""Simulated-AI-Macro-Tactical"", ""call"": ""sell"", ""target_price"": 122.26, ""thesis"": ""Macro headwinds and declining momentum justify a defensive posture.""}]"
JNJ,2026-06-30,large_cap,0.4156,0.5,0.2889,259.01,4,"[{""model"": ""Simulated-AI-Momentum-Quant"", ""call"": ""buy"", ""target_price"": 283.65, ""thesis"": ""Strong upward medium-term momentum (+4.5%) signals continued institutional accumulation.""}, {""model"": ""Simulated-AI-Fundamental-Value"", ""call"": ""sell"", ""target_price"": 212.16, ""thesis"": ""Elevated multi-month valuation multiples leave little safety margin against forward earnings revisions.""}, {""model"": ""Simulated-AI-Quality-Compounder"", ""call"": ""buy"", ""target_price"": 284.97, ""thesis"": ""Stable financial profile and durable competitive moat support long-term compounding potential.""}, {""model"": ""Simulated-AI-Macro-Tactical"", ""call"": ""hold"", ""target_price"": 255.25, ""thesis"": ""Balanced near-term catalysts recommend maintaining current position.""}]"
PG,2026-06-30,large_cap,0.4117,0.5,0.2792,135.28,4,"[{""model"": ""Simulated-AI-Momentum-Quant"", ""call"": ""sell"", ""target_price"": 122.26, ""thesis"": ""Persistent negative price trajectory (+2.3%) indicates structural distribution headwinds.""}, {""model"": ""Simulated-AI-Fundamental-Value"", ""call"": ""sell"", ""target_price"": 121.9, ""thesis"": ""Elevated multi-month valuation multiples leave little safety margin against forward earnings revisions.""}, {""model"": ""Simulated-AI-Quality-Compounder"", ""call"": ""hold"", ""target_price"": 149.97, ""thesis"": ""Defensive operational balance sheet balanced by limited immediate re-rating catalysts.""}, {""model"": ""Simulated-AI-Macro-Tactical"", ""call"": ""hold"", ""target_price"": 147.01, ""thesis"": ""Balanced near-term catalysts recommend maintaining current position.""}]"
HD,2026-06-30,large_cap,0.4062,0.5,0.2654,372.47,4,"[{""model"": ""Simulated-AI-Momentum-Quant"", ""call"": ""buy"", ""target_price"": 392.11, ""thesis"": ""Strong upward medium-term momentum (+8.0%) signals continued institutional accumulation.""}, {""model"": ""Simulated-AI-Fundamental-Value"", ""call"": ""hold"", ""target_price"": 351.5, ""thesis"": ""Fair valuation reflects balanced risk-reward relative to sector peers.""}, {""model"": ""Simulated-AI-Quality-Compounder"", ""call"": ""hold"", ""target_price"": 361.16, ""thesis"": ""Defensive operational balance sheet balanced by limited immediate re-rating catalysts.""}, {""model"": ""Simulated-AI-Macro-Tactical"", ""call"": ""buy"", ""target_price"": 385.11, ""thesis"": ""Positive operating execution and robust revenue traction support upside.""}]"
MA,2026-06-30,large_cap,0.4014,0.5,0.2536,546.92,4,"[{""model"": ""Simulated-AI-Momentum-Quant"", ""call"": ""buy"", ""target_price"": 591.5, ""thesis"": ""Strong upward medium-term momentum (+3.0%) signals continued institutional accumulation.""}, {""model"": ""Simulated-AI-Fundamental-Value"", ""call"": ""hold"", ""target_price"": 513.36, ""thesis"": ""Fair valuation reflects balanced risk-reward relative to sector peers.""}, {""model"": ""Simulated-AI-Quality-Compounder"", ""call"": ""buy"", ""target_price"": 564.94, ""thesis"": ""Stable financial profile and durable competitive moat support long-term compounding potential.""}, {""model"": ""Simulated-AI-Macro-Tactical"", ""call"": ""hold"", ""target_price"": 517.87, ""thesis"": ""Balanced near-term catalysts recommend maintaining current position.""}]"
COST,2026-06-30,large_cap,0.4114,0.5,0.2784,927.79,4,"[{""model"": ""Simulated-AI-Momentum-Quant"", ""call"": ""hold"", ""target_price"": 967.14, ""thesis"": ""Consolidating trading range warrants a neutral rating until breakout confirmation.""}, {""model"": ""Simulated-AI-Fundamental-Value"", ""call"": ""buy"", ""target_price"": 1085.75, ""thesis"": ""Recent price softening provides an attractive risk-adjusted entry point against fundamental book value.""}, {""model"": ""Simulated-AI-Quality-Compounder"", ""call"": ""sell"", ""target_price"": 817.7, ""thesis"": ""Heightened earnings volatility and cyclical margin pressures elevate downside risk.""}, {""model"": ""Simulated-AI-Macro-Tactical"", ""call"": ""sell"", ""target_price"": 840.58, ""thesis"": ""Macro headwinds and declining momentum justify a defensive posture.""}]"
ABBV,2026-06-30,large_cap,0.5827,0.75,0.3318,262.79,4,"[{""model"": ""Simulated-AI-Momentum-Quant"", ""call"": ""buy"", ""target_price"": 289.44, ""thesis"": ""Strong upward medium-term momentum (+16.7%) signals continued institutional accumulation.""}, {""model"": ""Simulated-AI-Fundamental-Value"", ""call"": ""sell"", ""target_price"": 208.13, ""thesis"": ""Elevated multi-month valuation multiples leave little safety margin against forward earnings revisions.""}, {""model"": ""Simulated-AI-Quality-Compounder"", ""call"": ""buy"", ""target_price"": 278.74, ""thesis"": ""Stable financial profile and durable competitive moat support long-term compounding potential.""}, {""model"": ""Simulated-AI-Macro-Tactical"", ""call"": ""buy"", ""target_price"": 274.85, ""thesis"": ""Positive operating execution and robust revenue traction support upside.""}]"
MRK,2026-06-30,large_cap,0.5834,0.75,0.3334,134.18,4,"[{""model"": ""Simulated-AI-Momentum-Quant"", ""call"": ""buy"", ""target_price"": 145.15, ""thesis"": ""Strong upward medium-term momentum (+7.6%) signals continued institutional accumulation.""}, {""model"": ""Simulated-AI-Fundamental-Value"", ""call"": ""sell"", ""target_price"": 108.39, ""thesis"": ""Elevated multi-month valuation multiples leave little safety margin against forward earnings revisions.""}, {""model"": ""Simulated-AI-Quality-Compounder"", ""call"": ""buy"", ""target_price"": 141.81, ""thesis"": ""Stable financial profile and durable competitive moat support long-term compounding potential.""}, {""model"": ""Simulated-AI-Macro-Tactical"", ""call"": ""buy"", ""target_price"": 141.35, ""thesis"": ""Positive operating execution and robust revenue traction support upside.""}]"
BAC,2026-06-30,large_cap,0.4128,0.5,0.2819,58.5,4,"[{""model"": ""Simulated-AI-Momentum-Quant"", ""call"": ""buy"", ""target_price"": 65.44, ""thesis"": ""Strong upward medium-term momentum (+17.5%) signals continued institutional accumulation.""}, {""model"": ""Simulated-AI-Fundamental-Value"", ""call"": ""sell"", ""target_price"": 47.68, ""thesis"": ""Elevated multi-month valuation multiples leave little safety margin against forward earnings revisions.""}, {""model"": ""Simulated-AI-Quality-Compounder"", ""call"": ""hold"", ""target_price"": 58.53, ""thesis"": ""Defensive operational balance sheet balanced by limited immediate re-rating catalysts.""}, {""model"": ""Simulated-AI-Macro-Tactical"", ""call"": ""buy"", ""target_price"": 62.36, ""thesis"": ""Positive operating execution and robust revenue traction support upside.""}]"
CVX,2026-06-30,large_cap,0.5729,0.75,0.3072,156.28,4,"[{""model"": ""Simulated-AI-Momentum-Quant"", ""call"": ""sell"", ""target_price"": 139.61, ""thesis"": ""Persistent negative price trajectory (-19.2%) indicates structural distribution headwinds.""}, {""model"": ""Simulated-AI-Fundamental-Value"", ""call"": ""buy"", ""target_price"": 191.44, ""thesis"": ""Recent price softening provides an attractive risk-adjusted entry point against fundamental book value.""}, {""model"": ""Simulated-AI-Quality-Compounder"", ""call"": ""sell"", ""target_price"": 146.17, ""thesis"": ""Heightened earnings volatility and cyclical margin pressures elevate downside risk.""}, {""model"": ""Simulated-AI-Macro-Tactical"", ""call"": ""sell"", ""target_price"": 147.9, ""thesis"": ""Macro headwinds and declining momentum justify a defensive posture.""}]"
CRM,2026-06-30,large_cap,0.5754,0.75,0.3136,150.0,4,"[{""model"": ""Simulated-AI-Momentum-Quant"", ""call"": ""sell"", ""target_price"": 136.98, ""thesis"": ""Persistent negative price trajectory (-15.6%) indicates structural distribution headwinds.""}, {""model"": ""Simulated-AI-Fundamental-Value"", ""call"": ""buy"", ""target_price"": 181.1, ""thesis"": ""Recent price softening provides an attractive risk-adjusted entry point against fundamental book value.""}, {""model"": ""Simulated-AI-Quality-Compounder"", ""call"": ""sell"", ""target_price"": 140.92, ""thesis"": ""Heightened earnings volatility and cyclical margin pressures elevate downside risk.""}, {""model"": ""Simulated-AI-Macro-Tactical"", ""call"": ""sell"", ""target_price"": 140.99, ""thesis"": ""Macro headwinds and declining momentum justify a defensive posture.""}]"
NFLX,2026-06-30,large_cap,0.4269,0.5,0.3172,68.14,4,"[{""model"": ""Simulated-AI-Momentum-Quant"", ""call"": ""sell"", ""target_price"": 61.92, ""thesis"": ""Persistent negative price trajectory (-25.7%) indicates structural distribution headwinds.""}, {""model"": ""Simulated-AI-Fundamental-Value"", ""call"": ""buy"", ""target_price"": 82.61, ""thesis"": ""Recent price softening provides an attractive risk-adjusted entry point against fundamental book value.""}, {""model"": ""Simulated-AI-Quality-Compounder"", ""call"": ""sell"", ""target_price"": 63.76, ""thesis"": ""Heightened earnings volatility and cyclical margin pressures elevate downside risk.""}, {""model"": ""Simulated-AI-Macro-Tactical"", ""call"": ""hold"", ""target_price"": 64.26, ""thesis"": ""Macro headwinds and declining momentum justify a defensive posture.""}]"
AMD,2026-06-30,large_cap,0.4132,0.5,0.283,595.14,4,"[{""model"": ""Simulated-AI-Momentum-Quant"", ""call"": ""buy"", ""target_price"": 659.91, ""thesis"": ""Strong upward medium-term momentum (+185.6%) signals continued institutional accumulation.""}, {""model"": ""Simulated-AI-Fundamental-Value"", ""call"": ""sell"", ""target_price"": 483.32, ""thesis"": ""Elevated multi-month valuation multiples leave little safety margin against forward earnings revisions.""}, {""model"": ""Simulated-AI-Quality-Compounder"", ""call"": ""hold"", ""target_price"": 598.34, ""thesis"": ""Defensive operational balance sheet balanced by limited immediate re-rating catalysts.""}, {""model"": ""Simulated-AI-Macro-Tactical"", ""call"": ""hold"", ""target_price"": 639.0, ""thesis"": ""Positive operating execution and robust revenue traction support upside.""}]"
PEP,2026-06-30,large_cap,0.4263,0.5,0.3158,127.94,4,"[{""model"": ""Simulated-AI-Momentum-Quant"", ""call"": ""sell"", ""target_price"": 116.61, ""thesis"": ""Persistent negative price trajectory (-11.9%) indicates structural distribution headwinds.""}, {""model"": ""Simulated-AI-Fundamental-Value"", ""call"": ""buy"", ""target_price"": 157.21, ""thesis"": ""Recent price softening provides an attractive risk-adjusted entry point against fundamental book value.""}, {""model"": ""Simulated-AI-Quality-Compounder"", ""call"": ""sell"", ""target_price"": 117.36, ""thesis"": ""Heightened earnings volatility and cyclical margin pressures elevate downside risk.""}, {""model"": ""Simulated-AI-Macro-Tactical"", ""call"": ""hold"", ""target_price"": 120.57, ""thesis"": ""Macro headwinds and declining momentum justify a defensive posture.""}]"
KO,2026-06-30,large_cap,0.4123,0.5,0.2806,83.55,4,"[{""model"": ""Simulated-AI-Momentum-Quant"", ""call"": ""buy"", ""target_price"": 92.52, ""thesis"": ""Strong upward medium-term momentum (+7.6%) signals continued institutional accumulation.""}, {""model"": ""Simulated-AI-Fundamental-Value"", ""call"": ""sell"", ""target_price"": 68.39, ""thesis"": ""Elevated multi-month valuation multiples leave little safety margin against forward earnings revisions.""}, {""model"": ""Simulated-AI-Quality-Compounder"", ""call"": ""hold"", ""target_price"": 83.87, ""thesis"": ""Defensive operational balance sheet balanced by limited immediate re-rating catalysts.""}, {""model"": ""Simulated-AI-Macro-Tactical"", ""call"": ""hold"", ""target_price"": 89.4, ""thesis"": ""Positive operating execution and robust revenue traction support upside.""}]"
TMO,2026-06-30,large_cap,0.4153,0.5,0.2882,538.86,4,"[{""model"": ""Simulated-AI-Momentum-Quant"", ""call"": ""hold"", ""target_price"": 508.38, ""thesis"": ""Consolidating trading range warrants a neutral rating until breakout confirmation.""}, {""model"": ""Simulated-AI-Fundamental-Value"", ""call"": ""buy"", ""target_price"": 587.09, ""thesis"": ""Recent price softening provides an attractive risk-adjusted entry point against fundamental book value.""}, {""model"": ""Simulated-AI-Quality-Compounder"", ""call"": ""buy"", ""target_price"": 553.6, ""thesis"": ""Stable financial profile and durable competitive moat support long-term compounding potential.""}, {""model"": ""Simulated-AI-Macro-Tactical"", ""call"": ""hold"", ""target_price"": 506.37, ""thesis"": ""Balanced near-term catalysts recommend maintaining current position.""}]"
WMT,2026-06-30,large_cap,0.4042,0.5,0.2606,112.01,4,"[{""model"": ""Simulated-AI-Momentum-Quant"", ""call"": ""sell"", ""target_price"": 96.18, ""thesis"": ""Persistent negative price trajectory (-8.7%) indicates structural distribution headwinds.""}, {""model"": ""Simulated-AI-Fundamental-Value"", ""call"": ""buy"", ""target_price"": 132.2, ""thesis"": ""Recent price softening provides an attractive risk-adjusted entry point against fundamental book value.""}, {""model"": ""Simulated-AI-Quality-Compounder"", ""call"": ""hold"", ""target_price"": 117.96, ""thesis"": ""Defensive operational balance sheet balanced by limited immediate re-rating catalysts.""}, {""model"": ""Simulated-AI-Macro-Tactical"", ""call"": ""hold"", ""target_price"": 101.69, ""thesis"": ""Macro headwinds and declining momentum justify a defensive posture.""}]"
MCD,2026-06-30,large_cap,0.5661,0.75,0.2901,241.88,4,"[{""model"": ""Simulated-AI-Momentum-Quant"", ""call"": ""sell"", ""target_price"": 226.74, ""thesis"": ""Persistent negative price trajectory (-12.4%) indicates structural distribution headwinds.""}, {""model"": ""Simulated-AI-Fundamental-Value"", ""call"": ""hold"", ""target_price"": 263.68, ""thesis"": ""Fair valuation reflects balanced risk-reward relative to sector peers.""}, {""model"": ""Simulated-AI-Quality-Compounder"", ""call"": ""sell"", ""target_price"": 235.52, ""thesis"": ""Heightened earnings volatility and cyclical margin pressures elevate downside risk.""}, {""model"": ""Simulated-AI-Macro-Tactical"", ""call"": ""sell"", ""target_price"": 241.56, ""thesis"": ""Macro headwinds and declining momentum justify a defensive posture.""}]"
CSCO,2026-06-30,large_cap,0.4432,0.5,0.3581,115.67,4,"[{""model"": ""Simulated-AI-Momentum-Quant"", ""call"": ""buy"", ""target_price"": 133.68, ""thesis"": ""Strong upward medium-term momentum (+52.2%) signals continued institutional accumulation.""}, {""model"": ""Simulated-AI-Fundamental-Value"", ""call"": ""sell"", ""target_price"": 96.89, ""thesis"": ""Elevated multi-month valuation multiples leave little safety margin against forward earnings revisions.""}, {""model"": ""Simulated-AI-Quality-Compounder"", ""call"": ""sell"", ""target_price"": 103.39, ""thesis"": ""Heightened earnings volatility and cyclical margin pressures elevate downside risk.""}, {""model"": ""Simulated-AI-Macro-Tactical"", ""call"": ""hold"", ""target_price"": 128.72, ""thesis"": ""Positive operating execution and robust revenue traction support upside.""}]"
KNSL,2026-06-30,small_cap,0.4083,0.5,0.2709,308.24,4,"[{""model"": ""Simulated-AI-Momentum-Quant"", ""call"": ""sell"", ""target_price"": 279.23, ""thesis"": ""Persistent negative price trajectory (-3.4%) indicates structural distribution headwinds.""}, {""model"": ""Simulated-AI-Fundamental-Value"", ""call"": ""sell"", ""target_price"": 273.56, ""thesis"": ""Elevated multi-month valuation multiples leave little safety margin against forward earnings revisions.""}, {""model"": ""Simulated-AI-Quality-Compounder"", ""call"": ""hold"", ""target_price"": 347.26, ""thesis"": ""Defensive operational balance sheet balanced by limited immediate re-rating catalysts.""}, {""model"": ""Simulated-AI-Macro-Tactical"", ""call"": ""hold"", ""target_price"": 332.89, ""thesis"": ""Balanced near-term catalysts recommend maintaining current position.""}]"
SAIA,2026-06-30,small_cap,0.5828,0.75,0.332,437.7,4,"[{""model"": ""Simulated-AI-Momentum-Quant"", ""call"": ""buy"", ""target_price"": 472.04, ""thesis"": ""Strong upward medium-term momentum (+19.9%) signals continued institutional accumulation.""}, {""model"": ""Simulated-AI-Fundamental-Value"", ""call"": ""sell"", ""target_price"": 350.19, ""thesis"": ""Elevated multi-month valuation multiples leave little safety margin against forward earnings revisions.""}, {""model"": ""Simulated-AI-Quality-Compounder"", ""call"": ""buy"", ""target_price"": 465.3, ""thesis"": ""Stable financial profile and durable competitive moat support long-term compounding potential.""}, {""model"": ""Simulated-AI-Macro-Tactical"", ""call"": ""buy"", ""target_price"": 463.28, ""thesis"": ""Positive operating execution and robust revenue traction support upside.""}]"
MEDP,2026-06-30,small_cap,0.425,0.5,0.3125,546.33,4,"[{""model"": ""Simulated-AI-Momentum-Quant"", ""call"": ""buy"", ""target_price"": 596.95, ""thesis"": ""Strong upward medium-term momentum (+10.3%) signals continued institutional accumulation.""}, {""model"": ""Simulated-AI-Fundamental-Value"", ""call"": ""hold"", ""target_price"": 539.76, ""thesis"": ""Fair valuation reflects balanced risk-reward relative to sector peers.""}, {""model"": ""Simulated-AI-Quality-Compounder"", ""call"": ""sell"", ""target_price"": 466.04, ""thesis"": ""Heightened earnings volatility and cyclical margin pressures elevate downside risk.""}, {""model"": ""Simulated-AI-Macro-Tactical"", ""call"": ""buy"", ""target_price"": 582.55, ""thesis"": ""Positive operating execution and robust revenue traction support upside.""}]"
SSD,2026-06-30,small_cap,0.4323,0.5,0.3308,218.72,4,"[{""model"": ""Simulated-AI-Momentum-Quant"", ""call"": ""buy"", ""target_price"": 236.47, ""thesis"": ""Strong upward medium-term momentum (+22.2%) signals continued institutional accumulation.""}, {""model"": ""Simulated-AI-Fundamental-Value"", ""call"": ""sell"", ""target_price"": 177.16, ""thesis"": ""Elevated multi-month valuation multiples leave little safety margin against forward earnings revisions.""}, {""model"": ""Simulated-AI-Quality-Compounder"", ""call"": ""buy"", ""target_price"": 231.32, ""thesis"": ""Stable financial profile and durable competitive moat support long-term compounding potential.""}, {""model"": ""Simulated-AI-Macro-Tactical"", ""call"": ""hold"", ""target_price"": 229.94, ""thesis"": ""Positive operating execution and robust revenue traction support upside.""}]"
EXPO,2026-06-30,small_cap,0.4037,0.5,0.2592,57.94,4,"[{""model"": ""Simulated-AI-Momentum-Quant"", ""call"": ""sell"", ""target_price"": 50.45, ""thesis"": ""Persistent negative price trajectory (-9.5%) indicates structural distribution headwinds.""}, {""model"": ""Simulated-AI-Fundamental-Value"", ""call"": ""buy"", ""target_price"": 68.53, ""thesis"": ""Recent price softening provides an attractive risk-adjusted entry point against fundamental book value.""}, {""model"": ""Simulated-AI-Quality-Compounder"", ""call"": ""hold"", ""target_price"": 60.14, ""thesis"": ""Defensive operational balance sheet balanced by limited immediate re-rating catalysts.""}, {""model"": ""Simulated-AI-Macro-Tactical"", ""call"": ""sell"", ""target_price"": 52.65, ""thesis"": ""Macro headwinds and declining momentum justify a defensive posture.""}]"
FORM,2026-06-30,small_cap,0.5835,0.75,0.3338,167.55,4,"[{""model"": ""Simulated-AI-Momentum-Quant"", ""call"": ""buy"", ""target_price"": 179.89, ""thesis"": ""Strong upward medium-term momentum (+64.9%) signals continued institutional accumulation.""}, {""model"": ""Simulated-AI-Fundamental-Value"", ""call"": ""sell"", ""target_price"": 135.78, ""thesis"": ""Elevated multi-month valuation multiples leave little safety margin against forward earnings revisions.""}, {""model"": ""Simulated-AI-Quality-Compounder"", ""call"": ""buy"", ""target_price"": 178.61, ""thesis"": ""Stable financial profile and durable competitive moat support long-term compounding potential.""}, {""model"": ""Simulated-AI-Macro-Tactical"", ""call"": ""buy"", ""target_price"": 175.92, ""thesis"": ""Positive operating execution and robust revenue traction support upside.""}]"
CRVL,2026-06-30,small_cap,0.5832,0.75,0.333,65.5,4,"[{""model"": ""Simulated-AI-Momentum-Quant"", ""call"": ""buy"", ""target_price"": 71.97, ""thesis"": ""Strong upward medium-term momentum (+14.4%) signals continued institutional accumulation.""}, {""model"": ""Simulated-AI-Fundamental-Value"", ""call"": ""sell"", ""target_price"": 52.36, ""thesis"": ""Elevated multi-month valuation multiples leave little safety margin against forward earnings revisions.""}, {""model"": ""Simulated-AI-Quality-Compounder"", ""call"": ""buy"", ""target_price"": 68.92, ""thesis"": ""Stable financial profile and durable competitive moat support long-term compounding potential.""}, {""model"": ""Simulated-AI-Macro-Tactical"", ""call"": ""buy"", ""target_price"": 68.77, ""thesis"": ""Positive operating execution and robust revenue traction support upside.""}]"
TKR,2026-06-30,small_cap,0.5834,0.75,0.3336,151.23,4,"[{""model"": ""Simulated-AI-Momentum-Quant"", ""call"": ""buy"", ""target_price"": 164.64, ""thesis"": ""Strong upward medium-term momentum (+45.0%) signals continued institutional accumulation.""}, {""model"": ""Simulated-AI-Fundamental-Value"", ""call"": ""sell"", ""target_price"": 119.86, ""thesis"": ""Elevated multi-month valuation multiples leave little safety margin against forward earnings revisions.""}, {""model"": ""Simulated-AI-Quality-Compounder"", ""call"": ""buy"", ""target_price"": 160.99, ""thesis"": ""Stable financial profile and durable competitive moat support long-term compounding potential.""}, {""model"": ""Simulated-AI-Macro-Tactical"", ""call"": ""buy"", ""target_price"": 159.42, ""thesis"": ""Positive operating execution and robust revenue traction support upside.""}]"
POWI,2026-06-30,small_cap,0.5831,0.75,0.3328,87.39,4,"[{""model"": ""Simulated-AI-Momentum-Quant"", ""call"": ""buy"", ""target_price"": 95.82, ""thesis"": ""Strong upward medium-term momentum (+64.0%) signals continued institutional accumulation.""}, {""model"": ""Simulated-AI-Fundamental-Value"", ""call"": ""sell"", ""target_price"": 69.19, ""thesis"": ""Elevated multi-month valuation multiples leave little safety margin against forward earnings revisions.""}, {""model"": ""Simulated-AI-Quality-Compounder"", ""call"": ""buy"", ""target_price"": 92.8, ""thesis"": ""Stable financial profile and durable competitive moat support long-term compounding potential.""}, {""model"": ""Simulated-AI-Macro-Tactical"", ""call"": ""buy"", ""target_price"": 91.75, ""thesis"": ""Positive operating execution and robust revenue traction support upside.""}]"
CALM,2026-06-30,small_cap,0.4229,0.5,0.3071,80.1,4,"[{""model"": ""Simulated-AI-Momentum-Quant"", ""call"": ""hold"", ""target_price"": 82.25, ""thesis"": ""Consolidating trading range warrants a neutral rating until breakout confirmation.""}, {""model"": ""Simulated-AI-Fundamental-Value"", ""call"": ""sell"", ""target_price"": 66.62, ""thesis"": ""Elevated multi-month valuation multiples leave little safety margin against forward earnings revisions.""}, {""model"": ""Simulated-AI-Quality-Compounder"", ""call"": ""buy"", ""target_price"": 90.16, ""thesis"": ""Stable financial profile and durable competitive moat support long-term compounding potential.""}, {""model"": ""Simulated-AI-Macro-Tactical"", ""call"": ""hold"", ""target_price"": 81.37, ""thesis"": ""Balanced near-term catalysts recommend maintaining current position.""}]"
PLUS,2026-06-30,small_cap,0.4135,0.5,0.2838,84.75,4,"[{""model"": ""Simulated-AI-Momentum-Quant"", ""call"": ""buy"", ""target_price"": 93.79, ""thesis"": ""Strong upward medium-term momentum (+11.0%) signals continued institutional accumulation.""}, {""model"": ""Simulated-AI-Fundamental-Value"", ""call"": ""sell"", ""target_price"": 68.49, ""thesis"": ""Elevated multi-month valuation multiples leave little safety margin against forward earnings revisions.""}, {""model"": ""Simulated-AI-Quality-Compounder"", ""call"": ""hold"", ""target_price"": 85.43, ""thesis"": ""Defensive operational balance sheet balanced by limited immediate re-rating catalysts.""}, {""model"": ""Simulated-AI-Macro-Tactical"", ""call"": ""buy"", ""target_price"": 91.27, ""thesis"": ""Positive operating execution and robust revenue traction support upside.""}]"
FSS,2026-06-30,small_cap,0.5825,0.75,0.3312,133.38,4,"[{""model"": ""Simulated-AI-Momentum-Quant"", ""call"": ""buy"", ""target_price"": 143.93, ""thesis"": ""Strong upward medium-term momentum (+19.0%) signals continued institutional accumulation.""}, {""model"": ""Simulated-AI-Fundamental-Value"", ""call"": ""sell"", ""target_price"": 106.19, ""thesis"": ""Elevated multi-month valuation multiples leave little safety margin against forward earnings revisions.""}, {""model"": ""Simulated-AI-Quality-Compounder"", ""call"": ""buy"", ""target_price"": 142.24, ""thesis"": ""Stable financial profile and durable competitive moat support long-term compounding potential.""}, {""model"": ""Simulated-AI-Macro-Tactical"", ""call"": ""buy"", ""target_price"": 141.16, ""thesis"": ""Positive operating execution and robust revenue traction support upside.""}]"
AMWD,2026-06-30,small_cap,0.5487,0.75,0.2469,105.29,4,"[{""model"": ""Simulated-AI-Momentum-Quant"", ""call"": ""buy"", ""target_price"": 115.76, ""thesis"": ""Strong upward medium-term momentum (+0.0%) signals continued institutional accumulation.""}, {""model"": ""Simulated-AI-Fundamental-Value"", ""call"": ""hold"", ""target_price"": 100.56, ""thesis"": ""Fair valuation reflects balanced risk-reward relative to sector peers.""}, {""model"": ""Simulated-AI-Quality-Compounder"", ""call"": ""hold"", ""target_price"": 103.84, ""thesis"": ""Defensive operational balance sheet balanced by limited immediate re-rating catalysts.""}, {""model"": ""Simulated-AI-Macro-Tactical"", ""call"": ""hold"", ""target_price"": 101.0, ""thesis"": ""Balanced near-term catalysts recommend maintaining current position.""}]"
ATKR,2026-06-30,small_cap,0.4327,0.5,0.3317,79.35,4,"[{""model"": ""Simulated-AI-Momentum-Quant"", ""call"": ""buy"", ""target_price"": 87.47, ""thesis"": ""Strong upward medium-term momentum (+29.7%) signals continued institutional accumulation.""}, {""model"": ""Simulated-AI-Fundamental-Value"", ""call"": ""sell"", ""target_price"": 62.81, ""thesis"": ""Elevated multi-month valuation multiples leave little safety margin against forward earnings revisions.""}, {""model"": ""Simulated-AI-Quality-Compounder"", ""call"": ""buy"", ""target_price"": 83.76, ""thesis"": ""Stable financial profile and durable competitive moat support long-term compounding potential.""}, {""model"": ""Simulated-AI-Macro-Tactical"", ""call"": ""hold"", ""target_price"": 83.35, ""thesis"": ""Positive operating execution and robust revenue traction support upside.""}]"
BRC,2026-06-30,small_cap,0.4329,0.5,0.3322,96.12,4,"[{""model"": ""Simulated-AI-Momentum-Quant"", ""call"": ""buy"", ""target_price"": 105.2, ""thesis"": ""Strong upward medium-term momentum (+13.0%) signals continued institutional accumulation.""}, {""model"": ""Simulated-AI-Fundamental-Value"", ""call"": ""sell"", ""target_price"": 76.48, ""thesis"": ""Elevated multi-month valuation multiples leave little safety margin against forward earnings revisions.""}, {""model"": ""Simulated-AI-Quality-Compounder"", ""call"": ""buy"", ""target_price"": 102.37, ""thesis"": ""Stable financial profile and durable competitive moat support long-term compounding potential.""}, {""model"": ""Simulated-AI-Macro-Tactical"", ""call"": ""hold"", ""target_price"": 100.45, ""thesis"": ""Positive operating execution and robust revenue traction support upside.""}]"
CNO,2026-06-30,small_cap,0.4123,0.5,0.2809,52.49,4,"[{""model"": ""Simulated-AI-Momentum-Quant"", ""call"": ""buy"", ""target_price"": 58.49, ""thesis"": ""Strong upward medium-term momentum (+24.6%) signals continued institutional accumulation.""}, {""model"": ""Simulated-AI-Fundamental-Value"", ""call"": ""sell"", ""target_price"": 42.96, ""thesis"": ""Elevated multi-month valuation multiples leave little safety margin against forward earnings revisions.""}, {""model"": ""Simulated-AI-Quality-Compounder"", ""call"": ""hold"", ""target_price"": 52.62, ""thesis"": ""Defensive operational balance sheet balanced by limited immediate re-rating catalysts.""}, {""model"": ""Simulated-AI-Macro-Tactical"", ""call"": ""buy"", ""target_price"": 55.89, ""thesis"": ""Positive operating execution and robust revenue traction support upside.""}]"
CSGS,2026-06-30,small_cap,0.5487,0.75,0.2469,105.7,4,"[{""model"": ""Simulated-AI-Momentum-Quant"", ""call"": ""buy"", ""target_price"": 115.44, ""thesis"": ""Strong upward medium-term momentum (+0.0%) signals continued institutional accumulation.""}, {""model"": ""Simulated-AI-Fundamental-Value"", ""call"": ""hold"", ""target_price"": 100.88, ""thesis"": ""Fair valuation reflects balanced risk-reward relative to sector peers.""}, {""model"": ""Simulated-AI-Quality-Compounder"", ""call"": ""hold"", ""target_price"": 105.48, ""thesis"": ""Defensive operational balance sheet balanced by limited immediate re-rating catalysts.""}, {""model"": ""Simulated-AI-Macro-Tactical"", ""call"": ""hold"", ""target_price"": 101.0, ""thesis"": ""Balanced near-term catalysts recommend maintaining current position.""}]"
ENSG,2026-06-30,small_cap,0.5745,0.75,0.3113,152.76,4,"[{""model"": ""Simulated-AI-Momentum-Quant"", ""call"": ""sell"", ""target_price"": 136.7, ""thesis"": ""Persistent negative price trajectory (-20.4%) indicates structural distribution headwinds.""}, {""model"": ""Simulated-AI-Fundamental-Value"", ""call"": ""buy"", ""target_price"": 187.55, ""thesis"": ""Recent price softening provides an attractive risk-adjusted entry point against fundamental book value.""}, {""model"": ""Simulated-AI-Quality-Compounder"", ""call"": ""sell"", ""target_price"": 142.51, ""thesis"": ""Heightened earnings volatility and cyclical margin pressures elevate downside risk.""}, {""model"": ""Simulated-AI-Macro-Tactical"", ""call"": ""sell"", ""target_price"": 144.27, ""thesis"": ""Macro headwinds and declining momentum justify a defensive posture.""}]"
FIX,2026-06-30,small_cap,0.5824,0.75,0.331,2070.11,4,"[{""model"": ""Simulated-AI-Momentum-Quant"", ""call"": ""buy"", ""target_price"": 2272.51, ""thesis"": ""Strong upward medium-term momentum (+43.8%) signals continued institutional accumulation.""}, {""model"": ""Simulated-AI-Fundamental-Value"", ""call"": ""sell"", ""target_price"": 1639.21, ""thesis"": ""Elevated multi-month valuation multiples leave little safety margin against forward earnings revisions.""}, {""model"": ""Simulated-AI-Quality-Compounder"", ""call"": ""buy"", ""target_price"": 2189.71, ""thesis"": ""Stable financial profile and durable competitive moat support long-term compounding potential.""}, {""model"": ""Simulated-AI-Macro-Tactical"", ""call"": ""buy"", ""target_price"": 2179.01, ""thesis"": ""Positive operating execution and robust revenue traction support upside.""}]"
GBCI,2026-06-30,small_cap,0.4238,0.5,0.3096,52.92,4,"[{""model"": ""Simulated-AI-Momentum-Quant"", ""call"": ""buy"", ""target_price"": 58.03, ""thesis"": ""Strong upward medium-term momentum (+16.3%) signals continued institutional accumulation.""}, {""model"": ""Simulated-AI-Fundamental-Value"", ""call"": ""hold"", ""target_price"": 52.26, ""thesis"": ""Fair valuation reflects balanced risk-reward relative to sector peers.""}, {""model"": ""Simulated-AI-Quality-Compounder"", ""call"": ""sell"", ""target_price"": 45.01, ""thesis"": ""Heightened earnings volatility and cyclical margin pressures elevate downside risk.""}, {""model"": ""Simulated-AI-Macro-Tactical"", ""call"": ""hold"", ""target_price"": 56.39, ""thesis"": ""Positive operating execution and robust revenue traction support upside.""}]"
GPI,2026-06-30,small_cap,0.4251,0.5,0.3127,277.16,4,"[{""model"": ""Simulated-AI-Momentum-Quant"", ""call"": ""sell"", ""target_price"": 250.13, ""thesis"": ""Persistent negative price trajectory (-11.8%) indicates structural distribution headwinds.""}, {""model"": ""Simulated-AI-Fundamental-Value"", ""call"": ""buy"", ""target_price"": 335.47, ""thesis"": ""Recent price softening provides an attractive risk-adjusted entry point against fundamental book value.""}, {""model"": ""Simulated-AI-Quality-Compounder"", ""call"": ""sell"", ""target_price"": 261.52, ""thesis"": ""Heightened earnings volatility and cyclical margin pressures elevate downside risk.""}, {""model"": ""Simulated-AI-Macro-Tactical"", ""call"": ""hold"", ""target_price"": 261.52, ""thesis"": ""Macro headwinds and declining momentum justify a defensive posture.""}]"
HLNE,2026-06-30,small_cap,0.5736,0.75,0.3089,74.81,4,"[{""model"": ""Simulated-AI-Momentum-Quant"", ""call"": ""sell"", ""target_price"": 67.29, ""thesis"": ""Persistent negative price trajectory (-20.1%) indicates structural distribution headwinds.""}, {""model"": ""Simulated-AI-Fundamental-Value"", ""call"": ""buy"", ""target_price"": 90.77, ""thesis"": ""Recent price softening provides an attractive risk-adjusted entry point against fundamental book value.""}, {""model"": ""Simulated-AI-Quality-Compounder"", ""call"": ""sell"", ""target_price"": 70.24, ""thesis"": ""Heightened earnings volatility and cyclical margin pressures elevate downside risk.""}, {""model"": ""Simulated-AI-Macro-Tactical"", ""call"": ""sell"", ""target_price"": 70.95, ""thesis"": ""Macro headwinds and declining momentum justify a defensive posture.""}]"
HWKN,2026-06-30,small_cap,0.4052,0.5,0.263,139.92,4,"[{""model"": ""Simulated-AI-Momentum-Quant"", ""call"": ""sell"", ""target_price"": 119.41, ""thesis"": ""Persistent negative price trajectory (-7.4%) indicates structural distribution headwinds.""}, {""model"": ""Simulated-AI-Fundamental-Value"", ""call"": ""buy"", ""target_price"": 163.3, ""thesis"": ""Recent price softening provides an attractive risk-adjusted entry point against fundamental book value.""}, {""model"": ""Simulated-AI-Quality-Compounder"", ""call"": ""hold"", ""target_price"": 149.26, ""thesis"": ""Defensive operational balance sheet balanced by limited immediate re-rating catalysts.""}, {""model"": ""Simulated-AI-Macro-Tactical"", ""call"": ""hold"", ""target_price"": 127.69, ""thesis"": ""Macro headwinds and declining momentum justify a defensive posture.""}]"
IBP,2026-06-30,small_cap,0.4161,0.5,0.2904,209.14,4,"[{""model"": ""Simulated-AI-Momentum-Quant"", ""call"": ""sell"", ""target_price"": 197.48, ""thesis"": ""Persistent negative price trajectory (-13.2%) indicates structural distribution headwinds.""}, {""model"": ""Simulated-AI-Fundamental-Value"", ""call"": ""hold"", ""target_price"": 226.62, ""thesis"": ""Fair valuation reflects balanced risk-reward relative to sector peers.""}, {""model"": ""Simulated-AI-Quality-Compounder"", ""call"": ""sell"", ""target_price"": 205.59, ""thesis"": ""Heightened earnings volatility and cyclical margin pressures elevate downside risk.""}, {""model"": ""Simulated-AI-Macro-Tactical"", ""call"": ""hold"", ""target_price"": 206.86, ""thesis"": ""Macro headwinds and declining momentum justify a defensive posture.""}]"
KAR,2026-06-30,small_cap,0.4089,0.5,0.2722,101.09,4,"[{""model"": ""Simulated-AI-Momentum-Quant"", ""call"": ""buy"", ""target_price"": 115.44, ""thesis"": ""Strong upward medium-term momentum (+0.0%) signals continued institutional accumulation.""}, {""model"": ""Simulated-AI-Fundamental-Value"", ""call"": ""sell"", ""target_price"": 83.5, ""thesis"": ""Elevated multi-month valuation multiples leave little safety margin against forward earnings revisions.""}, {""model"": ""Simulated-AI-Quality-Compounder"", ""call"": ""hold"", ""target_price"": 104.4, ""thesis"": ""Defensive operational balance sheet balanced by limited immediate re-rating catalysts.""}, {""model"": ""Simulated-AI-Macro-Tactical"", ""call"": ""hold"", ""target_price"": 101.0, ""thesis"": ""Balanced near-term catalysts recommend maintaining current position.""}]"
MC,2026-06-30,small_cap,0.5828,0.75,0.3321,67.98,4,"[{""model"": ""Simulated-AI-Momentum-Quant"", ""call"": ""buy"", ""target_price"": 74.47, ""thesis"": ""Strong upward medium-term momentum (+15.9%) signals continued institutional accumulation.""}, {""model"": ""Simulated-AI-Fundamental-Value"", ""call"": ""sell"", ""target_price"": 54.67, ""thesis"": ""Elevated multi-month valuation multiples leave little safety margin against forward earnings revisions.""}, {""model"": ""Simulated-AI-Quality-Compounder"", ""call"": ""buy"", ""target_price"": 71.53, ""thesis"": ""Stable financial profile and durable competitive moat support long-term compounding potential.""}, {""model"": ""Simulated-AI-Macro-Tactical"", ""call"": ""buy"", ""target_price"": 71.26, ""thesis"": ""Positive operating execution and robust revenue traction support upside.""}]"
OII,2026-06-30,small_cap,0.4329,0.5,0.3321,42.41,4,"[{""model"": ""Simulated-AI-Momentum-Quant"", ""call"": ""buy"", ""target_price"": 46.13, ""thesis"": ""Strong upward medium-term momentum (+14.2%) signals continued institutional accumulation.""}, {""model"": ""Simulated-AI-Fundamental-Value"", ""call"": ""sell"", ""target_price"": 33.67, ""thesis"": ""Elevated multi-month valuation multiples leave little safety margin against forward earnings revisions.""}, {""model"": ""Simulated-AI-Quality-Compounder"", ""call"": ""buy"", ""target_price"": 45.28, ""thesis"": ""Stable financial profile and durable competitive moat support long-term compounding potential.""}, {""model"": ""Simulated-AI-Macro-Tactical"", ""call"": ""hold"", ""target_price"": 44.57, ""thesis"": ""Positive operating execution and robust revenue traction support upside.""}]"
PRDO,2026-06-30,small_cap,0.5748,0.75,0.312,30.28,4,"[{""model"": ""Simulated-AI-Momentum-Quant"", ""call"": ""sell"", ""target_price"": 27.13, ""thesis"": ""Persistent negative price trajectory (-13.6%) indicates structural distribution headwinds.""}, {""model"": ""Simulated-AI-Fundamental-Value"", ""call"": ""buy"", ""target_price"": 37.19, ""thesis"": ""Recent price softening provides an attractive risk-adjusted entry point against fundamental book value.""}, {""model"": ""Simulated-AI-Quality-Compounder"", ""call"": ""sell"", ""target_price"": 28.13, ""thesis"": ""Heightened earnings volatility and cyclical margin pressures elevate downside risk.""}, {""model"": ""Simulated-AI-Macro-Tactical"", ""call"": ""sell"", ""target_price"": 28.66, ""thesis"": ""Macro headwinds and declining momentum justify a defensive posture.""}]"
SHOO,2026-06-30,small_cap,0.412,0.5,0.28,43.27,4,"[{""model"": ""Simulated-AI-Momentum-Quant"", ""call"": ""buy"", ""target_price"": 47.49, ""thesis"": ""Strong upward medium-term momentum (+24.7%) signals continued institutional accumulation.""}, {""model"": ""Simulated-AI-Fundamental-Value"", ""call"": ""sell"", ""target_price"": 35.72, ""thesis"": ""Elevated multi-month valuation multiples leave little safety margin against forward earnings revisions.""}, {""model"": ""Simulated-AI-Quality-Compounder"", ""call"": ""hold"", ""target_price"": 43.55, ""thesis"": ""Defensive operational balance sheet balanced by limited immediate re-rating catalysts.""}, {""model"": ""Simulated-AI-Macro-Tactical"", ""call"": ""buy"", ""target_price"": 46.31, ""thesis"": ""Positive operating execution and robust revenue traction support upside.""}]"
SLVM,2026-06-30,small_cap,0.4037,0.5,0.2592,37.21,4,"[{""model"": ""Simulated-AI-Momentum-Quant"", ""call"": ""sell"", ""target_price"": 32.86, ""thesis"": ""Persistent negative price trajectory (-9.5%) indicates structural distribution headwinds.""}, {""model"": ""Simulated-AI-Fundamental-Value"", ""call"": ""buy"", ""target_price"": 43.39, ""thesis"": ""Recent price softening provides an attractive risk-adjusted entry point against fundamental book value.""}, {""model"": ""Simulated-AI-Quality-Compounder"", ""call"": ""hold"", ""target_price"": 38.95, ""thesis"": ""Defensive operational balance sheet balanced by limited immediate re-rating catalysts.""}, {""model"": ""Simulated-AI-Macro-Tactical"", ""call"": ""sell"", ""target_price"": 33.63, ""thesis"": ""Macro headwinds and declining momentum justify a defensive posture.""}]"
