ticker,date,category,agreement_score,directional_agreement,thesis_similarity,avg_target_price,num_models,calls_json,fwd_ret_1m,fwd_ret_3m,fwd_ret_6m
AAPL,2022-09-30,large_cap,0.5748,0.75,0.3121,129.38,4,"[{""model"": ""Simulated-AI-Momentum-Quant"", ""call"": ""sell"", ""target_price"": 118.52, ""thesis"": ""Persistent negative price trajectory (-12.5%) indicates structural distribution headwinds.""}, {""model"": ""Simulated-AI-Fundamental-Value"", ""call"": ""buy"", ""target_price"": 156.7, ""thesis"": ""Recent price softening provides an attractive risk-adjusted entry point against fundamental book value.""}, {""model"": ""Simulated-AI-Quality-Compounder"", ""call"": ""sell"", ""target_price"": 120.3, ""thesis"": ""Heightened earnings volatility and cyclical margin pressures elevate downside risk.""}, {""model"": ""Simulated-AI-Macro-Tactical"", ""call"": ""sell"", ""target_price"": 122.0, ""thesis"": ""Macro headwinds and declining momentum justify a defensive posture.""}]",0.10955115499365566,-0.05828122931561301,0.20622125573759567
MSFT,2022-09-30,large_cap,0.5752,0.75,0.313,215.48,4,"[{""model"": ""Simulated-AI-Momentum-Quant"", ""call"": ""sell"", ""target_price"": 194.2, ""thesis"": ""Persistent negative price trajectory (-10.6%) indicates structural distribution headwinds.""}, {""model"": ""Simulated-AI-Fundamental-Value"", ""call"": ""buy"", ""target_price"": 262.69, ""thesis"": ""Recent price softening provides an attractive risk-adjusted entry point against fundamental book value.""}, {""model"": ""Simulated-AI-Quality-Compounder"", ""call"": ""sell"", ""target_price"": 202.17, ""thesis"": ""Heightened earnings volatility and cyclical margin pressures elevate downside risk.""}, {""model"": ""Simulated-AI-Macro-Tactical"", ""call"": ""sell"", ""target_price"": 202.85, ""thesis"": ""Macro headwinds and declining momentum justify a defensive posture.""}]",-0.0033060008647838608,0.032614280063374156,0.23984943526716399
NVDA,2022-09-30,large_cap,0.5744,0.75,0.311,11.52,4,"[{""model"": ""Simulated-AI-Momentum-Quant"", ""call"": ""sell"", ""target_price"": 10.44, ""thesis"": ""Persistent negative price trajectory (-12.9%) indicates structural distribution headwinds.""}, {""model"": ""Simulated-AI-Fundamental-Value"", ""call"": ""buy"", ""target_price"": 13.92, ""thesis"": ""Recent price softening provides an attractive risk-adjusted entry point against fundamental book value.""}, {""model"": ""Simulated-AI-Quality-Compounder"", ""call"": ""sell"", ""target_price"": 10.84, ""thesis"": ""Heightened earnings volatility and cyclical margin pressures elevate downside risk.""}, {""model"": ""Simulated-AI-Macro-Tactical"", ""call"": ""sell"", ""target_price"": 10.89, ""thesis"": ""Macro headwinds and declining momentum justify a defensive posture.""}]",0.11187081546296115,0.2041963402361144,1.304712511326181
AMZN,2022-09-30,large_cap,0.5759,0.75,0.3146,107.51,4,"[{""model"": ""Simulated-AI-Momentum-Quant"", ""call"": ""sell"", ""target_price"": 98.9, ""thesis"": ""Persistent negative price trajectory (-11.6%) indicates structural distribution headwinds.""}, {""model"": ""Simulated-AI-Fundamental-Value"", ""call"": ""buy"", ""target_price"": 129.95, ""thesis"": ""Recent price softening provides an attractive risk-adjusted entry point against fundamental book value.""}, {""model"": ""Simulated-AI-Quality-Compounder"", ""call"": ""sell"", ""target_price"": 99.5, ""thesis"": ""Heightened earnings volatility and cyclical margin pressures elevate downside risk.""}, {""model"": ""Simulated-AI-Macro-Tactical"", ""call"": ""sell"", ""target_price"": 101.7, ""thesis"": ""Macro headwinds and declining momentum justify a defensive posture.""}]",-0.0934513058282634,-0.25663716814159293,-0.09371678175124447
GOOGL,2022-09-30,large_cap,0.5664,0.75,0.291,86.39,4,"[{""model"": ""Simulated-AI-Momentum-Quant"", ""call"": ""sell"", ""target_price"": 81.79, ""thesis"": ""Persistent negative price trajectory (-12.8%) indicates structural distribution headwinds.""}, {""model"": ""Simulated-AI-Fundamental-Value"", ""call"": ""hold"", ""target_price"": 93.5, ""thesis"": ""Fair valuation reflects balanced risk-reward relative to sector peers.""}, {""model"": ""Simulated-AI-Quality-Compounder"", ""call"": ""sell"", ""target_price"": 84.99, ""thesis"": ""Heightened earnings volatility and cyclical margin pressures elevate downside risk.""}, {""model"": ""Simulated-AI-Macro-Tactical"", ""call"": ""sell"", ""target_price"": 85.28, ""thesis"": ""Macro headwinds and declining momentum justify a defensive posture.""}]",-0.011918402829502564,-0.07757441865446286,0.09106132268802085
META,2022-09-30,large_cap,0.5754,0.75,0.3134,127.6,4,"[{""model"": ""Simulated-AI-Momentum-Quant"", ""call"": ""sell"", ""target_price"": 113.09, ""thesis"": ""Persistent negative price trajectory (-17.9%) indicates structural distribution headwinds.""}, {""model"": ""Simulated-AI-Fundamental-Value"", ""call"": ""buy"", ""target_price"": 157.1, ""thesis"": ""Recent price softening provides an attractive risk-adjusted entry point against fundamental book value.""}, {""model"": ""Simulated-AI-Quality-Compounder"", ""call"": ""sell"", ""target_price"": 119.17, ""thesis"": ""Heightened earnings volatility and cyclical margin pressures elevate downside risk.""}, {""model"": ""Simulated-AI-Macro-Tactical"", ""call"": ""sell"", ""target_price"": 121.05, ""thesis"": ""Macro headwinds and declining momentum justify a defensive posture.""}]",-0.31338442857744137,-0.11306022484040253,0.57038642721174
BRK-B,2022-09-30,large_cap,0.409,0.5,0.2725,254.15,4,"[{""model"": ""Simulated-AI-Momentum-Quant"", ""call"": ""sell"", ""target_price"": 233.91, ""thesis"": ""Persistent negative price trajectory (-5.5%) indicates structural distribution headwinds.""}, {""model"": ""Simulated-AI-Fundamental-Value"", ""call"": ""hold"", ""target_price"": 264.03, ""thesis"": ""Fair valuation reflects balanced risk-reward relative to sector peers.""}, {""model"": ""Simulated-AI-Quality-Compounder"", ""call"": ""hold"", ""target_price"": 278.34, ""thesis"": ""Defensive operational balance sheet balanced by limited immediate re-rating catalysts.""}, {""model"": ""Simulated-AI-Macro-Tactical"", ""call"": ""sell"", ""target_price"": 240.32, ""thesis"": ""Macro headwinds and declining momentum justify a defensive posture.""}]",0.10512324349912815,0.15684220884552644,0.16212272611061077
JPM,2022-09-30,large_cap,0.4042,0.5,0.2606,94.37,4,"[{""model"": ""Simulated-AI-Momentum-Quant"", ""call"": ""sell"", ""target_price"": 82.18, ""thesis"": ""Persistent negative price trajectory (-8.7%) indicates structural distribution headwinds.""}, {""model"": ""Simulated-AI-Fundamental-Value"", ""call"": ""buy"", ""target_price"": 110.88, ""thesis"": ""Recent price softening provides an attractive risk-adjusted entry point against fundamental book value.""}, {""model"": ""Simulated-AI-Quality-Compounder"", ""call"": ""hold"", ""target_price"": 99.06, ""thesis"": ""Defensive operational balance sheet balanced by limited immediate re-rating catalysts.""}, {""model"": ""Simulated-AI-Macro-Tactical"", ""call"": ""sell"", ""target_price"": 85.36, ""thesis"": ""Macro headwinds and declining momentum justify a defensive posture.""}]",0.2153708008549419,0.29473491494785886,0.2659770440583197
V,2022-09-30,large_cap,0.5746,0.75,0.3115,163.08,4,"[{""model"": ""Simulated-AI-Momentum-Quant"", ""call"": ""sell"", ""target_price"": 147.45, ""thesis"": ""Persistent negative price trajectory (-11.2%) indicates structural distribution headwinds.""}, {""model"": ""Simulated-AI-Fundamental-Value"", ""call"": ""buy"", ""target_price"": 198.44, ""thesis"": ""Recent price softening provides an attractive risk-adjusted entry point against fundamental book value.""}, {""model"": ""Simulated-AI-Quality-Compounder"", ""call"": ""sell"", ""target_price"": 151.42, ""thesis"": ""Heightened earnings volatility and cyclical margin pressures elevate downside risk.""}, {""model"": ""Simulated-AI-Macro-Tactical"", ""call"": ""sell"", ""target_price"": 155.03, ""thesis"": ""Macro headwinds and declining momentum justify a defensive posture.""}]",0.16611334556636687,0.1721046088241716,0.2944632900482368
LLY,2022-09-30,large_cap,0.4023,0.5,0.2556,335.79,4,"[{""model"": ""Simulated-AI-Momentum-Quant"", ""call"": ""buy"", ""target_price"": 357.49, ""thesis"": ""Strong upward medium-term momentum (+4.6%) signals continued institutional accumulation.""}, {""model"": ""Simulated-AI-Fundamental-Value"", ""call"": ""hold"", ""target_price"": 318.26, ""thesis"": ""Fair valuation reflects balanced risk-reward relative to sector peers.""}, {""model"": ""Simulated-AI-Quality-Compounder"", ""call"": ""buy"", ""target_price"": 350.91, ""thesis"": ""Stable financial profile and durable competitive moat support long-term compounding potential.""}, {""model"": ""Simulated-AI-Macro-Tactical"", ""call"": ""hold"", ""target_price"": 316.5, ""thesis"": ""Balanced near-term catalysts recommend maintaining current position.""}]",0.11980822021330594,0.13456157524937565,0.09125180017537224
UNH,2022-09-30,large_cap,0.7327,1.0,0.3317,478.81,4,"[{""model"": ""Simulated-AI-Momentum-Quant"", ""call"": ""hold"", ""target_price"": 482.26, ""thesis"": ""Consolidating trading range warrants a neutral rating until breakout confirmation.""}, {""model"": ""Simulated-AI-Fundamental-Value"", ""call"": ""hold"", ""target_price"": 472.34, ""thesis"": ""Fair valuation reflects balanced risk-reward relative to sector peers.""}, {""model"": ""Simulated-AI-Quality-Compounder"", ""call"": ""hold"", ""target_price"": 485.69, ""thesis"": ""Defensive operational balance sheet balanced by limited immediate re-rating catalysts.""}, {""model"": ""Simulated-AI-Macro-Tactical"", ""call"": ""hold"", ""target_price"": 474.97, ""thesis"": ""Balanced near-term catalysts recommend maintaining current position.""}]",0.09921994332736345,0.05301440514951863,-0.014971019291097678
XOM,2022-09-30,large_cap,0.4169,0.5,0.2922,69.91,4,"[{""model"": ""Simulated-AI-Momentum-Quant"", ""call"": ""sell"", ""target_price"": 67.15, ""thesis"": ""Persistent negative price trajectory (-7.0%) indicates structural distribution headwinds.""}, {""model"": ""Simulated-AI-Fundamental-Value"", ""call"": ""hold"", ""target_price"": 76.41, ""thesis"": ""Fair valuation reflects balanced risk-reward relative to sector peers.""}, {""model"": ""Simulated-AI-Quality-Compounder"", ""call"": ""sell"", ""target_price"": 67.13, ""thesis"": ""Heightened earnings volatility and cyclical margin pressures elevate downside risk.""}, {""model"": ""Simulated-AI-Macro-Tactical"", ""call"": ""hold"", ""target_price"": 68.93, ""thesis"": ""Macro headwinds and declining momentum justify a defensive posture.""}]",0.26915626685091915,0.2734850447765625,0.35111316057470915
JNJ,2022-09-30,large_cap,0.5475,0.75,0.2436,153.68,4,"[{""model"": ""Simulated-AI-Momentum-Quant"", ""call"": ""buy"", ""target_price"": 168.92, ""thesis"": ""Strong upward medium-term momentum (-1.2%) signals continued institutional accumulation.""}, {""model"": ""Simulated-AI-Fundamental-Value"", ""call"": ""hold"", ""target_price"": 144.83, ""thesis"": ""Fair valuation reflects balanced risk-reward relative to sector peers.""}, {""model"": ""Simulated-AI-Quality-Compounder"", ""call"": ""hold"", ""target_price"": 153.69, ""thesis"": ""Defensive operational balance sheet balanced by limited immediate re-rating catalysts.""}, {""model"": ""Simulated-AI-Macro-Tactical"", ""call"": ""hold"", ""target_price"": 147.28, ""thesis"": ""Balanced near-term catalysts recommend maintaining current position.""}]",0.06494838726217826,0.08833356965299727,-0.026703005829160242
PG,2022-09-30,large_cap,0.4096,0.5,0.2739,118.16,4,"[{""model"": ""Simulated-AI-Momentum-Quant"", ""call"": ""hold"", ""target_price"": 118.35, ""thesis"": ""Consolidating trading range warrants a neutral rating until breakout confirmation.""}, {""model"": ""Simulated-AI-Fundamental-Value"", ""call"": ""buy"", ""target_price"": 133.13, ""thesis"": ""Recent price softening provides an attractive risk-adjusted entry point against fundamental book value.""}, {""model"": ""Simulated-AI-Quality-Compounder"", ""call"": ""hold"", ""target_price"": 118.83, ""thesis"": ""Defensive operational balance sheet balanced by limited immediate re-rating catalysts.""}, {""model"": ""Simulated-AI-Macro-Tactical"", ""call"": ""sell"", ""target_price"": 102.32, ""thesis"": ""Macro headwinds and declining momentum justify a defensive posture.""}]",0.07426323534948283,0.2089951178644259,0.20012595076283493
HD,2022-09-30,large_cap,0.5643,0.75,0.2857,247.14,4,"[{""model"": ""Simulated-AI-Momentum-Quant"", ""call"": ""hold"", ""target_price"": 258.57, ""thesis"": ""Consolidating trading range warrants a neutral rating until breakout confirmation.""}, {""model"": ""Simulated-AI-Fundamental-Value"", ""call"": ""hold"", ""target_price"": 246.35, ""thesis"": ""Fair valuation reflects balanced risk-reward relative to sector peers.""}, {""model"": ""Simulated-AI-Quality-Compounder"", ""call"": ""hold"", ""target_price"": 259.78, ""thesis"": ""Defensive operational balance sheet balanced by limited immediate re-rating catalysts.""}, {""model"": ""Simulated-AI-Macro-Tactical"", ""call"": ""sell"", ""target_price"": 223.87, ""thesis"": ""Macro headwinds and declining momentum justify a defensive posture.""}]",0.07316840659531097,0.15159423406874736,0.09335472380520397
MA,2022-09-30,large_cap,0.425,0.5,0.3126,264.99,4,"[{""model"": ""Simulated-AI-Momentum-Quant"", ""call"": ""sell"", ""target_price"": 244.04, ""thesis"": ""Persistent negative price trajectory (-12.6%) indicates structural distribution headwinds.""}, {""model"": ""Simulated-AI-Fundamental-Value"", ""call"": ""buy"", ""target_price"": 321.98, ""thesis"": ""Recent price softening provides an attractive risk-adjusted entry point against fundamental book value.""}, {""model"": ""Simulated-AI-Quality-Compounder"", ""call"": ""sell"", ""target_price"": 244.12, ""thesis"": ""Heightened earnings volatility and cyclical margin pressures elevate downside risk.""}, {""model"": ""Simulated-AI-Macro-Tactical"", ""call"": ""hold"", ""target_price"": 249.81, ""thesis"": ""Macro headwinds and declining momentum justify a defensive posture.""}]",0.15604379294004858,0.22491047800403055,0.2930186586158256
COST,2022-09-30,large_cap,0.4172,0.5,0.2931,406.67,4,"[{""model"": ""Simulated-AI-Momentum-Quant"", ""call"": ""sell"", ""target_price"": 381.28, ""thesis"": ""Persistent negative price trajectory (-10.8%) indicates structural distribution headwinds.""}, {""model"": ""Simulated-AI-Fundamental-Value"", ""call"": ""hold"", ""target_price"": 444.7, ""thesis"": ""Fair valuation reflects balanced risk-reward relative to sector peers.""}, {""model"": ""Simulated-AI-Quality-Compounder"", ""call"": ""sell"", ""target_price"": 395.29, ""thesis"": ""Heightened earnings volatility and cyclical margin pressures elevate downside risk.""}, {""model"": ""Simulated-AI-Macro-Tactical"", ""call"": ""hold"", ""target_price"": 405.42, ""thesis"": ""Macro headwinds and declining momentum justify a defensive posture.""}]",0.06380944167500682,-0.03164708105233827,0.05616289880054216
ABBV,2022-09-30,large_cap,0.4058,0.5,0.2646,118.55,4,"[{""model"": ""Simulated-AI-Momentum-Quant"", ""call"": ""hold"", ""target_price"": 118.55, ""thesis"": ""Consolidating trading range warrants a neutral rating until breakout confirmation.""}, {""model"": ""Simulated-AI-Fundamental-Value"", ""call"": ""buy"", ""target_price"": 136.22, ""thesis"": ""Recent price softening provides an attractive risk-adjusted entry point against fundamental book value.""}, {""model"": ""Simulated-AI-Quality-Compounder"", ""call"": ""sell"", ""target_price"": 101.98, ""thesis"": ""Heightened earnings volatility and cyclical margin pressures elevate downside risk.""}, {""model"": ""Simulated-AI-Macro-Tactical"", ""call"": ""hold"", ""target_price"": 117.44, ""thesis"": ""Balanced near-term catalysts recommend maintaining current position.""}]",0.10192711596051762,0.21641023312720498,0.21893161600237665
MRK,2022-09-30,large_cap,0.5496,0.75,0.249,68.94,4,"[{""model"": ""Simulated-AI-Momentum-Quant"", ""call"": ""sell"", ""target_price"": 66.18, ""thesis"": ""Persistent negative price trajectory (-0.4%) indicates structural distribution headwinds.""}, {""model"": ""Simulated-AI-Fundamental-Value"", ""call"": ""sell"", ""target_price"": 64.37, ""thesis"": ""Elevated multi-month valuation multiples leave little safety margin against forward earnings revisions.""}, {""model"": ""Simulated-AI-Quality-Compounder"", ""call"": ""sell"", ""target_price"": 67.49, ""thesis"": ""Heightened earnings volatility and cyclical margin pressures elevate downside risk.""}, {""model"": ""Simulated-AI-Macro-Tactical"", ""call"": ""hold"", ""target_price"": 77.72, ""thesis"": ""Balanced near-term catalysts recommend maintaining current position.""}]",0.1751042825030658,0.29685445184563575,0.2813890532520912
BAC,2022-09-30,large_cap,0.4026,0.5,0.2566,26.95,4,"[{""model"": ""Simulated-AI-Momentum-Quant"", ""call"": ""sell"", ""target_price"": 23.36, ""thesis"": ""Persistent negative price trajectory (-9.8%) indicates structural distribution headwinds.""}, {""model"": ""Simulated-AI-Fundamental-Value"", ""call"": ""buy"", ""target_price"": 31.56, ""thesis"": ""Recent price softening provides an attractive risk-adjusted entry point against fundamental book value.""}, {""model"": ""Simulated-AI-Quality-Compounder"", ""call"": ""hold"", ""target_price"": 28.3, ""thesis"": ""Defensive operational balance sheet balanced by limited immediate re-rating catalysts.""}, {""model"": ""Simulated-AI-Macro-Tactical"", ""call"": ""sell"", ""target_price"": 24.58, ""thesis"": ""Macro headwinds and declining momentum justify a defensive posture.""}]",0.19337750823077035,0.10310033369989005,-0.04160041037237702
CVX,2022-09-30,large_cap,0.4052,0.5,0.2631,120.94,4,"[{""model"": ""Simulated-AI-Momentum-Quant"", ""call"": ""sell"", ""target_price"": 103.78, ""thesis"": ""Persistent negative price trajectory (-7.6%) indicates structural distribution headwinds.""}, {""model"": ""Simulated-AI-Fundamental-Value"", ""call"": ""buy"", ""target_price"": 140.61, ""thesis"": ""Recent price softening provides an attractive risk-adjusted entry point against fundamental book value.""}, {""model"": ""Simulated-AI-Quality-Compounder"", ""call"": ""hold"", ""target_price"": 129.31, ""thesis"": ""Defensive operational balance sheet balanced by limited immediate re-rating catalysts.""}, {""model"": ""Simulated-AI-Macro-Tactical"", ""call"": ""sell"", ""target_price"": 110.04, ""thesis"": ""Macro headwinds and declining momentum justify a defensive posture.""}]",0.25913549971830674,0.25898524668733564,0.20260791340533457
CRM,2022-09-30,large_cap,0.4114,0.5,0.2784,140.21,4,"[{""model"": ""Simulated-AI-Momentum-Quant"", ""call"": ""hold"", ""target_price"": 145.99, ""thesis"": ""Consolidating trading range warrants a neutral rating until breakout confirmation.""}, {""model"": ""Simulated-AI-Fundamental-Value"", ""call"": ""buy"", ""target_price"": 163.38, ""thesis"": ""Recent price softening provides an attractive risk-adjusted entry point against fundamental book value.""}, {""model"": ""Simulated-AI-Quality-Compounder"", ""call"": ""sell"", ""target_price"": 124.21, ""thesis"": ""Heightened earnings volatility and cyclical margin pressures elevate downside risk.""}, {""model"": ""Simulated-AI-Macro-Tactical"", ""call"": ""sell"", ""target_price"": 127.25, ""thesis"": ""Macro headwinds and declining momentum justify a defensive posture.""}]",0.1303534366803707,-0.07821163034037873,0.36603188471360565
NFLX,2022-09-30,large_cap,0.5539,0.75,0.2599,24.4,4,"[{""model"": ""Simulated-AI-Momentum-Quant"", ""call"": ""hold"", ""target_price"": 23.68, ""thesis"": ""Consolidating trading range warrants a neutral rating until breakout confirmation.""}, {""model"": ""Simulated-AI-Fundamental-Value"", ""call"": ""hold"", ""target_price"": 23.8, ""thesis"": ""Fair valuation reflects balanced risk-reward relative to sector peers.""}, {""model"": ""Simulated-AI-Quality-Compounder"", ""call"": ""buy"", ""target_price"": 26.35, ""thesis"": ""Stable financial profile and durable competitive moat support long-term compounding potential.""}, {""model"": ""Simulated-AI-Macro-Tactical"", ""call"": ""hold"", ""target_price"": 23.78, ""thesis"": ""Balanced near-term catalysts recommend maintaining current position.""}]",0.23972132814132283,0.2524634763080556,0.4792727739356895
AMD,2022-09-30,large_cap,0.5738,0.75,0.3095,60.51,4,"[{""model"": ""Simulated-AI-Momentum-Quant"", ""call"": ""sell"", ""target_price"": 55.3, ""thesis"": ""Persistent negative price trajectory (-23.0%) indicates structural distribution headwinds.""}, {""model"": ""Simulated-AI-Fundamental-Value"", ""call"": ""buy"", ""target_price"": 73.15, ""thesis"": ""Recent price softening provides an attractive risk-adjusted entry point against fundamental book value.""}, {""model"": ""Simulated-AI-Quality-Compounder"", ""call"": ""sell"", ""target_price"": 56.55, ""thesis"": ""Heightened earnings volatility and cyclical margin pressures elevate downside risk.""}, {""model"": ""Simulated-AI-Macro-Tactical"", ""call"": ""sell"", ""target_price"": 57.02, ""thesis"": ""Macro headwinds and declining momentum justify a defensive posture.""}]",-0.05208332079026848,0.022253725049435732,0.5239898457768968
PEP,2022-09-30,large_cap,0.5763,0.75,0.3157,135.69,4,"[{""model"": ""Simulated-AI-Momentum-Quant"", ""call"": ""sell"", ""target_price"": 123.22, ""thesis"": ""Persistent negative price trajectory (-5.5%) indicates structural distribution headwinds.""}, {""model"": ""Simulated-AI-Fundamental-Value"", ""call"": ""buy"", ""target_price"": 165.71, ""thesis"": ""Recent price softening provides an attractive risk-adjusted entry point against fundamental book value.""}, {""model"": ""Simulated-AI-Quality-Compounder"", ""call"": ""sell"", ""target_price"": 125.5, ""thesis"": ""Heightened earnings volatility and cyclical margin pressures elevate downside risk.""}, {""model"": ""Simulated-AI-Macro-Tactical"", ""call"": ""sell"", ""target_price"": 128.35, ""thesis"": ""Macro headwinds and declining momentum justify a defensive posture.""}]",0.11221363256483641,0.113481199364066,0.132422800880738
KO,2022-09-30,large_cap,0.5662,0.75,0.2905,45.38,4,"[{""model"": ""Simulated-AI-Momentum-Quant"", ""call"": ""sell"", ""target_price"": 42.7, ""thesis"": ""Persistent negative price trajectory (-9.0%) indicates structural distribution headwinds.""}, {""model"": ""Simulated-AI-Fundamental-Value"", ""call"": ""hold"", ""target_price"": 49.64, ""thesis"": ""Fair valuation reflects balanced risk-reward relative to sector peers.""}, {""model"": ""Simulated-AI-Quality-Compounder"", ""call"": ""sell"", ""target_price"": 44.04, ""thesis"": ""Heightened earnings volatility and cyclical margin pressures elevate downside risk.""}, {""model"": ""Simulated-AI-Macro-Tactical"", ""call"": ""sell"", ""target_price"": 45.14, ""thesis"": ""Macro headwinds and declining momentum justify a defensive posture.""}]",0.06836842625254215,0.14354039728783047,0.13039238898633912
TMO,2022-09-30,large_cap,0.4047,0.5,0.2617,498.76,4,"[{""model"": ""Simulated-AI-Momentum-Quant"", ""call"": ""sell"", ""target_price"": 440.85, ""thesis"": ""Persistent negative price trajectory (-7.9%) indicates structural distribution headwinds.""}, {""model"": ""Simulated-AI-Fundamental-Value"", ""call"": ""buy"", ""target_price"": 581.65, ""thesis"": ""Recent price softening provides an attractive risk-adjusted entry point against fundamental book value.""}, {""model"": ""Simulated-AI-Quality-Compounder"", ""call"": ""hold"", ""target_price"": 521.28, ""thesis"": ""Defensive operational balance sheet balanced by limited immediate re-rating catalysts.""}, {""model"": ""Simulated-AI-Macro-Tactical"", ""call"": ""sell"", ""target_price"": 451.28, ""thesis"": ""Macro headwinds and declining momentum justify a defensive posture.""}]",0.013367648900791314,0.08633712214948683,0.12529470858039718
WMT,2022-09-30,large_cap,0.5481,0.75,0.2452,40.4,4,"[{""model"": ""Simulated-AI-Momentum-Quant"", ""call"": ""sell"", ""target_price"": 34.86, ""thesis"": ""Persistent negative price trajectory (-3.6%) indicates structural distribution headwinds.""}, {""model"": ""Simulated-AI-Fundamental-Value"", ""call"": ""hold"", ""target_price"": 41.38, ""thesis"": ""Fair valuation reflects balanced risk-reward relative to sector peers.""}, {""model"": ""Simulated-AI-Quality-Compounder"", ""call"": ""hold"", ""target_price"": 43.69, ""thesis"": ""Defensive operational balance sheet balanced by limited immediate re-rating catalysts.""}, {""model"": ""Simulated-AI-Macro-Tactical"", ""call"": ""hold"", ""target_price"": 41.67, ""thesis"": ""Balanced near-term catalysts recommend maintaining current position.""}]",0.097378492529658,0.09733633421631578,0.15545267858760775
MCD,2022-09-30,large_cap,0.402,0.5,0.2551,208.61,4,"[{""model"": ""Simulated-AI-Momentum-Quant"", ""call"": ""sell"", ""target_price"": 178.54, ""thesis"": ""Persistent negative price trajectory (-10.0%) indicates structural distribution headwinds.""}, {""model"": ""Simulated-AI-Fundamental-Value"", ""call"": ""buy"", ""target_price"": 245.22, ""thesis"": ""Recent price softening provides an attractive risk-adjusted entry point against fundamental book value.""}, {""model"": ""Simulated-AI-Quality-Compounder"", ""call"": ""hold"", ""target_price"": 221.71, ""thesis"": ""Defensive operational balance sheet balanced by limited immediate re-rating catalysts.""}, {""model"": ""Simulated-AI-Macro-Tactical"", ""call"": ""hold"", ""target_price"": 188.95, ""thesis"": ""Macro headwinds and declining momentum justify a defensive posture.""}]",0.18167670444849568,0.14854010524335892,0.23674828196801187
CSCO,2022-09-30,large_cap,0.5687,0.75,0.2967,32.46,4,"[{""model"": ""Simulated-AI-Momentum-Quant"", ""call"": ""sell"", ""target_price"": 30.8, ""thesis"": ""Persistent negative price trajectory (-11.7%) indicates structural distribution headwinds.""}, {""model"": ""Simulated-AI-Fundamental-Value"", ""call"": ""hold"", ""target_price"": 35.08, ""thesis"": ""Fair valuation reflects balanced risk-reward relative to sector peers.""}, {""model"": ""Simulated-AI-Quality-Compounder"", ""call"": ""sell"", ""target_price"": 31.75, ""thesis"": ""Heightened earnings volatility and cyclical margin pressures elevate downside risk.""}, {""model"": ""Simulated-AI-Macro-Tactical"", ""call"": ""sell"", ""target_price"": 32.2, ""thesis"": ""Macro headwinds and declining momentum justify a defensive posture.""}]",0.14629962952160186,0.2020626410402051,0.3304431284956223
KNSL,2022-09-30,small_cap,0.586,0.75,0.3401,268.65,4,"[{""model"": ""Simulated-AI-Momentum-Quant"", ""call"": ""hold"", ""target_price"": 257.42, ""thesis"": ""Consolidating trading range warrants a neutral rating until breakout confirmation.""}, {""model"": ""Simulated-AI-Fundamental-Value"", ""call"": ""buy"", ""target_price"": 296.86, ""thesis"": ""Recent price softening provides an attractive risk-adjusted entry point against fundamental book value.""}, {""model"": ""Simulated-AI-Quality-Compounder"", ""call"": ""hold"", ""target_price"": 264.17, ""thesis"": ""Defensive operational balance sheet balanced by limited immediate re-rating catalysts.""}, {""model"": ""Simulated-AI-Macro-Tactical"", ""call"": ""hold"", ""target_price"": 256.16, ""thesis"": ""Balanced near-term catalysts recommend maintaining current position.""}]",0.23392839394281434,0.024315909727013783,0.18186225516892687
SAIA,2022-09-30,small_cap,0.4037,0.5,0.2592,188.66,4,"[{""model"": ""Simulated-AI-Momentum-Quant"", ""call"": ""sell"", ""target_price"": 165.38, ""thesis"": ""Persistent negative price trajectory (-9.5%) indicates structural distribution headwinds.""}, {""model"": ""Simulated-AI-Fundamental-Value"", ""call"": ""buy"", ""target_price"": 222.49, ""thesis"": ""Recent price softening provides an attractive risk-adjusted entry point against fundamental book value.""}, {""model"": ""Simulated-AI-Quality-Compounder"", ""call"": ""hold"", ""target_price"": 195.78, ""thesis"": ""Defensive operational balance sheet balanced by limited immediate re-rating catalysts.""}, {""model"": ""Simulated-AI-Macro-Tactical"", ""call"": ""hold"", ""target_price"": 171.0, ""thesis"": ""Macro headwinds and declining momentum justify a defensive posture.""}]",0.046631582159745215,0.10357890881990131,0.3929473876953125
MEDP,2022-09-30,small_cap,0.4331,0.5,0.3328,160.07,4,"[{""model"": ""Simulated-AI-Momentum-Quant"", ""call"": ""hold"", ""target_price"": 158.9, ""thesis"": ""Consolidating trading range warrants a neutral rating until breakout confirmation.""}, {""model"": ""Simulated-AI-Fundamental-Value"", ""call"": ""sell"", ""target_price"": 131.47, ""thesis"": ""Elevated multi-month valuation multiples leave little safety margin against forward earnings revisions.""}, {""model"": ""Simulated-AI-Quality-Compounder"", ""call"": ""buy"", ""target_price"": 177.04, ""thesis"": ""Stable financial profile and durable competitive moat support long-term compounding potential.""}, {""model"": ""Simulated-AI-Macro-Tactical"", ""call"": ""buy"", ""target_price"": 172.89, ""thesis"": ""Positive operating execution and robust revenue traction support upside.""}]",0.4123560368622522,0.35146660391117013,0.20977286762619277
SSD,2022-09-30,small_cap,0.5744,0.75,0.311,72.43,4,"[{""model"": ""Simulated-AI-Momentum-Quant"", ""call"": ""sell"", ""target_price"": 65.3, ""thesis"": ""Persistent negative price trajectory (-15.8%) indicates structural distribution headwinds.""}, {""model"": ""Simulated-AI-Fundamental-Value"", ""call"": ""buy"", ""target_price"": 87.78, ""thesis"": ""Recent price softening provides an attractive risk-adjusted entry point against fundamental book value.""}, {""model"": ""Simulated-AI-Quality-Compounder"", ""call"": ""sell"", ""target_price"": 68.2, ""thesis"": ""Heightened earnings volatility and cyclical margin pressures elevate downside risk.""}, {""model"": ""Simulated-AI-Macro-Tactical"", ""call"": ""sell"", ""target_price"": 68.46, ""thesis"": ""Macro headwinds and declining momentum justify a defensive posture.""}]",0.0937100309768235,0.13439791363015335,0.410942409705423
EXPO,2022-09-30,small_cap,0.4031,0.5,0.2578,84.09,4,"[{""model"": ""Simulated-AI-Momentum-Quant"", ""call"": ""sell"", ""target_price"": 70.28, ""thesis"": ""Persistent negative price trajectory (-4.6%) indicates structural distribution headwinds.""}, {""model"": ""Simulated-AI-Fundamental-Value"", ""call"": ""buy"", ""target_price"": 96.52, ""thesis"": ""Recent price softening provides an attractive risk-adjusted entry point against fundamental book value.""}, {""model"": ""Simulated-AI-Quality-Compounder"", ""call"": ""hold"", ""target_price"": 85.75, ""thesis"": ""Defensive operational balance sheet balanced by limited immediate re-rating catalysts.""}, {""model"": ""Simulated-AI-Macro-Tactical"", ""call"": ""hold"", ""target_price"": 83.79, ""thesis"": ""Balanced near-term catalysts recommend maintaining current position.""}]",0.08657474091683526,0.13293792073742178,0.1386661524224608
FORM,2022-09-30,small_cap,0.4259,0.5,0.3146,23.72,4,"[{""model"": ""Simulated-AI-Momentum-Quant"", ""call"": ""sell"", ""target_price"": 21.08, ""thesis"": ""Persistent negative price trajectory (-11.6%) indicates structural distribution headwinds.""}, {""model"": ""Simulated-AI-Fundamental-Value"", ""call"": ""buy"", ""target_price"": 29.26, ""thesis"": ""Recent price softening provides an attractive risk-adjusted entry point against fundamental book value.""}, {""model"": ""Simulated-AI-Quality-Compounder"", ""call"": ""sell"", ""target_price"": 21.99, ""thesis"": ""Heightened earnings volatility and cyclical margin pressures elevate downside risk.""}, {""model"": ""Simulated-AI-Macro-Tactical"", ""call"": ""hold"", ""target_price"": 22.55, ""thesis"": ""Macro headwinds and declining momentum justify a defensive posture.""}]",-0.19321358483026577,-0.11257484154538949,0.24790423876076714
CRVL,2022-09-30,small_cap,0.5739,0.75,0.3097,44.14,4,"[{""model"": ""Simulated-AI-Momentum-Quant"", ""call"": ""sell"", ""target_price"": 40.34, ""thesis"": ""Persistent negative price trajectory (-10.2%) indicates structural distribution headwinds.""}, {""model"": ""Simulated-AI-Fundamental-Value"", ""call"": ""buy"", ""target_price"": 53.57, ""thesis"": ""Recent price softening provides an attractive risk-adjusted entry point against fundamental book value.""}, {""model"": ""Simulated-AI-Quality-Compounder"", ""call"": ""sell"", ""target_price"": 41.13, ""thesis"": ""Heightened earnings volatility and cyclical margin pressures elevate downside risk.""}, {""model"": ""Simulated-AI-Macro-Tactical"", ""call"": ""sell"", ""target_price"": 41.53, ""thesis"": ""Macro headwinds and declining momentum justify a defensive posture.""}]",0.1862313265705472,0.04984467020133103,0.3779527253108787
TKR,2022-09-30,small_cap,0.4114,0.5,0.2784,54.99,4,"[{""model"": ""Simulated-AI-Momentum-Quant"", ""call"": ""hold"", ""target_price"": 56.93, ""thesis"": ""Consolidating trading range warrants a neutral rating until breakout confirmation.""}, {""model"": ""Simulated-AI-Fundamental-Value"", ""call"": ""buy"", ""target_price"": 64.51, ""thesis"": ""Recent price softening provides an attractive risk-adjusted entry point against fundamental book value.""}, {""model"": ""Simulated-AI-Quality-Compounder"", ""call"": ""sell"", ""target_price"": 48.72, ""thesis"": ""Heightened earnings volatility and cyclical margin pressures elevate downside risk.""}, {""model"": ""Simulated-AI-Macro-Tactical"", ""call"": ""sell"", ""target_price"": 49.8, ""thesis"": ""Macro headwinds and declining momentum justify a defensive posture.""}]",0.20748648015501442,0.20211480558324338,0.3902886003104866
POWI,2022-09-30,small_cap,0.5596,0.75,0.2739,62.91,4,"[{""model"": ""Simulated-AI-Momentum-Quant"", ""call"": ""hold"", ""target_price"": 62.98, ""thesis"": ""Consolidating trading range warrants a neutral rating until breakout confirmation.""}, {""model"": ""Simulated-AI-Fundamental-Value"", ""call"": ""buy"", ""target_price"": 70.88, ""thesis"": ""Recent price softening provides an attractive risk-adjusted entry point against fundamental book value.""}, {""model"": ""Simulated-AI-Quality-Compounder"", ""call"": ""hold"", ""target_price"": 62.88, ""thesis"": ""Defensive operational balance sheet balanced by limited immediate re-rating catalysts.""}, {""model"": ""Simulated-AI-Macro-Tactical"", ""call"": ""hold"", ""target_price"": 54.9, ""thesis"": ""Macro headwinds and declining momentum justify a defensive posture.""}]",0.03715794273741864,0.11768830987560781,0.31333241948801815
CALM,2022-09-30,small_cap,0.4328,0.5,0.3321,46.03,4,"[{""model"": ""Simulated-AI-Momentum-Quant"", ""call"": ""buy"", ""target_price"": 50.38, ""thesis"": ""Strong upward medium-term momentum (+6.7%) signals continued institutional accumulation.""}, {""model"": ""Simulated-AI-Fundamental-Value"", ""call"": ""sell"", ""target_price"": 36.86, ""thesis"": ""Elevated multi-month valuation multiples leave little safety margin against forward earnings revisions.""}, {""model"": ""Simulated-AI-Quality-Compounder"", ""call"": ""buy"", ""target_price"": 48.79, ""thesis"": ""Stable financial profile and durable competitive moat support long-term compounding potential.""}, {""model"": ""Simulated-AI-Macro-Tactical"", ""call"": ""hold"", ""target_price"": 48.1, ""thesis"": ""Positive operating execution and robust revenue traction support upside.""}]",0.03154220312339305,-0.006061386377159075,0.14177269316956345
PLUS,2022-09-30,small_cap,0.5742,0.75,0.3105,39.09,4,"[{""model"": ""Simulated-AI-Momentum-Quant"", ""call"": ""sell"", ""target_price"": 35.62, ""thesis"": ""Persistent negative price trajectory (-10.3%) indicates structural distribution headwinds.""}, {""model"": ""Simulated-AI-Fundamental-Value"", ""call"": ""buy"", ""target_price"": 47.51, ""thesis"": ""Recent price softening provides an attractive risk-adjusted entry point against fundamental book value.""}, {""model"": ""Simulated-AI-Quality-Compounder"", ""call"": ""sell"", ""target_price"": 36.45, ""thesis"": ""Heightened earnings volatility and cyclical margin pressures elevate downside risk.""}, {""model"": ""Simulated-AI-Macro-Tactical"", ""call"": ""sell"", ""target_price"": 36.8, ""thesis"": ""Macro headwinds and declining momentum justify a defensive posture.""}]",0.17284550932594384,0.06596056386594315,0.20317760254629152
FSS,2022-09-30,small_cap,0.4096,0.5,0.2739,37.66,4,"[{""model"": ""Simulated-AI-Momentum-Quant"", ""call"": ""hold"", ""target_price"": 37.85, ""thesis"": ""Consolidating trading range warrants a neutral rating until breakout confirmation.""}, {""model"": ""Simulated-AI-Fundamental-Value"", ""call"": ""buy"", ""target_price"": 42.21, ""thesis"": ""Recent price softening provides an attractive risk-adjusted entry point against fundamental book value.""}, {""model"": ""Simulated-AI-Quality-Compounder"", ""call"": ""hold"", ""target_price"": 37.75, ""thesis"": ""Defensive operational balance sheet balanced by limited immediate re-rating catalysts.""}, {""model"": ""Simulated-AI-Macro-Tactical"", ""call"": ""sell"", ""target_price"": 32.81, ""thesis"": ""Macro headwinds and declining momentum justify a defensive posture.""}]",0.2500000523327534,0.24745437787555377,0.4626422639735255
AMWD,2022-09-30,small_cap,0.5994,0.75,0.3736,97.79,4,"[{""model"": ""Simulated-AI-Momentum-Quant"", ""call"": ""hold"", ""target_price"": 102.5, ""thesis"": ""Consolidating trading range warrants a neutral rating until breakout confirmation.""}, {""model"": ""Simulated-AI-Fundamental-Value"", ""call"": ""sell"", ""target_price"": 82.85, ""thesis"": ""Elevated multi-month valuation multiples leave little safety margin against forward earnings revisions.""}, {""model"": ""Simulated-AI-Quality-Compounder"", ""call"": ""hold"", ""target_price"": 104.8, ""thesis"": ""Defensive operational balance sheet balanced by limited immediate re-rating catalysts.""}, {""model"": ""Simulated-AI-Macro-Tactical"", ""call"": ""hold"", ""target_price"": 101.0, ""thesis"": ""Balanced near-term catalysts recommend maintaining current position.""}]",,,
ATKR,2022-09-30,small_cap,0.5671,0.75,0.2927,68.1,4,"[{""model"": ""Simulated-AI-Momentum-Quant"", ""call"": ""sell"", ""target_price"": 64.87, ""thesis"": ""Persistent negative price trajectory (-10.4%) indicates structural distribution headwinds.""}, {""model"": ""Simulated-AI-Fundamental-Value"", ""call"": ""hold"", ""target_price"": 73.98, ""thesis"": ""Fair valuation reflects balanced risk-reward relative to sector peers.""}, {""model"": ""Simulated-AI-Quality-Compounder"", ""call"": ""sell"", ""target_price"": 66.53, ""thesis"": ""Heightened earnings volatility and cyclical margin pressures elevate downside risk.""}, {""model"": ""Simulated-AI-Macro-Tactical"", ""call"": ""sell"", ""target_price"": 67.01, ""thesis"": ""Macro headwinds and declining momentum justify a defensive posture.""}]",0.22477817710481335,0.4576531012170224,0.8154474497859772
BRC,2022-09-30,small_cap,0.4072,0.5,0.2681,37.41,4,"[{""model"": ""Simulated-AI-Momentum-Quant"", ""call"": ""sell"", ""target_price"": 33.86, ""thesis"": ""Persistent negative price trajectory (-9.9%) indicates structural distribution headwinds.""}, {""model"": ""Simulated-AI-Fundamental-Value"", ""call"": ""hold"", ""target_price"": 38.85, ""thesis"": ""Fair valuation reflects balanced risk-reward relative to sector peers.""}, {""model"": ""Simulated-AI-Quality-Compounder"", ""call"": ""hold"", ""target_price"": 41.58, ""thesis"": ""Defensive operational balance sheet balanced by limited immediate re-rating catalysts.""}, {""model"": ""Simulated-AI-Macro-Tactical"", ""call"": ""sell"", ""target_price"": 35.33, ""thesis"": ""Macro headwinds and declining momentum justify a defensive posture.""}]",0.10222232801112598,0.134746845803983,0.2956419559439951
CNO,2022-09-30,small_cap,0.4025,0.5,0.2561,16.9,4,"[{""model"": ""Simulated-AI-Momentum-Quant"", ""call"": ""sell"", ""target_price"": 13.98, ""thesis"": ""Persistent negative price trajectory (-0.6%) indicates structural distribution headwinds.""}, {""model"": ""Simulated-AI-Fundamental-Value"", ""call"": ""buy"", ""target_price"": 19.43, ""thesis"": ""Recent price softening provides an attractive risk-adjusted entry point against fundamental book value.""}, {""model"": ""Simulated-AI-Quality-Compounder"", ""call"": ""hold"", ""target_price"": 17.41, ""thesis"": ""Defensive operational balance sheet balanced by limited immediate re-rating catalysts.""}, {""model"": ""Simulated-AI-Macro-Tactical"", ""call"": ""hold"", ""target_price"": 16.78, ""thesis"": ""Balanced near-term catalysts recommend maintaining current position.""}]",0.22760130496280542,0.2794788832602292,0.267062508141085
CSGS,2022-09-30,small_cap,0.3863,0.5,0.2158,100.94,4,"[{""model"": ""Simulated-AI-Momentum-Quant"", ""call"": ""buy"", ""target_price"": 115.28, ""thesis"": ""Strong upward medium-term momentum (+0.0%) signals continued institutional accumulation.""}, {""model"": ""Simulated-AI-Fundamental-Value"", ""call"": ""hold"", ""target_price"": 99.44, ""thesis"": ""Fair valuation reflects balanced risk-reward relative to sector peers.""}, {""model"": ""Simulated-AI-Quality-Compounder"", ""call"": ""sell"", ""target_price"": 88.05, ""thesis"": ""Heightened earnings volatility and cyclical margin pressures elevate downside risk.""}, {""model"": ""Simulated-AI-Macro-Tactical"", ""call"": ""hold"", ""target_price"": 101.0, ""thesis"": ""Balanced near-term catalysts recommend maintaining current position.""}]",,,
ENSG,2022-09-30,small_cap,0.4047,0.5,0.2618,78.87,4,"[{""model"": ""Simulated-AI-Momentum-Quant"", ""call"": ""sell"", ""target_price"": 68.88, ""thesis"": ""Persistent negative price trajectory (-5.3%) indicates structural distribution headwinds.""}, {""model"": ""Simulated-AI-Fundamental-Value"", ""call"": ""buy"", ""target_price"": 92.65, ""thesis"": ""Recent price softening provides an attractive risk-adjusted entry point against fundamental book value.""}, {""model"": ""Simulated-AI-Quality-Compounder"", ""call"": ""hold"", ""target_price"": 82.9, ""thesis"": ""Defensive operational balance sheet balanced by limited immediate re-rating catalysts.""}, {""model"": ""Simulated-AI-Macro-Tactical"", ""call"": ""sell"", ""target_price"": 71.03, ""thesis"": ""Macro headwinds and declining momentum justify a defensive posture.""}]",0.1293083773145416,0.1908026083546269,0.19848388928151928
FIX,2022-09-30,small_cap,0.3766,0.5,0.1916,89.5,4,"[{""model"": ""Simulated-AI-Momentum-Quant"", ""call"": ""sell"", ""target_price"": 81.42, ""thesis"": ""Persistent negative price trajectory (-3.6%) indicates structural distribution headwinds.""}, {""model"": ""Simulated-AI-Fundamental-Value"", ""call"": ""hold"", ""target_price"": 95.65, ""thesis"": ""Fair valuation reflects balanced risk-reward relative to sector peers.""}, {""model"": ""Simulated-AI-Quality-Compounder"", ""call"": ""sell"", ""target_price"": 84.03, ""thesis"": ""Heightened earnings volatility and cyclical margin pressures elevate downside risk.""}, {""model"": ""Simulated-AI-Macro-Tactical"", ""call"": ""hold"", ""target_price"": 96.88, ""thesis"": ""Balanced near-term catalysts recommend maintaining current position.""}]",0.26661868785751947,0.18383312982905067,0.5099593015297142
GBCI,2022-09-30,small_cap,0.5412,0.75,0.2281,42.2,4,"[{""model"": ""Simulated-AI-Momentum-Quant"", ""call"": ""hold"", ""target_price"": 44.21, ""thesis"": ""Consolidating trading range warrants a neutral rating until breakout confirmation.""}, {""model"": ""Simulated-AI-Fundamental-Value"", ""call"": ""hold"", ""target_price"": 42.87, ""thesis"": ""Fair valuation reflects balanced risk-reward relative to sector peers.""}, {""model"": ""Simulated-AI-Quality-Compounder"", ""call"": ""sell"", ""target_price"": 38.0, ""thesis"": ""Heightened earnings volatility and cyclical margin pressures elevate downside risk.""}, {""model"": ""Simulated-AI-Macro-Tactical"", ""call"": ""hold"", ""target_price"": 43.73, ""thesis"": ""Balanced near-term catalysts recommend maintaining current position.""}]",0.17335858110862495,0.01808079846074676,-0.1461059788083966
GPI,2022-09-30,small_cap,0.4245,0.5,0.3113,132.96,4,"[{""model"": ""Simulated-AI-Momentum-Quant"", ""call"": ""sell"", ""target_price"": 120.28, ""thesis"": ""Persistent negative price trajectory (-18.4%) indicates structural distribution headwinds.""}, {""model"": ""Simulated-AI-Fundamental-Value"", ""call"": ""buy"", ""target_price"": 163.45, ""thesis"": ""Recent price softening provides an attractive risk-adjusted entry point against fundamental book value.""}, {""model"": ""Simulated-AI-Quality-Compounder"", ""call"": ""sell"", ""target_price"": 122.69, ""thesis"": ""Heightened earnings volatility and cyclical margin pressures elevate downside risk.""}, {""model"": ""Simulated-AI-Macro-Tactical"", ""call"": ""hold"", ""target_price"": 125.41, ""thesis"": ""Macro headwinds and declining momentum justify a defensive posture.""}]",0.21089109713236678,0.2650535358263059,0.5786387596009568
HLNE,2022-09-30,small_cap,0.5664,0.75,0.2911,50.42,4,"[{""model"": ""Simulated-AI-Momentum-Quant"", ""call"": ""sell"", ""target_price"": 46.97, ""thesis"": ""Persistent negative price trajectory (-12.3%) indicates structural distribution headwinds.""}, {""model"": ""Simulated-AI-Fundamental-Value"", ""call"": ""hold"", ""target_price"": 55.05, ""thesis"": ""Fair valuation reflects balanced risk-reward relative to sector peers.""}, {""model"": ""Simulated-AI-Quality-Compounder"", ""call"": ""sell"", ""target_price"": 49.58, ""thesis"": ""Heightened earnings volatility and cyclical margin pressures elevate downside risk.""}, {""model"": ""Simulated-AI-Macro-Tactical"", ""call"": ""sell"", ""target_price"": 50.09, ""thesis"": ""Macro headwinds and declining momentum justify a defensive posture.""}]",0.0035228847661095595,0.07755117794081437,0.22682300837453787
HWKN,2022-09-30,small_cap,0.4002,0.5,0.2506,41.2,4,"[{""model"": ""Simulated-AI-Momentum-Quant"", ""call"": ""buy"", ""target_price"": 43.58, ""thesis"": ""Strong upward medium-term momentum (+2.2%) signals continued institutional accumulation.""}, {""model"": ""Simulated-AI-Fundamental-Value"", ""call"": ""buy"", ""target_price"": 44.22, ""thesis"": ""Recent price softening provides an attractive risk-adjusted entry point against fundamental book value.""}, {""model"": ""Simulated-AI-Quality-Compounder"", ""call"": ""hold"", ""target_price"": 38.88, ""thesis"": ""Defensive operational balance sheet balanced by limited immediate re-rating catalysts.""}, {""model"": ""Simulated-AI-Macro-Tactical"", ""call"": ""hold"", ""target_price"": 38.13, ""thesis"": ""Balanced near-term catalysts recommend maintaining current position.""}]",0.15491151680993653,-0.006710636272600779,0.1397277549127294
IBP,2022-09-30,small_cap,0.4038,0.5,0.2594,75.77,4,"[{""model"": ""Simulated-AI-Momentum-Quant"", ""call"": ""sell"", ""target_price"": 66.49, ""thesis"": ""Persistent negative price trajectory (-8.6%) indicates structural distribution headwinds.""}, {""model"": ""Simulated-AI-Fundamental-Value"", ""call"": ""buy"", ""target_price"": 89.16, ""thesis"": ""Recent price softening provides an attractive risk-adjusted entry point against fundamental book value.""}, {""model"": ""Simulated-AI-Quality-Compounder"", ""call"": ""hold"", ""target_price"": 78.94, ""thesis"": ""Defensive operational balance sheet balanced by limited immediate re-rating catalysts.""}, {""model"": ""Simulated-AI-Macro-Tactical"", ""call"": ""sell"", ""target_price"": 68.5, ""thesis"": ""Macro headwinds and declining momentum justify a defensive posture.""}]",0.06185947122467458,0.06054854004149428,0.4284671859198553
KAR,2022-09-30,small_cap,0.4111,0.5,0.2779,92.84,4,"[{""model"": ""Simulated-AI-Momentum-Quant"", ""call"": ""sell"", ""target_price"": 84.24, ""thesis"": ""Persistent negative price trajectory (+0.0%) indicates structural distribution headwinds.""}, {""model"": ""Simulated-AI-Fundamental-Value"", ""call"": ""sell"", ""target_price"": 82.5, ""thesis"": ""Elevated multi-month valuation multiples leave little safety margin against forward earnings revisions.""}, {""model"": ""Simulated-AI-Quality-Compounder"", ""call"": ""hold"", ""target_price"": 103.6, ""thesis"": ""Defensive operational balance sheet balanced by limited immediate re-rating catalysts.""}, {""model"": ""Simulated-AI-Macro-Tactical"", ""call"": ""hold"", ""target_price"": 101.0, ""thesis"": ""Balanced near-term catalysts recommend maintaining current position.""}]",,,
MC,2022-09-30,small_cap,0.5742,0.75,0.3105,26.74,4,"[{""model"": ""Simulated-AI-Momentum-Quant"", ""call"": ""sell"", ""target_price"": 24.07, ""thesis"": ""Persistent negative price trajectory (-18.8%) indicates structural distribution headwinds.""}, {""model"": ""Simulated-AI-Fundamental-Value"", ""call"": ""buy"", ""target_price"": 32.83, ""thesis"": ""Recent price softening provides an attractive risk-adjusted entry point against fundamental book value.""}, {""model"": ""Simulated-AI-Quality-Compounder"", ""call"": ""sell"", ""target_price"": 24.74, ""thesis"": ""Heightened earnings volatility and cyclical margin pressures elevate downside risk.""}, {""model"": ""Simulated-AI-Macro-Tactical"", ""call"": ""sell"", ""target_price"": 25.33, ""thesis"": ""Macro headwinds and declining momentum justify a defensive posture.""}]",0.2558414538717588,0.15224140686388196,0.1551624557250999
OII,2022-09-30,small_cap,0.4027,0.5,0.2568,7.91,4,"[{""model"": ""Simulated-AI-Momentum-Quant"", ""call"": ""sell"", ""target_price"": 6.93, ""thesis"": ""Persistent negative price trajectory (-9.9%) indicates structural distribution headwinds.""}, {""model"": ""Simulated-AI-Fundamental-Value"", ""call"": ""buy"", ""target_price"": 9.23, ""thesis"": ""Recent price softening provides an attractive risk-adjusted entry point against fundamental book value.""}, {""model"": ""Simulated-AI-Quality-Compounder"", ""call"": ""hold"", ""target_price"": 8.3, ""thesis"": ""Defensive operational balance sheet balanced by limited immediate re-rating catalysts.""}, {""model"": ""Simulated-AI-Macro-Tactical"", ""call"": ""sell"", ""target_price"": 7.16, ""thesis"": ""Macro headwinds and declining momentum justify a defensive posture.""}]",0.7575376512655054,1.1972361416206354,1.3002511781651713
PRDO,2022-09-30,small_cap,0.5755,0.75,0.3138,9.2,4,"[{""model"": ""Simulated-AI-Momentum-Quant"", ""call"": ""sell"", ""target_price"": 8.29, ""thesis"": ""Persistent negative price trajectory (-11.5%) indicates structural distribution headwinds.""}, {""model"": ""Simulated-AI-Fundamental-Value"", ""call"": ""buy"", ""target_price"": 11.26, ""thesis"": ""Recent price softening provides an attractive risk-adjusted entry point against fundamental book value.""}, {""model"": ""Simulated-AI-Quality-Compounder"", ""call"": ""sell"", ""target_price"": 8.61, ""thesis"": ""Heightened earnings volatility and cyclical margin pressures elevate downside risk.""}, {""model"": ""Simulated-AI-Macro-Tactical"", ""call"": ""sell"", ""target_price"": 8.66, ""thesis"": ""Macro headwinds and declining momentum justify a defensive posture.""}]",0.10970863509572613,0.34951439182621,0.30194161997840135
SHOO,2022-09-30,small_cap,0.4052,0.5,0.263,24.34,4,"[{""model"": ""Simulated-AI-Momentum-Quant"", ""call"": ""sell"", ""target_price"": 21.4, ""thesis"": ""Persistent negative price trajectory (-7.4%) indicates structural distribution headwinds.""}, {""model"": ""Simulated-AI-Fundamental-Value"", ""call"": ""buy"", ""target_price"": 28.49, ""thesis"": ""Recent price softening provides an attractive risk-adjusted entry point against fundamental book value.""}, {""model"": ""Simulated-AI-Quality-Compounder"", ""call"": ""hold"", ""target_price"": 25.48, ""thesis"": ""Defensive operational balance sheet balanced by limited immediate re-rating catalysts.""}, {""model"": ""Simulated-AI-Macro-Tactical"", ""call"": ""hold"", ""target_price"": 21.99, ""thesis"": ""Macro headwinds and declining momentum justify a defensive posture.""}]",0.11998492174838699,0.20592556862193354,0.38769368881633615
SLVM,2022-09-30,small_cap,0.5735,0.75,0.3087,28.65,4,"[{""model"": ""Simulated-AI-Momentum-Quant"", ""call"": ""sell"", ""target_price"": 26.14, ""thesis"": ""Persistent negative price trajectory (-21.0%) indicates structural distribution headwinds.""}, {""model"": ""Simulated-AI-Fundamental-Value"", ""call"": ""buy"", ""target_price"": 34.77, ""thesis"": ""Recent price softening provides an attractive risk-adjusted entry point against fundamental book value.""}, {""model"": ""Simulated-AI-Quality-Compounder"", ""call"": ""sell"", ""target_price"": 26.58, ""thesis"": ""Heightened earnings volatility and cyclical margin pressures elevate downside risk.""}, {""model"": ""Simulated-AI-Macro-Tactical"", ""call"": ""sell"", ""target_price"": 27.11, ""thesis"": ""Macro headwinds and declining momentum justify a defensive posture.""}]",0.42094396047854915,0.43333322569859223,0.361874141177652
AAPL,2022-12-30,large_cap,0.4038,0.5,0.2594,125.61,4,"[{""model"": ""Simulated-AI-Momentum-Quant"", ""call"": ""sell"", ""target_price"": 107.43, ""thesis"": ""Persistent negative price trajectory (-8.6%) indicates structural distribution headwinds.""}, {""model"": ""Simulated-AI-Fundamental-Value"", ""call"": ""buy"", ""target_price"": 146.8, ""thesis"": ""Recent price softening provides an attractive risk-adjusted entry point against fundamental book value.""}, {""model"": ""Simulated-AI-Quality-Compounder"", ""call"": ""hold"", ""target_price"": 133.32, ""thesis"": ""Defensive operational balance sheet balanced by limited immediate re-rating catalysts.""}, {""model"": ""Simulated-AI-Macro-Tactical"", ""call"": ""sell"", ""target_price"": 114.89, ""thesis"": ""Macro headwinds and declining momentum justify a defensive posture.""}]",0.11929493638959714,0.2808720536184954,0.4768503078616792
MSFT,2022-12-30,large_cap,0.5473,0.75,0.2433,243.89,4,"[{""model"": ""Simulated-AI-Momentum-Quant"", ""call"": ""buy"", ""target_price"": 269.05, ""thesis"": ""Strong upward medium-term momentum (-0.1%) signals continued institutional accumulation.""}, {""model"": ""Simulated-AI-Fundamental-Value"", ""call"": ""hold"", ""target_price"": 231.72, ""thesis"": ""Fair valuation reflects balanced risk-reward relative to sector peers.""}, {""model"": ""Simulated-AI-Quality-Compounder"", ""call"": ""hold"", ""target_price"": 239.72, ""thesis"": ""Defensive operational balance sheet balanced by limited immediate re-rating catalysts.""}, {""model"": ""Simulated-AI-Macro-Tactical"", ""call"": ""hold"", ""target_price"": 235.07, ""thesis"": ""Balanced near-term catalysts recommend maintaining current position.""}]",0.05391535098131335,0.20068980180195772,0.4166377052971017
NVDA,2022-12-30,large_cap,0.5825,0.75,0.3312,15.17,4,"[{""model"": ""Simulated-AI-Momentum-Quant"", ""call"": ""buy"", ""target_price"": 16.33, ""thesis"": ""Strong upward medium-term momentum (+16.8%) signals continued institutional accumulation.""}, {""model"": ""Simulated-AI-Fundamental-Value"", ""call"": ""sell"", ""target_price"": 12.25, ""thesis"": ""Elevated multi-month valuation multiples leave little safety margin against forward earnings revisions.""}, {""model"": ""Simulated-AI-Quality-Compounder"", ""call"": ""buy"", ""target_price"": 16.07, ""thesis"": ""Stable financial profile and durable competitive moat support long-term compounding potential.""}, {""model"": ""Simulated-AI-Macro-Tactical"", ""call"": ""buy"", ""target_price"": 16.03, ""thesis"": ""Positive operating execution and robust revenue traction support upside.""}]",0.4330779756753612,0.9139009431587224,1.8964392774173373
AMZN,2022-12-30,large_cap,0.5751,0.75,0.3129,80.44,4,"[{""model"": ""Simulated-AI-Momentum-Quant"", ""call"": ""sell"", ""target_price"": 73.65, ""thesis"": ""Persistent negative price trajectory (-27.5%) indicates structural distribution headwinds.""}, {""model"": ""Simulated-AI-Fundamental-Value"", ""call"": ""buy"", ""target_price"": 97.9, ""thesis"": ""Recent price softening provides an attractive risk-adjusted entry point against fundamental book value.""}, {""model"": ""Simulated-AI-Quality-Compounder"", ""call"": ""sell"", ""target_price"": 74.63, ""thesis"": ""Heightened earnings volatility and cyclical margin pressures elevate downside risk.""}, {""model"": ""Simulated-AI-Macro-Tactical"", ""call"": ""sell"", ""target_price"": 75.6, ""thesis"": ""Macro headwinds and declining momentum justify a defensive posture.""}]",0.2517857324509394,0.21916671026320683,0.5521429152715773
GOOGL,2022-12-30,large_cap,0.5752,0.75,0.313,83.4,4,"[{""model"": ""Simulated-AI-Momentum-Quant"", ""call"": ""sell"", ""target_price"": 75.86, ""thesis"": ""Persistent negative price trajectory (-10.6%) indicates structural distribution headwinds.""}, {""model"": ""Simulated-AI-Fundamental-Value"", ""call"": ""buy"", ""target_price"": 100.51, ""thesis"": ""Recent price softening provides an attractive risk-adjusted entry point against fundamental book value.""}, {""model"": ""Simulated-AI-Quality-Compounder"", ""call"": ""sell"", ""target_price"": 78.57, ""thesis"": ""Heightened earnings volatility and cyclical margin pressures elevate downside risk.""}, {""model"": ""Simulated-AI-Macro-Tactical"", ""call"": ""sell"", ""target_price"": 78.66, ""thesis"": ""Macro headwinds and declining momentum justify a defensive posture.""}]",0.13827491760272553,0.18281771966525004,0.37991629505399865
META,2022-12-30,large_cap,0.5736,0.75,0.3089,112.94,4,"[{""model"": ""Simulated-AI-Momentum-Quant"", ""call"": ""sell"", ""target_price"": 100.87, ""thesis"": ""Persistent negative price trajectory (-13.2%) indicates structural distribution headwinds.""}, {""model"": ""Simulated-AI-Fundamental-Value"", ""call"": ""buy"", ""target_price"": 138.08, ""thesis"": ""Recent price softening provides an attractive risk-adjusted entry point against fundamental book value.""}, {""model"": ""Simulated-AI-Quality-Compounder"", ""call"": ""sell"", ""target_price"": 105.45, ""thesis"": ""Heightened earnings volatility and cyclical margin pressures elevate downside risk.""}, {""model"": ""Simulated-AI-Macro-Tactical"", ""call"": ""sell"", ""target_price"": 107.36, ""thesis"": ""Macro headwinds and declining momentum justify a defensive posture.""}]",0.272394960441983,0.7705671469397818,1.4461525227689236
BRK-B,2022-12-30,large_cap,0.4246,0.5,0.3116,319.45,4,"[{""model"": ""Simulated-AI-Momentum-Quant"", ""call"": ""buy"", ""target_price"": 352.89, ""thesis"": ""Strong upward medium-term momentum (+13.2%) signals continued institutional accumulation.""}, {""model"": ""Simulated-AI-Fundamental-Value"", ""call"": ""hold"", ""target_price"": 312.36, ""thesis"": ""Fair valuation reflects balanced risk-reward relative to sector peers.""}, {""model"": ""Simulated-AI-Quality-Compounder"", ""call"": ""sell"", ""target_price"": 272.76, ""thesis"": ""Heightened earnings volatility and cyclical margin pressures elevate downside risk.""}, {""model"": ""Simulated-AI-Macro-Tactical"", ""call"": ""hold"", ""target_price"": 339.79, ""thesis"": ""Positive operating execution and robust revenue traction support upside.""}]",0.005406323925969432,0.004564595953283914,0.10573002365631004
JPM,2022-12-30,large_cap,0.4119,0.5,0.2797,126.37,4,"[{""model"": ""Simulated-AI-Momentum-Quant"", ""call"": ""buy"", ""target_price"": 141.07, ""thesis"": ""Strong upward medium-term momentum (+25.6%) signals continued institutional accumulation.""}, {""model"": ""Simulated-AI-Fundamental-Value"", ""call"": ""sell"", ""target_price"": 102.78, ""thesis"": ""Elevated multi-month valuation multiples leave little safety margin against forward earnings revisions.""}, {""model"": ""Simulated-AI-Quality-Compounder"", ""call"": ""hold"", ""target_price"": 126.53, ""thesis"": ""Defensive operational balance sheet balanced by limited immediate re-rating catalysts.""}, {""model"": ""Simulated-AI-Macro-Tactical"", ""call"": ""buy"", ""target_price"": 135.08, ""thesis"": ""Positive operating execution and robust revenue traction support upside.""}]",0.048628675658127146,-0.022211396755835,0.10261334780005543
V,2022-12-30,large_cap,0.4122,0.5,0.2804,206.9,4,"[{""model"": ""Simulated-AI-Momentum-Quant"", ""call"": ""buy"", ""target_price"": 230.0, ""thesis"": ""Strong upward medium-term momentum (+14.6%) signals continued institutional accumulation.""}, {""model"": ""Simulated-AI-Fundamental-Value"", ""call"": ""sell"", ""target_price"": 167.48, ""thesis"": ""Elevated multi-month valuation multiples leave little safety margin against forward earnings revisions.""}, {""model"": ""Simulated-AI-Quality-Compounder"", ""call"": ""hold"", ""target_price"": 208.04, ""thesis"": ""Defensive operational balance sheet balanced by limited immediate re-rating catalysts.""}, {""model"": ""Simulated-AI-Macro-Tactical"", ""call"": ""buy"", ""target_price"": 222.09, ""thesis"": ""Positive operating execution and robust revenue traction support upside.""}]",0.11137845098689451,0.10439228743142011,0.15704059216391278
LLY,2022-12-30,large_cap,0.445,0.5,0.3626,350.44,4,"[{""model"": ""Simulated-AI-Momentum-Quant"", ""call"": ""buy"", ""target_price"": 399.34, ""thesis"": ""Strong upward medium-term momentum (+14.1%) signals continued institutional accumulation.""}, {""model"": ""Simulated-AI-Fundamental-Value"", ""call"": ""sell"", ""target_price"": 298.12, ""thesis"": ""Elevated multi-month valuation multiples leave little safety margin against forward earnings revisions.""}, {""model"": ""Simulated-AI-Quality-Compounder"", ""call"": ""sell"", ""target_price"": 313.23, ""thesis"": ""Heightened earnings volatility and cyclical margin pressures elevate downside risk.""}, {""model"": ""Simulated-AI-Macro-Tactical"", ""call"": ""hold"", ""target_price"": 391.09, ""thesis"": ""Positive operating execution and robust revenue traction support upside.""}]",-0.06360698914403226,-0.038173137552700895,0.28040137055369607
UNH,2022-12-30,large_cap,0.5492,0.75,0.2479,517.93,4,"[{""model"": ""Simulated-AI-Momentum-Quant"", ""call"": ""buy"", ""target_price"": 562.15, ""thesis"": ""Strong upward medium-term momentum (+3.2%) signals continued institutional accumulation.""}, {""model"": ""Simulated-AI-Fundamental-Value"", ""call"": ""hold"", ""target_price"": 497.18, ""thesis"": ""Fair valuation reflects balanced risk-reward relative to sector peers.""}, {""model"": ""Simulated-AI-Quality-Compounder"", ""call"": ""hold"", ""target_price"": 512.23, ""thesis"": ""Defensive operational balance sheet balanced by limited immediate re-rating catalysts.""}, {""model"": ""Simulated-AI-Macro-Tactical"", ""call"": ""hold"", ""target_price"": 500.15, ""thesis"": ""Balanced near-term catalysts recommend maintaining current position.""}]",-0.06258255990856637,-0.06456267274991645,-0.1043804365516838
XOM,2022-12-30,large_cap,0.5832,0.75,0.3329,102.5,4,"[{""model"": ""Simulated-AI-Momentum-Quant"", ""call"": ""buy"", ""target_price"": 111.34, ""thesis"": ""Strong upward medium-term momentum (+21.0%) signals continued institutional accumulation.""}, {""model"": ""Simulated-AI-Fundamental-Value"", ""call"": ""sell"", ""target_price"": 81.93, ""thesis"": ""Elevated multi-month valuation multiples leave little safety margin against forward earnings revisions.""}, {""model"": ""Simulated-AI-Quality-Compounder"", ""call"": ""buy"", ""target_price"": 109.45, ""thesis"": ""Stable financial profile and durable competitive moat support long-term compounding potential.""}, {""model"": ""Simulated-AI-Macro-Tactical"", ""call"": ""buy"", ""target_price"": 107.28, ""thesis"": ""Positive operating execution and robust revenue traction support upside.""}]",0.04025375650699079,0.06095722609115275,-0.014800663748848196
JNJ,2022-12-30,large_cap,0.5825,0.75,0.3311,166.96,4,"[{""model"": ""Simulated-AI-Momentum-Quant"", ""call"": ""buy"", ""target_price"": 183.33, ""thesis"": ""Strong upward medium-term momentum (+8.9%) signals continued institutional accumulation.""}, {""model"": ""Simulated-AI-Fundamental-Value"", ""call"": ""sell"", ""target_price"": 134.82, ""thesis"": ""Elevated multi-month valuation multiples leave little safety margin against forward earnings revisions.""}, {""model"": ""Simulated-AI-Quality-Compounder"", ""call"": ""buy"", ""target_price"": 175.14, ""thesis"": ""Stable financial profile and durable competitive moat support long-term compounding potential.""}, {""model"": ""Simulated-AI-Macro-Tactical"", ""call"": ""buy"", ""target_price"": 174.57, ""thesis"": ""Positive operating execution and robust revenue traction support upside.""}]",-0.06640251667146777,-0.10569974012547974,-0.06471412072069509
PG,2022-12-30,large_cap,0.4115,0.5,0.2787,141.57,4,"[{""model"": ""Simulated-AI-Momentum-Quant"", ""call"": ""buy"", ""target_price"": 159.0, ""thesis"": ""Strong upward medium-term momentum (+18.8%) signals continued institutional accumulation.""}, {""model"": ""Simulated-AI-Fundamental-Value"", ""call"": ""sell"", ""target_price"": 113.88, ""thesis"": ""Elevated multi-month valuation multiples leave little safety margin against forward earnings revisions.""}, {""model"": ""Simulated-AI-Quality-Compounder"", ""call"": ""hold"", ""target_price"": 142.23, ""thesis"": ""Defensive operational balance sheet balanced by limited immediate re-rating catalysts.""}, {""model"": ""Simulated-AI-Macro-Tactical"", ""call"": ""hold"", ""target_price"": 151.19, ""thesis"": ""Positive operating execution and robust revenue traction support upside.""}]",-0.04929751416989216,-0.00733598256149908,0.017118217782541627
HD,2022-12-30,large_cap,0.5746,0.75,0.3115,312.09,4,"[{""model"": ""Simulated-AI-Momentum-Quant"", ""call"": ""buy"", ""target_price"": 325.87, ""thesis"": ""Strong upward medium-term momentum (+12.0%) signals continued institutional accumulation.""}, {""model"": ""Simulated-AI-Fundamental-Value"", ""call"": ""hold"", ""target_price"": 288.86, ""thesis"": ""Fair valuation reflects balanced risk-reward relative to sector peers.""}, {""model"": ""Simulated-AI-Quality-Compounder"", ""call"": ""buy"", ""target_price"": 318.53, ""thesis"": ""Stable financial profile and durable competitive moat support long-term compounding potential.""}, {""model"": ""Simulated-AI-Macro-Tactical"", ""call"": ""buy"", ""target_price"": 315.1, ""thesis"": ""Positive operating execution and robust revenue traction support upside.""}]",0.038719558708342316,-0.05057294361206972,-0.001759059834669044
MA,2022-12-30,large_cap,0.5828,0.75,0.332,354.63,4,"[{""model"": ""Simulated-AI-Momentum-Quant"", ""call"": ""buy"", ""target_price"": 385.42, ""thesis"": ""Strong upward medium-term momentum (+19.9%) signals continued institutional accumulation.""}, {""model"": ""Simulated-AI-Fundamental-Value"", ""call"": ""sell"", ""target_price"": 283.05, ""thesis"": ""Elevated multi-month valuation multiples leave little safety margin against forward earnings revisions.""}, {""model"": ""Simulated-AI-Quality-Compounder"", ""call"": ""buy"", ""target_price"": 376.04, ""thesis"": ""Stable financial profile and durable competitive moat support long-term compounding potential.""}, {""model"": ""Simulated-AI-Macro-Tactical"", ""call"": ""buy"", ""target_price"": 374.0, ""thesis"": ""Positive operating execution and robust revenue traction support upside.""}]",0.07752299795085094,0.05560257817597909,0.13878833627586232
COST,2022-12-30,large_cap,0.7327,1.0,0.3317,445.99,4,"[{""model"": ""Simulated-AI-Momentum-Quant"", ""call"": ""hold"", ""target_price"": 455.62, ""thesis"": ""Consolidating trading range warrants a neutral rating until breakout confirmation.""}, {""model"": ""Simulated-AI-Fundamental-Value"", ""call"": ""hold"", ""target_price"": 431.15, ""thesis"": ""Fair valuation reflects balanced risk-reward relative to sector peers.""}, {""model"": ""Simulated-AI-Quality-Compounder"", ""call"": ""hold"", ""target_price"": 456.62, ""thesis"": ""Defensive operational balance sheet balanced by limited immediate re-rating catalysts.""}, {""model"": ""Simulated-AI-Macro-Tactical"", ""call"": ""hold"", ""target_price"": 440.57, ""thesis"": ""Balanced near-term catalysts recommend maintaining current position.""}]",0.13452355741613187,0.09067972857282879,0.18992884946661062
ABBV,2022-12-30,large_cap,0.4246,0.5,0.3115,147.22,4,"[{""model"": ""Simulated-AI-Momentum-Quant"", ""call"": ""buy"", ""target_price"": 163.97, ""thesis"": ""Strong upward medium-term momentum (+18.0%) signals continued institutional accumulation.""}, {""model"": ""Simulated-AI-Fundamental-Value"", ""call"": ""hold"", ""target_price"": 144.22, ""thesis"": ""Fair valuation reflects balanced risk-reward relative to sector peers.""}, {""model"": ""Simulated-AI-Quality-Compounder"", ""call"": ""sell"", ""target_price"": 125.11, ""thesis"": ""Heightened earnings volatility and cyclical margin pressures elevate downside risk.""}, {""model"": ""Simulated-AI-Macro-Tactical"", ""call"": ""buy"", ""target_price"": 155.59, ""thesis"": ""Positive operating execution and robust revenue traction support upside.""}]",-0.08425464353393906,0.002072806366228585,-0.13244062243090401
MRK,2022-12-30,large_cap,0.4444,0.5,0.361,98.94,4,"[{""model"": ""Simulated-AI-Momentum-Quant"", ""call"": ""buy"", ""target_price"": 114.24, ""thesis"": ""Strong upward medium-term momentum (+27.6%) signals continued institutional accumulation.""}, {""model"": ""Simulated-AI-Fundamental-Value"", ""call"": ""sell"", ""target_price"": 84.07, ""thesis"": ""Elevated multi-month valuation multiples leave little safety margin against forward earnings revisions.""}, {""model"": ""Simulated-AI-Quality-Compounder"", ""call"": ""sell"", ""target_price"": 87.67, ""thesis"": ""Heightened earnings volatility and cyclical margin pressures elevate downside risk.""}, {""model"": ""Simulated-AI-Macro-Tactical"", ""call"": ""buy"", ""target_price"": 109.77, ""thesis"": ""Positive operating execution and robust revenue traction support upside.""}]",-0.035781909957196996,-0.011925315575340571,0.03880488590465696
BAC,2022-12-30,large_cap,0.4471,0.5,0.3678,28.77,4,"[{""model"": ""Simulated-AI-Momentum-Quant"", ""call"": ""hold"", ""target_price"": 30.16, ""thesis"": ""Consolidating trading range warrants a neutral rating until breakout confirmation.""}, {""model"": ""Simulated-AI-Fundamental-Value"", ""call"": ""sell"", ""target_price"": 25.34, ""thesis"": ""Elevated multi-month valuation multiples leave little safety margin against forward earnings revisions.""}, {""model"": ""Simulated-AI-Quality-Compounder"", ""call"": ""sell"", ""target_price"": 26.42, ""thesis"": ""Heightened earnings volatility and cyclical margin pressures elevate downside risk.""}, {""model"": ""Simulated-AI-Macro-Tactical"", ""call"": ""hold"", ""target_price"": 33.14, ""thesis"": ""Positive operating execution and robust revenue traction support upside.""}]",0.08454100102828896,-0.1311764122008093,-0.1092341158981171
CVX,2022-12-30,large_cap,0.5824,0.75,0.3311,160.55,4,"[{""model"": ""Simulated-AI-Momentum-Quant"", ""call"": ""buy"", ""target_price"": 172.78, ""thesis"": ""Strong upward medium-term momentum (+19.2%) signals continued institutional accumulation.""}, {""model"": ""Simulated-AI-Fundamental-Value"", ""call"": ""sell"", ""target_price"": 129.93, ""thesis"": ""Elevated multi-month valuation multiples leave little safety margin against forward earnings revisions.""}, {""model"": ""Simulated-AI-Quality-Compounder"", ""call"": ""buy"", ""target_price"": 170.17, ""thesis"": ""Stable financial profile and durable competitive moat support long-term compounding potential.""}, {""model"": ""Simulated-AI-Macro-Tactical"", ""call"": ""buy"", ""target_price"": 169.33, ""thesis"": ""Positive operating execution and robust revenue traction support upside.""}]",-0.04529492526939505,-0.04477997929709032,-0.1128419595622196
CRM,2022-12-30,large_cap,0.5671,0.75,0.2927,119.13,4,"[{""model"": ""Simulated-AI-Momentum-Quant"", ""call"": ""sell"", ""target_price"": 114.59, ""thesis"": ""Persistent negative price trajectory (-10.4%) indicates structural distribution headwinds.""}, {""model"": ""Simulated-AI-Fundamental-Value"", ""call"": ""hold"", ""target_price"": 128.62, ""thesis"": ""Fair valuation reflects balanced risk-reward relative to sector peers.""}, {""model"": ""Simulated-AI-Quality-Compounder"", ""call"": ""sell"", ""target_price"": 116.0, ""thesis"": ""Heightened earnings volatility and cyclical margin pressures elevate downside risk.""}, {""model"": ""Simulated-AI-Macro-Tactical"", ""call"": ""sell"", ""target_price"": 117.31, ""thesis"": ""Macro headwinds and declining momentum justify a defensive posture.""}]",0.29587427246156917,0.48193655905858884,0.6126401881604773
NFLX,2022-12-30,large_cap,0.5832,0.75,0.333,30.72,4,"[{""model"": ""Simulated-AI-Momentum-Quant"", ""call"": ""buy"", ""target_price"": 33.43, ""thesis"": ""Strong upward medium-term momentum (+23.4%) signals continued institutional accumulation.""}, {""model"": ""Simulated-AI-Fundamental-Value"", ""call"": ""sell"", ""target_price"": 24.51, ""thesis"": ""Elevated multi-month valuation multiples leave little safety margin against forward earnings revisions.""}, {""model"": ""Simulated-AI-Quality-Compounder"", ""call"": ""buy"", ""target_price"": 32.51, ""thesis"": ""Stable financial profile and durable competitive moat support long-term compounding potential.""}, {""model"": ""Simulated-AI-Macro-Tactical"", ""call"": ""buy"", ""target_price"": 32.44, ""thesis"": ""Positive operating execution and robust revenue traction support upside.""}]",0.22758411030125408,0.18109054828186302,0.5121404923155934
AMD,2022-12-30,large_cap,0.7327,1.0,0.3317,66.08,4,"[{""model"": ""Simulated-AI-Momentum-Quant"", ""call"": ""hold"", ""target_price"": 66.16, ""thesis"": ""Consolidating trading range warrants a neutral rating until breakout confirmation.""}, {""model"": ""Simulated-AI-Fundamental-Value"", ""call"": ""hold"", ""target_price"": 64.64, ""thesis"": ""Fair valuation reflects balanced risk-reward relative to sector peers.""}, {""model"": ""Simulated-AI-Quality-Compounder"", ""call"": ""hold"", ""target_price"": 68.09, ""thesis"": ""Defensive operational balance sheet balanced by limited immediate re-rating catalysts.""}, {""model"": ""Simulated-AI-Macro-Tactical"", ""call"": ""hold"", ""target_price"": 65.42, ""thesis"": ""Balanced near-term catalysts recommend maintaining current position.""}]",0.30677788754693575,0.49081368786716556,0.7593021901204697
PEP,2022-12-30,large_cap,0.4333,0.5,0.3331,166.21,4,"[{""model"": ""Simulated-AI-Momentum-Quant"", ""call"": ""buy"", ""target_price"": 179.0, ""thesis"": ""Strong upward medium-term momentum (+10.0%) signals continued institutional accumulation.""}, {""model"": ""Simulated-AI-Fundamental-Value"", ""call"": ""sell"", ""target_price"": 132.84, ""thesis"": ""Elevated multi-month valuation multiples leave little safety margin against forward earnings revisions.""}, {""model"": ""Simulated-AI-Quality-Compounder"", ""call"": ""buy"", ""target_price"": 178.3, ""thesis"": ""Stable financial profile and durable competitive moat support long-term compounding potential.""}, {""model"": ""Simulated-AI-Macro-Tactical"", ""call"": ""hold"", ""target_price"": 174.68, ""thesis"": ""Positive operating execution and robust revenue traction support upside.""}]",-0.05037082690609296,0.017011155219764776,0.04701112543176978
KO,2022-12-30,large_cap,0.5751,0.75,0.3127,63.05,4,"[{""model"": ""Simulated-AI-Momentum-Quant"", ""call"": ""buy"", ""target_price"": 66.53, ""thesis"": ""Strong upward medium-term momentum (+13.1%) signals continued institutional accumulation.""}, {""model"": ""Simulated-AI-Fundamental-Value"", ""call"": ""hold"", ""target_price"": 58.06, ""thesis"": ""Fair valuation reflects balanced risk-reward relative to sector peers.""}, {""model"": ""Simulated-AI-Quality-Compounder"", ""call"": ""buy"", ""target_price"": 64.5, ""thesis"": ""Stable financial profile and durable competitive moat support long-term compounding potential.""}, {""model"": ""Simulated-AI-Macro-Tactical"", ""call"": ""buy"", ""target_price"": 63.09, ""thesis"": ""Positive operating execution and robust revenue traction support upside.""}]",-0.035843458194426595,-0.011497633430943831,-0.025837384474955816
TMO,2022-12-30,large_cap,0.5811,0.75,0.3277,565.0,4,"[{""model"": ""Simulated-AI-Momentum-Quant"", ""call"": ""hold"", ""target_price"": 549.61, ""thesis"": ""Consolidating trading range warrants a neutral rating until breakout confirmation.""}, {""model"": ""Simulated-AI-Fundamental-Value"", ""call"": ""hold"", ""target_price"": 547.54, ""thesis"": ""Fair valuation reflects balanced risk-reward relative to sector peers.""}, {""model"": ""Simulated-AI-Quality-Compounder"", ""call"": ""hold"", ""target_price"": 563.67, ""thesis"": ""Defensive operational balance sheet balanced by limited immediate re-rating catalysts.""}, {""model"": ""Simulated-AI-Macro-Tactical"", ""call"": ""buy"", ""target_price"": 599.18, ""thesis"": ""Positive operating execution and robust revenue traction support upside.""}]",0.06658927015937735,0.03586141505854712,-0.05339933213858405
WMT,2022-12-30,large_cap,0.4331,0.5,0.3328,45.71,4,"[{""model"": ""Simulated-AI-Momentum-Quant"", ""call"": ""hold"", ""target_price"": 45.17, ""thesis"": ""Consolidating trading range warrants a neutral rating until breakout confirmation.""}, {""model"": ""Simulated-AI-Fundamental-Value"", ""call"": ""sell"", ""target_price"": 37.79, ""thesis"": ""Elevated multi-month valuation multiples leave little safety margin against forward earnings revisions.""}, {""model"": ""Simulated-AI-Quality-Compounder"", ""call"": ""buy"", ""target_price"": 50.08, ""thesis"": ""Stable financial profile and durable competitive moat support long-term compounding potential.""}, {""model"": ""Simulated-AI-Macro-Tactical"", ""call"": ""buy"", ""target_price"": 49.81, ""thesis"": ""Positive operating execution and robust revenue traction support upside.""}]",0.020311650374355537,0.05296128685358522,0.1239235372095065
MCD,2022-12-30,large_cap,0.4057,0.5,0.2644,258.94,4,"[{""model"": ""Simulated-AI-Momentum-Quant"", ""call"": ""buy"", ""target_price"": 275.09, ""thesis"": ""Strong upward medium-term momentum (+12.6%) signals continued institutional accumulation.""}, {""model"": ""Simulated-AI-Fundamental-Value"", ""call"": ""hold"", ""target_price"": 245.77, ""thesis"": ""Fair valuation reflects balanced risk-reward relative to sector peers.""}, {""model"": ""Simulated-AI-Quality-Compounder"", ""call"": ""hold"", ""target_price"": 249.63, ""thesis"": ""Defensive operational balance sheet balanced by limited immediate re-rating catalysts.""}, {""model"": ""Simulated-AI-Macro-Tactical"", ""call"": ""buy"", ""target_price"": 265.25, ""thesis"": ""Positive operating execution and robust revenue traction support upside.""}]",0.010397348935779501,0.0768002582774094,0.1391468910369399
CSCO,2022-12-30,large_cap,0.5831,0.75,0.3327,45.32,4,"[{""model"": ""Simulated-AI-Momentum-Quant"", ""call"": ""buy"", ""target_price"": 49.58, ""thesis"": ""Strong upward medium-term momentum (+16.5%) signals continued institutional accumulation.""}, {""model"": ""Simulated-AI-Fundamental-Value"", ""call"": ""sell"", ""target_price"": 36.17, ""thesis"": ""Elevated multi-month valuation multiples leave little safety margin against forward earnings revisions.""}, {""model"": ""Simulated-AI-Quality-Compounder"", ""call"": ""buy"", ""target_price"": 48.21, ""thesis"": ""Stable financial profile and durable competitive moat support long-term compounding potential.""}, {""model"": ""Simulated-AI-Macro-Tactical"", ""call"": ""buy"", ""target_price"": 47.31, ""thesis"": ""Positive operating execution and robust revenue traction support upside.""}]",0.02766742998868453,0.10680016421134522,0.10638662051792201
KNSL,2022-12-30,small_cap,0.7327,1.0,0.3317,265.31,4,"[{""model"": ""Simulated-AI-Momentum-Quant"", ""call"": ""hold"", ""target_price"": 268.09, ""thesis"": ""Consolidating trading range warrants a neutral rating until breakout confirmation.""}, {""model"": ""Simulated-AI-Fundamental-Value"", ""call"": ""hold"", ""target_price"": 258.01, ""thesis"": ""Fair valuation reflects balanced risk-reward relative to sector peers.""}, {""model"": ""Simulated-AI-Quality-Compounder"", ""call"": ""hold"", ""target_price"": 272.77, ""thesis"": ""Defensive operational balance sheet balanced by limited immediate re-rating catalysts.""}, {""model"": ""Simulated-AI-Macro-Tactical"", ""call"": ""hold"", ""target_price"": 262.38, ""thesis"": ""Balanced near-term catalysts recommend maintaining current position.""}]",0.07987931777397375,0.15380640283513716,0.4101831824903402
SAIA,2022-12-30,small_cap,0.5827,0.75,0.3317,217.81,4,"[{""model"": ""Simulated-AI-Momentum-Quant"", ""call"": ""buy"", ""target_price"": 236.52, ""thesis"": ""Strong upward medium-term momentum (+5.8%) signals continued institutional accumulation.""}, {""model"": ""Simulated-AI-Fundamental-Value"", ""call"": ""sell"", ""target_price"": 173.3, ""thesis"": ""Elevated multi-month valuation multiples leave little safety margin against forward earnings revisions.""}, {""model"": ""Simulated-AI-Quality-Compounder"", ""call"": ""buy"", ""target_price"": 230.77, ""thesis"": ""Stable financial profile and durable competitive moat support long-term compounding potential.""}, {""model"": ""Simulated-AI-Macro-Tactical"", ""call"": ""buy"", ""target_price"": 230.65, ""thesis"": ""Positive operating execution and robust revenue traction support upside.""}]",0.40995815039717387,0.2622091420583997,0.60353883408526
MEDP,2022-12-30,small_cap,0.4459,0.5,0.3647,209.1,4,"[{""model"": ""Simulated-AI-Momentum-Quant"", ""call"": ""buy"", ""target_price"": 238.24, ""thesis"": ""Strong upward medium-term momentum (+32.1%) signals continued institutional accumulation.""}, {""model"": ""Simulated-AI-Fundamental-Value"", ""call"": ""sell"", ""target_price"": 176.62, ""thesis"": ""Elevated multi-month valuation multiples leave little safety margin against forward earnings revisions.""}, {""model"": ""Simulated-AI-Quality-Compounder"", ""call"": ""sell"", ""target_price"": 187.88, ""thesis"": ""Heightened earnings volatility and cyclical margin pressures elevate downside risk.""}, {""model"": ""Simulated-AI-Macro-Tactical"", ""call"": ""buy"", ""target_price"": 233.65, ""thesis"": ""Positive operating execution and robust revenue traction support upside.""}]",0.07137142036975405,-0.10484442299566483,0.11529584206086849
SSD,2022-12-30,small_cap,0.4183,0.5,0.2957,91.05,4,"[{""model"": ""Simulated-AI-Momentum-Quant"", ""call"": ""hold"", ""target_price"": 86.43, ""thesis"": ""Consolidating trading range warrants a neutral rating until breakout confirmation.""}, {""model"": ""Simulated-AI-Fundamental-Value"", ""call"": ""hold"", ""target_price"": 87.61, ""thesis"": ""Fair valuation reflects balanced risk-reward relative to sector peers.""}, {""model"": ""Simulated-AI-Quality-Compounder"", ""call"": ""buy"", ""target_price"": 95.24, ""thesis"": ""Stable financial profile and durable competitive moat support long-term compounding potential.""}, {""model"": ""Simulated-AI-Macro-Tactical"", ""call"": ""buy"", ""target_price"": 94.93, ""thesis"": ""Positive operating execution and robust revenue traction support upside.""}]",0.23360084377404997,0.243780857450899,0.5472490923726592
EXPO,2022-12-30,small_cap,0.583,0.75,0.3325,98.64,4,"[{""model"": ""Simulated-AI-Momentum-Quant"", ""call"": ""buy"", ""target_price"": 106.1, ""thesis"": ""Strong upward medium-term momentum (+10.7%) signals continued institutional accumulation.""}, {""model"": ""Simulated-AI-Fundamental-Value"", ""call"": ""sell"", ""target_price"": 79.7, ""thesis"": ""Elevated multi-month valuation multiples leave little safety margin against forward earnings revisions.""}, {""model"": ""Simulated-AI-Quality-Compounder"", ""call"": ""buy"", ""target_price"": 105.36, ""thesis"": ""Stable financial profile and durable competitive moat support long-term compounding potential.""}, {""model"": ""Simulated-AI-Macro-Tactical"", ""call"": ""buy"", ""target_price"": 103.39, ""thesis"": ""Positive operating execution and robust revenue traction support upside.""}]",0.045009637327081284,0.005056086110446869,-0.05979493508258166
FORM,2022-12-30,small_cap,0.4243,0.5,0.3109,21.14,4,"[{""model"": ""Simulated-AI-Momentum-Quant"", ""call"": ""sell"", ""target_price"": 19.05, ""thesis"": ""Persistent negative price trajectory (-15.3%) indicates structural distribution headwinds.""}, {""model"": ""Simulated-AI-Fundamental-Value"", ""call"": ""buy"", ""target_price"": 25.76, ""thesis"": ""Recent price softening provides an attractive risk-adjusted entry point against fundamental book value.""}, {""model"": ""Simulated-AI-Quality-Compounder"", ""call"": ""sell"", ""target_price"": 19.72, ""thesis"": ""Heightened earnings volatility and cyclical margin pressures elevate downside risk.""}, {""model"": ""Simulated-AI-Macro-Tactical"", ""call"": ""hold"", ""target_price"": 20.01, ""thesis"": ""Macro headwinds and declining momentum justify a defensive posture.""}]",0.3126406165566788,0.4062078665133925,0.46603692414243525
CRVL,2022-12-30,small_cap,0.4229,0.5,0.3071,48.0,4,"[{""model"": ""Simulated-AI-Momentum-Quant"", ""call"": ""hold"", ""target_price"": 49.48, ""thesis"": ""Consolidating trading range warrants a neutral rating until breakout confirmation.""}, {""model"": ""Simulated-AI-Fundamental-Value"", ""call"": ""sell"", ""target_price"": 40.18, ""thesis"": ""Elevated multi-month valuation multiples leave little safety margin against forward earnings revisions.""}, {""model"": ""Simulated-AI-Quality-Compounder"", ""call"": ""buy"", ""target_price"": 53.4, ""thesis"": ""Stable financial profile and durable competitive moat support long-term compounding potential.""}, {""model"": ""Simulated-AI-Macro-Tactical"", ""call"": ""hold"", ""target_price"": 48.92, ""thesis"": ""Balanced near-term catalysts recommend maintaining current position.""}]",0.2611987011077689,0.3125300955679716,0.33970967615180536
TKR,2022-12-30,small_cap,0.4118,0.5,0.2795,68.22,4,"[{""model"": ""Simulated-AI-Momentum-Quant"", ""call"": ""buy"", ""target_price"": 74.98, ""thesis"": ""Strong upward medium-term momentum (+16.3%) signals continued institutional accumulation.""}, {""model"": ""Simulated-AI-Fundamental-Value"", ""call"": ""sell"", ""target_price"": 56.31, ""thesis"": ""Elevated multi-month valuation multiples leave little safety margin against forward earnings revisions.""}, {""model"": ""Simulated-AI-Quality-Compounder"", ""call"": ""hold"", ""target_price"": 68.41, ""thesis"": ""Defensive operational balance sheet balanced by limited immediate re-rating catalysts.""}, {""model"": ""Simulated-AI-Macro-Tactical"", ""call"": ""hold"", ""target_price"": 73.17, ""thesis"": ""Positive operating execution and robust revenue traction support upside.""}]",0.18579343593870473,0.15653562692453893,0.2850523300240574
POWI,2022-12-30,small_cap,0.5738,0.75,0.3096,74.44,4,"[{""model"": ""Simulated-AI-Momentum-Quant"", ""call"": ""buy"", ""target_price"": 77.23, ""thesis"": ""Strong upward medium-term momentum (+8.2%) signals continued institutional accumulation.""}, {""model"": ""Simulated-AI-Fundamental-Value"", ""call"": ""hold"", ""target_price"": 69.11, ""thesis"": ""Fair valuation reflects balanced risk-reward relative to sector peers.""}, {""model"": ""Simulated-AI-Quality-Compounder"", ""call"": ""buy"", ""target_price"": 76.43, ""thesis"": ""Stable financial profile and durable competitive moat support long-term compounding potential.""}, {""model"": ""Simulated-AI-Macro-Tactical"", ""call"": ""buy"", ""target_price"": 75.0, ""thesis"": ""Positive operating execution and robust revenue traction support upside.""}]",0.24037942383911728,0.17504353215807045,0.28509784091014634
CALM,2022-12-30,small_cap,0.7327,1.0,0.3317,44.15,4,"[{""model"": ""Simulated-AI-Momentum-Quant"", ""call"": ""hold"", ""target_price"": 43.77, ""thesis"": ""Consolidating trading range warrants a neutral rating until breakout confirmation.""}, {""model"": ""Simulated-AI-Fundamental-Value"", ""call"": ""hold"", ""target_price"": 43.23, ""thesis"": ""Fair valuation reflects balanced risk-reward relative to sector peers.""}, {""model"": ""Simulated-AI-Quality-Compounder"", ""call"": ""hold"", ""target_price"": 45.68, ""thesis"": ""Defensive operational balance sheet balanced by limited immediate re-rating catalysts.""}, {""model"": ""Simulated-AI-Macro-Tactical"", ""call"": ""hold"", ""target_price"": 43.9, ""thesis"": ""Balanced near-term catalysts recommend maintaining current position.""}]",0.0764336526249053,0.14873562362958917,-0.11324878062822483
PLUS,2022-12-30,small_cap,0.4229,0.5,0.3071,43.13,4,"[{""model"": ""Simulated-AI-Momentum-Quant"", ""call"": ""hold"", ""target_price"": 43.76, ""thesis"": ""Consolidating trading range warrants a neutral rating until breakout confirmation.""}, {""model"": ""Simulated-AI-Fundamental-Value"", ""call"": ""sell"", ""target_price"": 36.4, ""thesis"": ""Elevated multi-month valuation multiples leave little safety margin against forward earnings revisions.""}, {""model"": ""Simulated-AI-Quality-Compounder"", ""call"": ""buy"", ""target_price"": 48.34, ""thesis"": ""Stable financial profile and durable competitive moat support long-term compounding potential.""}, {""model"": ""Simulated-AI-Macro-Tactical"", ""call"": ""hold"", ""target_price"": 44.03, ""thesis"": ""Balanced near-term catalysts recommend maintaining current position.""}]",0.16102087801530854,0.12872618681379755,0.2540649967113483
FSS,2022-12-30,small_cap,0.5825,0.75,0.3313,47.62,4,"[{""model"": ""Simulated-AI-Momentum-Quant"", ""call"": ""buy"", ""target_price"": 51.07, ""thesis"": ""Strong upward medium-term momentum (+19.8%) signals continued institutional accumulation.""}, {""model"": ""Simulated-AI-Fundamental-Value"", ""call"": ""sell"", ""target_price"": 38.19, ""thesis"": ""Elevated multi-month valuation multiples leave little safety margin against forward earnings revisions.""}, {""model"": ""Simulated-AI-Quality-Compounder"", ""call"": ""buy"", ""target_price"": 51.22, ""thesis"": ""Stable financial profile and durable competitive moat support long-term compounding potential.""}, {""model"": ""Simulated-AI-Macro-Tactical"", ""call"": ""buy"", ""target_price"": 50.02, ""thesis"": ""Positive operating execution and robust revenue traction support upside.""}]",0.15364736762706288,0.17250160800625197,0.36389655531751286
AMWD,2022-12-30,small_cap,0.5526,0.75,0.2565,97.85,4,"[{""model"": ""Simulated-AI-Momentum-Quant"", ""call"": ""sell"", ""target_price"": 84.32, ""thesis"": ""Persistent negative price trajectory (+0.0%) indicates structural distribution headwinds.""}, {""model"": ""Simulated-AI-Fundamental-Value"", ""call"": ""hold"", ""target_price"": 100.2, ""thesis"": ""Fair valuation reflects balanced risk-reward relative to sector peers.""}, {""model"": ""Simulated-AI-Quality-Compounder"", ""call"": ""hold"", ""target_price"": 105.88, ""thesis"": ""Defensive operational balance sheet balanced by limited immediate re-rating catalysts.""}, {""model"": ""Simulated-AI-Macro-Tactical"", ""call"": ""hold"", ""target_price"": 101.0, ""thesis"": ""Balanced near-term catalysts recommend maintaining current position.""}]",,,
ATKR,2022-12-30,small_cap,0.4114,0.5,0.2785,110.96,4,"[{""model"": ""Simulated-AI-Momentum-Quant"", ""call"": ""buy"", ""target_price"": 122.43, ""thesis"": ""Strong upward medium-term momentum (+38.0%) signals continued institutional accumulation.""}, {""model"": ""Simulated-AI-Fundamental-Value"", ""call"": ""sell"", ""target_price"": 89.93, ""thesis"": ""Elevated multi-month valuation multiples leave little safety margin against forward earnings revisions.""}, {""model"": ""Simulated-AI-Quality-Compounder"", ""call"": ""hold"", ""target_price"": 112.1, ""thesis"": ""Defensive operational balance sheet balanced by limited immediate re-rating catalysts.""}, {""model"": ""Simulated-AI-Macro-Tactical"", ""call"": ""buy"", ""target_price"": 119.39, ""thesis"": ""Positive operating execution and robust revenue traction support upside.""}]",0.312907860006893,0.2454591893436274,0.3368011326360479
BRC,2022-12-30,small_cap,0.5828,0.75,0.3321,46.56,4,"[{""model"": ""Simulated-AI-Momentum-Quant"", ""call"": ""buy"", ""target_price"": 50.48, ""thesis"": ""Strong upward medium-term momentum (+10.8%) signals continued institutional accumulation.""}, {""model"": ""Simulated-AI-Fundamental-Value"", ""call"": ""sell"", ""target_price"": 37.61, ""thesis"": ""Elevated multi-month valuation multiples leave little safety margin against forward earnings revisions.""}, {""model"": ""Simulated-AI-Quality-Compounder"", ""call"": ""buy"", ""target_price"": 49.12, ""thesis"": ""Stable financial profile and durable competitive moat support long-term compounding potential.""}, {""model"": ""Simulated-AI-Macro-Tactical"", ""call"": ""buy"", ""target_price"": 49.02, ""thesis"": ""Positive operating execution and robust revenue traction support upside.""}]",0.17805701700575233,0.1417894314797728,0.03246407166993051
CNO,2022-12-30,small_cap,0.4117,0.5,0.2793,21.88,4,"[{""model"": ""Simulated-AI-Momentum-Quant"", ""call"": ""buy"", ""target_price"": 24.28, ""thesis"": ""Strong upward medium-term momentum (+25.3%) signals continued institutional accumulation.""}, {""model"": ""Simulated-AI-Fundamental-Value"", ""call"": ""sell"", ""target_price"": 17.9, ""thesis"": ""Elevated multi-month valuation multiples leave little safety margin against forward earnings revisions.""}, {""model"": ""Simulated-AI-Quality-Compounder"", ""call"": ""hold"", ""target_price"": 21.97, ""thesis"": ""Defensive operational balance sheet balanced by limited immediate re-rating catalysts.""}, {""model"": ""Simulated-AI-Macro-Tactical"", ""call"": ""buy"", ""target_price"": 23.38, ""thesis"": ""Positive operating execution and robust revenue traction support upside.""}]",0.14266966671248207,-0.009704243877402709,0.04041236954213152
CSGS,2022-12-30,small_cap,0.586,0.75,0.3401,106.4,4,"[{""model"": ""Simulated-AI-Momentum-Quant"", ""call"": ""hold"", ""target_price"": 102.85, ""thesis"": ""Consolidating trading range warrants a neutral rating until breakout confirmation.""}, {""model"": ""Simulated-AI-Fundamental-Value"", ""call"": ""buy"", ""target_price"": 117.45, ""thesis"": ""Recent price softening provides an attractive risk-adjusted entry point against fundamental book value.""}, {""model"": ""Simulated-AI-Quality-Compounder"", ""call"": ""hold"", ""target_price"": 104.28, ""thesis"": ""Defensive operational balance sheet balanced by limited immediate re-rating catalysts.""}, {""model"": ""Simulated-AI-Macro-Tactical"", ""call"": ""hold"", ""target_price"": 101.0, ""thesis"": ""Balanced near-term catalysts recommend maintaining current position.""}]",,,
ENSG,2022-12-30,small_cap,0.4117,0.5,0.2792,97.05,4,"[{""model"": ""Simulated-AI-Momentum-Quant"", ""call"": ""buy"", ""target_price"": 108.72, ""thesis"": ""Strong upward medium-term momentum (+16.2%) signals continued institutional accumulation.""}, {""model"": ""Simulated-AI-Fundamental-Value"", ""call"": ""sell"", ""target_price"": 79.41, ""thesis"": ""Elevated multi-month valuation multiples leave little safety margin against forward earnings revisions.""}, {""model"": ""Simulated-AI-Quality-Compounder"", ""call"": ""hold"", ""target_price"": 96.69, ""thesis"": ""Defensive operational balance sheet balanced by limited immediate re-rating catalysts.""}, {""model"": ""Simulated-AI-Macro-Tactical"", ""call"": ""buy"", ""target_price"": 103.38, ""thesis"": ""Positive operating execution and robust revenue traction support upside.""}]",-0.0065535225447508946,0.006450507307425079,-0.028592857317970437
FIX,2022-12-30,small_cap,0.5751,0.75,0.3128,123.02,4,"[{""model"": ""Simulated-AI-Momentum-Quant"", ""call"": ""buy"", ""target_price"": 127.45, ""thesis"": ""Strong upward medium-term momentum (+11.5%) signals continued institutional accumulation.""}, {""model"": ""Simulated-AI-Fundamental-Value"", ""call"": ""hold"", ""target_price"": 114.69, ""thesis"": ""Fair valuation reflects balanced risk-reward relative to sector peers.""}, {""model"": ""Simulated-AI-Quality-Compounder"", ""call"": ""buy"", ""target_price"": 125.04, ""thesis"": ""Stable financial profile and durable competitive moat support long-term compounding potential.""}, {""model"": ""Simulated-AI-Macro-Tactical"", ""call"": ""buy"", ""target_price"": 124.91, ""thesis"": ""Positive operating execution and robust revenue traction support upside.""}]",0.05943692865484387,0.27548322773139255,0.410463209129469
GBCI,2022-12-30,small_cap,0.7327,1.0,0.3317,44.98,4,"[{""model"": ""Simulated-AI-Momentum-Quant"", ""call"": ""hold"", ""target_price"": 45.4, ""thesis"": ""Consolidating trading range warrants a neutral rating until breakout confirmation.""}, {""model"": ""Simulated-AI-Fundamental-Value"", ""call"": ""hold"", ""target_price"": 43.78, ""thesis"": ""Fair valuation reflects balanced risk-reward relative to sector peers.""}, {""model"": ""Simulated-AI-Quality-Compounder"", ""call"": ""hold"", ""target_price"": 46.2, ""thesis"": ""Defensive operational balance sheet balanced by limited immediate re-rating catalysts.""}, {""model"": ""Simulated-AI-Macro-Tactical"", ""call"": ""hold"", ""target_price"": 44.52, ""thesis"": ""Balanced near-term catalysts recommend maintaining current position.""}]",-0.0645489519252204,-0.16127087115028596,-0.3644765891427788
GPI,2022-12-30,small_cap,0.4451,0.5,0.3628,174.03,4,"[{""model"": ""Simulated-AI-Momentum-Quant"", ""call"": ""buy"", ""target_price"": 198.69, ""thesis"": ""Strong upward medium-term momentum (+21.4%) signals continued institutional accumulation.""}, {""model"": ""Simulated-AI-Fundamental-Value"", ""call"": ""sell"", ""target_price"": 147.71, ""thesis"": ""Elevated multi-month valuation multiples leave little safety margin against forward earnings revisions.""}, {""model"": ""Simulated-AI-Quality-Compounder"", ""call"": ""sell"", ""target_price"": 155.82, ""thesis"": ""Heightened earnings volatility and cyclical margin pressures elevate downside risk.""}, {""model"": ""Simulated-AI-Macro-Tactical"", ""call"": ""hold"", ""target_price"": 193.9, ""thesis"": ""Positive operating execution and robust revenue traction support upside.""}]",0.24172551353807006,0.24788296692109846,0.42103508166886194
HLNE,2022-12-30,small_cap,0.5539,0.75,0.2599,62.09,4,"[{""model"": ""Simulated-AI-Momentum-Quant"", ""call"": ""hold"", ""target_price"": 61.31, ""thesis"": ""Consolidating trading range warrants a neutral rating until breakout confirmation.""}, {""model"": ""Simulated-AI-Fundamental-Value"", ""call"": ""hold"", ""target_price"": 60.39, ""thesis"": ""Fair valuation reflects balanced risk-reward relative to sector peers.""}, {""model"": ""Simulated-AI-Quality-Compounder"", ""call"": ""buy"", ""target_price"": 66.1, ""thesis"": ""Stable financial profile and durable competitive moat support long-term compounding potential.""}, {""model"": ""Simulated-AI-Macro-Tactical"", ""call"": ""hold"", ""target_price"": 60.56, ""thesis"": ""Balanced near-term catalysts recommend maintaining current position.""}]",0.2307451238662444,0.13852876177907383,0.24898089486830333
HWKN,2022-12-30,small_cap,0.7327,1.0,0.3317,38.24,4,"[{""model"": ""Simulated-AI-Momentum-Quant"", ""call"": ""hold"", ""target_price"": 38.64, ""thesis"": ""Consolidating trading range warrants a neutral rating until breakout confirmation.""}, {""model"": ""Simulated-AI-Fundamental-Value"", ""call"": ""hold"", ""target_price"": 37.8, ""thesis"": ""Fair valuation reflects balanced risk-reward relative to sector peers.""}, {""model"": ""Simulated-AI-Quality-Compounder"", ""call"": ""hold"", ""target_price"": 38.64, ""thesis"": ""Defensive operational balance sheet balanced by limited immediate re-rating catalysts.""}, {""model"": ""Simulated-AI-Macro-Tactical"", ""call"": ""hold"", ""target_price"": 37.88, ""thesis"": ""Balanced near-term catalysts recommend maintaining current position.""}]",0.03497429250993406,0.14742772502446636,0.22257742257742258
IBP,2022-12-30,small_cap,0.7327,1.0,0.3317,82.53,4,"[{""model"": ""Simulated-AI-Momentum-Quant"", ""call"": ""hold"", ""target_price"": 82.32, ""thesis"": ""Consolidating trading range warrants a neutral rating until breakout confirmation.""}, {""model"": ""Simulated-AI-Fundamental-Value"", ""call"": ""hold"", ""target_price"": 81.23, ""thesis"": ""Fair valuation reflects balanced risk-reward relative to sector peers.""}, {""model"": ""Simulated-AI-Quality-Compounder"", ""call"": ""hold"", ""target_price"": 85.07, ""thesis"": ""Defensive operational balance sheet balanced by limited immediate re-rating catalysts.""}, {""model"": ""Simulated-AI-Macro-Tactical"", ""call"": ""hold"", ""target_price"": 81.52, ""thesis"": ""Balanced near-term catalysts recommend maintaining current position.""}]",0.3114484875954039,0.34691353765285093,0.623684074959272
KAR,2022-12-30,small_cap,0.4054,0.5,0.2635,101.47,4,"[{""model"": ""Simulated-AI-Momentum-Quant"", ""call"": ""sell"", ""target_price"": 84.48, ""thesis"": ""Persistent negative price trajectory (+0.0%) indicates structural distribution headwinds.""}, {""model"": ""Simulated-AI-Fundamental-Value"", ""call"": ""buy"", ""target_price"": 116.3, ""thesis"": ""Recent price softening provides an attractive risk-adjusted entry point against fundamental book value.""}, {""model"": ""Simulated-AI-Quality-Compounder"", ""call"": ""hold"", ""target_price"": 104.12, ""thesis"": ""Defensive operational balance sheet balanced by limited immediate re-rating catalysts.""}, {""model"": ""Simulated-AI-Macro-Tactical"", ""call"": ""hold"", ""target_price"": 101.0, ""thesis"": ""Balanced near-term catalysts recommend maintaining current position.""}]",,,
MC,2022-12-30,small_cap,0.5829,0.75,0.3322,33.89,4,"[{""model"": ""Simulated-AI-Momentum-Quant"", ""call"": ""buy"", ""target_price"": 36.56, ""thesis"": ""Strong upward medium-term momentum (+12.7%) signals continued institutional accumulation.""}, {""model"": ""Simulated-AI-Fundamental-Value"", ""call"": ""sell"", ""target_price"": 27.53, ""thesis"": ""Elevated multi-month valuation multiples leave little safety margin against forward earnings revisions.""}, {""model"": ""Simulated-AI-Quality-Compounder"", ""call"": ""buy"", ""target_price"": 35.79, ""thesis"": ""Stable financial profile and durable competitive moat support long-term compounding potential.""}, {""model"": ""Simulated-AI-Macro-Tactical"", ""call"": ""buy"", ""target_price"": 35.67, ""thesis"": ""Positive operating execution and robust revenue traction support upside.""}]",0.23325533141834162,0.0025351014499368635,0.20266471512870904
OII,2022-12-30,small_cap,0.4336,0.5,0.3339,18.23,4,"[{""model"": ""Simulated-AI-Momentum-Quant"", ""call"": ""buy"", ""target_price"": 19.67, ""thesis"": ""Strong upward medium-term momentum (+94.5%) signals continued institutional accumulation.""}, {""model"": ""Simulated-AI-Fundamental-Value"", ""call"": ""sell"", ""target_price"": 14.57, ""thesis"": ""Elevated multi-month valuation multiples leave little safety margin against forward earnings revisions.""}, {""model"": ""Simulated-AI-Quality-Compounder"", ""call"": ""buy"", ""target_price"": 19.43, ""thesis"": ""Stable financial profile and durable competitive moat support long-term compounding potential.""}, {""model"": ""Simulated-AI-Macro-Tactical"", ""call"": ""hold"", ""target_price"": 19.24, ""thesis"": ""Positive operating execution and robust revenue traction support upside.""}]",0.19839904852855522,0.04688391684134338,0.09834187169028932
PRDO,2022-12-30,small_cap,0.5836,0.75,0.3339,13.64,4,"[{""model"": ""Simulated-AI-Momentum-Quant"", ""call"": ""buy"", ""target_price"": 14.62, ""thesis"": ""Strong upward medium-term momentum (+34.8%) signals continued institutional accumulation.""}, {""model"": ""Simulated-AI-Fundamental-Value"", ""call"": ""sell"", ""target_price"": 10.99, ""thesis"": ""Elevated multi-month valuation multiples leave little safety margin against forward earnings revisions.""}, {""model"": ""Simulated-AI-Quality-Compounder"", ""call"": ""buy"", ""target_price"": 14.66, ""thesis"": ""Stable financial profile and durable competitive moat support long-term compounding potential.""}, {""model"": ""Simulated-AI-Macro-Tactical"", ""call"": ""buy"", ""target_price"": 14.29, ""thesis"": ""Positive operating execution and robust revenue traction support upside.""}]",0.055395744532090944,-0.035251770663543305,-0.10143901894832877
SHOO,2022-12-30,small_cap,0.4121,0.5,0.2802,30.3,4,"[{""model"": ""Simulated-AI-Momentum-Quant"", ""call"": ""buy"", ""target_price"": 33.56, ""thesis"": ""Strong upward medium-term momentum (+17.2%) signals continued institutional accumulation.""}, {""model"": ""Simulated-AI-Fundamental-Value"", ""call"": ""sell"", ""target_price"": 24.83, ""thesis"": ""Elevated multi-month valuation multiples leave little safety margin against forward earnings revisions.""}, {""model"": ""Simulated-AI-Quality-Compounder"", ""call"": ""hold"", ""target_price"": 30.4, ""thesis"": ""Defensive operational balance sheet balanced by limited immediate re-rating catalysts.""}, {""model"": ""Simulated-AI-Macro-Tactical"", ""call"": ""buy"", ""target_price"": 32.41, ""thesis"": ""Positive operating execution and robust revenue traction support upside.""}]",0.13892374483783593,0.1507291369583592,0.016760486917877685
SLVM,2022-12-30,small_cap,0.4325,0.5,0.3313,45.58,4,"[{""model"": ""Simulated-AI-Momentum-Quant"", ""call"": ""buy"", ""target_price"": 49.95, ""thesis"": ""Strong upward medium-term momentum (+37.7%) signals continued institutional accumulation.""}, {""model"": ""Simulated-AI-Fundamental-Value"", ""call"": ""sell"", ""target_price"": 36.34, ""thesis"": ""Elevated multi-month valuation multiples leave little safety margin against forward earnings revisions.""}, {""model"": ""Simulated-AI-Quality-Compounder"", ""call"": ""buy"", ""target_price"": 48.53, ""thesis"": ""Stable financial profile and durable competitive moat support long-term compounding potential.""}, {""model"": ""Simulated-AI-Macro-Tactical"", ""call"": ""hold"", ""target_price"": 47.5, ""thesis"": ""Positive operating execution and robust revenue traction support upside.""}]",-0.0066197579410812385,-0.0498551789909927,-0.16110253910520628
AAPL,2023-03-31,large_cap,0.5827,0.75,0.3317,170.17,4,"[{""model"": ""Simulated-AI-Momentum-Quant"", ""call"": ""buy"", ""target_price"": 183.16, ""thesis"": ""Strong upward medium-term momentum (+27.1%) signals continued institutional accumulation.""}, {""model"": ""Simulated-AI-Fundamental-Value"", ""call"": ""sell"", ""target_price"": 136.95, ""thesis"": ""Elevated multi-month valuation multiples leave little safety margin against forward earnings revisions.""}, {""model"": ""Simulated-AI-Quality-Compounder"", ""call"": ""buy"", ""target_price"": 182.09, ""thesis"": ""Stable financial profile and durable competitive moat support long-term compounding potential.""}, {""model"": ""Simulated-AI-Macro-Tactical"", ""call"": ""buy"", ""target_price"": 178.49, ""thesis"": ""Positive operating execution and robust revenue traction support upside.""}]",0.022073928971273565,0.16874600616819257,0.05655110670578173
MSFT,2023-03-31,large_cap,0.583,0.75,0.3324,293.67,4,"[{""model"": ""Simulated-AI-Momentum-Quant"", ""call"": ""buy"", ""target_price"": 319.76, ""thesis"": ""Strong upward medium-term momentum (+20.5%) signals continued institutional accumulation.""}, {""model"": ""Simulated-AI-Fundamental-Value"", ""call"": ""sell"", ""target_price"": 232.95, ""thesis"": ""Elevated multi-month valuation multiples leave little safety margin against forward earnings revisions.""}, {""model"": ""Simulated-AI-Quality-Compounder"", ""call"": ""buy"", ""target_price"": 313.42, ""thesis"": ""Stable financial profile and durable competitive moat support long-term compounding potential.""}, {""model"": ""Simulated-AI-Macro-Tactical"", ""call"": ""buy"", ""target_price"": 308.54, ""thesis"": ""Positive operating execution and robust revenue traction support upside.""}]",0.05934806464170472,0.17491816644975672,0.12100692204232344
NVDA,2023-03-31,large_cap,0.4331,0.5,0.3327,29.06,4,"[{""model"": ""Simulated-AI-Momentum-Quant"", ""call"": ""buy"", ""target_price"": 31.61, ""thesis"": ""Strong upward medium-term momentum (+90.1%) signals continued institutional accumulation.""}, {""model"": ""Simulated-AI-Fundamental-Value"", ""call"": ""sell"", ""target_price"": 23.2, ""thesis"": ""Elevated multi-month valuation multiples leave little safety margin against forward earnings revisions.""}, {""model"": ""Simulated-AI-Quality-Compounder"", ""call"": ""buy"", ""target_price"": 30.99, ""thesis"": ""Stable financial profile and durable competitive moat support long-term compounding potential.""}, {""model"": ""Simulated-AI-Macro-Tactical"", ""call"": ""hold"", ""target_price"": 30.46, ""thesis"": ""Positive operating execution and robust revenue traction support upside.""}]",0.01558846115376877,0.5270687970118517,0.6124969725325004
AMZN,2023-03-31,large_cap,0.4128,0.5,0.2819,106.4,4,"[{""model"": ""Simulated-AI-Momentum-Quant"", ""call"": ""buy"", ""target_price"": 118.41, ""thesis"": ""Strong upward medium-term momentum (+23.0%) signals continued institutional accumulation.""}, {""model"": ""Simulated-AI-Fundamental-Value"", ""call"": ""sell"", ""target_price"": 87.02, ""thesis"": ""Elevated multi-month valuation multiples leave little safety margin against forward earnings revisions.""}, {""model"": ""Simulated-AI-Quality-Compounder"", ""call"": ""hold"", ""target_price"": 106.55, ""thesis"": ""Defensive operational balance sheet balanced by limited immediate re-rating catalysts.""}, {""model"": ""Simulated-AI-Macro-Tactical"", ""call"": ""buy"", ""target_price"": 113.62, ""thesis"": ""Positive operating execution and robust revenue traction support upside.""}]",0.00329166748840158,0.2607222390016211,0.2533643679579614
GOOGL,2023-03-31,large_cap,0.4334,0.5,0.3334,107.28,4,"[{""model"": ""Simulated-AI-Momentum-Quant"", ""call"": ""buy"", ""target_price"": 115.24, ""thesis"": ""Strong upward medium-term momentum (+17.6%) signals continued institutional accumulation.""}, {""model"": ""Simulated-AI-Fundamental-Value"", ""call"": ""sell"", ""target_price"": 86.52, ""thesis"": ""Elevated multi-month valuation multiples leave little safety margin against forward earnings revisions.""}, {""model"": ""Simulated-AI-Quality-Compounder"", ""call"": ""buy"", ""target_price"": 114.32, ""thesis"": ""Stable financial profile and durable competitive moat support long-term compounding potential.""}, {""model"": ""Simulated-AI-Macro-Tactical"", ""call"": ""hold"", ""target_price"": 113.03, ""thesis"": ""Positive operating execution and robust revenue traction support upside.""}]",0.015328326727894042,0.15588544678061778,0.2934542852541454
META,2023-03-31,large_cap,0.4454,0.5,0.3634,206.96,4,"[{""model"": ""Simulated-AI-Momentum-Quant"", ""call"": ""buy"", ""target_price"": 235.65, ""thesis"": ""Strong upward medium-term momentum (+76.1%) signals continued institutional accumulation.""}, {""model"": ""Simulated-AI-Fundamental-Value"", ""call"": ""sell"", ""target_price"": 175.54, ""thesis"": ""Elevated multi-month valuation multiples leave little safety margin against forward earnings revisions.""}, {""model"": ""Simulated-AI-Quality-Compounder"", ""call"": ""sell"", ""target_price"": 185.52, ""thesis"": ""Heightened earnings volatility and cyclical margin pressures elevate downside risk.""}, {""model"": ""Simulated-AI-Macro-Tactical"", ""call"": ""hold"", ""target_price"": 231.11, ""thesis"": ""Positive operating execution and robust revenue traction support upside.""}]",0.12880994835493534,0.3495327729984097,0.44767357535945973
BRK-B,2023-03-31,large_cap,0.5994,0.75,0.3736,301.17,4,"[{""model"": ""Simulated-AI-Momentum-Quant"", ""call"": ""hold"", ""target_price"": 318.34, ""thesis"": ""Consolidating trading range warrants a neutral rating until breakout confirmation.""}, {""model"": ""Simulated-AI-Fundamental-Value"", ""call"": ""sell"", ""target_price"": 257.05, ""thesis"": ""Elevated multi-month valuation multiples leave little safety margin against forward earnings revisions.""}, {""model"": ""Simulated-AI-Quality-Compounder"", ""call"": ""hold"", ""target_price"": 317.42, ""thesis"": ""Defensive operational balance sheet balanced by limited immediate re-rating catalysts.""}, {""model"": ""Simulated-AI-Macro-Tactical"", ""call"": ""hold"", ""target_price"": 311.86, ""thesis"": ""Balanced near-term catalysts recommend maintaining current position.""}]",0.05534863149259595,0.10762059840231672,0.12731158777498017
JPM,2023-03-31,large_cap,0.7327,1.0,0.3317,122.52,4,"[{""model"": ""Simulated-AI-Momentum-Quant"", ""call"": ""hold"", ""target_price"": 122.49, ""thesis"": ""Consolidating trading range warrants a neutral rating until breakout confirmation.""}, {""model"": ""Simulated-AI-Fundamental-Value"", ""call"": ""hold"", ""target_price"": 120.88, ""thesis"": ""Fair valuation reflects balanced risk-reward relative to sector peers.""}, {""model"": ""Simulated-AI-Quality-Compounder"", ""call"": ""hold"", ""target_price"": 125.31, ""thesis"": ""Defensive operational balance sheet balanced by limited immediate re-rating catalysts.""}, {""model"": ""Simulated-AI-Macro-Tactical"", ""call"": ""hold"", ""target_price"": 121.41, ""thesis"": ""Balanced near-term catalysts recommend maintaining current position.""}]",0.07444002493968171,0.13391611391829208,0.11958734778264296
V,2023-03-31,large_cap,0.5741,0.75,0.3102,239.17,4,"[{""model"": ""Simulated-AI-Momentum-Quant"", ""call"": ""buy"", ""target_price"": 249.56, ""thesis"": ""Strong upward medium-term momentum (+8.7%) signals continued institutional accumulation.""}, {""model"": ""Simulated-AI-Fundamental-Value"", ""call"": ""hold"", ""target_price"": 221.9, ""thesis"": ""Fair valuation reflects balanced risk-reward relative to sector peers.""}, {""model"": ""Simulated-AI-Quality-Compounder"", ""call"": ""buy"", ""target_price"": 243.72, ""thesis"": ""Stable financial profile and durable competitive moat support long-term compounding potential.""}, {""model"": ""Simulated-AI-Macro-Tactical"", ""call"": ""buy"", ""target_price"": 241.48, ""thesis"": ""Positive operating execution and robust revenue traction support upside.""}]",0.006741717354424334,0.05754432062650235,0.029701964881571768
LLY,2023-03-31,large_cap,0.5643,0.75,0.2857,332.83,4,"[{""model"": ""Simulated-AI-Momentum-Quant"", ""call"": ""hold"", ""target_price"": 344.37, ""thesis"": ""Consolidating trading range warrants a neutral rating until breakout confirmation.""}, {""model"": ""Simulated-AI-Fundamental-Value"", ""call"": ""hold"", ""target_price"": 332.29, ""thesis"": ""Fair valuation reflects balanced risk-reward relative to sector peers.""}, {""model"": ""Simulated-AI-Quality-Compounder"", ""call"": ""hold"", ""target_price"": 353.31, ""thesis"": ""Defensive operational balance sheet balanced by limited immediate re-rating catalysts.""}, {""model"": ""Simulated-AI-Macro-Tactical"", ""call"": ""sell"", ""target_price"": 301.35, ""thesis"": ""Macro headwinds and declining momentum justify a defensive posture.""}]",0.17698459449711934,0.3470976290693818,0.574885483875231
UNH,2023-03-31,large_cap,0.4179,0.5,0.2948,403.22,4,"[{""model"": ""Simulated-AI-Momentum-Quant"", ""call"": ""sell"", ""target_price"": 382.39, ""thesis"": ""Persistent negative price trajectory (-10.5%) indicates structural distribution headwinds.""}, {""model"": ""Simulated-AI-Fundamental-Value"", ""call"": ""hold"", ""target_price"": 436.43, ""thesis"": ""Fair valuation reflects balanced risk-reward relative to sector peers.""}, {""model"": ""Simulated-AI-Quality-Compounder"", ""call"": ""sell"", ""target_price"": 395.37, ""thesis"": ""Heightened earnings volatility and cyclical margin pressures elevate downside risk.""}, {""model"": ""Simulated-AI-Macro-Tactical"", ""call"": ""hold"", ""target_price"": 398.69, ""thesis"": ""Macro headwinds and declining momentum justify a defensive posture.""}]",0.044012663758286205,0.015344569768817942,0.09755531817362005
XOM,2023-03-31,large_cap,0.4058,0.5,0.2646,99.54,4,"[{""model"": ""Simulated-AI-Momentum-Quant"", ""call"": ""hold"", ""target_price"": 98.98, ""thesis"": ""Consolidating trading range warrants a neutral rating until breakout confirmation.""}, {""model"": ""Simulated-AI-Fundamental-Value"", ""call"": ""buy"", ""target_price"": 114.42, ""thesis"": ""Recent price softening provides an attractive risk-adjusted entry point against fundamental book value.""}, {""model"": ""Simulated-AI-Quality-Compounder"", ""call"": ""sell"", ""target_price"": 86.08, ""thesis"": ""Heightened earnings volatility and cyclical margin pressures elevate downside risk.""}, {""model"": ""Simulated-AI-Macro-Tactical"", ""call"": ""hold"", ""target_price"": 98.69, ""thesis"": ""Balanced near-term catalysts recommend maintaining current position.""}]",0.00401221952195527,-0.011558965049434265,0.07230935300949663
JNJ,2023-03-31,large_cap,0.5759,0.75,0.3146,134.13,4,"[{""model"": ""Simulated-AI-Momentum-Quant"", ""call"": ""sell"", ""target_price"": 123.08, ""thesis"": ""Persistent negative price trajectory (-11.6%) indicates structural distribution headwinds.""}, {""model"": ""Simulated-AI-Fundamental-Value"", ""call"": ""buy"", ""target_price"": 163.88, ""thesis"": ""Recent price softening provides an attractive risk-adjusted entry point against fundamental book value.""}, {""model"": ""Simulated-AI-Quality-Compounder"", ""call"": ""sell"", ""target_price"": 123.35, ""thesis"": ""Heightened earnings volatility and cyclical margin pressures elevate downside risk.""}, {""model"": ""Simulated-AI-Macro-Tactical"", ""call"": ""sell"", ""target_price"": 126.23, ""thesis"": ""Macro headwinds and declining momentum justify a defensive posture.""}]",0.0647095360316366,0.06182248347663969,0.01584212426837708
PG,2023-03-31,large_cap,0.5482,0.75,0.2456,132.15,4,"[{""model"": ""Simulated-AI-Momentum-Quant"", ""call"": ""sell"", ""target_price"": 115.28, ""thesis"": ""Persistent negative price trajectory (-1.3%) indicates structural distribution headwinds.""}, {""model"": ""Simulated-AI-Fundamental-Value"", ""call"": ""hold"", ""target_price"": 134.33, ""thesis"": ""Fair valuation reflects balanced risk-reward relative to sector peers.""}, {""model"": ""Simulated-AI-Quality-Compounder"", ""call"": ""hold"", ""target_price"": 141.93, ""thesis"": ""Defensive operational balance sheet balanced by limited immediate re-rating catalysts.""}, {""model"": ""Simulated-AI-Macro-Tactical"", ""call"": ""hold"", ""target_price"": 137.05, ""thesis"": ""Balanced near-term catalysts recommend maintaining current position.""}]",0.05864109615537077,0.0320450805085389,-0.011234591710912581
HD,2023-03-31,large_cap,0.4088,0.5,0.2721,254.88,4,"[{""model"": ""Simulated-AI-Momentum-Quant"", ""call"": ""sell"", ""target_price"": 230.54, ""thesis"": ""Persistent negative price trajectory (-5.9%) indicates structural distribution headwinds.""}, {""model"": ""Simulated-AI-Fundamental-Value"", ""call"": ""hold"", ""target_price"": 267.85, ""thesis"": ""Fair valuation reflects balanced risk-reward relative to sector peers.""}, {""model"": ""Simulated-AI-Quality-Compounder"", ""call"": ""hold"", ""target_price"": 278.53, ""thesis"": ""Defensive operational balance sheet balanced by limited immediate re-rating catalysts.""}, {""model"": ""Simulated-AI-Macro-Tactical"", ""call"": ""sell"", ""target_price"": 242.62, ""thesis"": ""Macro headwinds and declining momentum justify a defensive posture.""}]",-0.002846226237061823,0.05805047200692006,0.02980794255835007
MA,2023-03-31,large_cap,0.4115,0.5,0.2788,345.43,4,"[{""model"": ""Simulated-AI-Momentum-Quant"", ""call"": ""buy"", ""target_price"": 411.15, ""thesis"": ""Strong upward medium-term momentum (+4.7%) signals continued institutional accumulation.""}, {""model"": ""Simulated-AI-Fundamental-Value"", ""call"": ""sell"", ""target_price"": 298.07, ""thesis"": ""Elevated multi-month valuation multiples leave little safety margin against forward earnings revisions.""}, {""model"": ""Simulated-AI-Quality-Compounder"", ""call"": ""sell"", ""target_price"": 313.02, ""thesis"": ""Heightened earnings volatility and cyclical margin pressures elevate downside risk.""}, {""model"": ""Simulated-AI-Macro-Tactical"", ""call"": ""hold"", ""target_price"": 359.47, ""thesis"": ""Balanced near-term catalysts recommend maintaining current position.""}]",0.03635004500325788,0.08576565431272877,0.0925522845080497
COST,2023-03-31,large_cap,0.5748,0.75,0.312,515.61,4,"[{""model"": ""Simulated-AI-Momentum-Quant"", ""call"": ""buy"", ""target_price"": 535.35, ""thesis"": ""Strong upward medium-term momentum (+9.0%) signals continued institutional accumulation.""}, {""model"": ""Simulated-AI-Fundamental-Value"", ""call"": ""hold"", ""target_price"": 480.18, ""thesis"": ""Fair valuation reflects balanced risk-reward relative to sector peers.""}, {""model"": ""Simulated-AI-Quality-Compounder"", ""call"": ""buy"", ""target_price"": 523.74, ""thesis"": ""Stable financial profile and durable competitive moat support long-term compounding potential.""}, {""model"": ""Simulated-AI-Macro-Tactical"", ""call"": ""buy"", ""target_price"": 523.17, ""thesis"": ""Positive operating execution and robust revenue traction support upside.""}]",-0.004146124367946545,0.0911675109445569,0.15439300410730478
ABBV,2023-03-31,large_cap,0.5412,0.75,0.2281,137.29,4,"[{""model"": ""Simulated-AI-Momentum-Quant"", ""call"": ""hold"", ""target_price"": 142.51, ""thesis"": ""Consolidating trading range warrants a neutral rating until breakout confirmation.""}, {""model"": ""Simulated-AI-Fundamental-Value"", ""call"": ""hold"", ""target_price"": 140.99, ""thesis"": ""Fair valuation reflects balanced risk-reward relative to sector peers.""}, {""model"": ""Simulated-AI-Quality-Compounder"", ""call"": ""sell"", ""target_price"": 123.43, ""thesis"": ""Heightened earnings volatility and cyclical margin pressures elevate downside risk.""}, {""model"": ""Simulated-AI-Macro-Tactical"", ""call"": ""hold"", ""target_price"": 142.23, ""thesis"": ""Balanced near-term catalysts recommend maintaining current position.""}]",-0.03987710184176028,-0.14505880399902302,-0.050809810613998835
MRK,2023-03-31,large_cap,0.5475,0.75,0.2438,94.62,4,"[{""model"": ""Simulated-AI-Momentum-Quant"", ""call"": ""sell"", ""target_price"": 84.41, ""thesis"": ""Persistent negative price trajectory (-3.4%) indicates structural distribution headwinds.""}, {""model"": ""Simulated-AI-Fundamental-Value"", ""call"": ""hold"", ""target_price"": 96.55, ""thesis"": ""Fair valuation reflects balanced risk-reward relative to sector peers.""}, {""model"": ""Simulated-AI-Quality-Compounder"", ""call"": ""hold"", ""target_price"": 100.21, ""thesis"": ""Defensive operational balance sheet balanced by limited immediate re-rating catalysts.""}, {""model"": ""Simulated-AI-Macro-Tactical"", ""call"": ""hold"", ""target_price"": 97.32, ""thesis"": ""Balanced near-term catalysts recommend maintaining current position.""}]",0.10809305572248908,0.0818112544602961,-0.023038194056802293
BAC,2023-03-31,large_cap,0.5657,0.75,0.2893,23.62,4,"[{""model"": ""Simulated-AI-Momentum-Quant"", ""call"": ""sell"", ""target_price"": 22.08, ""thesis"": ""Persistent negative price trajectory (-13.1%) indicates structural distribution headwinds.""}, {""model"": ""Simulated-AI-Fundamental-Value"", ""call"": ""hold"", ""target_price"": 25.82, ""thesis"": ""Fair valuation reflects balanced risk-reward relative to sector peers.""}, {""model"": ""Simulated-AI-Quality-Compounder"", ""call"": ""sell"", ""target_price"": 23.03, ""thesis"": ""Heightened earnings volatility and cyclical margin pressures elevate downside risk.""}, {""model"": ""Simulated-AI-Macro-Tactical"", ""call"": ""sell"", ""target_price"": 23.57, ""thesis"": ""Macro headwinds and declining momentum justify a defensive posture.""}]",-0.015384672531906004,0.029126338047783112,-0.05114210765213875
CVX,2023-03-31,large_cap,0.5643,0.75,0.2857,140.17,4,"[{""model"": ""Simulated-AI-Momentum-Quant"", ""call"": ""hold"", ""target_price"": 146.39, ""thesis"": ""Consolidating trading range warrants a neutral rating until breakout confirmation.""}, {""model"": ""Simulated-AI-Fundamental-Value"", ""call"": ""hold"", ""target_price"": 139.14, ""thesis"": ""Fair valuation reflects balanced risk-reward relative to sector peers.""}, {""model"": ""Simulated-AI-Quality-Compounder"", ""call"": ""hold"", ""target_price"": 148.12, ""thesis"": ""Defensive operational balance sheet balanced by limited immediate re-rating catalysts.""}, {""model"": ""Simulated-AI-Macro-Tactical"", ""call"": ""sell"", ""target_price"": 127.05, ""thesis"": ""Macro headwinds and declining momentum justify a defensive posture.""}]",-0.01912261198389695,-0.02703210719367811,0.04061636473002427
CRM,2023-03-31,large_cap,0.4446,0.5,0.3615,193.63,4,"[{""model"": ""Simulated-AI-Momentum-Quant"", ""call"": ""buy"", ""target_price"": 223.09, ""thesis"": ""Strong upward medium-term momentum (+50.7%) signals continued institutional accumulation.""}, {""model"": ""Simulated-AI-Fundamental-Value"", ""call"": ""sell"", ""target_price"": 162.5, ""thesis"": ""Elevated multi-month valuation multiples leave little safety margin against forward earnings revisions.""}, {""model"": ""Simulated-AI-Quality-Compounder"", ""call"": ""sell"", ""target_price"": 172.91, ""thesis"": ""Heightened earnings volatility and cyclical margin pressures elevate downside risk.""}, {""model"": ""Simulated-AI-Macro-Tactical"", ""call"": ""buy"", ""target_price"": 216.02, ""thesis"": ""Positive operating execution and robust revenue traction support upside.""}]",-0.02973258528551647,0.059415365293351376,0.01967168609590477
NFLX,2023-03-31,large_cap,0.5831,0.75,0.3328,36.18,4,"[{""model"": ""Simulated-AI-Momentum-Quant"", ""call"": ""buy"", ""target_price"": 38.78, ""thesis"": ""Strong upward medium-term momentum (+17.2%) signals continued institutional accumulation.""}, {""model"": ""Simulated-AI-Fundamental-Value"", ""call"": ""sell"", ""target_price"": 28.9, ""thesis"": ""Elevated multi-month valuation multiples leave little safety margin against forward earnings revisions.""}, {""model"": ""Simulated-AI-Quality-Compounder"", ""call"": ""buy"", ""target_price"": 39.02, ""thesis"": ""Stable financial profile and durable competitive moat support long-term compounding potential.""}, {""model"": ""Simulated-AI-Macro-Tactical"", ""call"": ""buy"", ""target_price"": 38.01, ""thesis"": ""Positive operating execution and robust revenue traction support upside.""}]",-0.0808440762935029,0.27775849768857924,0.10087416280215283
AMD,2023-03-31,large_cap,0.4119,0.5,0.2798,100.93,4,"[{""model"": ""Simulated-AI-Momentum-Quant"", ""call"": ""buy"", ""target_price"": 111.81, ""thesis"": ""Strong upward medium-term momentum (+51.3%) signals continued institutional accumulation.""}, {""model"": ""Simulated-AI-Fundamental-Value"", ""call"": ""sell"", ""target_price"": 83.06, ""thesis"": ""Elevated multi-month valuation multiples leave little safety margin against forward earnings revisions.""}, {""model"": ""Simulated-AI-Quality-Compounder"", ""call"": ""hold"", ""target_price"": 101.03, ""thesis"": ""Defensive operational balance sheet balanced by limited immediate re-rating catalysts.""}, {""model"": ""Simulated-AI-Macro-Tactical"", ""call"": ""buy"", ""target_price"": 107.81, ""thesis"": ""Positive operating execution and robust revenue traction support upside.""}]",-0.08264461072924366,0.18171612254266112,0.05366793584520807
PEP,2023-03-31,large_cap,0.7327,1.0,0.3317,163.91,4,"[{""model"": ""Simulated-AI-Momentum-Quant"", ""call"": ""hold"", ""target_price"": 164.14, ""thesis"": ""Consolidating trading range warrants a neutral rating until breakout confirmation.""}, {""model"": ""Simulated-AI-Fundamental-Value"", ""call"": ""hold"", ""target_price"": 161.45, ""thesis"": ""Fair valuation reflects balanced risk-reward relative to sector peers.""}, {""model"": ""Simulated-AI-Quality-Compounder"", ""call"": ""hold"", ""target_price"": 167.13, ""thesis"": ""Defensive operational balance sheet balanced by limited immediate re-rating catalysts.""}, {""model"": ""Simulated-AI-Macro-Tactical"", ""call"": ""hold"", ""target_price"": 162.93, ""thesis"": ""Balanced near-term catalysts recommend maintaining current position.""}]",0.054580587481716396,0.02521416318398473,-0.058967612760576875
KO,2023-03-31,large_cap,0.4042,0.5,0.2606,57.69,4,"[{""model"": ""Simulated-AI-Momentum-Quant"", ""call"": ""sell"", ""target_price"": 48.74, ""thesis"": ""Persistent negative price trajectory (-1.7%) indicates structural distribution headwinds.""}, {""model"": ""Simulated-AI-Fundamental-Value"", ""call"": ""buy"", ""target_price"": 65.66, ""thesis"": ""Recent price softening provides an attractive risk-adjusted entry point against fundamental book value.""}, {""model"": ""Simulated-AI-Quality-Compounder"", ""call"": ""hold"", ""target_price"": 59.45, ""thesis"": ""Defensive operational balance sheet balanced by limited immediate re-rating catalysts.""}, {""model"": ""Simulated-AI-Macro-Tactical"", ""call"": ""hold"", ""target_price"": 56.92, ""thesis"": ""Balanced near-term catalysts recommend maintaining current position.""}]",0.031920085938588784,-0.015937842212316262,-0.09163220303729355
TMO,2023-03-31,large_cap,0.5539,0.75,0.2599,590.17,4,"[{""model"": ""Simulated-AI-Momentum-Quant"", ""call"": ""hold"", ""target_price"": 571.34, ""thesis"": ""Consolidating trading range warrants a neutral rating until breakout confirmation.""}, {""model"": ""Simulated-AI-Fundamental-Value"", ""call"": ""hold"", ""target_price"": 575.04, ""thesis"": ""Fair valuation reflects balanced risk-reward relative to sector peers.""}, {""model"": ""Simulated-AI-Quality-Compounder"", ""call"": ""buy"", ""target_price"": 638.14, ""thesis"": ""Stable financial profile and durable competitive moat support long-term compounding potential.""}, {""model"": ""Simulated-AI-Macro-Tactical"", ""call"": ""hold"", ""target_price"": 576.18, ""thesis"": ""Balanced near-term catalysts recommend maintaining current position.""}]",-0.05647426938543717,-0.09874617289746473,-0.1386433657725197
WMT,2023-03-31,large_cap,0.5539,0.75,0.2599,48.91,4,"[{""model"": ""Simulated-AI-Momentum-Quant"", ""call"": ""hold"", ""target_price"": 47.63, ""thesis"": ""Consolidating trading range warrants a neutral rating until breakout confirmation.""}, {""model"": ""Simulated-AI-Fundamental-Value"", ""call"": ""hold"", ""target_price"": 47.51, ""thesis"": ""Fair valuation reflects balanced risk-reward relative to sector peers.""}, {""model"": ""Simulated-AI-Quality-Compounder"", ""call"": ""buy"", ""target_price"": 52.77, ""thesis"": ""Stable financial profile and durable competitive moat support long-term compounding potential.""}, {""model"": ""Simulated-AI-Macro-Tactical"", ""call"": ""hold"", ""target_price"": 47.75, ""thesis"": ""Balanced near-term catalysts recommend maintaining current position.""}]",0.025296720084902156,0.07698169286476736,0.09379119823540957
MCD,2023-03-31,large_cap,0.4445,0.5,0.3613,253.98,4,"[{""model"": ""Simulated-AI-Momentum-Quant"", ""call"": ""buy"", ""target_price"": 291.92, ""thesis"": ""Strong upward medium-term momentum (+6.7%) signals continued institutional accumulation.""}, {""model"": ""Simulated-AI-Fundamental-Value"", ""call"": ""sell"", ""target_price"": 214.74, ""thesis"": ""Elevated multi-month valuation multiples leave little safety margin against forward earnings revisions.""}, {""model"": ""Simulated-AI-Quality-Compounder"", ""call"": ""sell"", ""target_price"": 226.19, ""thesis"": ""Heightened earnings volatility and cyclical margin pressures elevate downside risk.""}, {""model"": ""Simulated-AI-Macro-Tactical"", ""call"": ""buy"", ""target_price"": 283.06, ""thesis"": ""Positive operating execution and robust revenue traction support upside.""}]",0.06602048712513156,0.06006599759847014,-0.06830478675304268
CSCO,2023-03-31,large_cap,0.5749,0.75,0.3122,51.76,4,"[{""model"": ""Simulated-AI-Momentum-Quant"", ""call"": ""buy"", ""target_price"": 54.24, ""thesis"": ""Strong upward medium-term momentum (+10.6%) signals continued institutional accumulation.""}, {""model"": ""Simulated-AI-Fundamental-Value"", ""call"": ""hold"", ""target_price"": 47.94, ""thesis"": ""Fair valuation reflects balanced risk-reward relative to sector peers.""}, {""model"": ""Simulated-AI-Quality-Compounder"", ""call"": ""buy"", ""target_price"": 52.51, ""thesis"": ""Stable financial profile and durable competitive moat support long-term compounding potential.""}, {""model"": ""Simulated-AI-Macro-Tactical"", ""call"": ""buy"", ""target_price"": 52.34, ""thesis"": ""Positive operating execution and robust revenue traction support upside.""}]",-0.10657525069346872,-0.0013531041381078606,0.05612283430780028
KNSL,2023-03-31,small_cap,0.4448,0.5,0.3621,295.54,4,"[{""model"": ""Simulated-AI-Momentum-Quant"", ""call"": ""buy"", ""target_price"": 339.81, ""thesis"": ""Strong upward medium-term momentum (+14.8%) signals continued institutional accumulation.""}, {""model"": ""Simulated-AI-Fundamental-Value"", ""call"": ""sell"", ""target_price"": 253.1, ""thesis"": ""Elevated multi-month valuation multiples leave little safety margin against forward earnings revisions.""}, {""model"": ""Simulated-AI-Quality-Compounder"", ""call"": ""sell"", ""target_price"": 261.15, ""thesis"": ""Heightened earnings volatility and cyclical margin pressures elevate downside risk.""}, {""model"": ""Simulated-AI-Macro-Tactical"", ""call"": ""hold"", ""target_price"": 328.12, ""thesis"": ""Positive operating execution and robust revenue traction support upside.""}]",0.09461926478604413,0.2321791766860862,0.3650390327665711
SAIA,2023-03-31,small_cap,0.5826,0.75,0.3314,284.72,4,"[{""model"": ""Simulated-AI-Momentum-Quant"", ""call"": ""buy"", ""target_price"": 307.78, ""thesis"": ""Strong upward medium-term momentum (+29.8%) signals continued institutional accumulation.""}, {""model"": ""Simulated-AI-Fundamental-Value"", ""call"": ""sell"", ""target_price"": 224.87, ""thesis"": ""Elevated multi-month valuation multiples leave little safety margin against forward earnings revisions.""}, {""model"": ""Simulated-AI-Quality-Compounder"", ""call"": ""buy"", ""target_price"": 306.96, ""thesis"": ""Stable financial profile and durable competitive moat support long-term compounding potential.""}, {""model"": ""Simulated-AI-Macro-Tactical"", ""call"": ""buy"", ""target_price"": 299.29, ""thesis"": ""Positive operating execution and robust revenue traction support upside.""}]",0.0814466508223808,0.25084535198575697,0.46931052904727794
MEDP,2023-03-31,small_cap,0.4255,0.5,0.3138,179.3,4,"[{""model"": ""Simulated-AI-Momentum-Quant"", ""call"": ""sell"", ""target_price"": 162.17, ""thesis"": ""Persistent negative price trajectory (-11.5%) indicates structural distribution headwinds.""}, {""model"": ""Simulated-AI-Fundamental-Value"", ""call"": ""buy"", ""target_price"": 217.76, ""thesis"": ""Recent price softening provides an attractive risk-adjusted entry point against fundamental book value.""}, {""model"": ""Simulated-AI-Quality-Compounder"", ""call"": ""sell"", ""target_price"": 168.02, ""thesis"": ""Heightened earnings volatility and cyclical margin pressures elevate downside risk.""}, {""model"": ""Simulated-AI-Macro-Tactical"", ""call"": ""hold"", ""target_price"": 169.25, ""thesis"": ""Macro headwinds and declining momentum justify a defensive posture.""}]",0.06503587093360987,0.27115123321928797,0.2898696815858753
SSD,2023-03-31,small_cap,0.5829,0.75,0.3322,112.73,4,"[{""model"": ""Simulated-AI-Momentum-Quant"", ""call"": ""buy"", ""target_price"": 122.94, ""thesis"": ""Strong upward medium-term momentum (+24.0%) signals continued institutional accumulation.""}, {""model"": ""Simulated-AI-Fundamental-Value"", ""call"": ""sell"", ""target_price"": 90.86, ""thesis"": ""Elevated multi-month valuation multiples leave little safety margin against forward earnings revisions.""}, {""model"": ""Simulated-AI-Quality-Compounder"", ""call"": ""buy"", ""target_price"": 119.39, ""thesis"": ""Stable financial profile and durable competitive moat support long-term compounding potential.""}, {""model"": ""Simulated-AI-Macro-Tactical"", ""call"": ""buy"", ""target_price"": 117.72, ""thesis"": ""Positive operating execution and robust revenue traction support upside.""}]",0.13716516830783948,0.24670331354610955,0.36268833447275617
EXPO,2023-03-31,small_cap,0.5529,0.75,0.2571,92.03,4,"[{""model"": ""Simulated-AI-Momentum-Quant"", ""call"": ""sell"", ""target_price"": 80.47, ""thesis"": ""Persistent negative price trajectory (+0.9%) indicates structural distribution headwinds.""}, {""model"": ""Simulated-AI-Fundamental-Value"", ""call"": ""hold"", ""target_price"": 94.12, ""thesis"": ""Fair valuation reflects balanced risk-reward relative to sector peers.""}, {""model"": ""Simulated-AI-Quality-Compounder"", ""call"": ""hold"", ""target_price"": 97.76, ""thesis"": ""Defensive operational balance sheet balanced by limited immediate re-rating catalysts.""}, {""model"": ""Simulated-AI-Macro-Tactical"", ""call"": ""hold"", ""target_price"": 95.75, ""thesis"": ""Balanced near-term catalysts recommend maintaining current position.""}]",-0.0899790772721294,-0.06589798162231525,-0.14075318923117694
FORM,2023-03-31,small_cap,0.4324,0.5,0.331,33.31,4,"[{""model"": ""Simulated-AI-Momentum-Quant"", ""call"": ""buy"", ""target_price"": 36.0, ""thesis"": ""Strong upward medium-term momentum (+43.3%) signals continued institutional accumulation.""}, {""model"": ""Simulated-AI-Fundamental-Value"", ""call"": ""sell"", ""target_price"": 26.83, ""thesis"": ""Elevated multi-month valuation multiples leave little safety margin against forward earnings revisions.""}, {""model"": ""Simulated-AI-Quality-Compounder"", ""call"": ""buy"", ""target_price"": 35.38, ""thesis"": ""Stable financial profile and durable competitive moat support long-term compounding potential.""}, {""model"": ""Simulated-AI-Macro-Tactical"", ""call"": ""hold"", ""target_price"": 35.04, ""thesis"": ""Positive operating execution and robust revenue traction support upside.""}]",-0.14599684655688844,0.05588699106205063,0.05808478365187253
CRVL,2023-03-31,small_cap,0.5834,0.75,0.3336,65.94,4,"[{""model"": ""Simulated-AI-Momentum-Quant"", ""call"": ""buy"", ""target_price"": 71.55, ""thesis"": ""Strong upward medium-term momentum (+30.9%) signals continued institutional accumulation.""}, {""model"": ""Simulated-AI-Fundamental-Value"", ""call"": ""sell"", ""target_price"": 52.55, ""thesis"": ""Elevated multi-month valuation multiples leave little safety margin against forward earnings revisions.""}, {""model"": ""Simulated-AI-Quality-Compounder"", ""call"": ""buy"", ""target_price"": 69.89, ""thesis"": ""Stable financial profile and durable competitive moat support long-term compounding potential.""}, {""model"": ""Simulated-AI-Macro-Tactical"", ""call"": ""buy"", ""target_price"": 69.77, ""thesis"": ""Positive operating execution and robust revenue traction support upside.""}]",0.07662393275483373,0.029640486632521237,0.04057179561819026
TKR,2023-03-31,small_cap,0.583,0.75,0.3324,80.27,4,"[{""model"": ""Simulated-AI-Momentum-Quant"", ""call"": ""buy"", ""target_price"": 86.95, ""thesis"": ""Strong upward medium-term momentum (+16.1%) signals continued institutional accumulation.""}, {""model"": ""Simulated-AI-Fundamental-Value"", ""call"": ""sell"", ""target_price"": 64.26, ""thesis"": ""Elevated multi-month valuation multiples leave little safety margin against forward earnings revisions.""}, {""model"": ""Simulated-AI-Quality-Compounder"", ""call"": ""buy"", ""target_price"": 84.96, ""thesis"": ""Stable financial profile and durable competitive moat support long-term compounding potential.""}, {""model"": ""Simulated-AI-Macro-Tactical"", ""call"": ""buy"", ""target_price"": 84.91, ""thesis"": ""Positive operating execution and robust revenue traction support upside.""}]",-0.05494362561669056,0.137309052754594,-0.10163785976993227
POWI,2023-03-31,small_cap,0.444,0.5,0.3601,79.8,4,"[{""model"": ""Simulated-AI-Momentum-Quant"", ""call"": ""buy"", ""target_price"": 91.36, ""thesis"": ""Strong upward medium-term momentum (+18.3%) signals continued institutional accumulation.""}, {""model"": ""Simulated-AI-Fundamental-Value"", ""call"": ""sell"", ""target_price"": 67.83, ""thesis"": ""Elevated multi-month valuation multiples leave little safety margin against forward earnings revisions.""}, {""model"": ""Simulated-AI-Quality-Compounder"", ""call"": ""sell"", ""target_price"": 71.29, ""thesis"": ""Heightened earnings volatility and cyclical margin pressures elevate downside risk.""}, {""model"": ""Simulated-AI-Macro-Tactical"", ""call"": ""buy"", ""target_price"": 88.72, ""thesis"": ""Positive operating execution and robust revenue traction support upside.""}]",-0.10845928746717463,0.12241681332186409,-0.08910959932409479
CALM,2023-03-31,small_cap,0.5831,0.75,0.3328,51.98,4,"[{""model"": ""Simulated-AI-Momentum-Quant"", ""call"": ""buy"", ""target_price"": 55.89, ""thesis"": ""Strong upward medium-term momentum (+14.6%) signals continued institutional accumulation.""}, {""model"": ""Simulated-AI-Fundamental-Value"", ""call"": ""sell"", ""target_price"": 41.46, ""thesis"": ""Elevated multi-month valuation multiples leave little safety margin against forward earnings revisions.""}, {""model"": ""Simulated-AI-Quality-Compounder"", ""call"": ""buy"", ""target_price"": 55.77, ""thesis"": ""Stable financial profile and durable competitive moat support long-term compounding potential.""}, {""model"": ""Simulated-AI-Macro-Tactical"", ""call"": ""buy"", ""target_price"": 54.81, ""thesis"": ""Positive operating execution and robust revenue traction support upside.""}]",-0.20583223312214025,-0.21421886995584075,-0.17329445831143053
PLUS,2023-03-31,small_cap,0.583,0.75,0.3325,50.72,4,"[{""model"": ""Simulated-AI-Momentum-Quant"", ""call"": ""buy"", ""target_price"": 55.26, ""thesis"": ""Strong upward medium-term momentum (+10.7%) signals continued institutional accumulation.""}, {""model"": ""Simulated-AI-Fundamental-Value"", ""call"": ""sell"", ""target_price"": 40.02, ""thesis"": ""Elevated multi-month valuation multiples leave little safety margin against forward earnings revisions.""}, {""model"": ""Simulated-AI-Quality-Compounder"", ""call"": ""buy"", ""target_price"": 54.49, ""thesis"": ""Stable financial profile and durable competitive moat support long-term compounding potential.""}, {""model"": ""Simulated-AI-Macro-Tactical"", ""call"": ""buy"", ""target_price"": 53.1, ""thesis"": ""Positive operating execution and robust revenue traction support upside.""}]",-0.12336865344221885,0.14294461456784008,0.31810747164092745
FSS,2023-03-31,small_cap,0.4446,0.5,0.3615,52.32,4,"[{""model"": ""Simulated-AI-Momentum-Quant"", ""call"": ""buy"", ""target_price"": 59.59, ""thesis"": ""Strong upward medium-term momentum (+16.9%) signals continued institutional accumulation.""}, {""model"": ""Simulated-AI-Fundamental-Value"", ""call"": ""sell"", ""target_price"": 44.42, ""thesis"": ""Elevated multi-month valuation multiples leave little safety margin against forward earnings revisions.""}, {""model"": ""Simulated-AI-Quality-Compounder"", ""call"": ""sell"", ""target_price"": 46.83, ""thesis"": ""Heightened earnings volatility and cyclical margin pressures elevate downside risk.""}, {""model"": ""Simulated-AI-Macro-Tactical"", ""call"": ""buy"", ""target_price"": 58.44, ""thesis"": ""Positive operating execution and robust revenue traction support upside.""}]",-0.015679493792159098,0.1914944165043101,0.10368086539875383
AMWD,2023-03-31,small_cap,0.5994,0.75,0.3736,97.19,4,"[{""model"": ""Simulated-AI-Momentum-Quant"", ""call"": ""hold"", ""target_price"": 101.0, ""thesis"": ""Consolidating trading range warrants a neutral rating until breakout confirmation.""}, {""model"": ""Simulated-AI-Fundamental-Value"", ""call"": ""sell"", ""target_price"": 83.3, ""thesis"": ""Elevated multi-month valuation multiples leave little safety margin against forward earnings revisions.""}, {""model"": ""Simulated-AI-Quality-Compounder"", ""call"": ""hold"", ""target_price"": 103.44, ""thesis"": ""Defensive operational balance sheet balanced by limited immediate re-rating catalysts.""}, {""model"": ""Simulated-AI-Macro-Tactical"", ""call"": ""hold"", ""target_price"": 101.0, ""thesis"": ""Balanced near-term catalysts recommend maintaining current position.""}]",,,
ATKR,2023-03-31,small_cap,0.4452,0.5,0.363,132.46,4,"[{""model"": ""Simulated-AI-Momentum-Quant"", ""call"": ""buy"", ""target_price"": 150.67, ""thesis"": ""Strong upward medium-term momentum (+23.9%) signals continued institutional accumulation.""}, {""model"": ""Simulated-AI-Fundamental-Value"", ""call"": ""sell"", ""target_price"": 112.99, ""thesis"": ""Elevated multi-month valuation multiples leave little safety margin against forward earnings revisions.""}, {""model"": ""Simulated-AI-Quality-Compounder"", ""call"": ""sell"", ""target_price"": 118.3, ""thesis"": ""Heightened earnings volatility and cyclical margin pressures elevate downside risk.""}, {""model"": ""Simulated-AI-Macro-Tactical"", ""call"": ""buy"", ""target_price"": 147.87, ""thesis"": ""Positive operating execution and robust revenue traction support upside.""}]",-0.10136661887622814,0.09887535639934251,0.03217540176828784
BRC,2023-03-31,small_cap,0.5831,0.75,0.3328,53.83,4,"[{""model"": ""Simulated-AI-Momentum-Quant"", ""call"": ""buy"", ""target_price"": 59.08, ""thesis"": ""Strong upward medium-term momentum (+14.6%) signals continued institutional accumulation.""}, {""model"": ""Simulated-AI-Fundamental-Value"", ""call"": ""sell"", ""target_price"": 42.41, ""thesis"": ""Elevated multi-month valuation multiples leave little safety margin against forward earnings revisions.""}, {""model"": ""Simulated-AI-Quality-Compounder"", ""call"": ""buy"", ""target_price"": 57.65, ""thesis"": ""Stable financial profile and durable competitive moat support long-term compounding potential.""}, {""model"": ""Simulated-AI-Macro-Tactical"", ""call"": ""buy"", ""target_price"": 56.18, ""thesis"": ""Positive operating execution and robust revenue traction support upside.""}]",-0.03534705191017771,-0.10003110898489477,0.026950538954760656
CNO,2023-03-31,small_cap,0.5473,0.75,0.2434,20.22,4,"[{""model"": ""Simulated-AI-Momentum-Quant"", ""call"": ""sell"", ""target_price"": 17.86, ""thesis"": ""Persistent negative price trajectory (-2.3%) indicates structural distribution headwinds.""}, {""model"": ""Simulated-AI-Fundamental-Value"", ""call"": ""hold"", ""target_price"": 20.7, ""thesis"": ""Fair valuation reflects balanced risk-reward relative to sector peers.""}, {""model"": ""Simulated-AI-Quality-Compounder"", ""call"": ""hold"", ""target_price"": 21.36, ""thesis"": ""Defensive operational balance sheet balanced by limited immediate re-rating catalysts.""}, {""model"": ""Simulated-AI-Macro-Tactical"", ""call"": ""hold"", ""target_price"": 20.96, ""thesis"": ""Balanced near-term catalysts recommend maintaining current position.""}]",0.0211806063995451,0.08342495592601692,0.07442806314297251
CSGS,2023-03-31,small_cap,0.4216,0.5,0.304,93.35,4,"[{""model"": ""Simulated-AI-Momentum-Quant"", ""call"": ""hold"", ""target_price"": 101.4, ""thesis"": ""Consolidating trading range warrants a neutral rating until breakout confirmation.""}, {""model"": ""Simulated-AI-Fundamental-Value"", ""call"": ""sell"", ""target_price"": 83.25, ""thesis"": ""Elevated multi-month valuation multiples leave little safety margin against forward earnings revisions.""}, {""model"": ""Simulated-AI-Quality-Compounder"", ""call"": ""sell"", ""target_price"": 87.75, ""thesis"": ""Heightened earnings volatility and cyclical margin pressures elevate downside risk.""}, {""model"": ""Simulated-AI-Macro-Tactical"", ""call"": ""hold"", ""target_price"": 101.0, ""thesis"": ""Balanced near-term catalysts recommend maintaining current position.""}]",,,
ENSG,2023-03-31,small_cap,0.4072,0.5,0.268,96.73,4,"[{""model"": ""Simulated-AI-Momentum-Quant"", ""call"": ""sell"", ""target_price"": 80.08, ""thesis"": ""Persistent negative price trajectory (+1.0%) indicates structural distribution headwinds.""}, {""model"": ""Simulated-AI-Fundamental-Value"", ""call"": ""buy"", ""target_price"": 110.97, ""thesis"": ""Recent price softening provides an attractive risk-adjusted entry point against fundamental book value.""}, {""model"": ""Simulated-AI-Quality-Compounder"", ""call"": ""hold"", ""target_price"": 99.95, ""thesis"": ""Defensive operational balance sheet balanced by limited immediate re-rating catalysts.""}, {""model"": ""Simulated-AI-Macro-Tactical"", ""call"": ""hold"", ""target_price"": 95.92, ""thesis"": ""Balanced near-term catalysts recommend maintaining current position.""}]",-0.005128646364814257,-0.016663621886873186,-0.03543505083014836
FIX,2023-03-31,small_cap,0.4322,0.5,0.3306,150.86,4,"[{""model"": ""Simulated-AI-Momentum-Quant"", ""call"": ""buy"", ""target_price"": 162.99, ""thesis"": ""Strong upward medium-term momentum (+27.0%) signals continued institutional accumulation.""}, {""model"": ""Simulated-AI-Fundamental-Value"", ""call"": ""sell"", ""target_price"": 121.77, ""thesis"": ""Elevated multi-month valuation multiples leave little safety margin against forward earnings revisions.""}, {""model"": ""Simulated-AI-Quality-Compounder"", ""call"": ""buy"", ""target_price"": 160.08, ""thesis"": ""Stable financial profile and durable competitive moat support long-term compounding potential.""}, {""model"": ""Simulated-AI-Macro-Tactical"", ""call"": ""hold"", ""target_price"": 158.61, ""thesis"": ""Positive operating execution and robust revenue traction support upside.""}]",0.029734103390503475,0.12810729835736376,0.14141101801456302
GBCI,2023-03-31,small_cap,0.4235,0.5,0.3087,35.54,4,"[{""model"": ""Simulated-AI-Momentum-Quant"", ""call"": ""sell"", ""target_price"": 31.65, ""thesis"": ""Persistent negative price trajectory (-15.0%) indicates structural distribution headwinds.""}, {""model"": ""Simulated-AI-Fundamental-Value"", ""call"": ""buy"", ""target_price"": 43.17, ""thesis"": ""Recent price softening provides an attractive risk-adjusted entry point against fundamental book value.""}, {""model"": ""Simulated-AI-Quality-Compounder"", ""call"": ""sell"", ""target_price"": 33.61, ""thesis"": ""Heightened earnings volatility and cyclical margin pressures elevate downside risk.""}, {""model"": ""Simulated-AI-Macro-Tactical"", ""call"": ""hold"", ""target_price"": 33.72, ""thesis"": ""Macro headwinds and declining momentum justify a defensive posture.""}]",-0.2847796730433579,-0.23605827742297045,-0.3021600801790489
GPI,2023-03-31,small_cap,0.4449,0.5,0.3622,218.24,4,"[{""model"": ""Simulated-AI-Momentum-Quant"", ""call"": ""buy"", ""target_price"": 249.39, ""thesis"": ""Strong upward medium-term momentum (+25.8%) signals continued institutional accumulation.""}, {""model"": ""Simulated-AI-Fundamental-Value"", ""call"": ""sell"", ""target_price"": 183.7, ""thesis"": ""Elevated multi-month valuation multiples leave little safety margin against forward earnings revisions.""}, {""model"": ""Simulated-AI-Quality-Compounder"", ""call"": ""sell"", ""target_price"": 196.0, ""thesis"": ""Heightened earnings volatility and cyclical margin pressures elevate downside risk.""}, {""model"": ""Simulated-AI-Macro-Tactical"", ""call"": ""hold"", ""target_price"": 243.89, ""thesis"": ""Positive operating execution and robust revenue traction support upside.""}]",-0.011659527857185568,0.13975535761698543,0.1575073394228971
HLNE,2023-03-31,small_cap,0.5831,0.75,0.3327,72.72,4,"[{""model"": ""Simulated-AI-Momentum-Quant"", ""call"": ""buy"", ""target_price"": 78.48, ""thesis"": ""Strong upward medium-term momentum (+16.5%) signals continued institutional accumulation.""}, {""model"": ""Simulated-AI-Fundamental-Value"", ""call"": ""sell"", ""target_price"": 58.66, ""thesis"": ""Elevated multi-month valuation multiples leave little safety margin against forward earnings revisions.""}, {""model"": ""Simulated-AI-Quality-Compounder"", ""call"": ""buy"", ""target_price"": 76.86, ""thesis"": ""Stable financial profile and durable competitive moat support long-term compounding potential.""}, {""model"": ""Simulated-AI-Macro-Tactical"", ""call"": ""buy"", ""target_price"": 76.86, ""thesis"": ""Positive operating execution and robust revenue traction support upside.""}]",-0.037848180130909244,0.08512889688445784,0.21870257771931054
HWKN,2023-03-31,small_cap,0.5826,0.75,0.3316,44.55,4,"[{""model"": ""Simulated-AI-Momentum-Quant"", ""call"": ""buy"", ""target_price"": 48.55, ""thesis"": ""Strong upward medium-term momentum (+13.8%) signals continued institutional accumulation.""}, {""model"": ""Simulated-AI-Fundamental-Value"", ""call"": ""sell"", ""target_price"": 35.49, ""thesis"": ""Elevated multi-month valuation multiples leave little safety margin against forward earnings revisions.""}, {""model"": ""Simulated-AI-Quality-Compounder"", ""call"": ""buy"", ""target_price"": 47.2, ""thesis"": ""Stable financial profile and durable competitive moat support long-term compounding potential.""}, {""model"": ""Simulated-AI-Macro-Tactical"", ""call"": ""buy"", ""target_price"": 46.95, ""thesis"": ""Positive operating execution and robust revenue traction support upside.""}]",-0.08063022367921659,0.10609317567791576,0.38377375463948443
IBP,2023-03-31,small_cap,0.4456,0.5,0.3641,107.49,4,"[{""model"": ""Simulated-AI-Momentum-Quant"", ""call"": ""buy"", ""target_price"": 124.31, ""thesis"": ""Strong upward medium-term momentum (+34.7%) signals continued institutional accumulation.""}, {""model"": ""Simulated-AI-Fundamental-Value"", ""call"": ""sell"", ""target_price"": 90.58, ""thesis"": ""Elevated multi-month valuation multiples leave little safety margin against forward earnings revisions.""}, {""model"": ""Simulated-AI-Quality-Compounder"", ""call"": ""sell"", ""target_price"": 95.47, ""thesis"": ""Heightened earnings volatility and cyclical margin pressures elevate downside risk.""}, {""model"": ""Simulated-AI-Macro-Tactical"", ""call"": ""buy"", ""target_price"": 119.61, ""thesis"": ""Positive operating execution and robust revenue traction support upside.""}]",0.06559671383591098,0.21598398789213435,0.08379934518628557
KAR,2023-03-31,small_cap,0.5412,0.75,0.2281,97.88,4,"[{""model"": ""Simulated-AI-Momentum-Quant"", ""call"": ""hold"", ""target_price"": 102.65, ""thesis"": ""Consolidating trading range warrants a neutral rating until breakout confirmation.""}, {""model"": ""Simulated-AI-Fundamental-Value"", ""call"": ""hold"", ""target_price"": 99.88, ""thesis"": ""Fair valuation reflects balanced risk-reward relative to sector peers.""}, {""model"": ""Simulated-AI-Quality-Compounder"", ""call"": ""sell"", ""target_price"": 88.0, ""thesis"": ""Heightened earnings volatility and cyclical margin pressures elevate downside risk.""}, {""model"": ""Simulated-AI-Macro-Tactical"", ""call"": ""hold"", ""target_price"": 101.0, ""thesis"": ""Balanced near-term catalysts recommend maintaining current position.""}]",,,
MC,2023-03-31,small_cap,0.4099,0.5,0.2747,33.08,4,"[{""model"": ""Simulated-AI-Momentum-Quant"", ""call"": ""buy"", ""target_price"": 37.5, ""thesis"": ""Strong upward medium-term momentum (+1.5%) signals continued institutional accumulation.""}, {""model"": ""Simulated-AI-Fundamental-Value"", ""call"": ""sell"", ""target_price"": 27.24, ""thesis"": ""Elevated multi-month valuation multiples leave little safety margin against forward earnings revisions.""}, {""model"": ""Simulated-AI-Quality-Compounder"", ""call"": ""hold"", ""target_price"": 34.34, ""thesis"": ""Defensive operational balance sheet balanced by limited immediate re-rating catalysts.""}, {""model"": ""Simulated-AI-Macro-Tactical"", ""call"": ""hold"", ""target_price"": 33.25, ""thesis"": ""Balanced near-term catalysts recommend maintaining current position.""}]",-0.04526528927085026,0.20290182210641353,0.18048792131872754
OII,2023-03-31,small_cap,0.3865,0.5,0.2162,17.83,4,"[{""model"": ""Simulated-AI-Momentum-Quant"", ""call"": ""buy"", ""target_price"": 20.28, ""thesis"": ""Strong upward medium-term momentum (+0.8%) signals continued institutional accumulation.""}, {""model"": ""Simulated-AI-Fundamental-Value"", ""call"": ""hold"", ""target_price"": 17.7, ""thesis"": ""Fair valuation reflects balanced risk-reward relative to sector peers.""}, {""model"": ""Simulated-AI-Quality-Compounder"", ""call"": ""sell"", ""target_price"": 15.54, ""thesis"": ""Heightened earnings volatility and cyclical margin pressures elevate downside risk.""}, {""model"": ""Simulated-AI-Macro-Tactical"", ""call"": ""hold"", ""target_price"": 17.81, ""thesis"": ""Balanced near-term catalysts recommend maintaining current position.""}]",-0.0731706789328411,0.09359056179371704,0.3976177290173521
PRDO,2023-03-31,small_cap,0.586,0.75,0.3401,13.39,4,"[{""model"": ""Simulated-AI-Momentum-Quant"", ""call"": ""hold"", ""target_price"": 12.91, ""thesis"": ""Consolidating trading range warrants a neutral rating until breakout confirmation.""}, {""model"": ""Simulated-AI-Fundamental-Value"", ""call"": ""buy"", ""target_price"": 14.66, ""thesis"": ""Recent price softening provides an attractive risk-adjusted entry point against fundamental book value.""}, {""model"": ""Simulated-AI-Quality-Compounder"", ""call"": ""hold"", ""target_price"": 13.3, ""thesis"": ""Defensive operational balance sheet balanced by limited immediate re-rating catalysts.""}, {""model"": ""Simulated-AI-Macro-Tactical"", ""call"": ""hold"", ""target_price"": 12.68, ""thesis"": ""Balanced near-term catalysts recommend maintaining current position.""}]",-0.07371560060512242,-0.09903196200698679,0.3051270166001276
SHOO,2023-03-31,small_cap,0.4326,0.5,0.3315,34.88,4,"[{""model"": ""Simulated-AI-Momentum-Quant"", ""call"": ""buy"", ""target_price"": 38.11, ""thesis"": ""Strong upward medium-term momentum (+13.3%) signals continued institutional accumulation.""}, {""model"": ""Simulated-AI-Fundamental-Value"", ""call"": ""sell"", ""target_price"": 27.81, ""thesis"": ""Elevated multi-month valuation multiples leave little safety margin against forward earnings revisions.""}, {""model"": ""Simulated-AI-Quality-Compounder"", ""call"": ""buy"", ""target_price"": 36.9, ""thesis"": ""Stable financial profile and durable competitive moat support long-term compounding potential.""}, {""model"": ""Simulated-AI-Macro-Tactical"", ""call"": ""hold"", ""target_price"": 36.72, ""thesis"": ""Positive operating execution and robust revenue traction support upside.""}]",-0.07194440727225852,-0.08059258775057952,-0.10539497488677593
SLVM,2023-03-31,small_cap,0.586,0.75,0.3401,43.73,4,"[{""model"": ""Simulated-AI-Momentum-Quant"", ""call"": ""hold"", ""target_price"": 42.37, ""thesis"": ""Consolidating trading range warrants a neutral rating until breakout confirmation.""}, {""model"": ""Simulated-AI-Fundamental-Value"", ""call"": ""buy"", ""target_price"": 48.12, ""thesis"": ""Recent price softening provides an attractive risk-adjusted entry point against fundamental book value.""}, {""model"": ""Simulated-AI-Quality-Compounder"", ""call"": ""hold"", ""target_price"": 42.69, ""thesis"": ""Defensive operational balance sheet balanced by limited immediate re-rating catalysts.""}, {""model"": ""Simulated-AI-Macro-Tactical"", ""call"": ""hold"", ""target_price"": 41.73, ""thesis"": ""Balanced near-term catalysts recommend maintaining current position.""}]",-0.04631863559580055,-0.10544827050124546,-0.06445898107642675
AAPL,2023-06-30,large_cap,0.4451,0.5,0.3629,189.38,4,"[{""model"": ""Simulated-AI-Momentum-Quant"", ""call"": ""buy"", ""target_price"": 217.88, ""thesis"": ""Strong upward medium-term momentum (+17.8%) signals continued institutional accumulation.""}, {""model"": ""Simulated-AI-Fundamental-Value"", ""call"": ""sell"", ""target_price"": 160.92, ""thesis"": ""Elevated multi-month valuation multiples leave little safety margin against forward earnings revisions.""}, {""model"": ""Simulated-AI-Quality-Compounder"", ""call"": ""sell"", ""target_price"": 168.47, ""thesis"": ""Heightened earnings volatility and cyclical margin pressures elevate downside risk.""}, {""model"": ""Simulated-AI-Macro-Tactical"", ""call"": ""buy"", ""target_price"": 210.23, ""thesis"": ""Positive operating execution and robust revenue traction support upside.""}]",0.008454934255146084,-0.11614576925554951,-0.004773953737613136
MSFT,2023-06-30,large_cap,0.4324,0.5,0.331,346.45,4,"[{""model"": ""Simulated-AI-Momentum-Quant"", ""call"": ""buy"", ""target_price"": 374.28, ""thesis"": ""Strong upward medium-term momentum (+18.4%) signals continued institutional accumulation.""}, {""model"": ""Simulated-AI-Fundamental-Value"", ""call"": ""sell"", ""target_price"": 278.25, ""thesis"": ""Elevated multi-month valuation multiples leave little safety margin against forward earnings revisions.""}, {""model"": ""Simulated-AI-Quality-Compounder"", ""call"": ""buy"", ""target_price"": 368.03, ""thesis"": ""Stable financial profile and durable competitive moat support long-term compounding potential.""}, {""model"": ""Simulated-AI-Macro-Tactical"", ""call"": ""hold"", ""target_price"": 365.24, ""thesis"": ""Positive operating execution and robust revenue traction support upside.""}]",-0.01233355051278891,-0.07083312998608617,0.10883006815096848
NVDA,2023-06-30,large_cap,0.4311,0.5,0.3278,44.48,4,"[{""model"": ""Simulated-AI-Momentum-Quant"", ""call"": ""buy"", ""target_price"": 48.85, ""thesis"": ""Strong upward medium-term momentum (+52.3%) signals continued institutional accumulation.""}, {""model"": ""Simulated-AI-Fundamental-Value"", ""call"": ""sell"", ""target_price"": 35.36, ""thesis"": ""Elevated multi-month valuation multiples leave little safety margin against forward earnings revisions.""}, {""model"": ""Simulated-AI-Quality-Compounder"", ""call"": ""buy"", ""target_price"": 47.32, ""thesis"": ""Stable financial profile and durable competitive moat support long-term compounding potential.""}, {""model"": ""Simulated-AI-Macro-Tactical"", ""call"": ""hold"", ""target_price"": 46.39, ""thesis"": ""Positive operating execution and robust revenue traction support upside.""}]",0.09940432104684059,0.028381269988179407,0.1708770213411071
AMZN,2023-06-30,large_cap,0.4329,0.5,0.3322,136.56,4,"[{""model"": ""Simulated-AI-Momentum-Quant"", ""call"": ""buy"", ""target_price"": 148.71, ""thesis"": ""Strong upward medium-term momentum (+26.2%) signals continued institutional accumulation.""}, {""model"": ""Simulated-AI-Fundamental-Value"", ""call"": ""sell"", ""target_price"": 110.48, ""thesis"": ""Elevated multi-month valuation multiples leave little safety margin against forward earnings revisions.""}, {""model"": ""Simulated-AI-Quality-Compounder"", ""call"": ""buy"", ""target_price"": 143.63, ""thesis"": ""Stable financial profile and durable competitive moat support long-term compounding potential.""}, {""model"": ""Simulated-AI-Macro-Tactical"", ""call"": ""hold"", ""target_price"": 143.4, ""thesis"": ""Positive operating execution and robust revenue traction support upside.""}]",0.0102025301076063,-0.024854233266337043,0.16554159044197697
GOOGL,2023-06-30,large_cap,0.5829,0.75,0.3322,124.52,4,"[{""model"": ""Simulated-AI-Momentum-Quant"", ""call"": ""buy"", ""target_price"": 135.26, ""thesis"": ""Strong upward medium-term momentum (+15.4%) signals continued institutional accumulation.""}, {""model"": ""Simulated-AI-Fundamental-Value"", ""call"": ""sell"", ""target_price"": 100.19, ""thesis"": ""Elevated multi-month valuation multiples leave little safety margin against forward earnings revisions.""}, {""model"": ""Simulated-AI-Quality-Compounder"", ""call"": ""buy"", ""target_price"": 132.21, ""thesis"": ""Stable financial profile and durable competitive moat support long-term compounding potential.""}, {""model"": ""Simulated-AI-Macro-Tactical"", ""call"": ""buy"", ""target_price"": 130.43, ""thesis"": ""Positive operating execution and robust revenue traction support upside.""}]",0.09899764056475881,0.09323292044342635,0.1670007736095859
META,2023-06-30,large_cap,0.583,0.75,0.3325,300.31,4,"[{""model"": ""Simulated-AI-Momentum-Quant"", ""call"": ""buy"", ""target_price"": 329.54, ""thesis"": ""Strong upward medium-term momentum (+35.4%) signals continued institutional accumulation.""}, {""model"": ""Simulated-AI-Fundamental-Value"", ""call"": ""sell"", ""target_price"": 238.68, ""thesis"": ""Elevated multi-month valuation multiples leave little safety margin against forward earnings revisions.""}, {""model"": ""Simulated-AI-Quality-Compounder"", ""call"": ""buy"", ""target_price"": 320.1, ""thesis"": ""Stable financial profile and durable competitive moat support long-term compounding potential.""}, {""model"": ""Simulated-AI-Macro-Tactical"", ""call"": ""buy"", ""target_price"": 312.93, ""thesis"": ""Positive operating execution and robust revenue traction support upside.""}]",0.12450337377573241,0.046100794902326776,0.23339587423164807
BRK-B,2023-06-30,large_cap,0.4247,0.5,0.3118,374.25,4,"[{""model"": ""Simulated-AI-Momentum-Quant"", ""call"": ""buy"", ""target_price"": 394.74, ""thesis"": ""Strong upward medium-term momentum (+10.4%) signals continued institutional accumulation.""}, {""model"": ""Simulated-AI-Fundamental-Value"", ""call"": ""hold"", ""target_price"": 346.32, ""thesis"": ""Fair valuation reflects balanced risk-reward relative to sector peers.""}, {""model"": ""Simulated-AI-Quality-Compounder"", ""call"": ""buy"", ""target_price"": 380.83, ""thesis"": ""Stable financial profile and durable competitive moat support long-term compounding potential.""}, {""model"": ""Simulated-AI-Macro-Tactical"", ""call"": ""hold"", ""target_price"": 375.1, ""thesis"": ""Positive operating execution and robust revenue traction support upside.""}]",0.03302055649743402,0.02727269147498167,0.04592376440501283
JPM,2023-06-30,large_cap,0.5833,0.75,0.3331,142.94,4,"[{""model"": ""Simulated-AI-Momentum-Quant"", ""call"": ""buy"", ""target_price"": 156.75, ""thesis"": ""Strong upward medium-term momentum (+12.5%) signals continued institutional accumulation.""}, {""model"": ""Simulated-AI-Fundamental-Value"", ""call"": ""sell"", ""target_price"": 113.86, ""thesis"": ""Elevated multi-month valuation multiples leave little safety margin against forward earnings revisions.""}, {""model"": ""Simulated-AI-Quality-Compounder"", ""call"": ""buy"", ""target_price"": 152.39, ""thesis"": ""Stable financial profile and durable competitive moat support long-term compounding potential.""}, {""model"": ""Simulated-AI-Macro-Tactical"", ""call"": ""buy"", ""target_price"": 148.74, ""thesis"": ""Positive operating execution and robust revenue traction support upside.""}]",0.08814222259936567,0.003959404369630619,0.18627537382056003
V,2023-06-30,large_cap,0.4331,0.5,0.3328,234.31,4,"[{""model"": ""Simulated-AI-Momentum-Quant"", ""call"": ""hold"", ""target_price"": 231.23, ""thesis"": ""Consolidating trading range warrants a neutral rating until breakout confirmation.""}, {""model"": ""Simulated-AI-Fundamental-Value"", ""call"": ""sell"", ""target_price"": 194.62, ""thesis"": ""Elevated multi-month valuation multiples leave little safety margin against forward earnings revisions.""}, {""model"": ""Simulated-AI-Quality-Compounder"", ""call"": ""buy"", ""target_price"": 256.53, ""thesis"": ""Stable financial profile and durable competitive moat support long-term compounding potential.""}, {""model"": ""Simulated-AI-Macro-Tactical"", ""call"": ""buy"", ""target_price"": 254.86, ""thesis"": ""Positive operating execution and robust revenue traction support upside.""}]",0.009685118239791098,-0.029634055335949757,0.1007027982120933
LLY,2023-06-30,large_cap,0.412,0.5,0.28,470.18,4,"[{""model"": ""Simulated-AI-Momentum-Quant"", ""call"": ""buy"", ""target_price"": 515.64, ""thesis"": ""Strong upward medium-term momentum (+36.9%) signals continued institutional accumulation.""}, {""model"": ""Simulated-AI-Fundamental-Value"", ""call"": ""sell"", ""target_price"": 388.06, ""thesis"": ""Elevated multi-month valuation multiples leave little safety margin against forward earnings revisions.""}, {""model"": ""Simulated-AI-Quality-Compounder"", ""call"": ""hold"", ""target_price"": 472.73, ""thesis"": ""Defensive operational balance sheet balanced by limited immediate re-rating catalysts.""}, {""model"": ""Simulated-AI-Macro-Tactical"", ""call"": ""buy"", ""target_price"": 504.27, ""thesis"": ""Positive operating execution and robust revenue traction support upside.""}]",-0.03388204077095094,0.14777049880941034,0.2479187483399313
UNH,2023-06-30,large_cap,0.5412,0.75,0.2281,440.39,4,"[{""model"": ""Simulated-AI-Momentum-Quant"", ""call"": ""hold"", ""target_price"": 457.13, ""thesis"": ""Consolidating trading range warrants a neutral rating until breakout confirmation.""}, {""model"": ""Simulated-AI-Fundamental-Value"", ""call"": ""hold"", ""target_price"": 450.57, ""thesis"": ""Fair valuation reflects balanced risk-reward relative to sector peers.""}, {""model"": ""Simulated-AI-Quality-Compounder"", ""call"": ""sell"", ""target_price"": 396.96, ""thesis"": ""Heightened earnings volatility and cyclical margin pressures elevate downside risk.""}, {""model"": ""Simulated-AI-Macro-Tactical"", ""call"": ""hold"", ""target_price"": 456.9, ""thesis"": ""Balanced near-term catalysts recommend maintaining current position.""}]",0.05014141625652152,0.05308071297593151,0.10336737046714789
XOM,2023-06-30,large_cap,0.5994,0.75,0.3736,94.1,4,"[{""model"": ""Simulated-AI-Momentum-Quant"", ""call"": ""hold"", ""target_price"": 99.23, ""thesis"": ""Consolidating trading range warrants a neutral rating until breakout confirmation.""}, {""model"": ""Simulated-AI-Fundamental-Value"", ""call"": ""sell"", ""target_price"": 79.96, ""thesis"": ""Elevated multi-month valuation multiples leave little safety margin against forward earnings revisions.""}, {""model"": ""Simulated-AI-Quality-Compounder"", ""call"": ""hold"", ""target_price"": 99.86, ""thesis"": ""Defensive operational balance sheet balanced by limited immediate re-rating catalysts.""}, {""model"": ""Simulated-AI-Macro-Tactical"", ""call"": ""hold"", ""target_price"": 97.35, ""thesis"": ""Balanced near-term catalysts recommend maintaining current position.""}]",-0.005874030321191117,0.10530403979676121,-0.051549491570605024
JNJ,2023-06-30,large_cap,0.575,0.75,0.3125,163.61,4,"[{""model"": ""Simulated-AI-Momentum-Quant"", ""call"": ""buy"", ""target_price"": 169.85, ""thesis"": ""Strong upward medium-term momentum (+7.6%) signals continued institutional accumulation.""}, {""model"": ""Simulated-AI-Fundamental-Value"", ""call"": ""hold"", ""target_price"": 152.59, ""thesis"": ""Fair valuation reflects balanced risk-reward relative to sector peers.""}, {""model"": ""Simulated-AI-Quality-Compounder"", ""call"": ""buy"", ""target_price"": 165.99, ""thesis"": ""Stable financial profile and durable competitive moat support long-term compounding potential.""}, {""model"": ""Simulated-AI-Macro-Tactical"", ""call"": ""buy"", ""target_price"": 165.99, ""thesis"": ""Positive operating execution and robust revenue traction support upside.""}]",0.020360263449359168,-0.05219418272119975,-0.03853108163874295
PG,2023-06-30,large_cap,0.5539,0.75,0.2599,144.51,4,"[{""model"": ""Simulated-AI-Momentum-Quant"", ""call"": ""hold"", ""target_price"": 140.18, ""thesis"": ""Consolidating trading range warrants a neutral rating until breakout confirmation.""}, {""model"": ""Simulated-AI-Fundamental-Value"", ""call"": ""hold"", ""target_price"": 140.34, ""thesis"": ""Fair valuation reflects balanced risk-reward relative to sector peers.""}, {""model"": ""Simulated-AI-Quality-Compounder"", ""call"": ""buy"", ""target_price"": 156.79, ""thesis"": ""Stable financial profile and durable competitive moat support long-term compounding potential.""}, {""model"": ""Simulated-AI-Macro-Tactical"", ""call"": ""hold"", ""target_price"": 140.73, ""thesis"": ""Balanced near-term catalysts recommend maintaining current position.""}]",0.036210110231774624,-0.03269370118068162,-0.022050625733771555
HD,2023-06-30,large_cap,0.5831,0.75,0.3329,300.88,4,"[{""model"": ""Simulated-AI-Momentum-Quant"", ""call"": ""buy"", ""target_price"": 329.46, ""thesis"": ""Strong upward medium-term momentum (+6.0%) signals continued institutional accumulation.""}, {""model"": ""Simulated-AI-Fundamental-Value"", ""call"": ""sell"", ""target_price"": 242.21, ""thesis"": ""Elevated multi-month valuation multiples leave little safety margin against forward earnings revisions.""}, {""model"": ""Simulated-AI-Quality-Compounder"", ""call"": ""buy"", ""target_price"": 317.46, ""thesis"": ""Stable financial profile and durable competitive moat support long-term compounding potential.""}, {""model"": ""Simulated-AI-Macro-Tactical"", ""call"": ""buy"", ""target_price"": 314.37, ""thesis"": ""Positive operating execution and robust revenue traction support upside.""}]",0.06898674832452013,-0.021086865687929935,0.13026292030617637
MA,2023-06-30,large_cap,0.4244,0.5,0.3111,399.76,4,"[{""model"": ""Simulated-AI-Momentum-Quant"", ""call"": ""buy"", ""target_price"": 447.21, ""thesis"": ""Strong upward medium-term momentum (+8.4%) signals continued institutional accumulation.""}, {""model"": ""Simulated-AI-Fundamental-Value"", ""call"": ""hold"", ""target_price"": 389.34, ""thesis"": ""Fair valuation reflects balanced risk-reward relative to sector peers.""}, {""model"": ""Simulated-AI-Quality-Compounder"", ""call"": ""sell"", ""target_price"": 338.14, ""thesis"": ""Heightened earnings volatility and cyclical margin pressures elevate downside risk.""}, {""model"": ""Simulated-AI-Macro-Tactical"", ""call"": ""buy"", ""target_price"": 424.37, ""thesis"": ""Positive operating execution and robust revenue traction support upside.""}]",0.011045828846133313,0.008092068718983986,0.08758223105238802
COST,2023-06-30,large_cap,0.4117,0.5,0.2792,529.35,4,"[{""model"": ""Simulated-AI-Momentum-Quant"", ""call"": ""buy"", ""target_price"": 580.87, ""thesis"": ""Strong upward medium-term momentum (+8.6%) signals continued institutional accumulation.""}, {""model"": ""Simulated-AI-Fundamental-Value"", ""call"": ""sell"", ""target_price"": 436.12, ""thesis"": ""Elevated multi-month valuation multiples leave little safety margin against forward earnings revisions.""}, {""model"": ""Simulated-AI-Quality-Compounder"", ""call"": ""hold"", ""target_price"": 532.33, ""thesis"": ""Defensive operational balance sheet balanced by limited immediate re-rating catalysts.""}, {""model"": ""Simulated-AI-Macro-Tactical"", ""call"": ""buy"", ""target_price"": 568.06, ""thesis"": ""Positive operating execution and robust revenue traction support upside.""}]",0.03174349163516259,0.051352943060531446,0.2586043164974466
ABBV,2023-06-30,large_cap,0.4251,0.5,0.3129,114.07,4,"[{""model"": ""Simulated-AI-Momentum-Quant"", ""call"": ""sell"", ""target_price"": 103.42, ""thesis"": ""Persistent negative price trajectory (-14.7%) indicates structural distribution headwinds.""}, {""model"": ""Simulated-AI-Fundamental-Value"", ""call"": ""buy"", ""target_price"": 139.12, ""thesis"": ""Recent price softening provides an attractive risk-adjusted entry point against fundamental book value.""}, {""model"": ""Simulated-AI-Quality-Compounder"", ""call"": ""sell"", ""target_price"": 105.6, ""thesis"": ""Heightened earnings volatility and cyclical margin pressures elevate downside risk.""}, {""model"": ""Simulated-AI-Macro-Tactical"", ""call"": ""hold"", ""target_price"": 108.13, ""thesis"": ""Macro headwinds and declining momentum justify a defensive posture.""}]",0.11472345991251977,0.11862595494501803,0.17461861735004902
MRK,2023-06-30,large_cap,0.4328,0.5,0.332,110.27,4,"[{""model"": ""Simulated-AI-Momentum-Quant"", ""call"": ""buy"", ""target_price"": 120.36, ""thesis"": ""Strong upward medium-term momentum (+9.2%) signals continued institutional accumulation.""}, {""model"": ""Simulated-AI-Fundamental-Value"", ""call"": ""sell"", ""target_price"": 88.8, ""thesis"": ""Elevated multi-month valuation multiples leave little safety margin against forward earnings revisions.""}, {""model"": ""Simulated-AI-Quality-Compounder"", ""call"": ""buy"", ""target_price"": 116.17, ""thesis"": ""Stable financial profile and durable competitive moat support long-term compounding potential.""}, {""model"": ""Simulated-AI-Macro-Tactical"", ""call"": ""hold"", ""target_price"": 115.73, ""thesis"": ""Positive operating execution and robust revenue traction support upside.""}]",-0.0876158546207255,-0.1017260278979319,-0.041875397398173246
BAC,2023-06-30,large_cap,0.586,0.75,0.3401,28.12,4,"[{""model"": ""Simulated-AI-Momentum-Quant"", ""call"": ""hold"", ""target_price"": 26.88, ""thesis"": ""Consolidating trading range warrants a neutral rating until breakout confirmation.""}, {""model"": ""Simulated-AI-Fundamental-Value"", ""call"": ""buy"", ""target_price"": 30.9, ""thesis"": ""Recent price softening provides an attractive risk-adjusted entry point against fundamental book value.""}, {""model"": ""Simulated-AI-Quality-Compounder"", ""call"": ""hold"", ""target_price"": 27.95, ""thesis"": ""Defensive operational balance sheet balanced by limited immediate re-rating catalysts.""}, {""model"": ""Simulated-AI-Macro-Tactical"", ""call"": ""hold"", ""target_price"": 26.74, ""thesis"": ""Balanced near-term catalysts recommend maintaining current position.""}]",0.10212626921314381,-0.037707773078282256,0.19280428305097222
CVX,2023-06-30,large_cap,0.7327,1.0,0.3317,140.11,4,"[{""model"": ""Simulated-AI-Momentum-Quant"", ""call"": ""hold"", ""target_price"": 142.5, ""thesis"": ""Consolidating trading range warrants a neutral rating until breakout confirmation.""}, {""model"": ""Simulated-AI-Fundamental-Value"", ""call"": ""hold"", ""target_price"": 136.16, ""thesis"": ""Fair valuation reflects balanced risk-reward relative to sector peers.""}, {""model"": ""Simulated-AI-Quality-Compounder"", ""call"": ""hold"", ""target_price"": 142.92, ""thesis"": ""Defensive operational balance sheet balanced by limited immediate re-rating catalysts.""}, {""model"": ""Simulated-AI-Macro-Tactical"", ""call"": ""hold"", ""target_price"": 138.85, ""thesis"": ""Balanced near-term catalysts recommend maintaining current position.""}]",0.03145836475817826,0.08192247572614561,-0.03290726515776354
CRM,2023-06-30,large_cap,0.5745,0.75,0.3113,224.73,4,"[{""model"": ""Simulated-AI-Momentum-Quant"", ""call"": ""buy"", ""target_price"": 234.42, ""thesis"": ""Strong upward medium-term momentum (+5.7%) signals continued institutional accumulation.""}, {""model"": ""Simulated-AI-Fundamental-Value"", ""call"": ""hold"", ""target_price"": 207.5, ""thesis"": ""Fair valuation reflects balanced risk-reward relative to sector peers.""}, {""model"": ""Simulated-AI-Quality-Compounder"", ""call"": ""buy"", ""target_price"": 228.56, ""thesis"": ""Stable financial profile and durable competitive moat support long-term compounding potential.""}, {""model"": ""Simulated-AI-Macro-Tactical"", ""call"": ""buy"", ""target_price"": 228.44, ""thesis"": ""Positive operating execution and robust revenue traction support upside.""}]",0.0615828586711811,-0.040140106159733506,0.24557462041723244
NFLX,2023-06-30,large_cap,0.4448,0.5,0.3621,43.51,4,"[{""model"": ""Simulated-AI-Momentum-Quant"", ""call"": ""buy"", ""target_price"": 49.48, ""thesis"": ""Strong upward medium-term momentum (+27.5%) signals continued institutional accumulation.""}, {""model"": ""Simulated-AI-Fundamental-Value"", ""call"": ""sell"", ""target_price"": 37.18, ""thesis"": ""Elevated multi-month valuation multiples leave little safety margin against forward earnings revisions.""}, {""model"": ""Simulated-AI-Quality-Compounder"", ""call"": ""sell"", ""target_price"": 38.94, ""thesis"": ""Heightened earnings volatility and cyclical margin pressures elevate downside risk.""}, {""model"": ""Simulated-AI-Macro-Tactical"", ""call"": ""hold"", ""target_price"": 48.45, ""thesis"": ""Positive operating execution and robust revenue traction support upside.""}]",-0.00424527856625786,-0.14277285512368776,0.10531453520993565
AMD,2023-06-30,large_cap,0.4117,0.5,0.2792,116.89,4,"[{""model"": ""Simulated-AI-Momentum-Quant"", ""call"": ""buy"", ""target_price"": 130.5, ""thesis"": ""Strong upward medium-term momentum (+16.2%) signals continued institutional accumulation.""}, {""model"": ""Simulated-AI-Fundamental-Value"", ""call"": ""sell"", ""target_price"": 94.09, ""thesis"": ""Elevated multi-month valuation multiples leave little safety margin against forward earnings revisions.""}, {""model"": ""Simulated-AI-Quality-Compounder"", ""call"": ""hold"", ""target_price"": 117.69, ""thesis"": ""Defensive operational balance sheet balanced by limited immediate re-rating catalysts.""}, {""model"": ""Simulated-AI-Macro-Tactical"", ""call"": ""buy"", ""target_price"": 125.3, ""thesis"": ""Positive operating execution and robust revenue traction support upside.""}]",0.03239394867335208,-0.09735759468660342,0.2940918174260697
PEP,2023-06-30,large_cap,0.4019,0.5,0.2548,176.17,4,"[{""model"": ""Simulated-AI-Momentum-Quant"", ""call"": ""buy"", ""target_price"": 187.63, ""thesis"": ""Strong upward medium-term momentum (+2.3%) signals continued institutional accumulation.""}, {""model"": ""Simulated-AI-Fundamental-Value"", ""call"": ""hold"", ""target_price"": 166.9, ""thesis"": ""Fair valuation reflects balanced risk-reward relative to sector peers.""}, {""model"": ""Simulated-AI-Quality-Compounder"", ""call"": ""buy"", ""target_price"": 183.44, ""thesis"": ""Stable financial profile and durable competitive moat support long-term compounding potential.""}, {""model"": ""Simulated-AI-Macro-Tactical"", ""call"": ""hold"", ""target_price"": 166.7, ""thesis"": ""Balanced near-term catalysts recommend maintaining current position.""}]",0.008638500569305292,-0.07876030860451606,-0.06954418226940362
KO,2023-06-30,large_cap,0.7327,1.0,0.3317,56.4,4,"[{""model"": ""Simulated-AI-Momentum-Quant"", ""call"": ""hold"", ""target_price"": 57.09, ""thesis"": ""Consolidating trading range warrants a neutral rating until breakout confirmation.""}, {""model"": ""Simulated-AI-Fundamental-Value"", ""call"": ""hold"", ""target_price"": 54.62, ""thesis"": ""Fair valuation reflects balanced risk-reward relative to sector peers.""}, {""model"": ""Simulated-AI-Quality-Compounder"", ""call"": ""hold"", ""target_price"": 58.2, ""thesis"": ""Defensive operational balance sheet balanced by limited immediate re-rating catalysts.""}, {""model"": ""Simulated-AI-Macro-Tactical"", ""call"": ""hold"", ""target_price"": 55.68, ""thesis"": ""Balanced near-term catalysts recommend maintaining current position.""}]",0.02573890129282298,-0.06303338877047722,-0.005803740332750178
TMO,2023-06-30,large_cap,0.4033,0.5,0.2582,513.95,4,"[{""model"": ""Simulated-AI-Momentum-Quant"", ""call"": ""sell"", ""target_price"": 446.9, ""thesis"": ""Persistent negative price trajectory (-9.4%) indicates structural distribution headwinds.""}, {""model"": ""Simulated-AI-Fundamental-Value"", ""call"": ""buy"", ""target_price"": 606.17, ""thesis"": ""Recent price softening provides an attractive risk-adjusted entry point against fundamental book value.""}, {""model"": ""Simulated-AI-Quality-Compounder"", ""call"": ""hold"", ""target_price"": 537.65, ""thesis"": ""Defensive operational balance sheet balanced by limited immediate re-rating catalysts.""}, {""model"": ""Simulated-AI-Macro-Tactical"", ""call"": ""sell"", ""target_price"": 465.09, ""thesis"": ""Macro headwinds and declining momentum justify a defensive posture.""}]",0.04617135910937663,-0.02919597118073998,0.018711306496191727
WMT,2023-06-30,large_cap,0.5756,0.75,0.3139,54.9,4,"[{""model"": ""Simulated-AI-Momentum-Quant"", ""call"": ""buy"", ""target_price"": 56.74, ""thesis"": ""Strong upward medium-term momentum (+7.0%) signals continued institutional accumulation.""}, {""model"": ""Simulated-AI-Fundamental-Value"", ""call"": ""hold"", ""target_price"": 51.36, ""thesis"": ""Fair valuation reflects balanced risk-reward relative to sector peers.""}, {""model"": ""Simulated-AI-Quality-Compounder"", ""call"": ""buy"", ""target_price"": 55.83, ""thesis"": ""Stable financial profile and durable competitive moat support long-term compounding potential.""}, {""model"": ""Simulated-AI-Macro-Tactical"", ""call"": ""buy"", ""target_price"": 55.65, ""thesis"": ""Positive operating execution and robust revenue traction support upside.""}]",0.012278984092570415,0.0211131355020306,0.010294306826580982
MCD,2023-06-30,large_cap,0.5832,0.75,0.333,289.05,4,"[{""model"": ""Simulated-AI-Momentum-Quant"", ""call"": ""buy"", ""target_price"": 315.63, ""thesis"": ""Strong upward medium-term momentum (+7.3%) signals continued institutional accumulation.""}, {""model"": ""Simulated-AI-Fundamental-Value"", ""call"": ""sell"", ""target_price"": 232.19, ""thesis"": ""Elevated multi-month valuation multiples leave little safety margin against forward earnings revisions.""}, {""model"": ""Simulated-AI-Quality-Compounder"", ""call"": ""buy"", ""target_price"": 304.69, ""thesis"": ""Stable financial profile and durable competitive moat support long-term compounding potential.""}, {""model"": ""Simulated-AI-Macro-Tactical"", ""call"": ""buy"", ""target_price"": 303.7, ""thesis"": ""Positive operating execution and robust revenue traction support upside.""}]",-0.024597204703829766,-0.11244134831152665,0.004960626587777988
CSCO,2023-06-30,large_cap,0.3766,0.5,0.1915,44.27,4,"[{""model"": ""Simulated-AI-Momentum-Quant"", ""call"": ""sell"", ""target_price"": 40.53, ""thesis"": ""Persistent negative price trajectory (-0.3%) indicates structural distribution headwinds.""}, {""model"": ""Simulated-AI-Fundamental-Value"", ""call"": ""hold"", ""target_price"": 46.95, ""thesis"": ""Fair valuation reflects balanced risk-reward relative to sector peers.""}, {""model"": ""Simulated-AI-Quality-Compounder"", ""call"": ""sell"", ""target_price"": 41.7, ""thesis"": ""Heightened earnings volatility and cyclical margin pressures elevate downside risk.""}, {""model"": ""Simulated-AI-Macro-Tactical"", ""call"": ""hold"", ""target_price"": 47.91, ""thesis"": ""Balanced near-term catalysts recommend maintaining current position.""}]",0.02549913988395936,0.04692058838144591,-0.009069693280223976
KNSL,2023-06-30,small_cap,0.5829,0.75,0.3323,392.45,4,"[{""model"": ""Simulated-AI-Momentum-Quant"", ""call"": ""buy"", ""target_price"": 430.09, ""thesis"": ""Strong upward medium-term momentum (+24.7%) signals continued institutional accumulation.""}, {""model"": ""Simulated-AI-Fundamental-Value"", ""call"": ""sell"", ""target_price"": 313.82, ""thesis"": ""Elevated multi-month valuation multiples leave little safety margin against forward earnings revisions.""}, {""model"": ""Simulated-AI-Quality-Compounder"", ""call"": ""buy"", ""target_price"": 416.62, ""thesis"": ""Stable financial profile and durable competitive moat support long-term compounding potential.""}, {""model"": ""Simulated-AI-Macro-Tactical"", ""call"": ""buy"", ""target_price"": 409.26, ""thesis"": ""Positive operating execution and robust revenue traction support upside.""}]",-0.0018709182091550232,0.10711193355283356,-0.10433151729014202
SAIA,2023-06-30,small_cap,0.4118,0.5,0.2794,353.17,4,"[{""model"": ""Simulated-AI-Momentum-Quant"", ""call"": ""buy"", ""target_price"": 393.63, ""thesis"": ""Strong upward medium-term momentum (+25.8%) signals continued institutional accumulation.""}, {""model"": ""Simulated-AI-Fundamental-Value"", ""call"": ""sell"", ""target_price"": 287.8, ""thesis"": ""Elevated multi-month valuation multiples leave little safety margin against forward earnings revisions.""}, {""model"": ""Simulated-AI-Quality-Compounder"", ""call"": ""hold"", ""target_price"": 354.6, ""thesis"": ""Defensive operational balance sheet balanced by limited immediate re-rating catalysts.""}, {""model"": ""Simulated-AI-Macro-Tactical"", ""call"": ""buy"", ""target_price"": 376.65, ""thesis"": ""Positive operating execution and robust revenue traction support upside.""}]",0.24266229213292476,0.1642475092225188,0.2798107430679484
MEDP,2023-06-30,small_cap,0.4324,0.5,0.3311,250.07,4,"[{""model"": ""Simulated-AI-Momentum-Quant"", ""call"": ""buy"", ""target_price"": 269.95, ""thesis"": ""Strong upward medium-term momentum (+27.7%) signals continued institutional accumulation.""}, {""model"": ""Simulated-AI-Fundamental-Value"", ""call"": ""sell"", ""target_price"": 199.94, ""thesis"": ""Elevated multi-month valuation multiples leave little safety margin against forward earnings revisions.""}, {""model"": ""Simulated-AI-Quality-Compounder"", ""call"": ""buy"", ""target_price"": 266.2, ""thesis"": ""Stable financial profile and durable competitive moat support long-term compounding potential.""}, {""model"": ""Simulated-AI-Macro-Tactical"", ""call"": ""hold"", ""target_price"": 264.19, ""thesis"": ""Positive operating execution and robust revenue traction support upside.""}]",0.06441271323914863,0.008160914055919838,0.2763042891130442
SSD,2023-06-30,small_cap,0.5831,0.75,0.3328,141.85,4,"[{""model"": ""Simulated-AI-Momentum-Quant"", ""call"": ""buy"", ""target_price"": 154.83, ""thesis"": ""Strong upward medium-term momentum (+26.6%) signals continued institutional accumulation.""}, {""model"": ""Simulated-AI-Fundamental-Value"", ""call"": ""sell"", ""target_price"": 113.85, ""thesis"": ""Elevated multi-month valuation multiples leave little safety margin against forward earnings revisions.""}, {""model"": ""Simulated-AI-Quality-Compounder"", ""call"": ""buy"", ""target_price"": 149.65, ""thesis"": ""Stable financial profile and durable competitive moat support long-term compounding potential.""}, {""model"": ""Simulated-AI-Macro-Tactical"", ""call"": ""buy"", ""target_price"": 149.08, ""thesis"": ""Positive operating execution and robust revenue traction support upside.""}]",0.14305764499065862,0.08380681978107149,0.43495103459969403
EXPO,2023-06-30,small_cap,0.4048,0.5,0.2621,84.63,4,"[{""model"": ""Simulated-AI-Momentum-Quant"", ""call"": ""hold"", ""target_price"": 92.49, ""thesis"": ""Consolidating trading range warrants a neutral rating until breakout confirmation.""}, {""model"": ""Simulated-AI-Fundamental-Value"", ""call"": ""hold"", ""target_price"": 88.02, ""thesis"": ""Fair valuation reflects balanced risk-reward relative to sector peers.""}, {""model"": ""Simulated-AI-Quality-Compounder"", ""call"": ""sell"", ""target_price"": 77.95, ""thesis"": ""Heightened earnings volatility and cyclical margin pressures elevate downside risk.""}, {""model"": ""Simulated-AI-Macro-Tactical"", ""call"": ""sell"", ""target_price"": 80.08, ""thesis"": ""Macro headwinds and declining momentum justify a defensive posture.""}]",-0.054114871697435694,-0.08005824163556725,-0.05083436407401304
FORM,2023-06-30,small_cap,0.5683,0.75,0.2957,36.16,4,"[{""model"": ""Simulated-AI-Momentum-Quant"", ""call"": ""hold"", ""target_price"": 34.27, ""thesis"": ""Consolidating trading range warrants a neutral rating until breakout confirmation.""}, {""model"": ""Simulated-AI-Fundamental-Value"", ""call"": ""hold"", ""target_price"": 34.85, ""thesis"": ""Fair valuation reflects balanced risk-reward relative to sector peers.""}, {""model"": ""Simulated-AI-Quality-Compounder"", ""call"": ""buy"", ""target_price"": 37.89, ""thesis"": ""Stable financial profile and durable competitive moat support long-term compounding potential.""}, {""model"": ""Simulated-AI-Macro-Tactical"", ""call"": ""hold"", ""target_price"": 37.64, ""thesis"": ""Positive operating execution and robust revenue traction support upside.""}]",0.08591462658774784,0.02104025073997544,0.21887777897676045
CRVL,2023-06-30,small_cap,0.5994,0.75,0.3736,62.72,4,"[{""model"": ""Simulated-AI-Momentum-Quant"", ""call"": ""hold"", ""target_price"": 64.56, ""thesis"": ""Consolidating trading range warrants a neutral rating until breakout confirmation.""}, {""model"": ""Simulated-AI-Fundamental-Value"", ""call"": ""sell"", ""target_price"": 53.7, ""thesis"": ""Elevated multi-month valuation multiples leave little safety margin against forward earnings revisions.""}, {""model"": ""Simulated-AI-Quality-Compounder"", ""call"": ""hold"", ""target_price"": 67.47, ""thesis"": ""Defensive operational balance sheet balanced by limited immediate re-rating catalysts.""}, {""model"": ""Simulated-AI-Macro-Tactical"", ""call"": ""hold"", ""target_price"": 65.14, ""thesis"": ""Balanced near-term catalysts recommend maintaining current position.""}]",0.06129195338995882,0.016279117081516473,0.2775710941285126
TKR,2023-06-30,small_cap,0.4248,0.5,0.312,94.44,4,"[{""model"": ""Simulated-AI-Momentum-Quant"", ""call"": ""buy"", ""target_price"": 97.48, ""thesis"": ""Strong upward medium-term momentum (+12.5%) signals continued institutional accumulation.""}, {""model"": ""Simulated-AI-Fundamental-Value"", ""call"": ""hold"", ""target_price"": 88.27, ""thesis"": ""Fair valuation reflects balanced risk-reward relative to sector peers.""}, {""model"": ""Simulated-AI-Quality-Compounder"", ""call"": ""buy"", ""target_price"": 96.47, ""thesis"": ""Stable financial profile and durable competitive moat support long-term compounding potential.""}, {""model"": ""Simulated-AI-Macro-Tactical"", ""call"": ""hold"", ""target_price"": 95.53, ""thesis"": ""Positive operating execution and robust revenue traction support upside.""}]",0.024472937075714345,-0.19365451376688358,-0.11651437476282168
POWI,2023-06-30,small_cap,0.445,0.5,0.3626,89.32,4,"[{""model"": ""Simulated-AI-Momentum-Quant"", ""call"": ""buy"", ""target_price"": 102.48, ""thesis"": ""Strong upward medium-term momentum (+12.1%) signals continued institutional accumulation.""}, {""model"": ""Simulated-AI-Fundamental-Value"", ""call"": ""sell"", ""target_price"": 76.07, ""thesis"": ""Elevated multi-month valuation multiples leave little safety margin against forward earnings revisions.""}, {""model"": ""Simulated-AI-Quality-Compounder"", ""call"": ""sell"", ""target_price"": 79.28, ""thesis"": ""Heightened earnings volatility and cyclical margin pressures elevate downside risk.""}, {""model"": ""Simulated-AI-Macro-Tactical"", ""call"": ""buy"", ""target_price"": 99.44, ""thesis"": ""Positive operating execution and robust revenue traction support upside.""}]",0.0019014262933776845,-0.19210583573884693,-0.12839535285303394
CALM,2023-06-30,small_cap,0.5738,0.75,0.3095,36.59,4,"[{""model"": ""Simulated-AI-Momentum-Quant"", ""call"": ""sell"", ""target_price"": 32.88, ""thesis"": ""Persistent negative price trajectory (-23.0%) indicates structural distribution headwinds.""}, {""model"": ""Simulated-AI-Fundamental-Value"", ""call"": ""buy"", ""target_price"": 44.52, ""thesis"": ""Recent price softening provides an attractive risk-adjusted entry point against fundamental book value.""}, {""model"": ""Simulated-AI-Quality-Compounder"", ""call"": ""sell"", ""target_price"": 34.41, ""thesis"": ""Heightened earnings volatility and cyclical margin pressures elevate downside risk.""}, {""model"": ""Simulated-AI-Macro-Tactical"", ""call"": ""sell"", ""target_price"": 34.54, ""thesis"": ""Macro headwinds and declining momentum justify a defensive posture.""}]",0.014666588745941463,0.0936852606984957,0.29646569877994433
PLUS,2023-06-30,small_cap,0.4448,0.5,0.3621,54.75,4,"[{""model"": ""Simulated-AI-Momentum-Quant"", ""call"": ""buy"", ""target_price"": 62.74, ""thesis"": ""Strong upward medium-term momentum (+14.8%) signals continued institutional accumulation.""}, {""model"": ""Simulated-AI-Fundamental-Value"", ""call"": ""sell"", ""target_price"": 46.58, ""thesis"": ""Elevated multi-month valuation multiples leave little safety margin against forward earnings revisions.""}, {""model"": ""Simulated-AI-Quality-Compounder"", ""call"": ""sell"", ""target_price"": 48.71, ""thesis"": ""Heightened earnings volatility and cyclical margin pressures elevate downside risk.""}, {""model"": ""Simulated-AI-Macro-Tactical"", ""call"": ""buy"", ""target_price"": 60.96, ""thesis"": ""Positive operating execution and robust revenue traction support upside.""}]",0.018827718876000727,0.12824152324488178,0.4181172446331357
FSS,2023-06-30,small_cap,0.582,0.75,0.33,66.03,4,"[{""model"": ""Simulated-AI-Momentum-Quant"", ""call"": ""buy"", ""target_price"": 72.02, ""thesis"": ""Strong upward medium-term momentum (+18.3%) signals continued institutional accumulation.""}, {""model"": ""Simulated-AI-Fundamental-Value"", ""call"": ""sell"", ""target_price"": 53.44, ""thesis"": ""Elevated multi-month valuation multiples leave little safety margin against forward earnings revisions.""}, {""model"": ""Simulated-AI-Quality-Compounder"", ""call"": ""buy"", ""target_price"": 69.5, ""thesis"": ""Stable financial profile and durable competitive moat support long-term compounding potential.""}, {""model"": ""Simulated-AI-Macro-Tactical"", ""call"": ""buy"", ""target_price"": 69.16, ""thesis"": ""Positive operating execution and robust revenue traction support upside.""}]",-0.03342176257219572,-0.06561443456403172,0.2022194980556185
AMWD,2023-06-30,small_cap,0.7327,1.0,0.3317,101.3,4,"[{""model"": ""Simulated-AI-Momentum-Quant"", ""call"": ""hold"", ""target_price"": 100.9, ""thesis"": ""Consolidating trading range warrants a neutral rating until breakout confirmation.""}, {""model"": ""Simulated-AI-Fundamental-Value"", ""call"": ""hold"", ""target_price"": 99.96, ""thesis"": ""Fair valuation reflects balanced risk-reward relative to sector peers.""}, {""model"": ""Simulated-AI-Quality-Compounder"", ""call"": ""hold"", ""target_price"": 103.32, ""thesis"": ""Defensive operational balance sheet balanced by limited immediate re-rating catalysts.""}, {""model"": ""Simulated-AI-Macro-Tactical"", ""call"": ""hold"", ""target_price"": 101.0, ""thesis"": ""Balanced near-term catalysts recommend maintaining current position.""}]",,,
ATKR,2023-06-30,small_cap,0.5833,0.75,0.3334,155.6,4,"[{""model"": ""Simulated-AI-Momentum-Quant"", ""call"": ""buy"", ""target_price"": 170.47, ""thesis"": ""Strong upward medium-term momentum (+11.0%) signals continued institutional accumulation.""}, {""model"": ""Simulated-AI-Fundamental-Value"", ""call"": ""sell"", ""target_price"": 123.11, ""thesis"": ""Elevated multi-month valuation multiples leave little safety margin against forward earnings revisions.""}, {""model"": ""Simulated-AI-Quality-Compounder"", ""call"": ""buy"", ""target_price"": 164.68, ""thesis"": ""Stable financial profile and durable competitive moat support long-term compounding potential.""}, {""model"": ""Simulated-AI-Macro-Tactical"", ""call"": ""buy"", ""target_price"": 164.14, ""thesis"": ""Positive operating execution and robust revenue traction support upside.""}]",0.04803128817279991,-0.04328597392393223,0.026035779589678128
BRC,2023-06-30,small_cap,0.4242,0.5,0.3105,43.12,4,"[{""model"": ""Simulated-AI-Momentum-Quant"", ""call"": ""sell"", ""target_price"": 38.81, ""thesis"": ""Persistent negative price trajectory (-11.1%) indicates structural distribution headwinds.""}, {""model"": ""Simulated-AI-Fundamental-Value"", ""call"": ""buy"", ""target_price"": 52.39, ""thesis"": ""Recent price softening provides an attractive risk-adjusted entry point against fundamental book value.""}, {""model"": ""Simulated-AI-Quality-Compounder"", ""call"": ""sell"", ""target_price"": 40.42, ""thesis"": ""Heightened earnings volatility and cyclical margin pressures elevate downside risk.""}, {""model"": ""Simulated-AI-Macro-Tactical"", ""call"": ""hold"", ""target_price"": 40.88, ""thesis"": ""Macro headwinds and declining momentum justify a defensive posture.""}]",0.08020608928407952,0.1600490992727497,0.24496396503083598
CNO,2023-06-30,small_cap,0.5683,0.75,0.2957,23.52,4,"[{""model"": ""Simulated-AI-Momentum-Quant"", ""call"": ""hold"", ""target_price"": 22.45, ""thesis"": ""Consolidating trading range warrants a neutral rating until breakout confirmation.""}, {""model"": ""Simulated-AI-Fundamental-Value"", ""call"": ""hold"", ""target_price"": 22.3, ""thesis"": ""Fair valuation reflects balanced risk-reward relative to sector peers.""}, {""model"": ""Simulated-AI-Quality-Compounder"", ""call"": ""buy"", ""target_price"": 24.84, ""thesis"": ""Stable financial profile and durable competitive moat support long-term compounding potential.""}, {""model"": ""Simulated-AI-Macro-Tactical"", ""call"": ""hold"", ""target_price"": 24.5, ""thesis"": ""Positive operating execution and robust revenue traction support upside.""}]",0.028728462729930123,0.008991859492497782,0.19303151869138105
CSGS,2023-06-30,small_cap,0.5412,0.75,0.2281,97.84,4,"[{""model"": ""Simulated-AI-Momentum-Quant"", ""call"": ""hold"", ""target_price"": 101.95, ""thesis"": ""Consolidating trading range warrants a neutral rating until breakout confirmation.""}, {""model"": ""Simulated-AI-Fundamental-Value"", ""call"": ""hold"", ""target_price"": 100.24, ""thesis"": ""Fair valuation reflects balanced risk-reward relative to sector peers.""}, {""model"": ""Simulated-AI-Quality-Compounder"", ""call"": ""sell"", ""target_price"": 88.15, ""thesis"": ""Heightened earnings volatility and cyclical margin pressures elevate downside risk.""}, {""model"": ""Simulated-AI-Macro-Tactical"", ""call"": ""hold"", ""target_price"": 101.0, ""thesis"": ""Balanced near-term catalysts recommend maintaining current position.""}]",,,
ENSG,2023-06-30,small_cap,0.548,0.75,0.2449,92.81,4,"[{""model"": ""Simulated-AI-Momentum-Quant"", ""call"": ""sell"", ""target_price"": 80.59, ""thesis"": ""Persistent negative price trajectory (-0.0%) indicates structural distribution headwinds.""}, {""model"": ""Simulated-AI-Fundamental-Value"", ""call"": ""hold"", ""target_price"": 95.06, ""thesis"": ""Fair valuation reflects balanced risk-reward relative to sector peers.""}, {""model"": ""Simulated-AI-Quality-Compounder"", ""call"": ""hold"", ""target_price"": 99.7, ""thesis"": ""Defensive operational balance sheet balanced by limited immediate re-rating catalysts.""}, {""model"": ""Simulated-AI-Macro-Tactical"", ""call"": ""hold"", ""target_price"": 95.9, ""thesis"": ""Balanced near-term catalysts recommend maintaining current position.""}]",-0.007961486203018179,-0.025893010462935354,0.17682094518773217
FIX,2023-06-30,small_cap,0.5743,0.75,0.3107,177.06,4,"[{""model"": ""Simulated-AI-Momentum-Quant"", ""call"": ""buy"", ""target_price"": 183.35, ""thesis"": ""Strong upward medium-term momentum (+12.6%) signals continued institutional accumulation.""}, {""model"": ""Simulated-AI-Fundamental-Value"", ""call"": ""hold"", ""target_price"": 165.61, ""thesis"": ""Fair valuation reflects balanced risk-reward relative to sector peers.""}, {""model"": ""Simulated-AI-Quality-Compounder"", ""call"": ""buy"", ""target_price"": 180.62, ""thesis"": ""Stable financial profile and durable competitive moat support long-term compounding potential.""}, {""model"": ""Simulated-AI-Macro-Tactical"", ""call"": ""buy"", ""target_price"": 178.67, ""thesis"": ""Positive operating execution and robust revenue traction support upside.""}]",0.05761278637835175,0.03912650263703928,0.2556921503587279
GBCI,2023-06-30,small_cap,0.5752,0.75,0.313,26.64,4,"[{""model"": ""Simulated-AI-Momentum-Quant"", ""call"": ""sell"", ""target_price"": 24.31, ""thesis"": ""Persistent negative price trajectory (-25.2%) indicates structural distribution headwinds.""}, {""model"": ""Simulated-AI-Fundamental-Value"", ""call"": ""buy"", ""target_price"": 32.26, ""thesis"": ""Recent price softening provides an attractive risk-adjusted entry point against fundamental book value.""}, {""model"": ""Simulated-AI-Quality-Compounder"", ""call"": ""sell"", ""target_price"": 24.75, ""thesis"": ""Heightened earnings volatility and cyclical margin pressures elevate downside risk.""}, {""model"": ""Simulated-AI-Macro-Tactical"", ""call"": ""sell"", ""target_price"": 25.23, ""thesis"": ""Macro headwinds and declining momentum justify a defensive posture.""}]",0.05476817319626784,-0.07561837196172186,0.3678432563650462
GPI,2023-06-30,small_cap,0.4445,0.5,0.3613,249.74,4,"[{""model"": ""Simulated-AI-Momentum-Quant"", ""call"": ""buy"", ""target_price"": 284.83, ""thesis"": ""Strong upward medium-term momentum (+14.2%) signals continued institutional accumulation.""}, {""model"": ""Simulated-AI-Fundamental-Value"", ""call"": ""sell"", ""target_price"": 212.59, ""thesis"": ""Elevated multi-month valuation multiples leave little safety margin against forward earnings revisions.""}, {""model"": ""Simulated-AI-Quality-Compounder"", ""call"": ""sell"", ""target_price"": 222.97, ""thesis"": ""Heightened earnings volatility and cyclical margin pressures elevate downside risk.""}, {""model"": ""Simulated-AI-Macro-Tactical"", ""call"": ""buy"", ""target_price"": 278.55, ""thesis"": ""Positive operating execution and robust revenue traction support upside.""}]",0.012243172424547871,0.04286827644144076,0.1846015591115423
HLNE,2023-06-30,small_cap,0.4247,0.5,0.3119,78.45,4,"[{""model"": ""Simulated-AI-Momentum-Quant"", ""call"": ""buy"", ""target_price"": 86.62, ""thesis"": ""Strong upward medium-term momentum (+8.7%) signals continued institutional accumulation.""}, {""model"": ""Simulated-AI-Fundamental-Value"", ""call"": ""hold"", ""target_price"": 76.92, ""thesis"": ""Fair valuation reflects balanced risk-reward relative to sector peers.""}, {""model"": ""Simulated-AI-Quality-Compounder"", ""call"": ""sell"", ""target_price"": 66.67, ""thesis"": ""Heightened earnings volatility and cyclical margin pressures elevate downside risk.""}, {""model"": ""Simulated-AI-Macro-Tactical"", ""call"": ""buy"", ""target_price"": 83.58, ""thesis"": ""Positive operating execution and robust revenue traction support upside.""}]",0.1029006287641,0.13628707870696702,0.4311765379216443
HWKN,2023-06-30,small_cap,0.5827,0.75,0.3316,49.02,4,"[{""model"": ""Simulated-AI-Momentum-Quant"", ""call"": ""buy"", ""target_price"": 53.4, ""thesis"": ""Strong upward medium-term momentum (+9.3%) signals continued institutional accumulation.""}, {""model"": ""Simulated-AI-Fundamental-Value"", ""call"": ""sell"", ""target_price"": 38.86, ""thesis"": ""Elevated multi-month valuation multiples leave little safety margin against forward earnings revisions.""}, {""model"": ""Simulated-AI-Quality-Compounder"", ""call"": ""buy"", ""target_price"": 52.52, ""thesis"": ""Stable financial profile and durable competitive moat support long-term compounding potential.""}, {""model"": ""Simulated-AI-Macro-Tactical"", ""call"": ""buy"", ""target_price"": 51.32, ""thesis"": ""Positive operating execution and robust revenue traction support upside.""}]",-0.026839941543853968,0.2374538864586681,0.48447322000299314
IBP,2023-06-30,small_cap,0.5829,0.75,0.3321,140.3,4,"[{""model"": ""Simulated-AI-Momentum-Quant"", ""call"": ""buy"", ""target_price"": 152.69, ""thesis"": ""Strong upward medium-term momentum (+23.3%) signals continued institutional accumulation.""}, {""model"": ""Simulated-AI-Fundamental-Value"", ""call"": ""sell"", ""target_price"": 112.92, ""thesis"": ""Elevated multi-month valuation multiples leave little safety margin against forward earnings revisions.""}, {""model"": ""Simulated-AI-Quality-Compounder"", ""call"": ""buy"", ""target_price"": 148.16, ""thesis"": ""Stable financial profile and durable competitive moat support long-term compounding potential.""}, {""model"": ""Simulated-AI-Macro-Tactical"", ""call"": ""buy"", ""target_price"": 147.43, ""thesis"": ""Positive operating execution and robust revenue traction support upside.""}]",0.06114479867044004,-0.10671362660067138,0.31022063928263144
KAR,2023-06-30,small_cap,0.7327,1.0,0.3317,102.28,4,"[{""model"": ""Simulated-AI-Momentum-Quant"", ""call"": ""hold"", ""target_price"": 103.05, ""thesis"": ""Consolidating trading range warrants a neutral rating until breakout confirmation.""}, {""model"": ""Simulated-AI-Fundamental-Value"", ""call"": ""hold"", ""target_price"": 100.24, ""thesis"": ""Fair valuation reflects balanced risk-reward relative to sector peers.""}, {""model"": ""Simulated-AI-Quality-Compounder"", ""call"": ""hold"", ""target_price"": 104.84, ""thesis"": ""Defensive operational balance sheet balanced by limited immediate re-rating catalysts.""}, {""model"": ""Simulated-AI-Macro-Tactical"", ""call"": ""hold"", ""target_price"": 101.0, ""thesis"": ""Balanced near-term catalysts recommend maintaining current position.""}]",,,
MC,2023-06-30,small_cap,0.4448,0.5,0.362,39.21,4,"[{""model"": ""Simulated-AI-Momentum-Quant"", ""call"": ""buy"", ""target_price"": 45.25, ""thesis"": ""Strong upward medium-term momentum (+20.0%) signals continued institutional accumulation.""}, {""model"": ""Simulated-AI-Fundamental-Value"", ""call"": ""sell"", ""target_price"": 33.48, ""thesis"": ""Elevated multi-month valuation multiples leave little safety margin against forward earnings revisions.""}, {""model"": ""Simulated-AI-Quality-Compounder"", ""call"": ""sell"", ""target_price"": 34.66, ""thesis"": ""Heightened earnings volatility and cyclical margin pressures elevate downside risk.""}, {""model"": ""Simulated-AI-Macro-Tactical"", ""call"": ""hold"", ""target_price"": 43.45, ""thesis"": ""Positive operating execution and robust revenue traction support upside.""}]",0.07520938634993009,0.007859787351013002,0.27178887164526944
OII,2023-06-30,small_cap,0.4255,0.5,0.3138,19.24,4,"[{""model"": ""Simulated-AI-Momentum-Quant"", ""call"": ""buy"", ""target_price"": 21.24, ""thesis"": ""Strong upward medium-term momentum (+6.1%) signals continued institutional accumulation.""}, {""model"": ""Simulated-AI-Fundamental-Value"", ""call"": ""hold"", ""target_price"": 18.72, ""thesis"": ""Fair valuation reflects balanced risk-reward relative to sector peers.""}, {""model"": ""Simulated-AI-Quality-Compounder"", ""call"": ""sell"", ""target_price"": 16.44, ""thesis"": ""Heightened earnings volatility and cyclical margin pressures elevate downside risk.""}, {""model"": ""Simulated-AI-Macro-Tactical"", ""call"": ""buy"", ""target_price"": 20.57, ""thesis"": ""Positive operating execution and robust revenue traction support upside.""}]",0.16844917058897088,0.37540097668485667,0.13796790472967363
PRDO,2023-06-30,small_cap,0.5756,0.75,0.3139,10.88,4,"[{""model"": ""Simulated-AI-Momentum-Quant"", ""call"": ""sell"", ""target_price"": 9.64, ""thesis"": ""Persistent negative price trajectory (-8.6%) indicates structural distribution headwinds.""}, {""model"": ""Simulated-AI-Fundamental-Value"", ""call"": ""buy"", ""target_price"": 13.41, ""thesis"": ""Recent price softening provides an attractive risk-adjusted entry point against fundamental book value.""}, {""model"": ""Simulated-AI-Quality-Compounder"", ""call"": ""sell"", ""target_price"": 10.14, ""thesis"": ""Heightened earnings volatility and cyclical margin pressures elevate downside risk.""}, {""model"": ""Simulated-AI-Macro-Tactical"", ""call"": ""sell"", ""target_price"": 10.31, ""thesis"": ""Macro headwinds and declining momentum justify a defensive posture.""}]",0.11980420284643666,0.403076764870861,0.44996554730203175
SHOO,2023-06-30,small_cap,0.5596,0.75,0.2739,31.51,4,"[{""model"": ""Simulated-AI-Momentum-Quant"", ""call"": ""hold"", ""target_price"": 31.8, ""thesis"": ""Consolidating trading range warrants a neutral rating until breakout confirmation.""}, {""model"": ""Simulated-AI-Fundamental-Value"", ""call"": ""buy"", ""target_price"": 35.29, ""thesis"": ""Recent price softening provides an attractive risk-adjusted entry point against fundamental book value.""}, {""model"": ""Simulated-AI-Quality-Compounder"", ""call"": ""hold"", ""target_price"": 31.51, ""thesis"": ""Defensive operational balance sheet balanced by limited immediate re-rating catalysts.""}, {""model"": ""Simulated-AI-Macro-Tactical"", ""call"": ""hold"", ""target_price"": 27.45, ""thesis"": ""Macro headwinds and declining momentum justify a defensive posture.""}]",0.010400723974476311,-0.021639198418241194,0.3000680492488227
SLVM,2023-06-30,small_cap,0.4234,0.5,0.3084,34.84,4,"[{""model"": ""Simulated-AI-Momentum-Quant"", ""call"": ""sell"", ""target_price"": 31.95, ""thesis"": ""Persistent negative price trajectory (-12.1%) indicates structural distribution headwinds.""}, {""model"": ""Simulated-AI-Fundamental-Value"", ""call"": ""buy"", ""target_price"": 42.41, ""thesis"": ""Recent price softening provides an attractive risk-adjusted entry point against fundamental book value.""}, {""model"": ""Simulated-AI-Quality-Compounder"", ""call"": ""sell"", ""target_price"": 32.27, ""thesis"": ""Heightened earnings volatility and cyclical margin pressures elevate downside risk.""}, {""model"": ""Simulated-AI-Macro-Tactical"", ""call"": ""hold"", ""target_price"": 32.71, ""thesis"": ""Macro headwinds and declining momentum justify a defensive posture.""}]",0.22947194541376129,0.09291920935118579,0.2384231957919748
AAPL,2023-09-29,large_cap,0.5744,0.75,0.3109,161.06,4,"[{""model"": ""Simulated-AI-Momentum-Quant"", ""call"": ""sell"", ""target_price"": 147.98, ""thesis"": ""Persistent negative price trajectory (-10.9%) indicates structural distribution headwinds.""}, {""model"": ""Simulated-AI-Fundamental-Value"", ""call"": ""buy"", ""target_price"": 195.96, ""thesis"": ""Recent price softening provides an attractive risk-adjusted entry point against fundamental book value.""}, {""model"": ""Simulated-AI-Quality-Compounder"", ""call"": ""sell"", ""target_price"": 148.24, ""thesis"": ""Heightened earnings volatility and cyclical margin pressures elevate downside risk.""}, {""model"": ""Simulated-AI-Macro-Tactical"", ""call"": ""sell"", ""target_price"": 152.04, ""thesis"": ""Macro headwinds and declining momentum justify a defensive posture.""}]",-0.005373559924510557,0.1260069948685208,-0.011283491259395194
MSFT,2023-09-29,large_cap,0.4096,0.5,0.2739,320.45,4,"[{""model"": ""Simulated-AI-Momentum-Quant"", ""call"": ""hold"", ""target_price"": 317.78, ""thesis"": ""Consolidating trading range warrants a neutral rating until breakout confirmation.""}, {""model"": ""Simulated-AI-Fundamental-Value"", ""call"": ""buy"", ""target_price"": 359.43, ""thesis"": ""Recent price softening provides an attractive risk-adjusted entry point against fundamental book value.""}, {""model"": ""Simulated-AI-Quality-Compounder"", ""call"": ""hold"", ""target_price"": 326.91, ""thesis"": ""Defensive operational balance sheet balanced by limited immediate re-rating catalysts.""}, {""model"": ""Simulated-AI-Macro-Tactical"", ""call"": ""sell"", ""target_price"": 277.67, ""thesis"": ""Macro headwinds and declining momentum justify a defensive posture.""}]",0.06828187950000564,0.19335945343635022,0.3399092555572813
NVDA,2023-09-29,large_cap,0.5539,0.75,0.2599,44.83,4,"[{""model"": ""Simulated-AI-Momentum-Quant"", ""call"": ""hold"", ""target_price"": 43.35, ""thesis"": ""Consolidating trading range warrants a neutral rating until breakout confirmation.""}, {""model"": ""Simulated-AI-Fundamental-Value"", ""call"": ""hold"", ""target_price"": 43.56, ""thesis"": ""Fair valuation reflects balanced risk-reward relative to sector peers.""}, {""model"": ""Simulated-AI-Quality-Compounder"", ""call"": ""buy"", ""target_price"": 48.62, ""thesis"": ""Stable financial profile and durable competitive moat support long-term compounding potential.""}, {""model"": ""Simulated-AI-Macro-Tactical"", ""call"": ""hold"", ""target_price"": 43.8, ""thesis"": ""Balanced near-term catalysts recommend maintaining current position.""}]",-0.053748216539169905,0.13856315309453818,1.0566925266471323
AMZN,2023-09-29,large_cap,0.4015,0.5,0.2539,129.33,4,"[{""model"": ""Simulated-AI-Momentum-Quant"", ""call"": ""sell"", ""target_price"": 107.29, ""thesis"": ""Persistent negative price trajectory (-2.4%) indicates structural distribution headwinds.""}, {""model"": ""Simulated-AI-Fundamental-Value"", ""call"": ""buy"", ""target_price"": 148.79, ""thesis"": ""Recent price softening provides an attractive risk-adjusted entry point against fundamental book value.""}, {""model"": ""Simulated-AI-Quality-Compounder"", ""call"": ""hold"", ""target_price"": 132.87, ""thesis"": ""Defensive operational balance sheet balanced by limited immediate re-rating catalysts.""}, {""model"": ""Simulated-AI-Macro-Tactical"", ""call"": ""hold"", ""target_price"": 128.39, ""thesis"": ""Balanced near-term catalysts recommend maintaining current position.""}]",0.04397422786741911,0.19524857739583046,0.42141282675723174
GOOGL,2023-09-29,large_cap,0.4453,0.5,0.3633,128.22,4,"[{""model"": ""Simulated-AI-Momentum-Quant"", ""call"": ""buy"", ""target_price"": 148.09, ""thesis"": ""Strong upward medium-term momentum (+9.1%) signals continued institutional accumulation.""}, {""model"": ""Simulated-AI-Fundamental-Value"", ""call"": ""sell"", ""target_price"": 107.72, ""thesis"": ""Elevated multi-month valuation multiples leave little safety margin against forward earnings revisions.""}, {""model"": ""Simulated-AI-Quality-Compounder"", ""call"": ""sell"", ""target_price"": 114.46, ""thesis"": ""Heightened earnings volatility and cyclical margin pressures elevate downside risk.""}, {""model"": ""Simulated-AI-Macro-Tactical"", ""call"": ""buy"", ""target_price"": 142.59, ""thesis"": ""Positive operating execution and robust revenue traction support upside.""}]",-0.04890707719486835,0.06747679454826383,0.18110964283132996
META,2023-09-29,large_cap,0.4153,0.5,0.2882,319.73,4,"[{""model"": ""Simulated-AI-Momentum-Quant"", ""call"": ""hold"", ""target_price"": 299.98, ""thesis"": ""Consolidating trading range warrants a neutral rating until breakout confirmation.""}, {""model"": ""Simulated-AI-Fundamental-Value"", ""call"": ""buy"", ""target_price"": 349.38, ""thesis"": ""Recent price softening provides an attractive risk-adjusted entry point against fundamental book value.""}, {""model"": ""Simulated-AI-Quality-Compounder"", ""call"": ""buy"", ""target_price"": 328.97, ""thesis"": ""Stable financial profile and durable competitive moat support long-term compounding potential.""}, {""model"": ""Simulated-AI-Macro-Tactical"", ""call"": ""hold"", ""target_price"": 300.58, ""thesis"": ""Balanced near-term catalysts recommend maintaining current position.""}]",0.008161082943219745,0.17904114043504651,0.6584979952617235
BRK-B,2023-09-29,large_cap,0.5539,0.75,0.2599,362.31,4,"[{""model"": ""Simulated-AI-Momentum-Quant"", ""call"": ""hold"", ""target_price"": 349.95, ""thesis"": ""Consolidating trading range warrants a neutral rating until breakout confirmation.""}, {""model"": ""Simulated-AI-Fundamental-Value"", ""call"": ""hold"", ""target_price"": 353.66, ""thesis"": ""Fair valuation reflects balanced risk-reward relative to sector peers.""}, {""model"": ""Simulated-AI-Quality-Compounder"", ""call"": ""buy"", ""target_price"": 391.85, ""thesis"": ""Stable financial profile and durable competitive moat support long-term compounding potential.""}, {""model"": ""Simulated-AI-Macro-Tactical"", ""call"": ""hold"", ""target_price"": 353.8, ""thesis"": ""Balanced near-term catalysts recommend maintaining current position.""}]",-0.03679698709689223,0.01815591233448591,0.1958893178018631
JPM,2023-09-29,large_cap,0.586,0.75,0.3401,144.54,4,"[{""model"": ""Simulated-AI-Momentum-Quant"", ""call"": ""hold"", ""target_price"": 140.24, ""thesis"": ""Consolidating trading range warrants a neutral rating until breakout confirmation.""}, {""model"": ""Simulated-AI-Fundamental-Value"", ""call"": ""buy"", ""target_price"": 158.02, ""thesis"": ""Recent price softening provides an attractive risk-adjusted entry point against fundamental book value.""}, {""model"": ""Simulated-AI-Quality-Compounder"", ""call"": ""hold"", ""target_price"": 142.77, ""thesis"": ""Defensive operational balance sheet balanced by limited immediate re-rating catalysts.""}, {""model"": ""Simulated-AI-Macro-Tactical"", ""call"": ""hold"", ""target_price"": 137.12, ""thesis"": ""Balanced near-term catalysts recommend maintaining current position.""}]",-0.045414271531377844,0.1815969536790211,0.38989586071841753
V,2023-09-29,large_cap,0.5412,0.75,0.2281,219.97,4,"[{""model"": ""Simulated-AI-Momentum-Quant"", ""call"": ""hold"", ""target_price"": 230.44, ""thesis"": ""Consolidating trading range warrants a neutral rating until breakout confirmation.""}, {""model"": ""Simulated-AI-Fundamental-Value"", ""call"": ""hold"", ""target_price"": 223.74, ""thesis"": ""Fair valuation reflects balanced risk-reward relative to sector peers.""}, {""model"": ""Simulated-AI-Quality-Compounder"", ""call"": ""sell"", ""target_price"": 198.63, ""thesis"": ""Heightened earnings volatility and cyclical margin pressures elevate downside risk.""}, {""model"": ""Simulated-AI-Macro-Tactical"", ""call"": ""hold"", ""target_price"": 227.07, ""thesis"": ""Balanced near-term catalysts recommend maintaining current position.""}]",0.0133473118360576,0.13431721740107738,0.21539551948129954
LLY,2023-09-29,large_cap,0.5827,0.75,0.3318,551.36,4,"[{""model"": ""Simulated-AI-Momentum-Quant"", ""call"": ""buy"", ""target_price"": 593.95, ""thesis"": ""Strong upward medium-term momentum (+16.7%) signals continued institutional accumulation.""}, {""model"": ""Simulated-AI-Fundamental-Value"", ""call"": ""sell"", ""target_price"": 439.36, ""thesis"": ""Elevated multi-month valuation multiples leave little safety margin against forward earnings revisions.""}, {""model"": ""Simulated-AI-Quality-Compounder"", ""call"": ""buy"", ""target_price"": 593.32, ""thesis"": ""Stable financial profile and durable competitive moat support long-term compounding potential.""}, {""model"": ""Simulated-AI-Macro-Tactical"", ""call"": ""buy"", ""target_price"": 578.8, ""thesis"": ""Positive operating execution and robust revenue traction support upside.""}]",0.053208677946944435,0.08725459456782116,0.42742573936997436
UNH,2023-09-29,large_cap,0.556,0.75,0.2649,508.07,4,"[{""model"": ""Simulated-AI-Momentum-Quant"", ""call"": ""buy"", ""target_price"": 537.75, ""thesis"": ""Strong upward medium-term momentum (+5.9%) signals continued institutional accumulation.""}, {""model"": ""Simulated-AI-Fundamental-Value"", ""call"": ""hold"", ""target_price"": 480.01, ""thesis"": ""Fair valuation reflects balanced risk-reward relative to sector peers.""}, {""model"": ""Simulated-AI-Quality-Compounder"", ""call"": ""hold"", ""target_price"": 490.49, ""thesis"": ""Defensive operational balance sheet balanced by limited immediate re-rating catalysts.""}, {""model"": ""Simulated-AI-Macro-Tactical"", ""call"": ""hold"", ""target_price"": 524.03, ""thesis"": ""Positive operating execution and robust revenue traction support upside.""}]",0.051171259377204854,0.0477519499422887,-0.08464041615168084
XOM,2023-09-29,large_cap,0.5828,0.75,0.3321,111.53,4,"[{""model"": ""Simulated-AI-Momentum-Quant"", ""call"": ""buy"", ""target_price"": 120.96, ""thesis"": ""Strong upward medium-term momentum (+10.3%) signals continued institutional accumulation.""}, {""model"": ""Simulated-AI-Fundamental-Value"", ""call"": ""sell"", ""target_price"": 90.3, ""thesis"": ""Elevated multi-month valuation multiples leave little safety margin against forward earnings revisions.""}, {""model"": ""Simulated-AI-Quality-Compounder"", ""call"": ""buy"", ""target_price"": 117.65, ""thesis"": ""Stable financial profile and durable competitive moat support long-term compounding potential.""}, {""model"": ""Simulated-AI-Macro-Tactical"", ""call"": ""buy"", ""target_price"": 117.21, ""thesis"": ""Positive operating execution and robust revenue traction support upside.""}]",-0.09950662617516418,-0.1419098507920118,0.0332490277528147
JNJ,2023-09-29,large_cap,0.5994,0.75,0.3736,140.58,4,"[{""model"": ""Simulated-AI-Momentum-Quant"", ""call"": ""hold"", ""target_price"": 148.88, ""thesis"": ""Consolidating trading range warrants a neutral rating until breakout confirmation.""}, {""model"": ""Simulated-AI-Fundamental-Value"", ""call"": ""sell"", ""target_price"": 118.13, ""thesis"": ""Elevated multi-month valuation multiples leave little safety margin against forward earnings revisions.""}, {""model"": ""Simulated-AI-Quality-Compounder"", ""call"": ""hold"", ""target_price"": 150.86, ""thesis"": ""Defensive operational balance sheet balanced by limited immediate re-rating catalysts.""}, {""model"": ""Simulated-AI-Macro-Tactical"", ""call"": ""hold"", ""target_price"": 144.45, ""thesis"": ""Balanced near-term catalysts recommend maintaining current position.""}]",-0.05598691404264181,0.014415506671698086,0.02857336115336856
PG,2023-09-29,large_cap,0.4015,0.5,0.2538,136.99,4,"[{""model"": ""Simulated-AI-Momentum-Quant"", ""call"": ""sell"", ""target_price"": 116.34, ""thesis"": ""Persistent negative price trajectory (-3.8%) indicates structural distribution headwinds.""}, {""model"": ""Simulated-AI-Fundamental-Value"", ""call"": ""buy"", ""target_price"": 155.81, ""thesis"": ""Recent price softening provides an attractive risk-adjusted entry point against fundamental book value.""}, {""model"": ""Simulated-AI-Quality-Compounder"", ""call"": ""hold"", ""target_price"": 139.69, ""thesis"": ""Defensive operational balance sheet balanced by limited immediate re-rating catalysts.""}, {""model"": ""Simulated-AI-Macro-Tactical"", ""call"": ""hold"", ""target_price"": 136.13, ""thesis"": ""Balanced near-term catalysts recommend maintaining current position.""}]",0.029768686529288112,0.011002797624600259,0.11479430802489878
HD,2023-09-29,large_cap,0.4028,0.5,0.257,285.45,4,"[{""model"": ""Simulated-AI-Momentum-Quant"", ""call"": ""sell"", ""target_price"": 240.83, ""thesis"": ""Persistent negative price trajectory (-1.9%) indicates structural distribution headwinds.""}, {""model"": ""Simulated-AI-Fundamental-Value"", ""call"": ""buy"", ""target_price"": 325.65, ""thesis"": ""Recent price softening provides an attractive risk-adjusted entry point against fundamental book value.""}, {""model"": ""Simulated-AI-Quality-Compounder"", ""call"": ""hold"", ""target_price"": 292.75, ""thesis"": ""Defensive operational balance sheet balanced by limited immediate re-rating catalysts.""}, {""model"": ""Simulated-AI-Macro-Tactical"", ""call"": ""hold"", ""target_price"": 282.57, ""thesis"": ""Balanced near-term catalysts recommend maintaining current position.""}]",-0.06844060923362348,0.15461002686460754,0.21665038442524706
MA,2023-09-29,large_cap,0.5488,0.75,0.247,407.46,4,"[{""model"": ""Simulated-AI-Momentum-Quant"", ""call"": ""buy"", ""target_price"": 444.91, ""thesis"": ""Strong upward medium-term momentum (+0.6%) signals continued institutional accumulation.""}, {""model"": ""Simulated-AI-Fundamental-Value"", ""call"": ""hold"", ""target_price"": 390.93, ""thesis"": ""Fair valuation reflects balanced risk-reward relative to sector peers.""}, {""model"": ""Simulated-AI-Quality-Compounder"", ""call"": ""hold"", ""target_price"": 401.2, ""thesis"": ""Defensive operational balance sheet balanced by limited immediate re-rating catalysts.""}, {""model"": ""Simulated-AI-Macro-Tactical"", ""call"": ""hold"", ""target_price"": 392.8, ""thesis"": ""Balanced near-term catalysts recommend maintaining current position.""}]",-0.05796798602615701,0.07885208583618243,0.21462372712713088
COST,2023-09-29,large_cap,0.4152,0.5,0.288,557.9,4,"[{""model"": ""Simulated-AI-Momentum-Quant"", ""call"": ""buy"", ""target_price"": 618.52, ""thesis"": ""Strong upward medium-term momentum (+4.6%) signals continued institutional accumulation.""}, {""model"": ""Simulated-AI-Fundamental-Value"", ""call"": ""sell"", ""target_price"": 457.7, ""thesis"": ""Elevated multi-month valuation multiples leave little safety margin against forward earnings revisions.""}, {""model"": ""Simulated-AI-Quality-Compounder"", ""call"": ""buy"", ""target_price"": 607.01, ""thesis"": ""Stable financial profile and durable competitive moat support long-term compounding potential.""}, {""model"": ""Simulated-AI-Macro-Tactical"", ""call"": ""hold"", ""target_price"": 548.37, ""thesis"": ""Balanced near-term catalysts recommend maintaining current position.""}]",-0.01784168171722252,0.19712825726591673,0.29191764353823596
ABBV,2023-09-29,large_cap,0.4332,0.5,0.3329,140.72,4,"[{""model"": ""Simulated-AI-Momentum-Quant"", ""call"": ""buy"", ""target_price"": 152.13, ""thesis"": ""Strong upward medium-term momentum (+11.6%) signals continued institutional accumulation.""}, {""model"": ""Simulated-AI-Fundamental-Value"", ""call"": ""sell"", ""target_price"": 113.09, ""thesis"": ""Elevated multi-month valuation multiples leave little safety margin against forward earnings revisions.""}, {""model"": ""Simulated-AI-Quality-Compounder"", ""call"": ""buy"", ""target_price"": 149.84, ""thesis"": ""Stable financial profile and durable competitive moat support long-term compounding potential.""}, {""model"": ""Simulated-AI-Macro-Tactical"", ""call"": ""hold"", ""target_price"": 147.83, ""thesis"": ""Positive operating execution and robust revenue traction support upside.""}]",-0.03857305723119502,0.05005485717322116,0.23602765714397309
MRK,2023-09-29,large_cap,0.4072,0.5,0.268,89.53,4,"[{""model"": ""Simulated-AI-Momentum-Quant"", ""call"": ""sell"", ""target_price"": 81.5, ""thesis"": ""Persistent negative price trajectory (-9.3%) indicates structural distribution headwinds.""}, {""model"": ""Simulated-AI-Fundamental-Value"", ""call"": ""hold"", ""target_price"": 93.9, ""thesis"": ""Fair valuation reflects balanced risk-reward relative to sector peers.""}, {""model"": ""Simulated-AI-Quality-Compounder"", ""call"": ""hold"", ""target_price"": 97.68, ""thesis"": ""Defensive operational balance sheet balanced by limited immediate re-rating catalysts.""}, {""model"": ""Simulated-AI-Macro-Tactical"", ""call"": ""sell"", ""target_price"": 85.05, ""thesis"": ""Macro headwinds and declining momentum justify a defensive posture.""}]",-0.0026225233461897816,0.06662848124130888,0.2834064951551737
BAC,2023-09-29,large_cap,0.4053,0.5,0.2633,25.37,4,"[{""model"": ""Simulated-AI-Momentum-Quant"", ""call"": ""sell"", ""target_price"": 22.24, ""thesis"": ""Persistent negative price trajectory (-5.5%) indicates structural distribution headwinds.""}, {""model"": ""Simulated-AI-Fundamental-Value"", ""call"": ""buy"", ""target_price"": 29.43, ""thesis"": ""Recent price softening provides an attractive risk-adjusted entry point against fundamental book value.""}, {""model"": ""Simulated-AI-Quality-Compounder"", ""call"": ""hold"", ""target_price"": 26.86, ""thesis"": ""Defensive operational balance sheet balanced by limited immediate re-rating catalysts.""}, {""model"": ""Simulated-AI-Macro-Tactical"", ""call"": ""hold"", ""target_price"": 22.93, ""thesis"": ""Macro headwinds and declining momentum justify a defensive posture.""}]",-0.06172385668616166,0.23954475540828263,0.3828547013306961
CVX,2023-09-29,large_cap,0.4442,0.5,0.3604,146.87,4,"[{""model"": ""Simulated-AI-Momentum-Quant"", ""call"": ""buy"", ""target_price"": 169.68, ""thesis"": ""Strong upward medium-term momentum (+8.3%) signals continued institutional accumulation.""}, {""model"": ""Simulated-AI-Fundamental-Value"", ""call"": ""sell"", ""target_price"": 122.93, ""thesis"": ""Elevated multi-month valuation multiples leave little safety margin against forward earnings revisions.""}, {""model"": ""Simulated-AI-Quality-Compounder"", ""call"": ""sell"", ""target_price"": 131.26, ""thesis"": ""Heightened earnings volatility and cyclical margin pressures elevate downside risk.""}, {""model"": ""Simulated-AI-Macro-Tactical"", ""call"": ""buy"", ""target_price"": 163.61, ""thesis"": ""Positive operating execution and robust revenue traction support upside.""}]",-0.13361426858639888,-0.10613490657622189,-0.032044859089020064
CRM,2023-09-29,large_cap,0.5412,0.75,0.2281,195.45,4,"[{""model"": ""Simulated-AI-Momentum-Quant"", ""call"": ""hold"", ""target_price"": 207.5, ""thesis"": ""Consolidating trading range warrants a neutral rating until breakout confirmation.""}, {""model"": ""Simulated-AI-Fundamental-Value"", ""call"": ""hold"", ""target_price"": 198.29, ""thesis"": ""Fair valuation reflects balanced risk-reward relative to sector peers.""}, {""model"": ""Simulated-AI-Quality-Compounder"", ""call"": ""sell"", ""target_price"": 174.71, ""thesis"": ""Heightened earnings volatility and cyclical margin pressures elevate downside risk.""}, {""model"": ""Simulated-AI-Macro-Tactical"", ""call"": ""hold"", ""target_price"": 201.32, ""thesis"": ""Balanced near-term catalysts recommend maintaining current position.""}]",-0.017309371398808712,0.29766294894753953,0.5011201536875663
NFLX,2023-09-29,large_cap,0.5747,0.75,0.3119,36.17,4,"[{""model"": ""Simulated-AI-Momentum-Quant"", ""call"": ""sell"", ""target_price"": 32.78, ""thesis"": ""Persistent negative price trajectory (-14.5%) indicates structural distribution headwinds.""}, {""model"": ""Simulated-AI-Fundamental-Value"", ""call"": ""buy"", ""target_price"": 44.2, ""thesis"": ""Recent price softening provides an attractive risk-adjusted entry point against fundamental book value.""}, {""model"": ""Simulated-AI-Quality-Compounder"", ""call"": ""sell"", ""target_price"": 33.72, ""thesis"": ""Heightened earnings volatility and cyclical margin pressures elevate downside risk.""}, {""model"": ""Simulated-AI-Macro-Tactical"", ""call"": ""sell"", ""target_price"": 33.98, ""thesis"": ""Macro headwinds and declining momentum justify a defensive posture.""}]",0.08601698207122513,0.2894068297025516,0.6266155763915892
AMD,2023-09-29,large_cap,0.567,0.75,0.2925,93.2,4,"[{""model"": ""Simulated-AI-Momentum-Quant"", ""call"": ""sell"", ""target_price"": 86.78, ""thesis"": ""Persistent negative price trajectory (-11.2%) indicates structural distribution headwinds.""}, {""model"": ""Simulated-AI-Fundamental-Value"", ""call"": ""hold"", ""target_price"": 101.46, ""thesis"": ""Fair valuation reflects balanced risk-reward relative to sector peers.""}, {""model"": ""Simulated-AI-Quality-Compounder"", ""call"": ""sell"", ""target_price"": 92.02, ""thesis"": ""Heightened earnings volatility and cyclical margin pressures elevate downside risk.""}, {""model"": ""Simulated-AI-Macro-Tactical"", ""call"": ""sell"", ""target_price"": 92.54, ""thesis"": ""Macro headwinds and declining momentum justify a defensive posture.""}]",-0.06457886996067248,0.43367053199407607,0.7379886936260868
PEP,2023-09-29,large_cap,0.4032,0.5,0.258,150.27,4,"[{""model"": ""Simulated-AI-Momentum-Quant"", ""call"": ""sell"", ""target_price"": 131.13, ""thesis"": ""Persistent negative price trajectory (-8.1%) indicates structural distribution headwinds.""}, {""model"": ""Simulated-AI-Fundamental-Value"", ""call"": ""buy"", ""target_price"": 176.3, ""thesis"": ""Recent price softening provides an attractive risk-adjusted entry point against fundamental book value.""}, {""model"": ""Simulated-AI-Quality-Compounder"", ""call"": ""hold"", ""target_price"": 156.79, ""thesis"": ""Defensive operational balance sheet balanced by limited immediate re-rating catalysts.""}, {""model"": ""Simulated-AI-Macro-Tactical"", ""call"": ""sell"", ""target_price"": 136.85, ""thesis"": ""Macro headwinds and declining momentum justify a defensive posture.""}]",-0.04225698827247926,0.010004048263652152,0.027299286305368334
KO,2023-09-29,large_cap,0.4037,0.5,0.2592,51.23,4,"[{""model"": ""Simulated-AI-Momentum-Quant"", ""call"": ""sell"", ""target_price"": 44.68, ""thesis"": ""Persistent negative price trajectory (-6.9%) indicates structural distribution headwinds.""}, {""model"": ""Simulated-AI-Fundamental-Value"", ""call"": ""buy"", ""target_price"": 60.34, ""thesis"": ""Recent price softening provides an attractive risk-adjusted entry point against fundamental book value.""}, {""model"": ""Simulated-AI-Quality-Compounder"", ""call"": ""hold"", ""target_price"": 53.42, ""thesis"": ""Defensive operational balance sheet balanced by limited immediate re-rating catalysts.""}, {""model"": ""Simulated-AI-Macro-Tactical"", ""call"": ""sell"", ""target_price"": 46.49, ""thesis"": ""Macro headwinds and declining momentum justify a defensive posture.""}]",0.003036904549153634,0.06107970951347791,0.09170973206650411
TMO,2023-09-29,large_cap,0.5467,0.75,0.2418,487.94,4,"[{""model"": ""Simulated-AI-Momentum-Quant"", ""call"": ""sell"", ""target_price"": 427.03, ""thesis"": ""Persistent negative price trajectory (-2.4%) indicates structural distribution headwinds.""}, {""model"": ""Simulated-AI-Fundamental-Value"", ""call"": ""hold"", ""target_price"": 501.08, ""thesis"": ""Fair valuation reflects balanced risk-reward relative to sector peers.""}, {""model"": ""Simulated-AI-Quality-Compounder"", ""call"": ""hold"", ""target_price"": 516.93, ""thesis"": ""Defensive operational balance sheet balanced by limited immediate re-rating catalysts.""}, {""model"": ""Simulated-AI-Macro-Tactical"", ""call"": ""hold"", ""target_price"": 506.7, ""thesis"": ""Balanced near-term catalysts recommend maintaining current position.""}]",-0.14236330883895632,0.04934804167963632,0.13069162129035622
WMT,2023-09-29,large_cap,0.4015,0.5,0.2537,56.46,4,"[{""model"": ""Simulated-AI-Momentum-Quant"", ""call"": ""buy"", ""target_price"": 59.8, ""thesis"": ""Strong upward medium-term momentum (+1.5%) signals continued institutional accumulation.""}, {""model"": ""Simulated-AI-Fundamental-Value"", ""call"": ""buy"", ""target_price"": 60.44, ""thesis"": ""Recent price softening provides an attractive risk-adjusted entry point against fundamental book value.""}, {""model"": ""Simulated-AI-Quality-Compounder"", ""call"": ""hold"", ""target_price"": 53.42, ""thesis"": ""Defensive operational balance sheet balanced by limited immediate re-rating catalysts.""}, {""model"": ""Simulated-AI-Macro-Tactical"", ""call"": ""hold"", ""target_price"": 52.18, ""thesis"": ""Balanced near-term catalysts recommend maintaining current position.""}]",0.01932091313313438,-0.010595132213366873,0.11765068164786471
MCD,2023-09-29,large_cap,0.4048,0.5,0.2621,234.91,4,"[{""model"": ""Simulated-AI-Momentum-Quant"", ""call"": ""hold"", ""target_price"": 255.58, ""thesis"": ""Consolidating trading range warrants a neutral rating until breakout confirmation.""}, {""model"": ""Simulated-AI-Fundamental-Value"", ""call"": ""hold"", ""target_price"": 243.47, ""thesis"": ""Fair valuation reflects balanced risk-reward relative to sector peers.""}, {""model"": ""Simulated-AI-Quality-Compounder"", ""call"": ""sell"", ""target_price"": 220.05, ""thesis"": ""Heightened earnings volatility and cyclical margin pressures elevate downside risk.""}, {""model"": ""Simulated-AI-Macro-Tactical"", ""call"": ""sell"", ""target_price"": 220.54, ""thesis"": ""Macro headwinds and declining momentum justify a defensive posture.""}]",-0.01248891290004162,0.13227517378819026,0.0666330659975426
CSCO,2023-09-29,large_cap,0.5539,0.75,0.2599,51.2,4,"[{""model"": ""Simulated-AI-Momentum-Quant"", ""call"": ""hold"", ""target_price"": 49.47, ""thesis"": ""Consolidating trading range warrants a neutral rating until breakout confirmation.""}, {""model"": ""Simulated-AI-Fundamental-Value"", ""call"": ""hold"", ""target_price"": 50.33, ""thesis"": ""Fair valuation reflects balanced risk-reward relative to sector peers.""}, {""model"": ""Simulated-AI-Quality-Compounder"", ""call"": ""buy"", ""target_price"": 54.85, ""thesis"": ""Stable financial profile and durable competitive moat support long-term compounding potential.""}, {""model"": ""Simulated-AI-Macro-Tactical"", ""call"": ""hold"", ""target_price"": 50.17, ""thesis"": ""Balanced near-term catalysts recommend maintaining current position.""}]",-0.03380846315245866,-0.05348092518481431,-0.0680180712615621
KNSL,2023-09-29,small_cap,0.575,0.75,0.3125,449.48,4,"[{""model"": ""Simulated-AI-Momentum-Quant"", ""call"": ""buy"", ""target_price"": 464.29, ""thesis"": ""Strong upward medium-term momentum (+12.1%) signals continued institutional accumulation.""}, {""model"": ""Simulated-AI-Fundamental-Value"", ""call"": ""hold"", ""target_price"": 417.34, ""thesis"": ""Fair valuation reflects balanced risk-reward relative to sector peers.""}, {""model"": ""Simulated-AI-Quality-Compounder"", ""call"": ""buy"", ""target_price"": 463.22, ""thesis"": ""Stable financial profile and durable competitive moat support long-term compounding potential.""}, {""model"": ""Simulated-AI-Macro-Tactical"", ""call"": ""buy"", ""target_price"": 453.09, ""thesis"": ""Positive operating execution and robust revenue traction support upside.""}]",-0.19943013272848603,-0.1909865158479796,0.13047897864279465
SAIA,2023-09-29,small_cap,0.5836,0.75,0.3341,417.77,4,"[{""model"": ""Simulated-AI-Momentum-Quant"", ""call"": ""buy"", ""target_price"": 453.82, ""thesis"": ""Strong upward medium-term momentum (+17.1%) signals continued institutional accumulation.""}, {""model"": ""Simulated-AI-Fundamental-Value"", ""call"": ""sell"", ""target_price"": 333.07, ""thesis"": ""Elevated multi-month valuation multiples leave little safety margin against forward earnings revisions.""}, {""model"": ""Simulated-AI-Quality-Compounder"", ""call"": ""buy"", ""target_price"": 445.69, ""thesis"": ""Stable financial profile and durable competitive moat support long-term compounding potential.""}, {""model"": ""Simulated-AI-Macro-Tactical"", ""call"": ""buy"", ""target_price"": 438.51, ""thesis"": ""Positive operating execution and robust revenue traction support upside.""}]",-0.10385048170158638,0.09926002240073711,0.447033724278328
MEDP,2023-09-29,small_cap,0.5536,0.75,0.2589,234.6,4,"[{""model"": ""Simulated-AI-Momentum-Quant"", ""call"": ""sell"", ""target_price"": 204.16, ""thesis"": ""Persistent negative price trajectory (+1.3%) indicates structural distribution headwinds.""}, {""model"": ""Simulated-AI-Fundamental-Value"", ""call"": ""hold"", ""target_price"": 240.68, ""thesis"": ""Fair valuation reflects balanced risk-reward relative to sector peers.""}, {""model"": ""Simulated-AI-Quality-Compounder"", ""call"": ""hold"", ""target_price"": 249.01, ""thesis"": ""Defensive operational balance sheet balanced by limited immediate re-rating catalysts.""}, {""model"": ""Simulated-AI-Macro-Tactical"", ""call"": ""hold"", ""target_price"": 244.55, ""thesis"": ""Balanced near-term catalysts recommend maintaining current position.""}]",-0.001362911759797815,0.26597279394453016,0.6210713329626136
SSD,2023-09-29,small_cap,0.4067,0.5,0.2669,158.07,4,"[{""model"": ""Simulated-AI-Momentum-Quant"", ""call"": ""buy"", ""target_price"": 169.69, ""thesis"": ""Strong upward medium-term momentum (+10.1%) signals continued institutional accumulation.""}, {""model"": ""Simulated-AI-Fundamental-Value"", ""call"": ""hold"", ""target_price"": 149.65, ""thesis"": ""Fair valuation reflects balanced risk-reward relative to sector peers.""}, {""model"": ""Simulated-AI-Quality-Compounder"", ""call"": ""hold"", ""target_price"": 151.36, ""thesis"": ""Defensive operational balance sheet balanced by limited immediate re-rating catalysts.""}, {""model"": ""Simulated-AI-Macro-Tactical"", ""call"": ""buy"", ""target_price"": 161.58, ""thesis"": ""Positive operating execution and robust revenue traction support upside.""}]",-0.11892162320595423,0.32399151620909117,0.31505802246893605
EXPO,2023-09-29,small_cap,0.577,0.75,0.3176,77.21,4,"[{""model"": ""Simulated-AI-Momentum-Quant"", ""call"": ""sell"", ""target_price"": 68.83, ""thesis"": ""Persistent negative price trajectory (-7.6%) indicates structural distribution headwinds.""}, {""model"": ""Simulated-AI-Fundamental-Value"", ""call"": ""buy"", ""target_price"": 94.43, ""thesis"": ""Recent price softening provides an attractive risk-adjusted entry point against fundamental book value.""}, {""model"": ""Simulated-AI-Quality-Compounder"", ""call"": ""sell"", ""target_price"": 71.91, ""thesis"": ""Heightened earnings volatility and cyclical margin pressures elevate downside risk.""}, {""model"": ""Simulated-AI-Macro-Tactical"", ""call"": ""sell"", ""target_price"": 73.67, ""thesis"": ""Macro headwinds and declining momentum justify a defensive posture.""}]",-0.14228954376216982,0.031767095357766374,-0.05556506214138269
FORM,2023-09-29,small_cap,0.5994,0.75,0.3736,33.94,4,"[{""model"": ""Simulated-AI-Momentum-Quant"", ""call"": ""hold"", ""target_price"": 35.43, ""thesis"": ""Consolidating trading range warrants a neutral rating until breakout confirmation.""}, {""model"": ""Simulated-AI-Fundamental-Value"", ""call"": ""sell"", ""target_price"": 28.91, ""thesis"": ""Elevated multi-month valuation multiples leave little safety margin against forward earnings revisions.""}, {""model"": ""Simulated-AI-Quality-Compounder"", ""call"": ""hold"", ""target_price"": 36.14, ""thesis"": ""Defensive operational balance sheet balanced by limited immediate re-rating catalysts.""}, {""model"": ""Simulated-AI-Macro-Tactical"", ""call"": ""hold"", ""target_price"": 35.29, ""thesis"": ""Balanced near-term catalysts recommend maintaining current position.""}]",-0.05953056949370973,0.19376075340164778,0.29879802094284164
CRVL,2023-09-29,small_cap,0.586,0.75,0.3401,69.53,4,"[{""model"": ""Simulated-AI-Momentum-Quant"", ""call"": ""hold"", ""target_price"": 66.57, ""thesis"": ""Consolidating trading range warrants a neutral rating until breakout confirmation.""}, {""model"": ""Simulated-AI-Fundamental-Value"", ""call"": ""buy"", ""target_price"": 76.73, ""thesis"": ""Recent price softening provides an attractive risk-adjusted entry point against fundamental book value.""}, {""model"": ""Simulated-AI-Quality-Compounder"", ""call"": ""hold"", ""target_price"": 68.59, ""thesis"": ""Defensive operational balance sheet balanced by limited immediate re-rating catalysts.""}, {""model"": ""Simulated-AI-Macro-Tactical"", ""call"": ""hold"", ""target_price"": 66.21, ""thesis"": ""Balanced near-term catalysts recommend maintaining current position.""}]",-0.03752864660017668,0.2571065100671922,0.2695651769076686
TKR,2023-09-29,small_cap,0.5736,0.75,0.3089,66.44,4,"[{""model"": ""Simulated-AI-Momentum-Quant"", ""call"": ""sell"", ""target_price"": 58.99, ""thesis"": ""Persistent negative price trajectory (-20.2%) indicates structural distribution headwinds.""}, {""model"": ""Simulated-AI-Fundamental-Value"", ""call"": ""buy"", ""target_price"": 82.29, ""thesis"": ""Recent price softening provides an attractive risk-adjusted entry point against fundamental book value.""}, {""model"": ""Simulated-AI-Quality-Compounder"", ""call"": ""sell"", ""target_price"": 61.45, ""thesis"": ""Heightened earnings volatility and cyclical margin pressures elevate downside risk.""}, {""model"": ""Simulated-AI-Macro-Tactical"", ""call"": ""sell"", ""target_price"": 63.03, ""thesis"": ""Macro headwinds and declining momentum justify a defensive posture.""}]",-0.05538173465799383,0.09566636177803381,0.1859095478656997
POWI,2023-09-29,small_cap,0.4231,0.5,0.3079,69.24,4,"[{""model"": ""Simulated-AI-Momentum-Quant"", ""call"": ""sell"", ""target_price"": 62.05, ""thesis"": ""Persistent negative price trajectory (-19.3%) indicates structural distribution headwinds.""}, {""model"": ""Simulated-AI-Fundamental-Value"", ""call"": ""buy"", ""target_price"": 84.35, ""thesis"": ""Recent price softening provides an attractive risk-adjusted entry point against fundamental book value.""}, {""model"": ""Simulated-AI-Quality-Compounder"", ""call"": ""sell"", ""target_price"": 64.85, ""thesis"": ""Heightened earnings volatility and cyclical margin pressures elevate downside risk.""}, {""model"": ""Simulated-AI-Macro-Tactical"", ""call"": ""hold"", ""target_price"": 65.73, ""thesis"": ""Macro headwinds and declining momentum justify a defensive posture.""}]",-0.11007736583624042,0.07885993698701661,-0.0913399927478343
CALM,2023-09-29,small_cap,0.5708,0.75,0.3021,41.81,4,"[{""model"": ""Simulated-AI-Momentum-Quant"", ""call"": ""hold"", ""target_price"": 41.92, ""thesis"": ""Consolidating trading range warrants a neutral rating until breakout confirmation.""}, {""model"": ""Simulated-AI-Fundamental-Value"", ""call"": ""hold"", ""target_price"": 42.23, ""thesis"": ""Fair valuation reflects balanced risk-reward relative to sector peers.""}, {""model"": ""Simulated-AI-Quality-Compounder"", ""call"": ""sell"", ""target_price"": 36.92, ""thesis"": ""Heightened earnings volatility and cyclical margin pressures elevate downside risk.""}, {""model"": ""Simulated-AI-Macro-Tactical"", ""call"": ""hold"", ""target_price"": 46.18, ""thesis"": ""Positive operating execution and robust revenue traction support upside.""}]",-0.059066315416503604,0.18541023214662358,0.21937586484629443
PLUS,2023-09-29,small_cap,0.4242,0.5,0.3104,68.45,4,"[{""model"": ""Simulated-AI-Momentum-Quant"", ""call"": ""buy"", ""target_price"": 72.22, ""thesis"": ""Strong upward medium-term momentum (+13.3%) signals continued institutional accumulation.""}, {""model"": ""Simulated-AI-Fundamental-Value"", ""call"": ""hold"", ""target_price"": 63.2, ""thesis"": ""Fair valuation reflects balanced risk-reward relative to sector peers.""}, {""model"": ""Simulated-AI-Quality-Compounder"", ""call"": ""buy"", ""target_price"": 69.6, ""thesis"": ""Stable financial profile and durable competitive moat support long-term compounding potential.""}, {""model"": ""Simulated-AI-Macro-Tactical"", ""call"": ""hold"", ""target_price"": 68.77, ""thesis"": ""Positive operating execution and robust revenue traction support upside.""}]",-0.026920557592139883,0.25692701023319564,0.19899271442157954
FSS,2023-09-29,small_cap,0.4043,0.5,0.2609,58.49,4,"[{""model"": ""Simulated-AI-Momentum-Quant"", ""call"": ""sell"", ""target_price"": 50.24, ""thesis"": ""Persistent negative price trajectory (-7.2%) indicates structural distribution headwinds.""}, {""model"": ""Simulated-AI-Fundamental-Value"", ""call"": ""buy"", ""target_price"": 68.77, ""thesis"": ""Recent price softening provides an attractive risk-adjusted entry point against fundamental book value.""}, {""model"": ""Simulated-AI-Quality-Compounder"", ""call"": ""hold"", ""target_price"": 62.09, ""thesis"": ""Defensive operational balance sheet balanced by limited immediate re-rating catalysts.""}, {""model"": ""Simulated-AI-Macro-Tactical"", ""call"": ""hold"", ""target_price"": 52.88, ""thesis"": ""Macro headwinds and declining momentum justify a defensive posture.""}]",-0.02762430472861487,0.2866417703003401,0.40933783210711816
AMWD,2023-09-29,small_cap,0.7327,1.0,0.3317,101.98,4,"[{""model"": ""Simulated-AI-Momentum-Quant"", ""call"": ""hold"", ""target_price"": 101.2, ""thesis"": ""Consolidating trading range warrants a neutral rating until breakout confirmation.""}, {""model"": ""Simulated-AI-Fundamental-Value"", ""call"": ""hold"", ""target_price"": 100.96, ""thesis"": ""Fair valuation reflects balanced risk-reward relative to sector peers.""}, {""model"": ""Simulated-AI-Quality-Compounder"", ""call"": ""hold"", ""target_price"": 104.76, ""thesis"": ""Defensive operational balance sheet balanced by limited immediate re-rating catalysts.""}, {""model"": ""Simulated-AI-Macro-Tactical"", ""call"": ""hold"", ""target_price"": 101.0, ""thesis"": ""Balanced near-term catalysts recommend maintaining current position.""}]",,,
ATKR,2023-09-29,small_cap,0.3918,0.5,0.2294,139.44,4,"[{""model"": ""Simulated-AI-Momentum-Quant"", ""call"": ""sell"", ""target_price"": 120.72, ""thesis"": ""Persistent negative price trajectory (-3.4%) indicates structural distribution headwinds.""}, {""model"": ""Simulated-AI-Fundamental-Value"", ""call"": ""buy"", ""target_price"": 167.31, ""thesis"": ""Recent price softening provides an attractive risk-adjusted entry point against fundamental book value.""}, {""model"": ""Simulated-AI-Quality-Compounder"", ""call"": ""sell"", ""target_price"": 125.56, ""thesis"": ""Heightened earnings volatility and cyclical margin pressures elevate downside risk.""}, {""model"": ""Simulated-AI-Macro-Tactical"", ""call"": ""hold"", ""target_price"": 144.19, ""thesis"": ""Balanced near-term catalysts recommend maintaining current position.""}]",-0.1561765562499833,0.07245817624095188,0.24359226076756385
BRC,2023-09-29,small_cap,0.4247,0.5,0.3119,54.35,4,"[{""model"": ""Simulated-AI-Momentum-Quant"", ""call"": ""buy"", ""target_price"": 59.65, ""thesis"": ""Strong upward medium-term momentum (+14.6%) signals continued institutional accumulation.""}, {""model"": ""Simulated-AI-Fundamental-Value"", ""call"": ""hold"", ""target_price"": 53.7, ""thesis"": ""Fair valuation reflects balanced risk-reward relative to sector peers.""}, {""model"": ""Simulated-AI-Quality-Compounder"", ""call"": ""sell"", ""target_price"": 46.1, ""thesis"": ""Heightened earnings volatility and cyclical margin pressures elevate downside risk.""}, {""model"": ""Simulated-AI-Macro-Tactical"", ""call"": ""hold"", ""target_price"": 57.96, ""thesis"": ""Positive operating execution and robust revenue traction support upside.""}]",-0.054801897435968104,0.07319937217426443,0.08345913474643582
CNO,2023-09-29,small_cap,0.3845,0.5,0.2113,22.59,4,"[{""model"": ""Simulated-AI-Momentum-Quant"", ""call"": ""buy"", ""target_price"": 25.67, ""thesis"": ""Strong upward medium-term momentum (-0.0%) signals continued institutional accumulation.""}, {""model"": ""Simulated-AI-Fundamental-Value"", ""call"": ""hold"", ""target_price"": 22.36, ""thesis"": ""Fair valuation reflects balanced risk-reward relative to sector peers.""}, {""model"": ""Simulated-AI-Quality-Compounder"", ""call"": ""sell"", ""target_price"": 19.66, ""thesis"": ""Heightened earnings volatility and cyclical margin pressures elevate downside risk.""}, {""model"": ""Simulated-AI-Macro-Tactical"", ""call"": ""hold"", ""target_price"": 22.69, ""thesis"": ""Balanced near-term catalysts recommend maintaining current position.""}]",-0.03539841034067838,0.18239954809095432,0.1468502411375398
CSGS,2023-09-29,small_cap,0.7327,1.0,0.3317,101.64,4,"[{""model"": ""Simulated-AI-Momentum-Quant"", ""call"": ""hold"", ""target_price"": 102.2, ""thesis"": ""Consolidating trading range warrants a neutral rating until breakout confirmation.""}, {""model"": ""Simulated-AI-Fundamental-Value"", ""call"": ""hold"", ""target_price"": 99.16, ""thesis"": ""Fair valuation reflects balanced risk-reward relative to sector peers.""}, {""model"": ""Simulated-AI-Quality-Compounder"", ""call"": ""hold"", ""target_price"": 104.2, ""thesis"": ""Defensive operational balance sheet balanced by limited immediate re-rating catalysts.""}, {""model"": ""Simulated-AI-Macro-Tactical"", ""call"": ""hold"", ""target_price"": 101.0, ""thesis"": ""Balanced near-term catalysts recommend maintaining current position.""}]",,,
ENSG,2023-09-29,small_cap,0.586,0.75,0.3401,98.34,4,"[{""model"": ""Simulated-AI-Momentum-Quant"", ""call"": ""hold"", ""target_price"": 95.08, ""thesis"": ""Consolidating trading range warrants a neutral rating until breakout confirmation.""}, {""model"": ""Simulated-AI-Fundamental-Value"", ""call"": ""buy"", ""target_price"": 108.63, ""thesis"": ""Recent price softening provides an attractive risk-adjusted entry point against fundamental book value.""}, {""model"": ""Simulated-AI-Quality-Compounder"", ""call"": ""hold"", ""target_price"": 96.26, ""thesis"": ""Defensive operational balance sheet balanced by limited immediate re-rating catalysts.""}, {""model"": ""Simulated-AI-Macro-Tactical"", ""call"": ""hold"", ""target_price"": 93.41, ""thesis"": ""Balanced near-term catalysts recommend maintaining current position.""}]",0.025718260359987005,0.20810235202911895,0.3027271315928972
FIX,2023-09-29,small_cap,0.5994,0.75,0.3736,163.99,4,"[{""model"": ""Simulated-AI-Momentum-Quant"", ""call"": ""hold"", ""target_price"": 171.82, ""thesis"": ""Consolidating trading range warrants a neutral rating until breakout confirmation.""}, {""model"": ""Simulated-AI-Fundamental-Value"", ""call"": ""sell"", ""target_price"": 139.83, ""thesis"": ""Elevated multi-month valuation multiples leave little safety margin against forward earnings revisions.""}, {""model"": ""Simulated-AI-Quality-Compounder"", ""call"": ""hold"", ""target_price"": 173.84, ""thesis"": ""Defensive operational balance sheet balanced by limited immediate re-rating catalysts.""}, {""model"": ""Simulated-AI-Macro-Tactical"", ""call"": ""hold"", ""target_price"": 170.47, ""thesis"": ""Balanced near-term catalysts recommend maintaining current position.""}]",0.053283312206920175,0.20841124460987182,0.8464928692592201
GBCI,2023-09-29,small_cap,0.5751,0.75,0.3128,24.71,4,"[{""model"": ""Simulated-AI-Momentum-Quant"", ""call"": ""sell"", ""target_price"": 22.55, ""thesis"": ""Persistent negative price trajectory (-9.5%) indicates structural distribution headwinds.""}, {""model"": ""Simulated-AI-Fundamental-Value"", ""call"": ""buy"", ""target_price"": 30.16, ""thesis"": ""Recent price softening provides an attractive risk-adjusted entry point against fundamental book value.""}, {""model"": ""Simulated-AI-Quality-Compounder"", ""call"": ""sell"", ""target_price"": 22.8, ""thesis"": ""Heightened earnings volatility and cyclical margin pressures elevate downside risk.""}, {""model"": ""Simulated-AI-Macro-Tactical"", ""call"": ""sell"", ""target_price"": 23.32, ""thesis"": ""Macro headwinds and declining momentum justify a defensive posture.""}]",0.06033082086483842,0.47973868678879084,0.3597701195111794
GPI,2023-09-29,small_cap,0.5539,0.75,0.2599,273.49,4,"[{""model"": ""Simulated-AI-Momentum-Quant"", ""call"": ""hold"", ""target_price"": 264.75, ""thesis"": ""Consolidating trading range warrants a neutral rating until breakout confirmation.""}, {""model"": ""Simulated-AI-Fundamental-Value"", ""call"": ""hold"", ""target_price"": 265.78, ""thesis"": ""Fair valuation reflects balanced risk-reward relative to sector peers.""}, {""model"": ""Simulated-AI-Quality-Compounder"", ""call"": ""buy"", ""target_price"": 296.68, ""thesis"": ""Stable financial profile and durable competitive moat support long-term compounding potential.""}, {""model"": ""Simulated-AI-Macro-Tactical"", ""call"": ""hold"", ""target_price"": 266.73, ""thesis"": ""Balanced near-term catalysts recommend maintaining current position.""}]",-0.08049569609305855,0.1359071762674911,0.04594096663731104
HLNE,2023-09-29,small_cap,0.5829,0.75,0.3323,90.5,4,"[{""model"": ""Simulated-AI-Momentum-Quant"", ""call"": ""buy"", ""target_price"": 98.5, ""thesis"": ""Strong upward medium-term momentum (+13.9%) signals continued institutional accumulation.""}, {""model"": ""Simulated-AI-Fundamental-Value"", ""call"": ""sell"", ""target_price"": 73.35, ""thesis"": ""Elevated multi-month valuation multiples leave little safety margin against forward earnings revisions.""}, {""model"": ""Simulated-AI-Quality-Compounder"", ""call"": ""buy"", ""target_price"": 95.18, ""thesis"": ""Stable financial profile and durable competitive moat support long-term compounding potential.""}, {""model"": ""Simulated-AI-Macro-Tactical"", ""call"": ""buy"", ""target_price"": 94.97, ""thesis"": ""Positive operating execution and robust revenue traction support upside.""}]",-0.0752985918920574,0.2595202081768328,0.23296640410980995
HWKN,2023-09-29,small_cap,0.4324,0.5,0.331,60.4,4,"[{""model"": ""Simulated-AI-Momentum-Quant"", ""call"": ""buy"", ""target_price"": 65.62, ""thesis"": ""Strong upward medium-term momentum (+22.3%) signals continued institutional accumulation.""}, {""model"": ""Simulated-AI-Fundamental-Value"", ""call"": ""sell"", ""target_price"": 47.91, ""thesis"": ""Elevated multi-month valuation multiples leave little safety margin against forward earnings revisions.""}, {""model"": ""Simulated-AI-Quality-Compounder"", ""call"": ""buy"", ""target_price"": 64.57, ""thesis"": ""Stable financial profile and durable competitive moat support long-term compounding potential.""}, {""model"": ""Simulated-AI-Macro-Tactical"", ""call"": ""hold"", ""target_price"": 63.49, ""thesis"": ""Positive operating execution and robust revenue traction support upside.""}]",-0.03398449160756761,0.19961902115903665,0.2687708310629665
IBP,2023-09-29,small_cap,0.4037,0.5,0.2592,117.9,4,"[{""model"": ""Simulated-AI-Momentum-Quant"", ""call"": ""sell"", ""target_price"": 100.57, ""thesis"": ""Persistent negative price trajectory (-9.5%) indicates structural distribution headwinds.""}, {""model"": ""Simulated-AI-Fundamental-Value"", ""call"": ""buy"", ""target_price"": 140.2, ""thesis"": ""Recent price softening provides an attractive risk-adjusted entry point against fundamental book value.""}, {""model"": ""Simulated-AI-Quality-Compounder"", ""call"": ""hold"", ""target_price"": 123.08, ""thesis"": ""Defensive operational balance sheet balanced by limited immediate re-rating catalysts.""}, {""model"": ""Simulated-AI-Macro-Tactical"", ""call"": ""sell"", ""target_price"": 107.76, ""thesis"": ""Macro headwinds and declining momentum justify a defensive posture.""}]",-0.12226760512760003,0.4667419970783763,1.0474828843374002
KAR,2023-09-29,small_cap,0.4054,0.5,0.2635,101.91,4,"[{""model"": ""Simulated-AI-Momentum-Quant"", ""call"": ""sell"", ""target_price"": 85.12, ""thesis"": ""Persistent negative price trajectory (+0.0%) indicates structural distribution headwinds.""}, {""model"": ""Simulated-AI-Fundamental-Value"", ""call"": ""buy"", ""target_price"": 117.3, ""thesis"": ""Recent price softening provides an attractive risk-adjusted entry point against fundamental book value.""}, {""model"": ""Simulated-AI-Quality-Compounder"", ""call"": ""hold"", ""target_price"": 104.2, ""thesis"": ""Defensive operational balance sheet balanced by limited immediate re-rating catalysts.""}, {""model"": ""Simulated-AI-Macro-Tactical"", ""call"": ""hold"", ""target_price"": 101.0, ""thesis"": ""Balanced near-term catalysts recommend maintaining current position.""}]",,,
MC,2023-09-29,small_cap,0.5533,0.75,0.2583,38.73,4,"[{""model"": ""Simulated-AI-Momentum-Quant"", ""call"": ""sell"", ""target_price"": 33.6, ""thesis"": ""Persistent negative price trajectory (+0.5%) indicates structural distribution headwinds.""}, {""model"": ""Simulated-AI-Fundamental-Value"", ""call"": ""hold"", ""target_price"": 40.13, ""thesis"": ""Fair valuation reflects balanced risk-reward relative to sector peers.""}, {""model"": ""Simulated-AI-Quality-Compounder"", ""call"": ""hold"", ""target_price"": 40.97, ""thesis"": ""Defensive operational balance sheet balanced by limited immediate re-rating catalysts.""}, {""model"": ""Simulated-AI-Macro-Tactical"", ""call"": ""hold"", ""target_price"": 40.21, ""thesis"": ""Balanced near-term catalysts recommend maintaining current position.""}]",-0.1090182861178739,0.2618708352160263,0.2668118196850684
OII,2023-09-29,small_cap,0.5834,0.75,0.3334,27.05,4,"[{""model"": ""Simulated-AI-Momentum-Quant"", ""call"": ""buy"", ""target_price"": 29.69, ""thesis"": ""Strong upward medium-term momentum (+33.4%) signals continued institutional accumulation.""}, {""model"": ""Simulated-AI-Fundamental-Value"", ""call"": ""sell"", ""target_price"": 21.76, ""thesis"": ""Elevated multi-month valuation multiples leave little safety margin against forward earnings revisions.""}, {""model"": ""Simulated-AI-Quality-Compounder"", ""call"": ""buy"", ""target_price"": 28.45, ""thesis"": ""Stable financial profile and durable competitive moat support long-term compounding potential.""}, {""model"": ""Simulated-AI-Macro-Tactical"", ""call"": ""buy"", ""target_price"": 28.29, ""thesis"": ""Positive operating execution and robust revenue traction support upside.""}]",-0.12286158366152647,-0.17262825603590196,-0.036158570087685256
PRDO,2023-09-29,small_cap,0.4327,0.5,0.3316,16.86,4,"[{""model"": ""Simulated-AI-Momentum-Quant"", ""call"": ""buy"", ""target_price"": 18.28, ""thesis"": ""Strong upward medium-term momentum (+42.3%) signals continued institutional accumulation.""}, {""model"": ""Simulated-AI-Fundamental-Value"", ""call"": ""sell"", ""target_price"": 13.56, ""thesis"": ""Elevated multi-month valuation multiples leave little safety margin against forward earnings revisions.""}, {""model"": ""Simulated-AI-Quality-Compounder"", ""call"": ""buy"", ""target_price"": 17.89, ""thesis"": ""Stable financial profile and durable competitive moat support long-term compounding potential.""}, {""model"": ""Simulated-AI-Macro-Tactical"", ""call"": ""hold"", ""target_price"": 17.69, ""thesis"": ""Positive operating execution and robust revenue traction support upside.""}]",0.05730987286017465,0.03341854387809377,0.048205330728985994
SHOO,2023-09-29,small_cap,0.586,0.75,0.3401,31.7,4,"[{""model"": ""Simulated-AI-Momentum-Quant"", ""call"": ""hold"", ""target_price"": 30.65, ""thesis"": ""Consolidating trading range warrants a neutral rating until breakout confirmation.""}, {""model"": ""Simulated-AI-Fundamental-Value"", ""call"": ""buy"", ""target_price"": 34.81, ""thesis"": ""Recent price softening provides an attractive risk-adjusted entry point against fundamental book value.""}, {""model"": ""Simulated-AI-Quality-Compounder"", ""call"": ""hold"", ""target_price"": 31.21, ""thesis"": ""Defensive operational balance sheet balanced by limited immediate re-rating catalysts.""}, {""model"": ""Simulated-AI-Macro-Tactical"", ""call"": ""hold"", ""target_price"": 30.14, ""thesis"": ""Balanced near-term catalysts recommend maintaining current position.""}]",0.018570877019436282,0.32882270747861697,0.3205522396749692
SLVM,2023-09-29,small_cap,0.4331,0.5,0.3328,40.4,4,"[{""model"": ""Simulated-AI-Momentum-Quant"", ""call"": ""hold"", ""target_price"": 40.05, ""thesis"": ""Consolidating trading range warrants a neutral rating until breakout confirmation.""}, {""model"": ""Simulated-AI-Fundamental-Value"", ""call"": ""sell"", ""target_price"": 33.5, ""thesis"": ""Elevated multi-month valuation multiples leave little safety margin against forward earnings revisions.""}, {""model"": ""Simulated-AI-Quality-Compounder"", ""call"": ""buy"", ""target_price"": 44.37, ""thesis"": ""Stable financial profile and durable competitive moat support long-term compounding potential.""}, {""model"": ""Simulated-AI-Macro-Tactical"", ""call"": ""buy"", ""target_price"": 43.68, ""thesis"": ""Positive operating execution and robust revenue traction support upside.""}]",0.013382488174701926,0.1331333416009476,0.4399436431764278
AAPL,2023-12-29,large_cap,0.425,0.5,0.3125,208.56,4,"[{""model"": ""Simulated-AI-Momentum-Quant"", ""call"": ""buy"", ""target_price"": 220.03, ""thesis"": ""Strong upward medium-term momentum (+11.0%) signals continued institutional accumulation.""}, {""model"": ""Simulated-AI-Fundamental-Value"", ""call"": ""hold"", ""target_price"": 193.94, ""thesis"": ""Fair valuation reflects balanced risk-reward relative to sector peers.""}, {""model"": ""Simulated-AI-Quality-Compounder"", ""call"": ""buy"", ""target_price"": 211.06, ""thesis"": ""Stable financial profile and durable competitive moat support long-term compounding potential.""}, {""model"": ""Simulated-AI-Macro-Tactical"", ""call"": ""hold"", ""target_price"": 209.23, ""thesis"": ""Positive operating execution and robust revenue traction support upside.""}]",-0.04222740998057786,-0.12192685014709598,0.1470950099677747
MSFT,2023-12-29,large_cap,0.5836,0.75,0.3341,386.47,4,"[{""model"": ""Simulated-AI-Momentum-Quant"", ""call"": ""buy"", ""target_price"": 422.97, ""thesis"": ""Strong upward medium-term momentum (+17.1%) signals continued institutional accumulation.""}, {""model"": ""Simulated-AI-Fundamental-Value"", ""call"": ""sell"", ""target_price"": 307.61, ""thesis"": ""Elevated multi-month valuation multiples leave little safety margin against forward earnings revisions.""}, {""model"": ""Simulated-AI-Quality-Compounder"", ""call"": ""buy"", ""target_price"": 410.3, ""thesis"": ""Stable financial profile and durable competitive moat support long-term compounding potential.""}, {""model"": ""Simulated-AI-Macro-Tactical"", ""call"": ""buy"", ""target_price"": 405.0, ""thesis"": ""Positive operating execution and robust revenue traction support upside.""}]",0.05728102855000076,0.12280440876295248,0.22582518423031883
NVDA,2023-12-29,large_cap,0.5831,0.75,0.3327,51.64,4,"[{""model"": ""Simulated-AI-Momentum-Quant"", ""call"": ""buy"", ""target_price"": 56.06, ""thesis"": ""Strong upward medium-term momentum (+10.6%) signals continued institutional accumulation.""}, {""model"": ""Simulated-AI-Fundamental-Value"", ""call"": ""sell"", ""target_price"": 41.63, ""thesis"": ""Elevated multi-month valuation multiples leave little safety margin against forward earnings revisions.""}, {""model"": ""Simulated-AI-Quality-Compounder"", ""call"": ""buy"", ""target_price"": 54.56, ""thesis"": ""Stable financial profile and durable competitive moat support long-term compounding potential.""}, {""model"": ""Simulated-AI-Macro-Tactical"", ""call"": ""buy"", ""target_price"": 54.32, ""thesis"": ""Positive operating execution and robust revenue traction support upside.""}]",0.24241744176506602,0.8063930147898957,1.4774001500883238
AMZN,2023-12-29,large_cap,0.5834,0.75,0.3336,159.61,4,"[{""model"": ""Simulated-AI-Momentum-Quant"", ""call"": ""buy"", ""target_price"": 174.67, ""thesis"": ""Strong upward medium-term momentum (+17.4%) signals continued institutional accumulation.""}, {""model"": ""Simulated-AI-Fundamental-Value"", ""call"": ""sell"", ""target_price"": 128.24, ""thesis"": ""Elevated multi-month valuation multiples leave little safety margin against forward earnings revisions.""}, {""model"": ""Simulated-AI-Quality-Compounder"", ""call"": ""buy"", ""target_price"": 168.41, ""thesis"": ""Stable financial profile and durable competitive moat support long-term compounding potential.""}, {""model"": ""Simulated-AI-Macro-Tactical"", ""call"": ""buy"", ""target_price"": 167.13, ""thesis"": ""Positive operating execution and robust revenue traction support upside.""}]",0.021455801332457614,0.1892194256814434,0.31630904821873673
GOOGL,2023-12-29,large_cap,0.4229,0.5,0.3071,137.27,4,"[{""model"": ""Simulated-AI-Momentum-Quant"", ""call"": ""hold"", ""target_price"": 139.75, ""thesis"": ""Consolidating trading range warrants a neutral rating until breakout confirmation.""}, {""model"": ""Simulated-AI-Fundamental-Value"", ""call"": ""sell"", ""target_price"": 116.3, ""thesis"": ""Elevated multi-month valuation multiples leave little safety margin against forward earnings revisions.""}, {""model"": ""Simulated-AI-Quality-Compounder"", ""call"": ""buy"", ""target_price"": 153.29, ""thesis"": ""Stable financial profile and durable competitive moat support long-term compounding potential.""}, {""model"": ""Simulated-AI-Macro-Tactical"", ""call"": ""hold"", ""target_price"": 139.75, ""thesis"": ""Balanced near-term catalysts recommend maintaining current position.""}]",0.0029351273665753205,0.10644994707463727,0.3276011032117904
META,2023-12-29,large_cap,0.4122,0.5,0.2805,360.54,4,"[{""model"": ""Simulated-AI-Momentum-Quant"", ""call"": ""buy"", ""target_price"": 398.6, ""thesis"": ""Strong upward medium-term momentum (+15.4%) signals continued institutional accumulation.""}, {""model"": ""Simulated-AI-Fundamental-Value"", ""call"": ""sell"", ""target_price"": 294.21, ""thesis"": ""Elevated multi-month valuation multiples leave little safety margin against forward earnings revisions.""}, {""model"": ""Simulated-AI-Quality-Compounder"", ""call"": ""hold"", ""target_price"": 363.37, ""thesis"": ""Defensive operational balance sheet balanced by limited immediate re-rating catalysts.""}, {""model"": ""Simulated-AI-Macro-Tactical"", ""call"": ""hold"", ""target_price"": 385.97, ""thesis"": ""Positive operating execution and robust revenue traction support upside.""}]",0.10221513320222764,0.40664980922528743,0.44238633251324866
BRK-B,2023-12-29,large_cap,0.4148,0.5,0.287,364.06,4,"[{""model"": ""Simulated-AI-Momentum-Quant"", ""call"": ""buy"", ""target_price"": 406.59, ""thesis"": ""Strong upward medium-term momentum (+2.5%) signals continued institutional accumulation.""}, {""model"": ""Simulated-AI-Fundamental-Value"", ""call"": ""sell"", ""target_price"": 297.1, ""thesis"": ""Elevated multi-month valuation multiples leave little safety margin against forward earnings revisions.""}, {""model"": ""Simulated-AI-Quality-Compounder"", ""call"": ""buy"", ""target_price"": 392.33, ""thesis"": ""Stable financial profile and durable competitive moat support long-term compounding potential.""}, {""model"": ""Simulated-AI-Macro-Tactical"", ""call"": ""hold"", ""target_price"": 360.23, ""thesis"": ""Balanced near-term catalysts recommend maintaining current position.""}]",0.07592661440647692,0.17456403613063537,0.14142320956512922
JPM,2023-12-29,large_cap,0.4324,0.5,0.3311,167.03,4,"[{""model"": ""Simulated-AI-Momentum-Quant"", ""call"": ""buy"", ""target_price"": 181.07, ""thesis"": ""Strong upward medium-term momentum (+19.2%) signals continued institutional accumulation.""}, {""model"": ""Simulated-AI-Fundamental-Value"", ""call"": ""sell"", ""target_price"": 133.86, ""thesis"": ""Elevated multi-month valuation multiples leave little safety margin against forward earnings revisions.""}, {""model"": ""Simulated-AI-Quality-Compounder"", ""call"": ""buy"", ""target_price"": 176.74, ""thesis"": ""Stable financial profile and durable competitive moat support long-term compounding potential.""}, {""model"": ""Simulated-AI-Macro-Tactical"", ""call"": ""hold"", ""target_price"": 176.45, ""thesis"": ""Positive operating execution and robust revenue traction support upside.""}]",0.03136473027861539,0.17628592083860473,0.24246539899359787
V,2023-12-29,large_cap,0.4327,0.5,0.3317,266.88,4,"[{""model"": ""Simulated-AI-Momentum-Quant"", ""call"": ""buy"", ""target_price"": 291.13, ""thesis"": ""Strong upward medium-term momentum (+12.8%) signals continued institutional accumulation.""}, {""model"": ""Simulated-AI-Fundamental-Value"", ""call"": ""sell"", ""target_price"": 210.77, ""thesis"": ""Elevated multi-month valuation multiples leave little safety margin against forward earnings revisions.""}, {""model"": ""Simulated-AI-Quality-Compounder"", ""call"": ""buy"", ""target_price"": 285.11, ""thesis"": ""Stable financial profile and durable competitive moat support long-term compounding potential.""}, {""model"": ""Simulated-AI-Macro-Tactical"", ""call"": ""hold"", ""target_price"": 280.52, ""thesis"": ""Positive operating execution and robust revenue traction support upside.""}]",0.049586880702491516,0.07147762621992726,0.034098302587971696
LLY,2023-12-29,large_cap,0.5745,0.75,0.3112,624.95,4,"[{""model"": ""Simulated-AI-Momentum-Quant"", ""call"": ""buy"", ""target_price"": 650.35, ""thesis"": ""Strong upward medium-term momentum (+8.5%) signals continued institutional accumulation.""}, {""model"": ""Simulated-AI-Fundamental-Value"", ""call"": ""hold"", ""target_price"": 581.24, ""thesis"": ""Fair valuation reflects balanced risk-reward relative to sector peers.""}, {""model"": ""Simulated-AI-Quality-Compounder"", ""call"": ""buy"", ""target_price"": 638.91, ""thesis"": ""Stable financial profile and durable competitive moat support long-term compounding potential.""}, {""model"": ""Simulated-AI-Macro-Tactical"", ""call"": ""buy"", ""target_price"": 629.3, ""thesis"": ""Positive operating execution and robust revenue traction support upside.""}]",0.10754468719470477,0.31287165536179656,0.5608444976416018
UNH,2023-12-29,large_cap,0.5529,0.75,0.2572,486.01,4,"[{""model"": ""Simulated-AI-Momentum-Quant"", ""call"": ""sell"", ""target_price"": 420.87, ""thesis"": ""Persistent negative price trajectory (+2.7%) indicates structural distribution headwinds.""}, {""model"": ""Simulated-AI-Fundamental-Value"", ""call"": ""hold"", ""target_price"": 503.73, ""thesis"": ""Fair valuation reflects balanced risk-reward relative to sector peers.""}, {""model"": ""Simulated-AI-Quality-Compounder"", ""call"": ""hold"", ""target_price"": 515.31, ""thesis"": ""Defensive operational balance sheet balanced by limited immediate re-rating catalysts.""}, {""model"": ""Simulated-AI-Macro-Tactical"", ""call"": ""hold"", ""target_price"": 504.13, ""thesis"": ""Balanced near-term catalysts recommend maintaining current position.""}]",-0.027978847011217733,-0.12635850126669948,-0.04585992619662688
XOM,2023-12-29,large_cap,0.5673,0.75,0.2932,83.71,4,"[{""model"": ""Simulated-AI-Momentum-Quant"", ""call"": ""sell"", ""target_price"": 80.39, ""thesis"": ""Persistent negative price trajectory (-12.7%) indicates structural distribution headwinds.""}, {""model"": ""Simulated-AI-Fundamental-Value"", ""call"": ""hold"", ""target_price"": 90.55, ""thesis"": ""Fair valuation reflects balanced risk-reward relative to sector peers.""}, {""model"": ""Simulated-AI-Quality-Compounder"", ""call"": ""sell"", ""target_price"": 81.6, ""thesis"": ""Heightened earnings volatility and cyclical margin pressures elevate downside risk.""}, {""model"": ""Simulated-AI-Macro-Tactical"", ""call"": ""sell"", ""target_price"": 82.29, ""thesis"": ""Macro headwinds and declining momentum justify a defensive posture.""}]",0.028305668001497752,0.20412642973060235,0.16200452146318092
JNJ,2023-12-29,large_cap,0.4114,0.5,0.2785,135.79,4,"[{""model"": ""Simulated-AI-Momentum-Quant"", ""call"": ""sell"", ""target_price"": 122.68, ""thesis"": ""Persistent negative price trajectory (+1.8%) indicates structural distribution headwinds.""}, {""model"": ""Simulated-AI-Fundamental-Value"", ""call"": ""sell"", ""target_price"": 121.87, ""thesis"": ""Elevated multi-month valuation multiples leave little safety margin against forward earnings revisions.""}, {""model"": ""Simulated-AI-Quality-Compounder"", ""call"": ""hold"", ""target_price"": 152.1, ""thesis"": ""Defensive operational balance sheet balanced by limited immediate re-rating catalysts.""}, {""model"": ""Simulated-AI-Macro-Tactical"", ""call"": ""hold"", ""target_price"": 146.53, ""thesis"": ""Balanced near-term catalysts recommend maintaining current position.""}]",0.013780498745348629,0.013956662125683054,-0.053667569078920035
PG,2023-12-29,large_cap,0.4058,0.5,0.2646,138.81,4,"[{""model"": ""Simulated-AI-Momentum-Quant"", ""call"": ""hold"", ""target_price"": 137.7, ""thesis"": ""Consolidating trading range warrants a neutral rating until breakout confirmation.""}, {""model"": ""Simulated-AI-Fundamental-Value"", ""call"": ""buy"", ""target_price"": 159.37, ""thesis"": ""Recent price softening provides an attractive risk-adjusted entry point against fundamental book value.""}, {""model"": ""Simulated-AI-Quality-Compounder"", ""call"": ""sell"", ""target_price"": 120.53, ""thesis"": ""Heightened earnings volatility and cyclical margin pressures elevate downside risk.""}, {""model"": ""Simulated-AI-Macro-Tactical"", ""call"": ""hold"", ""target_price"": 137.63, ""thesis"": ""Balanced near-term catalysts recommend maintaining current position.""}]",0.07910756049170485,0.10266194183058806,0.1327974408307446
HD,2023-12-29,large_cap,0.5827,0.75,0.3318,338.18,4,"[{""model"": ""Simulated-AI-Momentum-Quant"", ""call"": ""buy"", ""target_price"": 370.31, ""thesis"": ""Strong upward medium-term momentum (+16.4%) signals continued institutional accumulation.""}, {""model"": ""Simulated-AI-Fundamental-Value"", ""call"": ""sell"", ""target_price"": 270.21, ""thesis"": ""Elevated multi-month valuation multiples leave little safety margin against forward earnings revisions.""}, {""model"": ""Simulated-AI-Quality-Compounder"", ""call"": ""buy"", ""target_price"": 356.87, ""thesis"": ""Stable financial profile and durable competitive moat support long-term compounding potential.""}, {""model"": ""Simulated-AI-Macro-Tactical"", ""call"": ""buy"", ""target_price"": 355.32, ""thesis"": ""Positive operating execution and robust revenue traction support upside.""}]",0.01849637292306576,0.05373273756258012,-0.020874492859215905
MA,2023-12-29,large_cap,0.4331,0.5,0.3328,425.49,4,"[{""model"": ""Simulated-AI-Momentum-Quant"", ""call"": ""hold"", ""target_price"": 417.69, ""thesis"": ""Consolidating trading range warrants a neutral rating until breakout confirmation.""}, {""model"": ""Simulated-AI-Fundamental-Value"", ""call"": ""sell"", ""target_price"": 352.87, ""thesis"": ""Elevated multi-month valuation multiples leave little safety margin against forward earnings revisions.""}, {""model"": ""Simulated-AI-Quality-Compounder"", ""call"": ""buy"", ""target_price"": 469.85, ""thesis"": ""Stable financial profile and durable competitive moat support long-term compounding potential.""}, {""model"": ""Simulated-AI-Macro-Tactical"", ""call"": ""buy"", ""target_price"": 461.54, ""thesis"": ""Positive operating execution and robust revenue traction support upside.""}]",0.05492961290991735,0.1258482446977116,0.04562057785013055
COST,2023-12-29,large_cap,0.4117,0.5,0.2792,672.62,4,"[{""model"": ""Simulated-AI-Momentum-Quant"", ""call"": ""buy"", ""target_price"": 753.45, ""thesis"": ""Strong upward medium-term momentum (+18.4%) signals continued institutional accumulation.""}, {""model"": ""Simulated-AI-Fundamental-Value"", ""call"": ""sell"", ""target_price"": 550.52, ""thesis"": ""Elevated multi-month valuation multiples leave little safety margin against forward earnings revisions.""}, {""model"": ""Simulated-AI-Quality-Compounder"", ""call"": ""hold"", ""target_price"": 671.55, ""thesis"": ""Defensive operational balance sheet balanced by limited immediate re-rating catalysts.""}, {""model"": ""Simulated-AI-Macro-Tactical"", ""call"": ""hold"", ""target_price"": 714.97, ""thesis"": ""Positive operating execution and robust revenue traction support upside.""}]",0.05272086213885944,0.07918064392599479,0.3059091233914316
ABBV,2023-12-29,large_cap,0.433,0.5,0.3325,147.88,4,"[{""model"": ""Simulated-AI-Momentum-Quant"", ""call"": ""buy"", ""target_price"": 159.07, ""thesis"": ""Strong upward medium-term momentum (+5.6%) signals continued institutional accumulation.""}, {""model"": ""Simulated-AI-Fundamental-Value"", ""call"": ""sell"", ""target_price"": 117.84, ""thesis"": ""Elevated multi-month valuation multiples leave little safety margin against forward earnings revisions.""}, {""model"": ""Simulated-AI-Quality-Compounder"", ""call"": ""buy"", ""target_price"": 159.38, ""thesis"": ""Stable financial profile and durable competitive moat support long-term compounding potential.""}, {""model"": ""Simulated-AI-Macro-Tactical"", ""call"": ""hold"", ""target_price"": 155.23, ""thesis"": ""Positive operating execution and robust revenue traction support upside.""}]",0.07098645790115796,0.17710769937429385,0.09124570419703315
MRK,2023-12-29,large_cap,0.4331,0.5,0.3328,102.7,4,"[{""model"": ""Simulated-AI-Momentum-Quant"", ""call"": ""hold"", ""target_price"": 101.4, ""thesis"": ""Consolidating trading range warrants a neutral rating until breakout confirmation.""}, {""model"": ""Simulated-AI-Fundamental-Value"", ""call"": ""sell"", ""target_price"": 85.28, ""thesis"": ""Elevated multi-month valuation multiples leave little safety margin against forward earnings revisions.""}, {""model"": ""Simulated-AI-Quality-Compounder"", ""call"": ""buy"", ""target_price"": 113.24, ""thesis"": ""Stable financial profile and durable competitive moat support long-term compounding potential.""}, {""model"": ""Simulated-AI-Macro-Tactical"", ""call"": ""buy"", ""target_price"": 110.88, ""thesis"": ""Positive operating execution and robust revenue traction support upside.""}]",0.10787029639999918,0.20323666368029603,0.18601256849043163
BAC,2023-12-29,large_cap,0.4327,0.5,0.3317,32.84,4,"[{""model"": ""Simulated-AI-Momentum-Quant"", ""call"": ""buy"", ""target_price"": 35.55, ""thesis"": ""Strong upward medium-term momentum (+27.1%) signals continued institutional accumulation.""}, {""model"": ""Simulated-AI-Fundamental-Value"", ""call"": ""sell"", ""target_price"": 26.15, ""thesis"": ""Elevated multi-month valuation multiples leave little safety margin against forward earnings revisions.""}, {""model"": ""Simulated-AI-Quality-Compounder"", ""call"": ""buy"", ""target_price"": 34.93, ""thesis"": ""Stable financial profile and durable competitive moat support long-term compounding potential.""}, {""model"": ""Simulated-AI-Macro-Tactical"", ""call"": ""hold"", ""target_price"": 34.74, ""thesis"": ""Positive operating execution and robust revenue traction support upside.""}]",0.010098022401669505,0.11561498307917882,0.2316311864865322
CVX,2023-12-29,large_cap,0.408,0.5,0.27,125.85,4,"[{""model"": ""Simulated-AI-Momentum-Quant"", ""call"": ""sell"", ""target_price"": 113.7, ""thesis"": ""Persistent negative price trajectory (-9.5%) indicates structural distribution headwinds.""}, {""model"": ""Simulated-AI-Fundamental-Value"", ""call"": ""hold"", ""target_price"": 130.56, ""thesis"": ""Fair valuation reflects balanced risk-reward relative to sector peers.""}, {""model"": ""Simulated-AI-Quality-Compounder"", ""call"": ""hold"", ""target_price"": 139.49, ""thesis"": ""Defensive operational balance sheet balanced by limited immediate re-rating catalysts.""}, {""model"": ""Simulated-AI-Macro-Tactical"", ""call"": ""sell"", ""target_price"": 119.65, ""thesis"": ""Macro headwinds and declining momentum justify a defensive posture.""}]",-0.011598269733768998,0.08288728134959848,0.07307953187782548
CRM,2023-12-29,large_cap,0.5825,0.75,0.3313,270.61,4,"[{""model"": ""Simulated-AI-Momentum-Quant"", ""call"": ""buy"", ""target_price"": 297.57, ""thesis"": ""Strong upward medium-term momentum (+29.2%) signals continued institutional accumulation.""}, {""model"": ""Simulated-AI-Fundamental-Value"", ""call"": ""sell"", ""target_price"": 214.7, ""thesis"": ""Elevated multi-month valuation multiples leave little safety margin against forward earnings revisions.""}, {""model"": ""Simulated-AI-Quality-Compounder"", ""call"": ""buy"", ""target_price"": 285.62, ""thesis"": ""Stable financial profile and durable competitive moat support long-term compounding potential.""}, {""model"": ""Simulated-AI-Macro-Tactical"", ""call"": ""buy"", ""target_price"": 284.54, ""thesis"": ""Positive operating execution and robust revenue traction support upside.""}]",0.06821429515277133,0.15678740377463918,-0.025140291290543126
NFLX,2023-12-29,large_cap,0.5825,0.75,0.3312,51.22,4,"[{""model"": ""Simulated-AI-Momentum-Quant"", ""call"": ""buy"", ""target_price"": 56.29, ""thesis"": ""Strong upward medium-term momentum (+28.0%) signals continued institutional accumulation.""}, {""model"": ""Simulated-AI-Fundamental-Value"", ""call"": ""sell"", ""target_price"": 40.88, ""thesis"": ""Elevated multi-month valuation multiples leave little safety margin against forward earnings revisions.""}, {""model"": ""Simulated-AI-Quality-Compounder"", ""call"": ""buy"", ""target_price"": 54.14, ""thesis"": ""Stable financial profile and durable competitive moat support long-term compounding potential.""}, {""model"": ""Simulated-AI-Macro-Tactical"", ""call"": ""buy"", ""target_price"": 53.56, ""thesis"": ""Positive operating execution and robust revenue traction support upside.""}]",0.15862223990142962,0.2615223829447429,0.3957854207704031
AMD,2023-12-29,large_cap,0.4448,0.5,0.3621,145.43,4,"[{""model"": ""Simulated-AI-Momentum-Quant"", ""call"": ""buy"", ""target_price"": 166.4, ""thesis"": ""Strong upward medium-term momentum (+42.7%) signals continued institutional accumulation.""}, {""model"": ""Simulated-AI-Fundamental-Value"", ""call"": ""sell"", ""target_price"": 123.6, ""thesis"": ""Elevated multi-month valuation multiples leave little safety margin against forward earnings revisions.""}, {""model"": ""Simulated-AI-Quality-Compounder"", ""call"": ""sell"", ""target_price"": 129.57, ""thesis"": ""Heightened earnings volatility and cyclical margin pressures elevate downside risk.""}, {""model"": ""Simulated-AI-Macro-Tactical"", ""call"": ""buy"", ""target_price"": 162.15, ""thesis"": ""Positive operating execution and robust revenue traction support upside.""}]",0.13757545807937385,0.21226506009629567,0.1146461805619532
PEP,2023-12-29,large_cap,0.5994,0.75,0.3736,148.68,4,"[{""model"": ""Simulated-AI-Momentum-Quant"", ""call"": ""hold"", ""target_price"": 154.11, ""thesis"": ""Consolidating trading range warrants a neutral rating until breakout confirmation.""}, {""model"": ""Simulated-AI-Fundamental-Value"", ""call"": ""sell"", ""target_price"": 127.31, ""thesis"": ""Elevated multi-month valuation multiples leave little safety margin against forward earnings revisions.""}, {""model"": ""Simulated-AI-Quality-Compounder"", ""call"": ""hold"", ""target_price"": 158.18, ""thesis"": ""Defensive operational balance sheet balanced by limited immediate re-rating catalysts.""}, {""model"": ""Simulated-AI-Macro-Tactical"", ""call"": ""hold"", ""target_price"": 155.11, ""thesis"": ""Balanced near-term catalysts recommend maintaining current position.""}]",-0.00771318543459983,0.017123929425282285,-0.02185583043054298
KO,2023-12-29,large_cap,0.4262,0.5,0.3155,56.49,4,"[{""model"": ""Simulated-AI-Momentum-Quant"", ""call"": ""buy"", ""target_price"": 61.65, ""thesis"": ""Strong upward medium-term momentum (+7.1%) signals continued institutional accumulation.""}, {""model"": ""Simulated-AI-Fundamental-Value"", ""call"": ""hold"", ""target_price"": 55.56, ""thesis"": ""Fair valuation reflects balanced risk-reward relative to sector peers.""}, {""model"": ""Simulated-AI-Quality-Compounder"", ""call"": ""sell"", ""target_price"": 48.48, ""thesis"": ""Heightened earnings volatility and cyclical margin pressures elevate downside risk.""}, {""model"": ""Simulated-AI-Macro-Tactical"", ""call"": ""buy"", ""target_price"": 60.29, ""thesis"": ""Positive operating execution and robust revenue traction support upside.""}]",0.009502784071240153,0.028866844100779717,0.08856329452304307
TMO,2023-12-29,large_cap,0.434,0.5,0.3349,553.42,4,"[{""model"": ""Simulated-AI-Momentum-Quant"", ""call"": ""buy"", ""target_price"": 608.99, ""thesis"": ""Strong upward medium-term momentum (+7.1%) signals continued institutional accumulation.""}, {""model"": ""Simulated-AI-Fundamental-Value"", ""call"": ""sell"", ""target_price"": 436.42, ""thesis"": ""Elevated multi-month valuation multiples leave little safety margin against forward earnings revisions.""}, {""model"": ""Simulated-AI-Quality-Compounder"", ""call"": ""buy"", ""target_price"": 589.19, ""thesis"": ""Stable financial profile and durable competitive moat support long-term compounding potential.""}, {""model"": ""Simulated-AI-Macro-Tactical"", ""call"": ""hold"", ""target_price"": 579.08, ""thesis"": ""Positive operating execution and robust revenue traction support upside.""}]",0.015429694791563527,0.0775182078583932,0.007263317550754644
WMT,2023-12-29,large_cap,0.4058,0.5,0.2646,52.2,4,"[{""model"": ""Simulated-AI-Momentum-Quant"", ""call"": ""hold"", ""target_price"": 52.46, ""thesis"": ""Consolidating trading range warrants a neutral rating until breakout confirmation.""}, {""model"": ""Simulated-AI-Fundamental-Value"", ""call"": ""buy"", ""target_price"": 59.77, ""thesis"": ""Recent price softening provides an attractive risk-adjusted entry point against fundamental book value.""}, {""model"": ""Simulated-AI-Quality-Compounder"", ""call"": ""sell"", ""target_price"": 44.93, ""thesis"": ""Heightened earnings volatility and cyclical margin pressures elevate downside risk.""}, {""model"": ""Simulated-AI-Macro-Tactical"", ""call"": ""hold"", ""target_price"": 51.62, ""thesis"": ""Balanced near-term catalysts recommend maintaining current position.""}]",0.048208028573558936,0.1296191458488842,0.30424825988659154
MCD,2023-12-29,large_cap,0.4329,0.5,0.3322,290.62,4,"[{""model"": ""Simulated-AI-Momentum-Quant"", ""call"": ""buy"", ""target_price"": 312.97, ""thesis"": ""Strong upward medium-term momentum (+15.7%) signals continued institutional accumulation.""}, {""model"": ""Simulated-AI-Fundamental-Value"", ""call"": ""sell"", ""target_price"": 233.62, ""thesis"": ""Elevated multi-month valuation multiples leave little safety margin against forward earnings revisions.""}, {""model"": ""Simulated-AI-Quality-Compounder"", ""call"": ""buy"", ""target_price"": 310.7, ""thesis"": ""Stable financial profile and durable competitive moat support long-term compounding potential.""}, {""model"": ""Simulated-AI-Macro-Tactical"", ""call"": ""hold"", ""target_price"": 305.21, ""thesis"": ""Positive operating execution and robust revenue traction support upside.""}]",-0.012781851264870813,-0.057973635128846374,-0.15410023121040156
CSCO,2023-12-29,large_cap,0.5569,0.75,0.2673,44.5,4,"[{""model"": ""Simulated-AI-Momentum-Quant"", ""call"": ""sell"", ""target_price"": 39.64, ""thesis"": ""Persistent negative price trajectory (-6.4%) indicates structural distribution headwinds.""}, {""model"": ""Simulated-AI-Fundamental-Value"", ""call"": ""hold"", ""target_price"": 46.45, ""thesis"": ""Fair valuation reflects balanced risk-reward relative to sector peers.""}, {""model"": ""Simulated-AI-Quality-Compounder"", ""call"": ""hold"", ""target_price"": 49.59, ""thesis"": ""Defensive operational balance sheet balanced by limited immediate re-rating catalysts.""}, {""model"": ""Simulated-AI-Macro-Tactical"", ""call"": ""hold"", ""target_price"": 42.31, ""thesis"": ""Macro headwinds and declining momentum justify a defensive posture.""}]",0.0009989534966090678,-0.015358534723229187,-0.049145250077958294
KNSL,2023-12-29,small_cap,0.5738,0.75,0.3096,317.1,4,"[{""model"": ""Simulated-AI-Momentum-Quant"", ""call"": ""sell"", ""target_price"": 286.04, ""thesis"": ""Persistent negative price trajectory (-18.2%) indicates structural distribution headwinds.""}, {""model"": ""Simulated-AI-Fundamental-Value"", ""call"": ""buy"", ""target_price"": 388.55, ""thesis"": ""Recent price softening provides an attractive risk-adjusted entry point against fundamental book value.""}, {""model"": ""Simulated-AI-Quality-Compounder"", ""call"": ""sell"", ""target_price"": 293.91, ""thesis"": ""Heightened earnings volatility and cyclical margin pressures elevate downside risk.""}, {""model"": ""Simulated-AI-Macro-Tactical"", ""call"": ""sell"", ""target_price"": 299.91, ""thesis"": ""Macro headwinds and declining momentum justify a defensive posture.""}]",0.1870950040382259,0.39735492768420677,0.13971208488672315
SAIA,2023-12-29,small_cap,0.4249,0.5,0.3122,450.83,4,"[{""model"": ""Simulated-AI-Momentum-Quant"", ""call"": ""buy"", ""target_price"": 495.01, ""thesis"": ""Strong upward medium-term momentum (+9.6%) signals continued institutional accumulation.""}, {""model"": ""Simulated-AI-Fundamental-Value"", ""call"": ""hold"", ""target_price"": 442.6, ""thesis"": ""Fair valuation reflects balanced risk-reward relative to sector peers.""}, {""model"": ""Simulated-AI-Quality-Compounder"", ""call"": ""sell"", ""target_price"": 383.66, ""thesis"": ""Heightened earnings volatility and cyclical margin pressures elevate downside risk.""}, {""model"": ""Simulated-AI-Macro-Tactical"", ""call"": ""hold"", ""target_price"": 482.04, ""thesis"": ""Positive operating execution and robust revenue traction support upside.""}]",0.02820497767589931,0.31637073557725487,0.06423712705506347
MEDP,2023-12-29,small_cap,0.4451,0.5,0.3626,302.58,4,"[{""model"": ""Simulated-AI-Momentum-Quant"", ""call"": ""buy"", ""target_price"": 345.28, ""thesis"": ""Strong upward medium-term momentum (+26.4%) signals continued institutional accumulation.""}, {""model"": ""Simulated-AI-Fundamental-Value"", ""call"": ""sell"", ""target_price"": 258.1, ""thesis"": ""Elevated multi-month valuation multiples leave little safety margin against forward earnings revisions.""}, {""model"": ""Simulated-AI-Quality-Compounder"", ""call"": ""sell"", ""target_price"": 269.75, ""thesis"": ""Heightened earnings volatility and cyclical margin pressures elevate downside risk.""}, {""model"": ""Simulated-AI-Macro-Tactical"", ""call"": ""buy"", ""target_price"": 337.18, ""thesis"": ""Positive operating execution and robust revenue traction support upside.""}]",-0.04877177524733993,0.2804946051894717,0.31934888930371474
SSD,2023-12-29,small_cap,0.5834,0.75,0.3334,203.64,4,"[{""model"": ""Simulated-AI-Momentum-Quant"", ""call"": ""buy"", ""target_price"": 219.22, ""thesis"": ""Strong upward medium-term momentum (+33.4%) signals continued institutional accumulation.""}, {""model"": ""Simulated-AI-Fundamental-Value"", ""call"": ""sell"", ""target_price"": 165.02, ""thesis"": ""Elevated multi-month valuation multiples leave little safety margin against forward earnings revisions.""}, {""model"": ""Simulated-AI-Quality-Compounder"", ""call"": ""buy"", ""target_price"": 216.38, ""thesis"": ""Stable financial profile and durable competitive moat support long-term compounding potential.""}, {""model"": ""Simulated-AI-Macro-Tactical"", ""call"": ""buy"", ""target_price"": 213.93, ""thesis"": ""Positive operating execution and robust revenue traction support upside.""}]",-0.0845404334097148,-0.006747395002751868,-0.16426980635477695
EXPO,2023-12-29,small_cap,0.5539,0.75,0.2599,87.05,4,"[{""model"": ""Simulated-AI-Momentum-Quant"", ""call"": ""hold"", ""target_price"": 85.6, ""thesis"": ""Consolidating trading range warrants a neutral rating until breakout confirmation.""}, {""model"": ""Simulated-AI-Fundamental-Value"", ""call"": ""hold"", ""target_price"": 84.09, ""thesis"": ""Fair valuation reflects balanced risk-reward relative to sector peers.""}, {""model"": ""Simulated-AI-Quality-Compounder"", ""call"": ""buy"", ""target_price"": 93.21, ""thesis"": ""Stable financial profile and durable competitive moat support long-term compounding potential.""}, {""model"": ""Simulated-AI-Macro-Tactical"", ""call"": ""hold"", ""target_price"": 85.3, ""thesis"": ""Balanced near-term catalysts recommend maintaining current position.""}]",0.0017037561766920085,-0.08464328615642326,0.0738693611686678
FORM,2023-12-29,small_cap,0.4329,0.5,0.3322,43.66,4,"[{""model"": ""Simulated-AI-Momentum-Quant"", ""call"": ""buy"", ""target_price"": 47.88, ""thesis"": ""Strong upward medium-term momentum (+23.8%) signals continued institutional accumulation.""}, {""model"": ""Simulated-AI-Fundamental-Value"", ""call"": ""sell"", ""target_price"": 34.68, ""thesis"": ""Elevated multi-month valuation multiples leave little safety margin against forward earnings revisions.""}, {""model"": ""Simulated-AI-Quality-Compounder"", ""call"": ""buy"", ""target_price"": 46.21, ""thesis"": ""Stable financial profile and durable competitive moat support long-term compounding potential.""}, {""model"": ""Simulated-AI-Macro-Tactical"", ""call"": ""hold"", ""target_price"": 45.88, ""thesis"": ""Positive operating execution and robust revenue traction support upside.""}]",-0.07048666246083556,0.0879885414576479,0.46080080658304634
CRVL,2023-12-29,small_cap,0.4123,0.5,0.2808,84.55,4,"[{""model"": ""Simulated-AI-Momentum-Quant"", ""call"": ""buy"", ""target_price"": 93.54, ""thesis"": ""Strong upward medium-term momentum (+24.9%) signals continued institutional accumulation.""}, {""model"": ""Simulated-AI-Fundamental-Value"", ""call"": ""sell"", ""target_price"": 68.97, ""thesis"": ""Elevated multi-month valuation multiples leave little safety margin against forward earnings revisions.""}, {""model"": ""Simulated-AI-Quality-Compounder"", ""call"": ""hold"", ""target_price"": 85.07, ""thesis"": ""Defensive operational balance sheet balanced by limited immediate re-rating catalysts.""}, {""model"": ""Simulated-AI-Macro-Tactical"", ""call"": ""buy"", ""target_price"": 90.64, ""thesis"": ""Positive operating execution and robust revenue traction support upside.""}]",-0.04801583590799545,0.009910589707956007,0.04635734304128317
TKR,2023-12-29,small_cap,0.433,0.5,0.3325,80.28,4,"[{""model"": ""Simulated-AI-Momentum-Quant"", ""call"": ""buy"", ""target_price"": 88.45, ""thesis"": ""Strong upward medium-term momentum (+10.7%) signals continued institutional accumulation.""}, {""model"": ""Simulated-AI-Fundamental-Value"", ""call"": ""sell"", ""target_price"": 63.84, ""thesis"": ""Elevated multi-month valuation multiples leave little safety margin against forward earnings revisions.""}, {""model"": ""Simulated-AI-Quality-Compounder"", ""call"": ""buy"", ""target_price"": 84.45, ""thesis"": ""Stable financial profile and durable competitive moat support long-term compounding potential.""}, {""model"": ""Simulated-AI-Macro-Tactical"", ""call"": ""hold"", ""target_price"": 84.4, ""thesis"": ""Positive operating execution and robust revenue traction support upside.""}]",0.021959125063298793,0.08236374615099103,0.00013313501949150378
POWI,2023-12-29,small_cap,0.5747,0.75,0.3118,85.93,4,"[{""model"": ""Simulated-AI-Momentum-Quant"", ""call"": ""buy"", ""target_price"": 88.94, ""thesis"": ""Strong upward medium-term momentum (+7.3%) signals continued institutional accumulation.""}, {""model"": ""Simulated-AI-Fundamental-Value"", ""call"": ""hold"", ""target_price"": 80.3, ""thesis"": ""Fair valuation reflects balanced risk-reward relative to sector peers.""}, {""model"": ""Simulated-AI-Quality-Compounder"", ""call"": ""buy"", ""target_price"": 87.8, ""thesis"": ""Stable financial profile and durable competitive moat support long-term compounding potential.""}, {""model"": ""Simulated-AI-Macro-Tactical"", ""call"": ""buy"", ""target_price"": 86.67, ""thesis"": ""Positive operating execution and robust revenue traction support upside.""}]",-0.08707861822945943,-0.15775906018919966,-0.13593249273640395
CALM,2023-12-29,small_cap,0.4447,0.5,0.3617,49.05,4,"[{""model"": ""Simulated-AI-Momentum-Quant"", ""call"": ""buy"", ""target_price"": 56.45, ""thesis"": ""Strong upward medium-term momentum (+20.8%) signals continued institutional accumulation.""}, {""model"": ""Simulated-AI-Fundamental-Value"", ""call"": ""sell"", ""target_price"": 41.25, ""thesis"": ""Elevated multi-month valuation multiples leave little safety margin against forward earnings revisions.""}, {""model"": ""Simulated-AI-Quality-Compounder"", ""call"": ""sell"", ""target_price"": 43.76, ""thesis"": ""Heightened earnings volatility and cyclical margin pressures elevate downside risk.""}, {""model"": ""Simulated-AI-Macro-Tactical"", ""call"": ""buy"", ""target_price"": 54.74, ""thesis"": ""Positive operating execution and robust revenue traction support upside.""}]",-0.03228734169452025,0.028653061850295914,0.09845926221213701
PLUS,2023-12-29,small_cap,0.4125,0.5,0.2813,80.34,4,"[{""model"": ""Simulated-AI-Momentum-Quant"", ""call"": ""buy"", ""target_price"": 88.34, ""thesis"": ""Strong upward medium-term momentum (+23.5%) signals continued institutional accumulation.""}, {""model"": ""Simulated-AI-Fundamental-Value"", ""call"": ""sell"", ""target_price"": 65.23, ""thesis"": ""Elevated multi-month valuation multiples leave little safety margin against forward earnings revisions.""}, {""model"": ""Simulated-AI-Quality-Compounder"", ""call"": ""hold"", ""target_price"": 81.36, ""thesis"": ""Defensive operational balance sheet balanced by limited immediate re-rating catalysts.""}, {""model"": ""Simulated-AI-Macro-Tactical"", ""call"": ""hold"", ""target_price"": 86.45, ""thesis"": ""Positive operating execution and robust revenue traction support upside.""}]",-0.05385774760488067,-0.04609201277396976,-0.07740483960454865
FSS,2023-12-29,small_cap,0.4329,0.5,0.3323,79.64,4,"[{""model"": ""Simulated-AI-Momentum-Quant"", ""call"": ""buy"", ""target_price"": 87.38, ""thesis"": ""Strong upward medium-term momentum (+28.9%) signals continued institutional accumulation.""}, {""model"": ""Simulated-AI-Fundamental-Value"", ""call"": ""sell"", ""target_price"": 64.02, ""thesis"": ""Elevated multi-month valuation multiples leave little safety margin against forward earnings revisions.""}, {""model"": ""Simulated-AI-Quality-Compounder"", ""call"": ""buy"", ""target_price"": 84.01, ""thesis"": ""Stable financial profile and durable competitive moat support long-term compounding potential.""}, {""model"": ""Simulated-AI-Macro-Tactical"", ""call"": ""hold"", ""target_price"": 83.15, ""thesis"": ""Positive operating execution and robust revenue traction support upside.""}]",0.0031274116699237776,0.09536147872623253,0.08732629668230928
AMWD,2023-12-29,small_cap,0.3809,0.5,0.2022,93.47,4,"[{""model"": ""Simulated-AI-Momentum-Quant"", ""call"": ""sell"", ""target_price"": 84.32, ""thesis"": ""Persistent negative price trajectory (+0.0%) indicates structural distribution headwinds.""}, {""model"": ""Simulated-AI-Fundamental-Value"", ""call"": ""hold"", ""target_price"": 100.68, ""thesis"": ""Fair valuation reflects balanced risk-reward relative to sector peers.""}, {""model"": ""Simulated-AI-Quality-Compounder"", ""call"": ""sell"", ""target_price"": 87.9, ""thesis"": ""Heightened earnings volatility and cyclical margin pressures elevate downside risk.""}, {""model"": ""Simulated-AI-Macro-Tactical"", ""call"": ""hold"", ""target_price"": 101.0, ""thesis"": ""Balanced near-term catalysts recommend maintaining current position.""}]",,,
ATKR,2023-12-29,small_cap,0.5828,0.75,0.3321,158.97,4,"[{""model"": ""Simulated-AI-Momentum-Quant"", ""call"": ""buy"", ""target_price"": 171.85, ""thesis"": ""Strong upward medium-term momentum (+10.3%) signals continued institutional accumulation.""}, {""model"": ""Simulated-AI-Fundamental-Value"", ""call"": ""sell"", ""target_price"": 127.0, ""thesis"": ""Elevated multi-month valuation multiples leave little safety margin against forward earnings revisions.""}, {""model"": ""Simulated-AI-Quality-Compounder"", ""call"": ""buy"", ""target_price"": 168.6, ""thesis"": ""Stable financial profile and durable competitive moat support long-term compounding potential.""}, {""model"": ""Simulated-AI-Macro-Tactical"", ""call"": ""buy"", ""target_price"": 168.42, ""thesis"": ""Positive operating execution and robust revenue traction support upside.""}]",-0.046687615106795186,0.159571802721902,-0.17778603291157408
BRC,2023-12-29,small_cap,0.4121,0.5,0.2802,58.31,4,"[{""model"": ""Simulated-AI-Momentum-Quant"", ""call"": ""buy"", ""target_price"": 64.78, ""thesis"": ""Strong upward medium-term momentum (+7.8%) signals continued institutional accumulation.""}, {""model"": ""Simulated-AI-Fundamental-Value"", ""call"": ""sell"", ""target_price"": 47.73, ""thesis"": ""Elevated multi-month valuation multiples leave little safety margin against forward earnings revisions.""}, {""model"": ""Simulated-AI-Quality-Compounder"", ""call"": ""hold"", ""target_price"": 58.52, ""thesis"": ""Defensive operational balance sheet balanced by limited immediate re-rating catalysts.""}, {""model"": ""Simulated-AI-Macro-Tactical"", ""call"": ""buy"", ""target_price"": 62.21, ""thesis"": ""Positive operating execution and robust revenue traction support upside.""}]",0.03025746685033445,0.009559978171982588,0.11350575866089485
CNO,2023-12-29,small_cap,0.4116,0.5,0.2791,27.38,4,"[{""model"": ""Simulated-AI-Momentum-Quant"", ""call"": ""buy"", ""target_price"": 30.69, ""thesis"": ""Strong upward medium-term momentum (+19.2%) signals continued institutional accumulation.""}, {""model"": ""Simulated-AI-Fundamental-Value"", ""call"": ""sell"", ""target_price"": 22.21, ""thesis"": ""Elevated multi-month valuation multiples leave little safety margin against forward earnings revisions.""}, {""model"": ""Simulated-AI-Quality-Compounder"", ""call"": ""hold"", ""target_price"": 27.37, ""thesis"": ""Defensive operational balance sheet balanced by limited immediate re-rating catalysts.""}, {""model"": ""Simulated-AI-Macro-Tactical"", ""call"": ""buy"", ""target_price"": 29.23, ""thesis"": ""Positive operating execution and robust revenue traction support upside.""}]",-0.025806522463451078,-0.030065392879091275,0.019817761833142294
CSGS,2023-12-29,small_cap,0.5994,0.75,0.3736,97.99,4,"[{""model"": ""Simulated-AI-Momentum-Quant"", ""call"": ""hold"", ""target_price"": 103.3, ""thesis"": ""Consolidating trading range warrants a neutral rating until breakout confirmation.""}, {""model"": ""Simulated-AI-Fundamental-Value"", ""call"": ""sell"", ""target_price"": 82.85, ""thesis"": ""Elevated multi-month valuation multiples leave little safety margin against forward earnings revisions.""}, {""model"": ""Simulated-AI-Quality-Compounder"", ""call"": ""hold"", ""target_price"": 104.8, ""thesis"": ""Defensive operational balance sheet balanced by limited immediate re-rating catalysts.""}, {""model"": ""Simulated-AI-Macro-Tactical"", ""call"": ""hold"", ""target_price"": 101.0, ""thesis"": ""Balanced near-term catalysts recommend maintaining current position.""}]",,,
ENSG,2023-12-29,small_cap,0.4325,0.5,0.3311,117.13,4,"[{""model"": ""Simulated-AI-Momentum-Quant"", ""call"": ""buy"", ""target_price"": 128.53, ""thesis"": ""Strong upward medium-term momentum (+22.0%) signals continued institutional accumulation.""}, {""model"": ""Simulated-AI-Fundamental-Value"", ""call"": ""sell"", ""target_price"": 93.8, ""thesis"": ""Elevated multi-month valuation multiples leave little safety margin against forward earnings revisions.""}, {""model"": ""Simulated-AI-Quality-Compounder"", ""call"": ""buy"", ""target_price"": 123.31, ""thesis"": ""Stable financial profile and durable competitive moat support long-term compounding potential.""}, {""model"": ""Simulated-AI-Macro-Tactical"", ""call"": ""hold"", ""target_price"": 122.9, ""thesis"": ""Positive operating execution and robust revenue traction support upside.""}]",0.009000985026854246,0.07832513479081242,0.1233747842138419
FIX,2023-12-29,small_cap,0.4122,0.5,0.2804,210.17,4,"[{""model"": ""Simulated-AI-Momentum-Quant"", ""call"": ""buy"", ""target_price"": 235.29, ""thesis"": ""Strong upward medium-term momentum (+23.9%) signals continued institutional accumulation.""}, {""model"": ""Simulated-AI-Fundamental-Value"", ""call"": ""sell"", ""target_price"": 170.31, ""thesis"": ""Elevated multi-month valuation multiples leave little safety margin against forward earnings revisions.""}, {""model"": ""Simulated-AI-Quality-Compounder"", ""call"": ""hold"", ""target_price"": 210.73, ""thesis"": ""Defensive operational balance sheet balanced by limited immediate re-rating catalysts.""}, {""model"": ""Simulated-AI-Macro-Tactical"", ""call"": ""buy"", ""target_price"": 224.36, ""thesis"": ""Positive operating execution and robust revenue traction support upside.""}]",0.05737341272602264,0.5280335047323637,0.43117053343178846
GBCI,2023-12-29,small_cap,0.5834,0.75,0.3334,40.37,4,"[{""model"": ""Simulated-AI-Momentum-Quant"", ""call"": ""buy"", ""target_price"": 44.23, ""thesis"": ""Strong upward medium-term momentum (+46.6%) signals continued institutional accumulation.""}, {""model"": ""Simulated-AI-Fundamental-Value"", ""call"": ""sell"", ""target_price"": 31.99, ""thesis"": ""Elevated multi-month valuation multiples leave little safety margin against forward earnings revisions.""}, {""model"": ""Simulated-AI-Quality-Compounder"", ""call"": ""buy"", ""target_price"": 43.09, ""thesis"": ""Stable financial profile and durable competitive moat support long-term compounding potential.""}, {""model"": ""Simulated-AI-Macro-Tactical"", ""call"": ""buy"", ""target_price"": 42.17, ""thesis"": ""Positive operating execution and robust revenue traction support upside.""}]",-0.06437556930396583,-0.08107415745002759,-0.08186566157448436
GPI,2023-12-29,small_cap,0.5828,0.75,0.332,313.74,4,"[{""model"": ""Simulated-AI-Momentum-Quant"", ""call"": ""buy"", ""target_price"": 341.02, ""thesis"": ""Strong upward medium-term momentum (+16.9%) signals continued institutional accumulation.""}, {""model"": ""Simulated-AI-Fundamental-Value"", ""call"": ""sell"", ""target_price"": 247.48, ""thesis"": ""Elevated multi-month valuation multiples leave little safety margin against forward earnings revisions.""}, {""model"": ""Simulated-AI-Quality-Compounder"", ""call"": ""buy"", ""target_price"": 336.46, ""thesis"": ""Stable financial profile and durable competitive moat support long-term compounding potential.""}, {""model"": ""Simulated-AI-Macro-Tactical"", ""call"": ""buy"", ""target_price"": 329.98, ""thesis"": ""Positive operating execution and robust revenue traction support upside.""}]",-0.14661676776460647,-0.07920207875242283,-0.035534503347086646
HLNE,2023-12-29,small_cap,0.4115,0.5,0.2788,111.4,4,"[{""model"": ""Simulated-AI-Momentum-Quant"", ""call"": ""buy"", ""target_price"": 123.96, ""thesis"": ""Strong upward medium-term momentum (+27.7%) signals continued institutional accumulation.""}, {""model"": ""Simulated-AI-Fundamental-Value"", ""call"": ""sell"", ""target_price"": 89.93, ""thesis"": ""Elevated multi-month valuation multiples leave little safety margin against forward earnings revisions.""}, {""model"": ""Simulated-AI-Quality-Compounder"", ""call"": ""hold"", ""target_price"": 112.09, ""thesis"": ""Defensive operational balance sheet balanced by limited immediate re-rating catalysts.""}, {""model"": ""Simulated-AI-Macro-Tactical"", ""call"": ""buy"", ""target_price"": 119.61, ""thesis"": ""Positive operating execution and robust revenue traction support upside.""}]",0.02203803695426564,-0.021082475608279215,0.1311651071091661
HWKN,2023-12-29,small_cap,0.5831,0.75,0.3328,72.57,4,"[{""model"": ""Simulated-AI-Momentum-Quant"", ""call"": ""buy"", ""target_price"": 80.1, ""thesis"": ""Strong upward medium-term momentum (+17.2%) signals continued institutional accumulation.""}, {""model"": ""Simulated-AI-Fundamental-Value"", ""call"": ""sell"", ""target_price"": 57.43, ""thesis"": ""Elevated multi-month valuation multiples leave little safety margin against forward earnings revisions.""}, {""model"": ""Simulated-AI-Quality-Compounder"", ""call"": ""buy"", ""target_price"": 76.58, ""thesis"": ""Stable financial profile and durable competitive moat support long-term compounding potential.""}, {""model"": ""Simulated-AI-Macro-Tactical"", ""call"": ""buy"", ""target_price"": 76.16, ""thesis"": ""Positive operating execution and robust revenue traction support upside.""}]",-0.054671929310194184,0.05764480946385579,0.2669656734919949
IBP,2023-12-29,small_cap,0.4466,0.5,0.3665,172.75,4,"[{""model"": ""Simulated-AI-Momentum-Quant"", ""call"": ""buy"", ""target_price"": 197.81, ""thesis"": ""Strong upward medium-term momentum (+49.0%) signals continued institutional accumulation.""}, {""model"": ""Simulated-AI-Fundamental-Value"", ""call"": ""sell"", ""target_price"": 145.93, ""thesis"": ""Elevated multi-month valuation multiples leave little safety margin against forward earnings revisions.""}, {""model"": ""Simulated-AI-Quality-Compounder"", ""call"": ""sell"", ""target_price"": 154.1, ""thesis"": ""Heightened earnings volatility and cyclical margin pressures elevate downside risk.""}, {""model"": ""Simulated-AI-Macro-Tactical"", ""call"": ""buy"", ""target_price"": 193.17, ""thesis"": ""Positive operating execution and robust revenue traction support upside.""}]",0.06580249606161674,0.3959393597618461,0.09797020123334604
KAR,2023-12-29,small_cap,0.7327,1.0,0.3317,102.47,4,"[{""model"": ""Simulated-AI-Momentum-Quant"", ""call"": ""hold"", ""target_price"": 102.6, ""thesis"": ""Consolidating trading range warrants a neutral rating until breakout confirmation.""}, {""model"": ""Simulated-AI-Fundamental-Value"", ""call"": ""hold"", ""target_price"": 100.64, ""thesis"": ""Fair valuation reflects balanced risk-reward relative to sector peers.""}, {""model"": ""Simulated-AI-Quality-Compounder"", ""call"": ""hold"", ""target_price"": 105.64, ""thesis"": ""Defensive operational balance sheet balanced by limited immediate re-rating catalysts.""}, {""model"": ""Simulated-AI-Macro-Tactical"", ""call"": ""hold"", ""target_price"": 101.0, ""thesis"": ""Balanced near-term catalysts recommend maintaining current position.""}]",,,
MC,2023-12-29,small_cap,0.5825,0.75,0.3313,52.65,4,"[{""model"": ""Simulated-AI-Momentum-Quant"", ""call"": ""buy"", ""target_price"": 58.23, ""thesis"": ""Strong upward medium-term momentum (+29.3%) signals continued institutional accumulation.""}, {""model"": ""Simulated-AI-Fundamental-Value"", ""call"": ""sell"", ""target_price"": 41.72, ""thesis"": ""Elevated multi-month valuation multiples leave little safety margin against forward earnings revisions.""}, {""model"": ""Simulated-AI-Quality-Compounder"", ""call"": ""buy"", ""target_price"": 55.4, ""thesis"": ""Stable financial profile and durable competitive moat support long-term compounding potential.""}, {""model"": ""Simulated-AI-Macro-Tactical"", ""call"": ""buy"", ""target_price"": 55.25, ""thesis"": ""Positive operating execution and robust revenue traction support upside.""}]",-0.02066629109772517,0.003915602398557892,0.042811593749435016
OII,2023-12-29,small_cap,0.5748,0.75,0.312,20.24,4,"[{""model"": ""Simulated-AI-Momentum-Quant"", ""call"": ""sell"", ""target_price"": 18.45, ""thesis"": ""Persistent negative price trajectory (-13.6%) indicates structural distribution headwinds.""}, {""model"": ""Simulated-AI-Fundamental-Value"", ""call"": ""buy"", ""target_price"": 24.5, ""thesis"": ""Recent price softening provides an attractive risk-adjusted entry point against fundamental book value.""}, {""model"": ""Simulated-AI-Quality-Compounder"", ""call"": ""sell"", ""target_price"": 18.85, ""thesis"": ""Heightened earnings volatility and cyclical margin pressures elevate downside risk.""}, {""model"": ""Simulated-AI-Macro-Tactical"", ""call"": ""sell"", ""target_price"": 19.15, ""thesis"": ""Macro headwinds and declining momentum justify a defensive posture.""}]",-0.02349623984334645,0.1649436144560171,0.11748119921673225
PRDO,2023-12-29,small_cap,0.5994,0.75,0.3736,16.3,4,"[{""model"": ""Simulated-AI-Momentum-Quant"", ""call"": ""hold"", ""target_price"": 17.05, ""thesis"": ""Consolidating trading range warrants a neutral rating until breakout confirmation.""}, {""model"": ""Simulated-AI-Fundamental-Value"", ""call"": ""sell"", ""target_price"": 13.91, ""thesis"": ""Elevated multi-month valuation multiples leave little safety margin against forward earnings revisions.""}, {""model"": ""Simulated-AI-Quality-Compounder"", ""call"": ""hold"", ""target_price"": 17.44, ""thesis"": ""Defensive operational balance sheet balanced by limited immediate re-rating catalysts.""}, {""model"": ""Simulated-AI-Macro-Tactical"", ""call"": ""hold"", ""target_price"": 16.79, ""thesis"": ""Balanced near-term catalysts recommend maintaining current position.""}]",0.03075187730050648,0.014308613812368873,0.21556989442773922
SHOO,2023-12-29,small_cap,0.4332,0.5,0.3329,41.48,4,"[{""model"": ""Simulated-AI-Momentum-Quant"", ""call"": ""buy"", ""target_price"": 45.09, ""thesis"": ""Strong upward medium-term momentum (+32.8%) signals continued institutional accumulation.""}, {""model"": ""Simulated-AI-Fundamental-Value"", ""call"": ""sell"", ""target_price"": 33.08, ""thesis"": ""Elevated multi-month valuation multiples leave little safety margin against forward earnings revisions.""}, {""model"": ""Simulated-AI-Quality-Compounder"", ""call"": ""buy"", ""target_price"": 44.1, ""thesis"": ""Stable financial profile and durable competitive moat support long-term compounding potential.""}, {""model"": ""Simulated-AI-Macro-Tactical"", ""call"": ""hold"", ""target_price"": 43.63, ""thesis"": ""Positive operating execution and robust revenue traction support upside.""}]",-0.0028569963705826493,-0.006223906136688918,0.010505985879217764
SLVM,2023-12-29,small_cap,0.5738,0.75,0.3094,49.09,4,"[{""model"": ""Simulated-AI-Momentum-Quant"", ""call"": ""buy"", ""target_price"": 50.8, ""thesis"": ""Strong upward medium-term momentum (+16.4%) signals continued institutional accumulation.""}, {""model"": ""Simulated-AI-Fundamental-Value"", ""call"": ""hold"", ""target_price"": 45.85, ""thesis"": ""Fair valuation reflects balanced risk-reward relative to sector peers.""}, {""model"": ""Simulated-AI-Quality-Compounder"", ""call"": ""buy"", ""target_price"": 50.23, ""thesis"": ""Stable financial profile and durable competitive moat support long-term compounding potential.""}, {""model"": ""Simulated-AI-Macro-Tactical"", ""call"": ""buy"", ""target_price"": 49.5, ""thesis"": ""Positive operating execution and robust revenue traction support upside.""}]",-0.048822874954179495,0.2707627516652217,0.3999327570263482
AAPL,2024-03-28,large_cap,0.4249,0.5,0.3123,161.97,4,"[{""model"": ""Simulated-AI-Momentum-Quant"", ""call"": ""sell"", ""target_price"": 146.29, ""thesis"": ""Persistent negative price trajectory (-11.3%) indicates structural distribution headwinds.""}, {""model"": ""Simulated-AI-Fundamental-Value"", ""call"": ""buy"", ""target_price"": 196.6, ""thesis"": ""Recent price softening provides an attractive risk-adjusted entry point against fundamental book value.""}, {""model"": ""Simulated-AI-Quality-Compounder"", ""call"": ""sell"", ""target_price"": 152.33, ""thesis"": ""Heightened earnings volatility and cyclical margin pressures elevate downside risk.""}, {""model"": ""Simulated-AI-Macro-Tactical"", ""call"": ""hold"", ""target_price"": 152.67, ""thesis"": ""Macro headwinds and declining momentum justify a defensive posture.""}]",0.01177997249057945,0.22991424152681153,0.3317179876906542
MSFT,2024-03-28,large_cap,0.4239,0.5,0.3098,451.46,4,"[{""model"": ""Simulated-AI-Momentum-Quant"", ""call"": ""buy"", ""target_price"": 475.75, ""thesis"": ""Strong upward medium-term momentum (+12.3%) signals continued institutional accumulation.""}, {""model"": ""Simulated-AI-Fundamental-Value"", ""call"": ""hold"", ""target_price"": 417.48, ""thesis"": ""Fair valuation reflects balanced risk-reward relative to sector peers.""}, {""model"": ""Simulated-AI-Quality-Compounder"", ""call"": ""buy"", ""target_price"": 458.66, ""thesis"": ""Stable financial profile and durable competitive moat support long-term compounding potential.""}, {""model"": ""Simulated-AI-Macro-Tactical"", ""call"": ""hold"", ""target_price"": 453.96, ""thesis"": ""Positive operating execution and robust revenue traction support upside.""}]",-0.043900923984781556,0.06426179199065278,0.02102314953467979
NVDA,2024-03-28,large_cap,0.445,0.5,0.3625,89.62,4,"[{""model"": ""Simulated-AI-Momentum-Quant"", ""call"": ""buy"", ""target_price"": 104.44, ""thesis"": ""Strong upward medium-term momentum (+82.5%) signals continued institutional accumulation.""}, {""model"": ""Simulated-AI-Fundamental-Value"", ""call"": ""sell"", ""target_price"": 75.86, ""thesis"": ""Elevated multi-month valuation multiples leave little safety margin against forward earnings revisions.""}, {""model"": ""Simulated-AI-Quality-Compounder"", ""call"": ""sell"", ""target_price"": 79.06, ""thesis"": ""Heightened earnings volatility and cyclical margin pressures elevate downside risk.""}, {""model"": ""Simulated-AI-Macro-Tactical"", ""call"": ""buy"", ""target_price"": 99.11, ""thesis"": ""Positive operating execution and robust revenue traction support upside.""}]",-0.028764036723412375,0.36737070904712144,0.3437994544885971
AMZN,2024-03-28,large_cap,0.4451,0.5,0.3627,178.81,4,"[{""model"": ""Simulated-AI-Momentum-Quant"", ""call"": ""buy"", ""target_price"": 208.09, ""thesis"": ""Strong upward medium-term momentum (+17.6%) signals continued institutional accumulation.""}, {""model"": ""Simulated-AI-Fundamental-Value"", ""call"": ""sell"", ""target_price"": 150.26, ""thesis"": ""Elevated multi-month valuation multiples leave little safety margin against forward earnings revisions.""}, {""model"": ""Simulated-AI-Quality-Compounder"", ""call"": ""sell"", ""target_price"": 158.46, ""thesis"": ""Heightened earnings volatility and cyclical margin pressures elevate downside risk.""}, {""model"": ""Simulated-AI-Macro-Tactical"", ""call"": ""hold"", ""target_price"": 198.42, ""thesis"": ""Positive operating execution and robust revenue traction support upside.""}]",0.0032154441476564843,0.07134934454375223,0.04207781423900958
GOOGL,2024-03-28,large_cap,0.5811,0.75,0.3277,155.07,4,"[{""model"": ""Simulated-AI-Momentum-Quant"", ""call"": ""hold"", ""target_price"": 150.63, ""thesis"": ""Consolidating trading range warrants a neutral rating until breakout confirmation.""}, {""model"": ""Simulated-AI-Fundamental-Value"", ""call"": ""hold"", ""target_price"": 150.53, ""thesis"": ""Fair valuation reflects balanced risk-reward relative to sector peers.""}, {""model"": ""Simulated-AI-Quality-Compounder"", ""call"": ""hold"", ""target_price"": 154.65, ""thesis"": ""Defensive operational balance sheet balanced by limited immediate re-rating catalysts.""}, {""model"": ""Simulated-AI-Macro-Tactical"", ""call"": ""buy"", ""target_price"": 164.46, ""thesis"": ""Positive operating execution and robust revenue traction support upside.""}]",0.10084157029435875,0.20823603567707738,0.08895499459487706
META,2024-03-28,large_cap,0.583,0.75,0.3325,507.17,4,"[{""model"": ""Simulated-AI-Momentum-Quant"", ""call"": ""buy"", ""target_price"": 547.01, ""thesis"": ""Strong upward medium-term momentum (+35.7%) signals continued institutional accumulation.""}, {""model"": ""Simulated-AI-Fundamental-Value"", ""call"": ""sell"", ""target_price"": 408.86, ""thesis"": ""Elevated multi-month valuation multiples leave little safety margin against forward earnings revisions.""}, {""model"": ""Simulated-AI-Quality-Compounder"", ""call"": ""buy"", ""target_price"": 542.77, ""thesis"": ""Stable financial profile and durable competitive moat support long-term compounding potential.""}, {""model"": ""Simulated-AI-Macro-Tactical"", ""call"": ""buy"", ""target_price"": 530.05, ""thesis"": ""Positive operating execution and robust revenue traction support upside.""}]",-0.1090654609869339,0.03941807670945192,0.17069293862901852
BRK-B,2024-03-28,large_cap,0.4334,0.5,0.3334,440.62,4,"[{""model"": ""Simulated-AI-Momentum-Quant"", ""call"": ""buy"", ""target_price"": 485.78, ""thesis"": ""Strong upward medium-term momentum (+17.6%) signals continued institutional accumulation.""}, {""model"": ""Simulated-AI-Fundamental-Value"", ""call"": ""sell"", ""target_price"": 349.03, ""thesis"": ""Elevated multi-month valuation multiples leave little safety margin against forward earnings revisions.""}, {""model"": ""Simulated-AI-Quality-Compounder"", ""call"": ""buy"", ""target_price"": 465.1, ""thesis"": ""Stable financial profile and durable competitive moat support long-term compounding potential.""}, {""model"": ""Simulated-AI-Macro-Tactical"", ""call"": ""hold"", ""target_price"": 462.57, ""thesis"": ""Positive operating execution and robust revenue traction support upside.""}]",-0.046513835417126434,-0.03262627598959869,0.08786743358787145
JPM,2024-03-28,large_cap,0.582,0.75,0.33,198.31,4,"[{""model"": ""Simulated-AI-Momentum-Quant"", ""call"": ""buy"", ""target_price"": 213.48, ""thesis"": ""Strong upward medium-term momentum (+18.3%) signals continued institutional accumulation.""}, {""model"": ""Simulated-AI-Fundamental-Value"", ""call"": ""sell"", ""target_price"": 157.75, ""thesis"": ""Elevated multi-month valuation multiples leave little safety margin against forward earnings revisions.""}, {""model"": ""Simulated-AI-Quality-Compounder"", ""call"": ""buy"", ""target_price"": 212.94, ""thesis"": ""Stable financial profile and durable competitive moat support long-term compounding potential.""}, {""model"": ""Simulated-AI-Macro-Tactical"", ""call"": ""buy"", ""target_price"": 209.07, ""thesis"": ""Positive operating execution and robust revenue traction support upside.""}]",-0.029418603176142626,0.015675422059002755,0.06291099359751985
V,2024-03-28,large_cap,0.5836,0.75,0.3339,288.17,4,"[{""model"": ""Simulated-AI-Momentum-Quant"", ""call"": ""buy"", ""target_price"": 316.17, ""thesis"": ""Strong upward medium-term momentum (+7.4%) signals continued institutional accumulation.""}, {""model"": ""Simulated-AI-Fundamental-Value"", ""call"": ""sell"", ""target_price"": 228.55, ""thesis"": ""Elevated multi-month valuation multiples leave little safety margin against forward earnings revisions.""}, {""model"": ""Simulated-AI-Quality-Compounder"", ""call"": ""buy"", ""target_price"": 306.69, ""thesis"": ""Stable financial profile and durable competitive moat support long-term compounding potential.""}, {""model"": ""Simulated-AI-Macro-Tactical"", ""call"": ""buy"", ""target_price"": 301.27, ""thesis"": ""Positive operating execution and robust revenue traction support upside.""}]",-0.025942257509139227,-0.0577765877301859,-0.010204769528006846
LLY,2024-03-28,large_cap,0.5836,0.75,0.3339,800.52,4,"[{""model"": ""Simulated-AI-Momentum-Quant"", ""call"": ""buy"", ""target_price"": 863.96, ""thesis"": ""Strong upward medium-term momentum (+34.2%) signals continued institutional accumulation.""}, {""model"": ""Simulated-AI-Fundamental-Value"", ""call"": ""sell"", ""target_price"": 644.0, ""thesis"": ""Elevated multi-month valuation multiples leave little safety margin against forward earnings revisions.""}, {""model"": ""Simulated-AI-Quality-Compounder"", ""call"": ""buy"", ""target_price"": 852.8, ""thesis"": ""Stable financial profile and durable competitive moat support long-term compounding potential.""}, {""model"": ""Simulated-AI-Macro-Tactical"", ""call"": ""buy"", ""target_price"": 841.32, ""thesis"": ""Positive operating execution and robust revenue traction support upside.""}]",-0.052393453004919564,0.16577100775154208,0.13182521300461314
UNH,2024-03-28,large_cap,0.4052,0.5,0.263,464.11,4,"[{""model"": ""Simulated-AI-Momentum-Quant"", ""call"": ""sell"", ""target_price"": 398.17, ""thesis"": ""Persistent negative price trajectory (-5.4%) indicates structural distribution headwinds.""}, {""model"": ""Simulated-AI-Fundamental-Value"", ""call"": ""buy"", ""target_price"": 542.91, ""thesis"": ""Recent price softening provides an attractive risk-adjusted entry point against fundamental book value.""}, {""model"": ""Simulated-AI-Quality-Compounder"", ""call"": ""hold"", ""target_price"": 491.59, ""thesis"": ""Defensive operational balance sheet balanced by limited immediate re-rating catalysts.""}, {""model"": ""Simulated-AI-Macro-Tactical"", ""call"": ""sell"", ""target_price"": 423.78, ""thesis"": ""Macro headwinds and declining momentum justify a defensive posture.""}]",-0.011461503199363142,0.03379907173781717,0.18534529718667717
XOM,2024-03-28,large_cap,0.4454,0.5,0.3635,106.32,4,"[{""model"": ""Simulated-AI-Momentum-Quant"", ""call"": ""buy"", ""target_price"": 123.84, ""thesis"": ""Strong upward medium-term momentum (+17.1%) signals continued institutional accumulation.""}, {""model"": ""Simulated-AI-Fundamental-Value"", ""call"": ""sell"", ""target_price"": 88.99, ""thesis"": ""Elevated multi-month valuation multiples leave little safety margin against forward earnings revisions.""}, {""model"": ""Simulated-AI-Quality-Compounder"", ""call"": ""sell"", ""target_price"": 94.46, ""thesis"": ""Heightened earnings volatility and cyclical margin pressures elevate downside risk.""}, {""model"": ""Simulated-AI-Macro-Tactical"", ""call"": ""buy"", ""target_price"": 118.01, ""thesis"": ""Positive operating execution and robust revenue traction support upside.""}]",0.02924985366219296,-0.001590994736532566,0.012566881409235037
JNJ,2024-03-28,large_cap,0.7327,1.0,0.3317,150.06,4,"[{""model"": ""Simulated-AI-Momentum-Quant"", ""call"": ""hold"", ""target_price"": 148.28, ""thesis"": ""Consolidating trading range warrants a neutral rating until breakout confirmation.""}, {""model"": ""Simulated-AI-Fundamental-Value"", ""call"": ""hold"", ""target_price"": 149.02, ""thesis"": ""Fair valuation reflects balanced risk-reward relative to sector peers.""}, {""model"": ""Simulated-AI-Quality-Compounder"", ""call"": ""hold"", ""target_price"": 153.91, ""thesis"": ""Defensive operational balance sheet balanced by limited immediate re-rating catalysts.""}, {""model"": ""Simulated-AI-Macro-Tactical"", ""call"": ""hold"", ""target_price"": 149.02, ""thesis"": ""Balanced near-term catalysts recommend maintaining current position.""}]",-0.07187559468158163,-0.06857919710746879,0.036346007462995295
PG,2024-03-28,large_cap,0.4452,0.5,0.3631,149.32,4,"[{""model"": ""Simulated-AI-Momentum-Quant"", ""call"": ""buy"", ""target_price"": 170.17, ""thesis"": ""Strong upward medium-term momentum (+12.0%) signals continued institutional accumulation.""}, {""model"": ""Simulated-AI-Fundamental-Value"", ""call"": ""sell"", ""target_price"": 126.4, ""thesis"": ""Elevated multi-month valuation multiples leave little safety margin against forward earnings revisions.""}, {""model"": ""Simulated-AI-Quality-Compounder"", ""call"": ""sell"", ""target_price"": 133.69, ""thesis"": ""Heightened earnings volatility and cyclical margin pressures elevate downside risk.""}, {""model"": ""Simulated-AI-Macro-Tactical"", ""call"": ""buy"", ""target_price"": 167.01, ""thesis"": ""Positive operating execution and robust revenue traction support upside.""}]",0.002797319742772008,0.023019447070567852,0.08302705090802341
HD,2024-03-28,large_cap,0.4071,0.5,0.2678,386.21,4,"[{""model"": ""Simulated-AI-Momentum-Quant"", ""call"": ""buy"", ""target_price"": 414.95, ""thesis"": ""Strong upward medium-term momentum (+11.1%) signals continued institutional accumulation.""}, {""model"": ""Simulated-AI-Fundamental-Value"", ""call"": ""hold"", ""target_price"": 364.3, ""thesis"": ""Fair valuation reflects balanced risk-reward relative to sector peers.""}, {""model"": ""Simulated-AI-Quality-Compounder"", ""call"": ""hold"", ""target_price"": 369.92, ""thesis"": ""Defensive operational balance sheet balanced by limited immediate re-rating catalysts.""}, {""model"": ""Simulated-AI-Macro-Tactical"", ""call"": ""buy"", ""target_price"": 395.67, ""thesis"": ""Positive operating execution and robust revenue traction support upside.""}]",-0.1220021105426849,-0.09636838353437321,0.055138139752948914
MA,2024-03-28,large_cap,0.5831,0.75,0.3328,495.1,4,"[{""model"": ""Simulated-AI-Momentum-Quant"", ""call"": ""buy"", ""target_price"": 532.19, ""thesis"": ""Strong upward medium-term momentum (+13.1%) signals continued institutional accumulation.""}, {""model"": ""Simulated-AI-Fundamental-Value"", ""call"": ""sell"", ""target_price"": 396.91, ""thesis"": ""Elevated multi-month valuation multiples leave little safety margin against forward earnings revisions.""}, {""model"": ""Simulated-AI-Quality-Compounder"", ""call"": ""buy"", ""target_price"": 529.34, ""thesis"": ""Stable financial profile and durable competitive moat support long-term compounding potential.""}, {""model"": ""Simulated-AI-Macro-Tactical"", ""call"": ""buy"", ""target_price"": 521.94, ""thesis"": ""Positive operating execution and robust revenue traction support upside.""}]",-0.04949817430223306,-0.08264404977917457,0.028004194486914998
COST,2024-03-28,large_cap,0.5749,0.75,0.3122,785.22,4,"[{""model"": ""Simulated-AI-Momentum-Quant"", ""call"": ""buy"", ""target_price"": 817.26, ""thesis"": ""Strong upward medium-term momentum (+10.6%) signals continued institutional accumulation.""}, {""model"": ""Simulated-AI-Fundamental-Value"", ""call"": ""hold"", ""target_price"": 731.14, ""thesis"": ""Fair valuation reflects balanced risk-reward relative to sector peers.""}, {""model"": ""Simulated-AI-Quality-Compounder"", ""call"": ""buy"", ""target_price"": 797.75, ""thesis"": ""Stable financial profile and durable competitive moat support long-term compounding potential.""}, {""model"": ""Simulated-AI-Macro-Tactical"", ""call"": ""buy"", ""target_price"": 794.72, ""thesis"": ""Positive operating execution and robust revenue traction support upside.""}]",-0.007008039891269527,0.16205211533756594,0.21248670268487493
ABBV,2024-03-28,large_cap,0.4115,0.5,0.2787,170.71,4,"[{""model"": ""Simulated-AI-Momentum-Quant"", ""call"": ""buy"", ""target_price"": 187.9, ""thesis"": ""Strong upward medium-term momentum (+18.8%) signals continued institutional accumulation.""}, {""model"": ""Simulated-AI-Fundamental-Value"", ""call"": ""sell"", ""target_price"": 138.36, ""thesis"": ""Elevated multi-month valuation multiples leave little safety margin against forward earnings revisions.""}, {""model"": ""Simulated-AI-Quality-Compounder"", ""call"": ""hold"", ""target_price"": 172.43, ""thesis"": ""Defensive operational balance sheet balanced by limited immediate re-rating catalysts.""}, {""model"": ""Simulated-AI-Macro-Tactical"", ""call"": ""hold"", ""target_price"": 184.15, ""thesis"": ""Positive operating execution and robust revenue traction support upside.""}]",-0.10473130418922846,-0.0493034419967039,0.0895948933754597
MRK,2024-03-28,large_cap,0.5829,0.75,0.3323,129.45,4,"[{""model"": ""Simulated-AI-Momentum-Quant"", ""call"": ""buy"", ""target_price"": 140.17, ""thesis"": ""Strong upward medium-term momentum (+22.1%) signals continued institutional accumulation.""}, {""model"": ""Simulated-AI-Fundamental-Value"", ""call"": ""sell"", ""target_price"": 104.12, ""thesis"": ""Elevated multi-month valuation multiples leave little safety margin against forward earnings revisions.""}, {""model"": ""Simulated-AI-Quality-Compounder"", ""call"": ""buy"", ""target_price"": 138.45, ""thesis"": ""Stable financial profile and durable competitive moat support long-term compounding potential.""}, {""model"": ""Simulated-AI-Macro-Tactical"", ""call"": ""buy"", ""target_price"": 135.06, ""thesis"": ""Positive operating execution and robust revenue traction support upside.""}]",-0.013868987568505771,-0.05615296973545907,-0.12743221338758592
BAC,2024-03-28,large_cap,0.412,0.5,0.2801,36.93,4,"[{""model"": ""Simulated-AI-Momentum-Quant"", ""call"": ""buy"", ""target_price"": 41.24, ""thesis"": ""Strong upward medium-term momentum (+12.7%) signals continued institutional accumulation.""}, {""model"": ""Simulated-AI-Fundamental-Value"", ""call"": ""sell"", ""target_price"": 30.16, ""thesis"": ""Elevated multi-month valuation multiples leave little safety margin against forward earnings revisions.""}, {""model"": ""Simulated-AI-Quality-Compounder"", ""call"": ""hold"", ""target_price"": 36.91, ""thesis"": ""Defensive operational balance sheet balanced by limited immediate re-rating catalysts.""}, {""model"": ""Simulated-AI-Macro-Tactical"", ""call"": ""hold"", ""target_price"": 39.4, ""thesis"": ""Positive operating execution and robust revenue traction support upside.""}]",-0.009757267394342326,0.055165842983027916,0.05216431133505755
CVX,2024-03-28,large_cap,0.5833,0.75,0.3331,148.78,4,"[{""model"": ""Simulated-AI-Momentum-Quant"", ""call"": ""buy"", ""target_price"": 159.3, ""thesis"": ""Strong upward medium-term momentum (+6.5%) signals continued institutional accumulation.""}, {""model"": ""Simulated-AI-Fundamental-Value"", ""call"": ""sell"", ""target_price"": 120.31, ""thesis"": ""Elevated multi-month valuation multiples leave little safety margin against forward earnings revisions.""}, {""model"": ""Simulated-AI-Quality-Compounder"", ""call"": ""buy"", ""target_price"": 159.16, ""thesis"": ""Stable financial profile and durable competitive moat support long-term compounding potential.""}, {""model"": ""Simulated-AI-Macro-Tactical"", ""call"": ""buy"", ""target_price"": 156.34, ""thesis"": ""Positive operating execution and robust revenue traction support upside.""}]",0.05445657596528899,0.0016450071729527025,-0.05791868105701722
CRM,2024-03-28,large_cap,0.4446,0.5,0.3616,294.26,4,"[{""model"": ""Simulated-AI-Momentum-Quant"", ""call"": ""buy"", ""target_price"": 341.26, ""thesis"": ""Strong upward medium-term momentum (+13.6%) signals continued institutional accumulation.""}, {""model"": ""Simulated-AI-Fundamental-Value"", ""call"": ""sell"", ""target_price"": 249.45, ""thesis"": ""Elevated multi-month valuation multiples leave little safety margin against forward earnings revisions.""}, {""model"": ""Simulated-AI-Quality-Compounder"", ""call"": ""sell"", ""target_price"": 260.27, ""thesis"": ""Heightened earnings volatility and cyclical margin pressures elevate downside risk.""}, {""model"": ""Simulated-AI-Macro-Tactical"", ""call"": ""buy"", ""target_price"": 326.08, ""thesis"": ""Positive operating execution and robust revenue traction support upside.""}]",-0.08446810720675305,-0.14635769988644112,-0.0786055821228604
NFLX,2024-03-28,large_cap,0.5829,0.75,0.3322,63.55,4,"[{""model"": ""Simulated-AI-Momentum-Quant"", ""call"": ""buy"", ""target_price"": 68.41, ""thesis"": ""Strong upward medium-term momentum (+23.8%) signals continued institutional accumulation.""}, {""model"": ""Simulated-AI-Fundamental-Value"", ""call"": ""sell"", ""target_price"": 51.5, ""thesis"": ""Elevated multi-month valuation multiples leave little safety margin against forward earnings revisions.""}, {""model"": ""Simulated-AI-Quality-Compounder"", ""call"": ""buy"", ""target_price"": 67.5, ""thesis"": ""Stable financial profile and durable competitive moat support long-term compounding potential.""}, {""model"": ""Simulated-AI-Macro-Tactical"", ""call"": ""buy"", ""target_price"": 66.8, ""thesis"": ""Positive operating execution and robust revenue traction support upside.""}]",-0.07877101842672149,0.11122449184688801,0.1646880381327763
AMD,2024-03-28,large_cap,0.583,0.75,0.3324,188.73,4,"[{""model"": ""Simulated-AI-Momentum-Quant"", ""call"": ""buy"", ""target_price"": 202.58, ""thesis"": ""Strong upward medium-term momentum (+21.3%) signals continued institutional accumulation.""}, {""model"": ""Simulated-AI-Fundamental-Value"", ""call"": ""sell"", ""target_price"": 150.71, ""thesis"": ""Elevated multi-month valuation multiples leave little safety margin against forward earnings revisions.""}, {""model"": ""Simulated-AI-Quality-Compounder"", ""call"": ""buy"", ""target_price"": 203.09, ""thesis"": ""Stable financial profile and durable competitive moat support long-term compounding potential.""}, {""model"": ""Simulated-AI-Macro-Tactical"", ""call"": ""buy"", ""target_price"": 198.54, ""thesis"": ""Positive operating execution and robust revenue traction support upside.""}]",-0.11241624426506193,-0.10127983945343302,-0.08942323064120997
PEP,2024-03-28,large_cap,0.5497,0.75,0.2491,166.26,4,"[{""model"": ""Simulated-AI-Momentum-Quant"", ""call"": ""buy"", ""target_price"": 178.71, ""thesis"": ""Strong upward medium-term momentum (+4.1%) signals continued institutional accumulation.""}, {""model"": ""Simulated-AI-Fundamental-Value"", ""call"": ""hold"", ""target_price"": 161.17, ""thesis"": ""Fair valuation reflects balanced risk-reward relative to sector peers.""}, {""model"": ""Simulated-AI-Quality-Compounder"", ""call"": ""hold"", ""target_price"": 164.11, ""thesis"": ""Defensive operational balance sheet balanced by limited immediate re-rating catalysts.""}, {""model"": ""Simulated-AI-Macro-Tactical"", ""call"": ""hold"", ""target_price"": 161.04, ""thesis"": ""Balanced near-term catalysts recommend maintaining current position.""}]",0.006456866202658555,-0.05016573746064698,-0.013512394926641353
KO,2024-03-28,large_cap,0.4229,0.5,0.3071,57.03,4,"[{""model"": ""Simulated-AI-Momentum-Quant"", ""call"": ""hold"", ""target_price"": 57.56, ""thesis"": ""Consolidating trading range warrants a neutral rating until breakout confirmation.""}, {""model"": ""Simulated-AI-Fundamental-Value"", ""call"": ""sell"", ""target_price"": 48.3, ""thesis"": ""Elevated multi-month valuation multiples leave little safety margin against forward earnings revisions.""}, {""model"": ""Simulated-AI-Quality-Compounder"", ""call"": ""buy"", ""target_price"": 64.33, ""thesis"": ""Stable financial profile and durable competitive moat support long-term compounding potential.""}, {""model"": ""Simulated-AI-Macro-Tactical"", ""call"": ""hold"", ""target_price"": 57.93, ""thesis"": ""Balanced near-term catalysts recommend maintaining current position.""}]",0.014056980493526262,0.04844536381075206,0.19063496661843718
TMO,2024-03-28,large_cap,0.4333,0.5,0.3333,601.51,4,"[{""model"": ""Simulated-AI-Momentum-Quant"", ""call"": ""buy"", ""target_price"": 646.96, ""thesis"": ""Strong upward medium-term momentum (+9.1%) signals continued institutional accumulation.""}, {""model"": ""Simulated-AI-Fundamental-Value"", ""call"": ""sell"", ""target_price"": 489.72, ""thesis"": ""Elevated multi-month valuation multiples leave little safety margin against forward earnings revisions.""}, {""model"": ""Simulated-AI-Quality-Compounder"", ""call"": ""buy"", ""target_price"": 634.85, ""thesis"": ""Stable financial profile and durable competitive moat support long-term compounding potential.""}, {""model"": ""Simulated-AI-Macro-Tactical"", ""call"": ""hold"", ""target_price"": 634.5, ""thesis"": ""Positive operating execution and robust revenue traction support upside.""}]",-0.00743261989296384,-0.04788819548479161,0.0585321329628751
WMT,2024-03-28,large_cap,0.5832,0.75,0.3331,61.64,4,"[{""model"": ""Simulated-AI-Momentum-Quant"", ""call"": ""buy"", ""target_price"": 67.18, ""thesis"": ""Strong upward medium-term momentum (+14.9%) signals continued institutional accumulation.""}, {""model"": ""Simulated-AI-Fundamental-Value"", ""call"": ""sell"", ""target_price"": 49.18, ""thesis"": ""Elevated multi-month valuation multiples leave little safety margin against forward earnings revisions.""}, {""model"": ""Simulated-AI-Quality-Compounder"", ""call"": ""buy"", ""target_price"": 65.61, ""thesis"": ""Stable financial profile and durable competitive moat support long-term compounding potential.""}, {""model"": ""Simulated-AI-Macro-Tactical"", ""call"": ""buy"", ""target_price"": 64.59, ""thesis"": ""Positive operating execution and robust revenue traction support upside.""}]",0.001163438901657548,0.1292066820072475,0.33429194098495313
MCD,2024-03-28,large_cap,0.7327,1.0,0.3317,271.75,4,"[{""model"": ""Simulated-AI-Momentum-Quant"", ""call"": ""hold"", ""target_price"": 275.01, ""thesis"": ""Consolidating trading range warrants a neutral rating until breakout confirmation.""}, {""model"": ""Simulated-AI-Fundamental-Value"", ""call"": ""hold"", ""target_price"": 263.63, ""thesis"": ""Fair valuation reflects balanced risk-reward relative to sector peers.""}, {""model"": ""Simulated-AI-Quality-Compounder"", ""call"": ""hold"", ""target_price"": 280.4, ""thesis"": ""Defensive operational balance sheet balanced by limited immediate re-rating catalysts.""}, {""model"": ""Simulated-AI-Macro-Tactical"", ""call"": ""hold"", ""target_price"": 267.98, ""thesis"": ""Balanced near-term catalysts recommend maintaining current position.""}]",-0.02979240926092848,-0.09028366674284542,0.09040707862003668
CSCO,2024-03-28,large_cap,0.5994,0.75,0.3736,45.54,4,"[{""model"": ""Simulated-AI-Momentum-Quant"", ""call"": ""hold"", ""target_price"": 47.25, ""thesis"": ""Consolidating trading range warrants a neutral rating until breakout confirmation.""}, {""model"": ""Simulated-AI-Fundamental-Value"", ""call"": ""sell"", ""target_price"": 38.81, ""thesis"": ""Elevated multi-month valuation multiples leave little safety margin against forward earnings revisions.""}, {""model"": ""Simulated-AI-Quality-Compounder"", ""call"": ""hold"", ""target_price"": 48.81, ""thesis"": ""Defensive operational balance sheet balanced by limited immediate re-rating catalysts.""}, {""model"": ""Simulated-AI-Macro-Tactical"", ""call"": ""hold"", ""target_price"": 47.28, ""thesis"": ""Balanced near-term catalysts recommend maintaining current position.""}]",-0.03485541364468797,-0.04030944194010853,0.08016663637556494
KNSL,2024-03-28,small_cap,0.4321,0.5,0.3301,545.03,4,"[{""model"": ""Simulated-AI-Momentum-Quant"", ""call"": ""buy"", ""target_price"": 590.79, ""thesis"": ""Strong upward medium-term momentum (+56.6%) signals continued institutional accumulation.""}, {""model"": ""Simulated-AI-Fundamental-Value"", ""call"": ""sell"", ""target_price"": 438.45, ""thesis"": ""Elevated multi-month valuation multiples leave little safety margin against forward earnings revisions.""}, {""model"": ""Simulated-AI-Quality-Compounder"", ""call"": ""buy"", ""target_price"": 576.38, ""thesis"": ""Stable financial profile and durable competitive moat support long-term compounding potential.""}, {""model"": ""Simulated-AI-Macro-Tactical"", ""call"": ""hold"", ""target_price"": 574.5, ""thesis"": ""Positive operating execution and robust revenue traction support upside.""}]",-0.3177572398005757,-0.265484149447383,-0.12012998737499889
SAIA,2024-03-28,small_cap,0.5838,0.75,0.3344,616.59,4,"[{""model"": ""Simulated-AI-Momentum-Quant"", ""call"": ""buy"", ""target_price"": 676.73, ""thesis"": ""Strong upward medium-term momentum (+30.5%) signals continued institutional accumulation.""}, {""model"": ""Simulated-AI-Fundamental-Value"", ""call"": ""sell"", ""target_price"": 487.89, ""thesis"": ""Elevated multi-month valuation multiples leave little safety margin against forward earnings revisions.""}, {""model"": ""Simulated-AI-Quality-Compounder"", ""call"": ""buy"", ""target_price"": 658.24, ""thesis"": ""Stable financial profile and durable competitive moat support long-term compounding potential.""}, {""model"": ""Simulated-AI-Macro-Tactical"", ""call"": ""buy"", ""target_price"": 643.5, ""thesis"": ""Positive operating execution and robust revenue traction support upside.""}]",-0.2887179382845887,-0.18924784864115918,-0.2570598374065171
MEDP,2024-03-28,small_cap,0.5837,0.75,0.3341,424.5,4,"[{""model"": ""Simulated-AI-Momentum-Quant"", ""call"": ""buy"", ""target_price"": 464.93, ""thesis"": ""Strong upward medium-term momentum (+30.1%) signals continued institutional accumulation.""}, {""model"": ""Simulated-AI-Fundamental-Value"", ""call"": ""sell"", ""target_price"": 340.09, ""thesis"": ""Elevated multi-month valuation multiples leave little safety margin against forward earnings revisions.""}, {""model"": ""Simulated-AI-Quality-Compounder"", ""call"": ""buy"", ""target_price"": 448.44, ""thesis"": ""Stable financial profile and durable competitive moat support long-term compounding potential.""}, {""model"": ""Simulated-AI-Macro-Tactical"", ""call"": ""buy"", ""target_price"": 444.56, ""thesis"": ""Positive operating execution and robust revenue traction support upside.""}]",-0.009748861810982508,0.019052362546870327,-0.17990843140703217
SSD,2024-03-28,small_cap,0.4094,0.5,0.2735,202.62,4,"[{""model"": ""Simulated-AI-Momentum-Quant"", ""call"": ""buy"", ""target_price"": 230.09, ""thesis"": ""Strong upward medium-term momentum (+2.3%) signals continued institutional accumulation.""}, {""model"": ""Simulated-AI-Fundamental-Value"", ""call"": ""sell"", ""target_price"": 168.23, ""thesis"": ""Elevated multi-month valuation multiples leave little safety margin against forward earnings revisions.""}, {""model"": ""Simulated-AI-Quality-Compounder"", ""call"": ""hold"", ""target_price"": 208.29, ""thesis"": ""Defensive operational balance sheet balanced by limited immediate re-rating catalysts.""}, {""model"": ""Simulated-AI-Macro-Tactical"", ""call"": ""hold"", ""target_price"": 203.85, ""thesis"": ""Balanced near-term catalysts recommend maintaining current position.""}]",-0.14269483617198656,-0.177492696091165,-0.06536382250949638
EXPO,2024-03-28,small_cap,0.7143,1.0,0.2857,79.01,4,"[{""model"": ""Simulated-AI-Momentum-Quant"", ""call"": ""hold"", ""target_price"": 82.07, ""thesis"": ""Consolidating trading range warrants a neutral rating until breakout confirmation.""}, {""model"": ""Simulated-AI-Fundamental-Value"", ""call"": ""hold"", ""target_price"": 78.68, ""thesis"": ""Fair valuation reflects balanced risk-reward relative to sector peers.""}, {""model"": ""Simulated-AI-Quality-Compounder"", ""call"": ""hold"", ""target_price"": 83.64, ""thesis"": ""Defensive operational balance sheet balanced by limited immediate re-rating catalysts.""}, {""model"": ""Simulated-AI-Macro-Tactical"", ""call"": ""hold"", ""target_price"": 71.64, ""thesis"": ""Macro headwinds and declining momentum justify a defensive posture.""}]",0.12710121898376264,0.1537158048280318,0.3772902490212562
FORM,2024-03-28,small_cap,0.4447,0.5,0.3617,45.27,4,"[{""model"": ""Simulated-AI-Momentum-Quant"", ""call"": ""buy"", ""target_price"": 52.24, ""thesis"": ""Strong upward medium-term momentum (+8.9%) signals continued institutional accumulation.""}, {""model"": ""Simulated-AI-Fundamental-Value"", ""call"": ""sell"", ""target_price"": 38.72, ""thesis"": ""Elevated multi-month valuation multiples leave little safety margin against forward earnings revisions.""}, {""model"": ""Simulated-AI-Quality-Compounder"", ""call"": ""sell"", ""target_price"": 39.93, ""thesis"": ""Heightened earnings volatility and cyclical margin pressures elevate downside risk.""}, {""model"": ""Simulated-AI-Macro-Tactical"", ""call"": ""buy"", ""target_price"": 50.19, ""thesis"": ""Positive operating execution and robust revenue traction support upside.""}]",-0.0021915907621626297,0.3265394995047082,0.014683281903613312
CRVL,2024-03-28,small_cap,0.4153,0.5,0.2882,94.47,4,"[{""model"": ""Simulated-AI-Momentum-Quant"", ""call"": ""hold"", ""target_price"": 88.75, ""thesis"": ""Consolidating trading range warrants a neutral rating until breakout confirmation.""}, {""model"": ""Simulated-AI-Fundamental-Value"", ""call"": ""buy"", ""target_price"": 102.77, ""thesis"": ""Recent price softening provides an attractive risk-adjusted entry point against fundamental book value.""}, {""model"": ""Simulated-AI-Quality-Compounder"", ""call"": ""buy"", ""target_price"": 97.83, ""thesis"": ""Stable financial profile and durable competitive moat support long-term compounding potential.""}, {""model"": ""Simulated-AI-Macro-Tactical"", ""call"": ""hold"", ""target_price"": 88.53, ""thesis"": ""Balanced near-term catalysts recommend maintaining current position.""}]",-0.0801263097644352,-0.03304685967270316,0.2183221576168576
TKR,2024-03-28,small_cap,0.5811,0.75,0.3277,86.95,4,"[{""model"": ""Simulated-AI-Momentum-Quant"", ""call"": ""hold"", ""target_price"": 83.75, ""thesis"": ""Consolidating trading range warrants a neutral rating until breakout confirmation.""}, {""model"": ""Simulated-AI-Fundamental-Value"", ""call"": ""hold"", ""target_price"": 84.58, ""thesis"": ""Fair valuation reflects balanced risk-reward relative to sector peers.""}, {""model"": ""Simulated-AI-Quality-Compounder"", ""call"": ""hold"", ""target_price"": 87.03, ""thesis"": ""Defensive operational balance sheet balanced by limited immediate re-rating catalysts.""}, {""model"": ""Simulated-AI-Macro-Tactical"", ""call"": ""buy"", ""target_price"": 92.44, ""thesis"": ""Positive operating execution and robust revenue traction support upside.""}]",-0.008349701782099445,-0.08008567483777329,-0.020543950249477944
POWI,2024-03-28,small_cap,0.5743,0.75,0.3107,65.56,4,"[{""model"": ""Simulated-AI-Momentum-Quant"", ""call"": ""sell"", ""target_price"": 59.65, ""thesis"": ""Persistent negative price trajectory (-13.9%) indicates structural distribution headwinds.""}, {""model"": ""Simulated-AI-Fundamental-Value"", ""call"": ""buy"", ""target_price"": 79.32, ""thesis"": ""Recent price softening provides an attractive risk-adjusted entry point against fundamental book value.""}, {""model"": ""Simulated-AI-Quality-Compounder"", ""call"": ""sell"", ""target_price"": 61.31, ""thesis"": ""Heightened earnings volatility and cyclical margin pressures elevate downside risk.""}, {""model"": ""Simulated-AI-Macro-Tactical"", ""call"": ""sell"", ""target_price"": 61.96, ""thesis"": ""Macro headwinds and declining momentum justify a defensive posture.""}]",-0.051013345879699815,-0.016406715911007376,-0.10648386897320652
CALM,2024-03-28,small_cap,0.4058,0.5,0.2646,52.05,4,"[{""model"": ""Simulated-AI-Momentum-Quant"", ""call"": ""hold"", ""target_price"": 51.97, ""thesis"": ""Consolidating trading range warrants a neutral rating until breakout confirmation.""}, {""model"": ""Simulated-AI-Fundamental-Value"", ""call"": ""buy"", ""target_price"": 59.75, ""thesis"": ""Recent price softening provides an attractive risk-adjusted entry point against fundamental book value.""}, {""model"": ""Simulated-AI-Quality-Compounder"", ""call"": ""sell"", ""target_price"": 44.82, ""thesis"": ""Heightened earnings volatility and cyclical margin pressures elevate downside risk.""}, {""model"": ""Simulated-AI-Macro-Tactical"", ""call"": ""hold"", ""target_price"": 51.64, ""thesis"": ""Balanced near-term catalysts recommend maintaining current position.""}]",-0.020220828908511658,0.05667367550959599,0.3049913480515305
PLUS,2024-03-28,small_cap,0.7327,1.0,0.3317,78.86,4,"[{""model"": ""Simulated-AI-Momentum-Quant"", ""call"": ""hold"", ""target_price"": 80.56, ""thesis"": ""Consolidating trading range warrants a neutral rating until breakout confirmation.""}, {""model"": ""Simulated-AI-Fundamental-Value"", ""call"": ""hold"", ""target_price"": 76.88, ""thesis"": ""Fair valuation reflects balanced risk-reward relative to sector peers.""}, {""model"": ""Simulated-AI-Quality-Compounder"", ""call"": ""hold"", ""target_price"": 79.94, ""thesis"": ""Defensive operational balance sheet balanced by limited immediate re-rating catalysts.""}, {""model"": ""Simulated-AI-Macro-Tactical"", ""call"": ""hold"", ""target_price"": 78.08, ""thesis"": ""Balanced near-term catalysts recommend maintaining current position.""}]",0.001145869673238155,-0.061879429561976985,0.25821237028041766
FSS,2024-03-28,small_cap,0.5746,0.75,0.3116,91.52,4,"[{""model"": ""Simulated-AI-Momentum-Quant"", ""call"": ""buy"", ""target_price"": 95.84, ""thesis"": ""Strong upward medium-term momentum (+9.9%) signals continued institutional accumulation.""}, {""model"": ""Simulated-AI-Fundamental-Value"", ""call"": ""hold"", ""target_price"": 84.26, ""thesis"": ""Fair valuation reflects balanced risk-reward relative to sector peers.""}, {""model"": ""Simulated-AI-Quality-Compounder"", ""call"": ""buy"", ""target_price"": 93.9, ""thesis"": ""Stable financial profile and durable competitive moat support long-term compounding potential.""}, {""model"": ""Simulated-AI-Macro-Tactical"", ""call"": ""buy"", ""target_price"": 92.09, ""thesis"": ""Positive operating execution and robust revenue traction support upside.""}]",0.003652759238833683,-0.012784702898587703,0.09867534738801971
AMWD,2024-03-28,small_cap,0.5526,0.75,0.2565,97.58,4,"[{""model"": ""Simulated-AI-Momentum-Quant"", ""call"": ""sell"", ""target_price"": 85.76, ""thesis"": ""Persistent negative price trajectory (+0.0%) indicates structural distribution headwinds.""}, {""model"": ""Simulated-AI-Fundamental-Value"", ""call"": ""hold"", ""target_price"": 100.44, ""thesis"": ""Fair valuation reflects balanced risk-reward relative to sector peers.""}, {""model"": ""Simulated-AI-Quality-Compounder"", ""call"": ""hold"", ""target_price"": 103.12, ""thesis"": ""Defensive operational balance sheet balanced by limited immediate re-rating catalysts.""}, {""model"": ""Simulated-AI-Macro-Tactical"", ""call"": ""hold"", ""target_price"": 101.0, ""thesis"": ""Balanced near-term catalysts recommend maintaining current position.""}]",,,
ATKR,2024-03-28,small_cap,0.5834,0.75,0.3334,191.28,4,"[{""model"": ""Simulated-AI-Momentum-Quant"", ""call"": ""buy"", ""target_price"": 210.01, ""thesis"": ""Strong upward medium-term momentum (+17.6%) signals continued institutional accumulation.""}, {""model"": ""Simulated-AI-Fundamental-Value"", ""call"": ""sell"", ""target_price"": 151.97, ""thesis"": ""Elevated multi-month valuation multiples leave little safety margin against forward earnings revisions.""}, {""model"": ""Simulated-AI-Quality-Compounder"", ""call"": ""buy"", ""target_price"": 202.34, ""thesis"": ""Stable financial profile and durable competitive moat support long-term compounding potential.""}, {""model"": ""Simulated-AI-Macro-Tactical"", ""call"": ""buy"", ""target_price"": 200.81, ""thesis"": ""Positive operating execution and robust revenue traction support upside.""}]",-0.03782307116062277,-0.2896883875518184,-0.5477258695824074
BRC,2024-03-28,small_cap,0.5549,0.75,0.2622,51.16,4,"[{""model"": ""Simulated-AI-Momentum-Quant"", ""call"": ""sell"", ""target_price"": 48.81, ""thesis"": ""Persistent negative price trajectory (+1.1%) indicates structural distribution headwinds.""}, {""model"": ""Simulated-AI-Fundamental-Value"", ""call"": ""sell"", ""target_price"": 47.76, ""thesis"": ""Elevated multi-month valuation multiples leave little safety margin against forward earnings revisions.""}, {""model"": ""Simulated-AI-Quality-Compounder"", ""call"": ""sell"", ""target_price"": 50.17, ""thesis"": ""Heightened earnings volatility and cyclical margin pressures elevate downside risk.""}, {""model"": ""Simulated-AI-Macro-Tactical"", ""call"": ""hold"", ""target_price"": 57.91, ""thesis"": ""Balanced near-term catalysts recommend maintaining current position.""}]",0.008871992896178462,0.11810835137464229,0.27870424315220305
CNO,2024-03-28,small_cap,0.5994,0.75,0.3736,25.71,4,"[{""model"": ""Simulated-AI-Momentum-Quant"", ""call"": ""hold"", ""target_price"": 26.81, ""thesis"": ""Consolidating trading range warrants a neutral rating until breakout confirmation.""}, {""model"": ""Simulated-AI-Fundamental-Value"", ""call"": ""sell"", ""target_price"": 21.87, ""thesis"": ""Elevated multi-month valuation multiples leave little safety margin against forward earnings revisions.""}, {""model"": ""Simulated-AI-Quality-Compounder"", ""call"": ""hold"", ""target_price"": 27.58, ""thesis"": ""Defensive operational balance sheet balanced by limited immediate re-rating catalysts.""}, {""model"": ""Simulated-AI-Macro-Tactical"", ""call"": ""hold"", ""target_price"": 26.58, ""thesis"": ""Balanced near-term catalysts recommend maintaining current position.""}]",-0.0214700461423921,0.014613327566923278,0.260174711209672
CSGS,2024-03-28,small_cap,0.5994,0.75,0.3736,97.89,4,"[{""model"": ""Simulated-AI-Momentum-Quant"", ""call"": ""hold"", ""target_price"": 101.25, ""thesis"": ""Consolidating trading range warrants a neutral rating until breakout confirmation.""}, {""model"": ""Simulated-AI-Fundamental-Value"", ""call"": ""sell"", ""target_price"": 83.65, ""thesis"": ""Elevated multi-month valuation multiples leave little safety margin against forward earnings revisions.""}, {""model"": ""Simulated-AI-Quality-Compounder"", ""call"": ""hold"", ""target_price"": 105.64, ""thesis"": ""Defensive operational balance sheet balanced by limited immediate re-rating catalysts.""}, {""model"": ""Simulated-AI-Macro-Tactical"", ""call"": ""hold"", ""target_price"": 101.0, ""thesis"": ""Balanced near-term catalysts recommend maintaining current position.""}]",,,
ENSG,2024-03-28,small_cap,0.4064,0.5,0.2659,131.96,4,"[{""model"": ""Simulated-AI-Momentum-Quant"", ""call"": ""buy"", ""target_price"": 139.22, ""thesis"": ""Strong upward medium-term momentum (+9.5%) signals continued institutional accumulation.""}, {""model"": ""Simulated-AI-Fundamental-Value"", ""call"": ""hold"", ""target_price"": 124.74, ""thesis"": ""Fair valuation reflects balanced risk-reward relative to sector peers.""}, {""model"": ""Simulated-AI-Quality-Compounder"", ""call"": ""hold"", ""target_price"": 127.52, ""thesis"": ""Defensive operational balance sheet balanced by limited immediate re-rating catalysts.""}, {""model"": ""Simulated-AI-Macro-Tactical"", ""call"": ""buy"", ""target_price"": 136.35, ""thesis"": ""Positive operating execution and robust revenue traction support upside.""}]",-0.04605362570189981,-0.005373304612188416,0.15882962545422039
FIX,2024-03-28,small_cap,0.4119,0.5,0.2798,325.28,4,"[{""model"": ""Simulated-AI-Momentum-Quant"", ""call"": ""buy"", ""target_price"": 363.24, ""thesis"": ""Strong upward medium-term momentum (+54.0%) signals continued institutional accumulation.""}, {""model"": ""Simulated-AI-Fundamental-Value"", ""call"": ""sell"", ""target_price"": 265.02, ""thesis"": ""Elevated multi-month valuation multiples leave little safety margin against forward earnings revisions.""}, {""model"": ""Simulated-AI-Quality-Compounder"", ""call"": ""hold"", ""target_price"": 326.03, ""thesis"": ""Defensive operational balance sheet balanced by limited immediate re-rating catalysts.""}, {""model"": ""Simulated-AI-Macro-Tactical"", ""call"": ""buy"", ""target_price"": 346.84, ""thesis"": ""Positive operating execution and robust revenue traction support upside.""}]",-0.02209556756890686,-0.04194727787129334,0.22999324055419712
GBCI,2024-03-28,small_cap,0.4044,0.5,0.2609,37.05,4,"[{""model"": ""Simulated-AI-Momentum-Quant"", ""call"": ""sell"", ""target_price"": 32.12, ""thesis"": ""Persistent negative price trajectory (-5.2%) indicates structural distribution headwinds.""}, {""model"": ""Simulated-AI-Fundamental-Value"", ""call"": ""buy"", ""target_price"": 43.53, ""thesis"": ""Recent price softening provides an attractive risk-adjusted entry point against fundamental book value.""}, {""model"": ""Simulated-AI-Quality-Compounder"", ""call"": ""hold"", ""target_price"": 38.92, ""thesis"": ""Defensive operational balance sheet balanced by limited immediate re-rating catalysts.""}, {""model"": ""Simulated-AI-Macro-Tactical"", ""call"": ""sell"", ""target_price"": 33.64, ""thesis"": ""Macro headwinds and declining momentum justify a defensive posture.""}]",-0.07193343887737552,-0.0654225083538691,0.14229790260046354
GPI,2024-03-28,small_cap,0.4081,0.5,0.2702,274.61,4,"[{""model"": ""Simulated-AI-Momentum-Quant"", ""call"": ""sell"", ""target_price"": 253.37, ""thesis"": ""Persistent negative price trajectory (-5.4%) indicates structural distribution headwinds.""}, {""model"": ""Simulated-AI-Fundamental-Value"", ""call"": ""hold"", ""target_price"": 285.64, ""thesis"": ""Fair valuation reflects balanced risk-reward relative to sector peers.""}, {""model"": ""Simulated-AI-Quality-Compounder"", ""call"": ""hold"", ""target_price"": 300.05, ""thesis"": ""Defensive operational balance sheet balanced by limited immediate re-rating catalysts.""}, {""model"": ""Simulated-AI-Macro-Tactical"", ""call"": ""sell"", ""target_price"": 259.36, ""thesis"": ""Macro headwinds and declining momentum justify a defensive posture.""}]",0.025151172624300843,0.018820676683209827,0.32434324546249155
HLNE,2024-03-28,small_cap,0.3775,0.5,0.1939,101.62,4,"[{""model"": ""Simulated-AI-Momentum-Quant"", ""call"": ""sell"", ""target_price"": 93.95, ""thesis"": ""Persistent negative price trajectory (-1.7%) indicates structural distribution headwinds.""}, {""model"": ""Simulated-AI-Fundamental-Value"", ""call"": ""hold"", ""target_price"": 107.76, ""thesis"": ""Fair valuation reflects balanced risk-reward relative to sector peers.""}, {""model"": ""Simulated-AI-Quality-Compounder"", ""call"": ""sell"", ""target_price"": 95.14, ""thesis"": ""Heightened earnings volatility and cyclical margin pressures elevate downside risk.""}, {""model"": ""Simulated-AI-Macro-Tactical"", ""call"": ""hold"", ""target_price"": 109.63, ""thesis"": ""Balanced near-term catalysts recommend maintaining current position.""}]",0.012947845707761559,0.10051747099870237,0.4890196181248331
HWKN,2024-03-28,small_cap,0.5827,0.75,0.3318,79.32,4,"[{""model"": ""Simulated-AI-Momentum-Quant"", ""call"": ""buy"", ""target_price"": 85.87, ""thesis"": ""Strong upward medium-term momentum (+8.5%) signals continued institutional accumulation.""}, {""model"": ""Simulated-AI-Fundamental-Value"", ""call"": ""sell"", ""target_price"": 63.51, ""thesis"": ""Elevated multi-month valuation multiples leave little safety margin against forward earnings revisions.""}, {""model"": ""Simulated-AI-Quality-Compounder"", ""call"": ""buy"", ""target_price"": 84.63, ""thesis"": ""Stable financial profile and durable competitive moat support long-term compounding potential.""}, {""model"": ""Simulated-AI-Macro-Tactical"", ""call"": ""buy"", ""target_price"": 83.27, ""thesis"": ""Positive operating execution and robust revenue traction support upside.""}]",0.018619718585240426,0.1870949685367886,0.6388200507083946
IBP,2024-03-28,small_cap,0.5829,0.75,0.3322,263.19,4,"[{""model"": ""Simulated-AI-Momentum-Quant"", ""call"": ""buy"", ""target_price"": 287.62, ""thesis"": ""Strong upward medium-term momentum (+40.5%) signals continued institutional accumulation.""}, {""model"": ""Simulated-AI-Fundamental-Value"", ""call"": ""sell"", ""target_price"": 211.71, ""thesis"": ""Elevated multi-month valuation multiples leave little safety margin against forward earnings revisions.""}, {""model"": ""Simulated-AI-Quality-Compounder"", ""call"": ""buy"", ""target_price"": 277.85, ""thesis"": ""Stable financial profile and durable competitive moat support long-term compounding potential.""}, {""model"": ""Simulated-AI-Macro-Tactical"", ""call"": ""buy"", ""target_price"": 275.59, ""thesis"": ""Positive operating execution and robust revenue traction support upside.""}]",-0.05928971614724941,-0.20378422423384934,-0.029054791114103792
KAR,2024-03-28,small_cap,0.5487,0.75,0.2469,104.86,4,"[{""model"": ""Simulated-AI-Momentum-Quant"", ""call"": ""buy"", ""target_price"": 114.88, ""thesis"": ""Strong upward medium-term momentum (+0.0%) signals continued institutional accumulation.""}, {""model"": ""Simulated-AI-Fundamental-Value"", ""call"": ""hold"", ""target_price"": 100.76, ""thesis"": ""Fair valuation reflects balanced risk-reward relative to sector peers.""}, {""model"": ""Simulated-AI-Quality-Compounder"", ""call"": ""hold"", ""target_price"": 102.8, ""thesis"": ""Defensive operational balance sheet balanced by limited immediate re-rating catalysts.""}, {""model"": ""Simulated-AI-Macro-Tactical"", ""call"": ""hold"", ""target_price"": 101.0, ""thesis"": ""Balanced near-term catalysts recommend maintaining current position.""}]",,,
MC,2024-03-28,small_cap,0.5488,0.75,0.2469,53.84,4,"[{""model"": ""Simulated-AI-Momentum-Quant"", ""call"": ""buy"", ""target_price"": 58.66, ""thesis"": ""Strong upward medium-term momentum (+0.3%) signals continued institutional accumulation.""}, {""model"": ""Simulated-AI-Fundamental-Value"", ""call"": ""hold"", ""target_price"": 51.45, ""thesis"": ""Fair valuation reflects balanced risk-reward relative to sector peers.""}, {""model"": ""Simulated-AI-Quality-Compounder"", ""call"": ""hold"", ""target_price"": 53.38, ""thesis"": ""Defensive operational balance sheet balanced by limited immediate re-rating catalysts.""}, {""model"": ""Simulated-AI-Macro-Tactical"", ""call"": ""hold"", ""target_price"": 51.86, ""thesis"": ""Balanced near-term catalysts recommend maintaining current position.""}]",-0.11837233095450929,0.013309123131489863,0.24037128912935984
OII,2024-03-28,small_cap,0.5553,0.75,0.2634,25.16,4,"[{""model"": ""Simulated-AI-Momentum-Quant"", ""call"": ""buy"", ""target_price"": 27.11, ""thesis"": ""Strong upward medium-term momentum (+8.2%) signals continued institutional accumulation.""}, {""model"": ""Simulated-AI-Fundamental-Value"", ""call"": ""hold"", ""target_price"": 23.73, ""thesis"": ""Fair valuation reflects balanced risk-reward relative to sector peers.""}, {""model"": ""Simulated-AI-Quality-Compounder"", ""call"": ""hold"", ""target_price"": 24.06, ""thesis"": ""Defensive operational balance sheet balanced by limited immediate re-rating catalysts.""}, {""model"": ""Simulated-AI-Macro-Tactical"", ""call"": ""hold"", ""target_price"": 25.74, ""thesis"": ""Positive operating execution and robust revenue traction support upside.""}]",0.04102568407997172,0.011111121073520884,0.05897440558171713
PRDO,2024-03-28,small_cap,0.7327,1.0,0.3317,17.03,4,"[{""model"": ""Simulated-AI-Momentum-Quant"", ""call"": ""hold"", ""target_price"": 16.91, ""thesis"": ""Consolidating trading range warrants a neutral rating until breakout confirmation.""}, {""model"": ""Simulated-AI-Fundamental-Value"", ""call"": ""hold"", ""target_price"": 16.63, ""thesis"": ""Fair valuation reflects balanced risk-reward relative to sector peers.""}, {""model"": ""Simulated-AI-Quality-Compounder"", ""call"": ""hold"", ""target_price"": 17.7, ""thesis"": ""Defensive operational balance sheet balanced by limited immediate re-rating catalysts.""}, {""model"": ""Simulated-AI-Macro-Tactical"", ""call"": ""hold"", ""target_price"": 16.89, ""thesis"": ""Balanced near-term catalysts recommend maintaining current position.""}]",0.060364607181407785,0.22571591978892905,0.2760088109695773
SHOO,2024-03-28,small_cap,0.3768,0.5,0.1921,37.6,4,"[{""model"": ""Simulated-AI-Momentum-Quant"", ""call"": ""sell"", ""target_price"": 34.31, ""thesis"": ""Persistent negative price trajectory (-0.6%) indicates structural distribution headwinds.""}, {""model"": ""Simulated-AI-Fundamental-Value"", ""call"": ""hold"", ""target_price"": 40.26, ""thesis"": ""Fair valuation reflects balanced risk-reward relative to sector peers.""}, {""model"": ""Simulated-AI-Quality-Compounder"", ""call"": ""sell"", ""target_price"": 35.31, ""thesis"": ""Heightened earnings volatility and cyclical margin pressures elevate downside risk.""}, {""model"": ""Simulated-AI-Macro-Tactical"", ""call"": ""hold"", ""target_price"": 40.52, ""thesis"": ""Balanced near-term catalysts recommend maintaining current position.""}]",-0.030510699386076093,0.005213756208193899,0.1625999393596712
SLVM,2024-03-28,small_cap,0.4444,0.5,0.3611,56.45,4,"[{""model"": ""Simulated-AI-Momentum-Quant"", ""call"": ""buy"", ""target_price"": 64.88, ""thesis"": ""Strong upward medium-term momentum (+25.2%) signals continued institutional accumulation.""}, {""model"": ""Simulated-AI-Fundamental-Value"", ""call"": ""sell"", ""target_price"": 48.23, ""thesis"": ""Elevated multi-month valuation multiples leave little safety margin against forward earnings revisions.""}, {""model"": ""Simulated-AI-Quality-Compounder"", ""call"": ""sell"", ""target_price"": 50.08, ""thesis"": ""Heightened earnings volatility and cyclical margin pressures elevate downside risk.""}, {""model"": ""Simulated-AI-Macro-Tactical"", ""call"": ""buy"", ""target_price"": 62.6, ""thesis"": ""Positive operating execution and robust revenue traction support upside.""}]",0.01811335672137714,0.11658818298331473,0.3887327734805267
AAPL,2024-06-28,large_cap,0.4452,0.5,0.3629,206.9,4,"[{""model"": ""Simulated-AI-Momentum-Quant"", ""call"": ""buy"", ""target_price"": 241.68, ""thesis"": ""Strong upward medium-term momentum (+24.0%) signals continued institutional accumulation.""}, {""model"": ""Simulated-AI-Fundamental-Value"", ""call"": ""sell"", ""target_price"": 173.16, ""thesis"": ""Elevated multi-month valuation multiples leave little safety margin against forward earnings revisions.""}, {""model"": ""Simulated-AI-Quality-Compounder"", ""call"": ""sell"", ""target_price"": 183.28, ""thesis"": ""Heightened earnings volatility and cyclical margin pressures elevate downside risk.""}, {""model"": ""Simulated-AI-Macro-Tactical"", ""call"": ""hold"", ""target_price"": 229.49, ""thesis"": ""Positive operating execution and robust revenue traction support upside.""}]",0.03883774985725368,0.08277304443394676,0.21625377929426162
MSFT,2024-06-28,large_cap,0.4183,0.5,0.2957,465.59,4,"[{""model"": ""Simulated-AI-Momentum-Quant"", ""call"": ""hold"", ""target_price"": 443.6, ""thesis"": ""Consolidating trading range warrants a neutral rating until breakout confirmation.""}, {""model"": ""Simulated-AI-Fundamental-Value"", ""call"": ""hold"", ""target_price"": 442.2, ""thesis"": ""Fair valuation reflects balanced risk-reward relative to sector peers.""}, {""model"": ""Simulated-AI-Quality-Compounder"", ""call"": ""buy"", ""target_price"": 493.41, ""thesis"": ""Stable financial profile and durable competitive moat support long-term compounding potential.""}, {""model"": ""Simulated-AI-Macro-Tactical"", ""call"": ""buy"", ""target_price"": 483.13, ""thesis"": ""Positive operating execution and robust revenue traction support upside.""}]",-0.05376439718873574,-0.040627825579547576,-0.03307020260410692
NVDA,2024-06-28,large_cap,0.4118,0.5,0.2796,126.49,4,"[{""model"": ""Simulated-AI-Momentum-Quant"", ""call"": ""buy"", ""target_price"": 141.34, ""thesis"": ""Strong upward medium-term momentum (+36.7%) signals continued institutional accumulation.""}, {""model"": ""Simulated-AI-Fundamental-Value"", ""call"": ""sell"", ""target_price"": 101.95, ""thesis"": ""Elevated multi-month valuation multiples leave little safety margin against forward earnings revisions.""}, {""model"": ""Simulated-AI-Quality-Compounder"", ""call"": ""hold"", ""target_price"": 127.14, ""thesis"": ""Defensive operational balance sheet balanced by limited immediate re-rating catalysts.""}, {""model"": ""Simulated-AI-Macro-Tactical"", ""call"": ""hold"", ""target_price"": 135.52, ""thesis"": ""Positive operating execution and robust revenue traction support upside.""}]",-0.16035295439252184,-0.017238379031060583,0.10920463945763424
AMZN,2024-06-28,large_cap,0.5556,0.75,0.2639,206.88,4,"[{""model"": ""Simulated-AI-Momentum-Quant"", ""call"": ""buy"", ""target_price"": 220.61, ""thesis"": ""Strong upward medium-term momentum (+6.8%) signals continued institutional accumulation.""}, {""model"": ""Simulated-AI-Fundamental-Value"", ""call"": ""hold"", ""target_price"": 194.49, ""thesis"": ""Fair valuation reflects balanced risk-reward relative to sector peers.""}, {""model"": ""Simulated-AI-Quality-Compounder"", ""call"": ""hold"", ""target_price"": 199.82, ""thesis"": ""Defensive operational balance sheet balanced by limited immediate re-rating catalysts.""}, {""model"": ""Simulated-AI-Macro-Tactical"", ""call"": ""hold"", ""target_price"": 212.58, ""thesis"": ""Positive operating execution and robust revenue traction support upside.""}]",-0.059715359824749355,-0.027322115287435316,0.15782664941785252
GOOGL,2024-06-28,large_cap,0.4448,0.5,0.3619,179.37,4,"[{""model"": ""Simulated-AI-Momentum-Quant"", ""call"": ""buy"", ""target_price"": 208.24, ""thesis"": ""Strong upward medium-term momentum (+17.3%) signals continued institutional accumulation.""}, {""model"": ""Simulated-AI-Fundamental-Value"", ""call"": ""sell"", ""target_price"": 150.83, ""thesis"": ""Elevated multi-month valuation multiples leave little safety margin against forward earnings revisions.""}, {""model"": ""Simulated-AI-Quality-Compounder"", ""call"": ""sell"", ""target_price"": 159.69, ""thesis"": ""Heightened earnings volatility and cyclical margin pressures elevate downside risk.""}, {""model"": ""Simulated-AI-Macro-Tactical"", ""call"": ""hold"", ""target_price"": 198.7, ""thesis"": ""Positive operating execution and robust revenue traction support upside.""}]",-0.06511124108327859,-0.09872329376052505,0.0608673513519358
META,2024-06-28,large_cap,0.549,0.75,0.2474,526.55,4,"[{""model"": ""Simulated-AI-Momentum-Quant"", ""call"": ""buy"", ""target_price"": 576.19, ""thesis"": ""Strong upward medium-term momentum (+2.7%) signals continued institutional accumulation.""}, {""model"": ""Simulated-AI-Fundamental-Value"", ""call"": ""hold"", ""target_price"": 506.27, ""thesis"": ""Fair valuation reflects balanced risk-reward relative to sector peers.""}, {""model"": ""Simulated-AI-Quality-Compounder"", ""call"": ""hold"", ""target_price"": 517.89, ""thesis"": ""Defensive operational balance sheet balanced by limited immediate re-rating catalysts.""}, {""model"": ""Simulated-AI-Macro-Tactical"", ""call"": ""hold"", ""target_price"": 505.87, ""thesis"": ""Balanced near-term catalysts recommend maintaining current position.""}]",-0.08137314458652788,0.1262964969159968,0.1916750497041514
BRK-B,2024-06-28,large_cap,0.586,0.75,0.3401,428.62,4,"[{""model"": ""Simulated-AI-Momentum-Quant"", ""call"": ""hold"", ""target_price"": 414.33, ""thesis"": ""Consolidating trading range warrants a neutral rating until breakout confirmation.""}, {""model"": ""Simulated-AI-Fundamental-Value"", ""call"": ""buy"", ""target_price"": 471.07, ""thesis"": ""Recent price softening provides an attractive risk-adjusted entry point against fundamental book value.""}, {""model"": ""Simulated-AI-Quality-Compounder"", ""call"": ""hold"", ""target_price"": 418.19, ""thesis"": ""Defensive operational balance sheet balanced by limited immediate re-rating catalysts.""}, {""model"": ""Simulated-AI-Macro-Tactical"", ""call"": ""hold"", ""target_price"": 410.87, ""thesis"": ""Balanced near-term catalysts recommend maintaining current position.""}]",0.08470998772545146,0.12455755886974515,0.12219769779824805
JPM,2024-06-28,large_cap,0.4229,0.5,0.3071,192.48,4,"[{""model"": ""Simulated-AI-Momentum-Quant"", ""call"": ""hold"", ""target_price"": 195.54, ""thesis"": ""Consolidating trading range warrants a neutral rating until breakout confirmation.""}, {""model"": ""Simulated-AI-Fundamental-Value"", ""call"": ""sell"", ""target_price"": 161.76, ""thesis"": ""Elevated multi-month valuation multiples leave little safety margin against forward earnings revisions.""}, {""model"": ""Simulated-AI-Quality-Compounder"", ""call"": ""buy"", ""target_price"": 217.66, ""thesis"": ""Stable financial profile and durable competitive moat support long-term compounding potential.""}, {""model"": ""Simulated-AI-Macro-Tactical"", ""call"": ""hold"", ""target_price"": 194.96, ""thesis"": ""Balanced near-term catalysts recommend maintaining current position.""}]",0.06982307978882786,0.046506561557588894,0.20633084364848164
V,2024-06-28,large_cap,0.7143,1.0,0.2857,255.81,4,"[{""model"": ""Simulated-AI-Momentum-Quant"", ""call"": ""hold"", ""target_price"": 266.31, ""thesis"": ""Consolidating trading range warrants a neutral rating until breakout confirmation.""}, {""model"": ""Simulated-AI-Fundamental-Value"", ""call"": ""hold"", ""target_price"": 256.5, ""thesis"": ""Fair valuation reflects balanced risk-reward relative to sector peers.""}, {""model"": ""Simulated-AI-Quality-Compounder"", ""call"": ""hold"", ""target_price"": 268.17, ""thesis"": ""Defensive operational balance sheet balanced by limited immediate re-rating catalysts.""}, {""model"": ""Simulated-AI-Macro-Tactical"", ""call"": ""hold"", ""target_price"": 232.25, ""thesis"": ""Macro headwinds and declining momentum justify a defensive posture.""}]",0.0024005669874557693,0.05048889422900101,0.21882920117848811
LLY,2024-06-28,large_cap,0.5824,0.75,0.3311,930.69,4,"[{""model"": ""Simulated-AI-Momentum-Quant"", ""call"": ""buy"", ""target_price"": 1011.47, ""thesis"": ""Strong upward medium-term momentum (+19.2%) signals continued institutional accumulation.""}, {""model"": ""Simulated-AI-Fundamental-Value"", ""call"": ""sell"", ""target_price"": 748.08, ""thesis"": ""Elevated multi-month valuation multiples leave little safety margin against forward earnings revisions.""}, {""model"": ""Simulated-AI-Quality-Compounder"", ""call"": ""buy"", ""target_price"": 982.4, ""thesis"": ""Stable financial profile and durable competitive moat support long-term compounding potential.""}, {""model"": ""Simulated-AI-Macro-Tactical"", ""call"": ""buy"", ""target_price"": 980.79, ""thesis"": ""Positive operating execution and robust revenue traction support upside.""}]",-0.12720629392864738,-0.029118750184396185,-0.13233871999510421
UNH,2024-06-28,large_cap,0.4155,0.5,0.2888,498.8,4,"[{""model"": ""Simulated-AI-Momentum-Quant"", ""call"": ""buy"", ""target_price"": 549.1, ""thesis"": ""Strong upward medium-term momentum (+4.4%) signals continued institutional accumulation.""}, {""model"": ""Simulated-AI-Fundamental-Value"", ""call"": ""sell"", ""target_price"": 411.09, ""thesis"": ""Elevated multi-month valuation multiples leave little safety margin against forward earnings revisions.""}, {""model"": ""Simulated-AI-Quality-Compounder"", ""call"": ""buy"", ""target_price"": 543.35, ""thesis"": ""Stable financial profile and durable competitive moat support long-term compounding potential.""}, {""model"": ""Simulated-AI-Macro-Tactical"", ""call"": ""hold"", ""target_price"": 491.66, ""thesis"": ""Balanced near-term catalysts recommend maintaining current position.""}]",0.13170106988417452,0.1465915665740642,0.008839081287737888
XOM,2024-06-28,large_cap,0.3759,0.5,0.1898,99.92,4,"[{""model"": ""Simulated-AI-Momentum-Quant"", ""call"": ""sell"", ""target_price"": 89.97, ""thesis"": ""Persistent negative price trajectory (-0.8%) indicates structural distribution headwinds.""}, {""model"": ""Simulated-AI-Fundamental-Value"", ""call"": ""hold"", ""target_price"": 107.41, ""thesis"": ""Fair valuation reflects balanced risk-reward relative to sector peers.""}, {""model"": ""Simulated-AI-Quality-Compounder"", ""call"": ""sell"", ""target_price"": 94.1, ""thesis"": ""Heightened earnings volatility and cyclical margin pressures elevate downside risk.""}, {""model"": ""Simulated-AI-Macro-Tactical"", ""call"": ""hold"", ""target_price"": 108.18, ""thesis"": ""Balanced near-term catalysts recommend maintaining current position.""}]",0.026493968240943563,0.014180437146629622,-0.05994392443881154
JNJ,2024-06-28,large_cap,0.4254,0.5,0.3135,130.58,4,"[{""model"": ""Simulated-AI-Momentum-Quant"", ""call"": ""sell"", ""target_price"": 119.83, ""thesis"": ""Persistent negative price trajectory (-6.6%) indicates structural distribution headwinds.""}, {""model"": ""Simulated-AI-Fundamental-Value"", ""call"": ""buy"", ""target_price"": 158.45, ""thesis"": ""Recent price softening provides an attractive risk-adjusted entry point against fundamental book value.""}, {""model"": ""Simulated-AI-Quality-Compounder"", ""call"": ""sell"", ""target_price"": 120.38, ""thesis"": ""Heightened earnings volatility and cyclical margin pressures elevate downside risk.""}, {""model"": ""Simulated-AI-Macro-Tactical"", ""call"": ""hold"", ""target_price"": 123.68, ""thesis"": ""Macro headwinds and declining momentum justify a defensive posture.""}]",0.10379044064781652,0.11265069906600585,0.007961518752335263
PG,2024-06-28,large_cap,0.5539,0.75,0.2599,160.21,4,"[{""model"": ""Simulated-AI-Momentum-Quant"", ""call"": ""hold"", ""target_price"": 157.88, ""thesis"": ""Consolidating trading range warrants a neutral rating until breakout confirmation.""}, {""model"": ""Simulated-AI-Fundamental-Value"", ""call"": ""hold"", ""target_price"": 154.76, ""thesis"": ""Fair valuation reflects balanced risk-reward relative to sector peers.""}, {""model"": ""Simulated-AI-Quality-Compounder"", ""call"": ""buy"", ""target_price"": 171.32, ""thesis"": ""Stable financial profile and durable competitive moat support long-term compounding potential.""}, {""model"": ""Simulated-AI-Macro-Tactical"", ""call"": ""hold"", ""target_price"": 156.87, ""thesis"": ""Balanced near-term catalysts recommend maintaining current position.""}]",-0.013627770429523164,0.058657344207178344,0.04021558285805451
HD,2024-06-28,large_cap,0.426,0.5,0.315,310.01,4,"[{""model"": ""Simulated-AI-Momentum-Quant"", ""call"": ""sell"", ""target_price"": 283.17, ""thesis"": ""Persistent negative price trajectory (-5.8%) indicates structural distribution headwinds.""}, {""model"": ""Simulated-AI-Fundamental-Value"", ""call"": ""buy"", ""target_price"": 378.01, ""thesis"": ""Recent price softening provides an attractive risk-adjusted entry point against fundamental book value.""}, {""model"": ""Simulated-AI-Quality-Compounder"", ""call"": ""sell"", ""target_price"": 286.35, ""thesis"": ""Heightened earnings volatility and cyclical margin pressures elevate downside risk.""}, {""model"": ""Simulated-AI-Macro-Tactical"", ""call"": ""hold"", ""target_price"": 292.53, ""thesis"": ""Macro headwinds and declining momentum justify a defensive posture.""}]",0.056501117486075086,0.16766403535094246,0.15421645842354656
MA,2024-06-28,large_cap,0.4079,0.5,0.2697,411.76,4,"[{""model"": ""Simulated-AI-Momentum-Quant"", ""call"": ""sell"", ""target_price"": 375.03, ""thesis"": ""Persistent negative price trajectory (-7.7%) indicates structural distribution headwinds.""}, {""model"": ""Simulated-AI-Fundamental-Value"", ""call"": ""hold"", ""target_price"": 429.0, ""thesis"": ""Fair valuation reflects balanced risk-reward relative to sector peers.""}, {""model"": ""Simulated-AI-Quality-Compounder"", ""call"": ""hold"", ""target_price"": 451.29, ""thesis"": ""Defensive operational balance sheet balanced by limited immediate re-rating catalysts.""}, {""model"": ""Simulated-AI-Macro-Tactical"", ""call"": ""sell"", ""target_price"": 391.74, ""thesis"": ""Macro headwinds and declining momentum justify a defensive posture.""}]",0.01576006465926424,0.12061647852118294,0.20975825971901152
COST,2024-06-28,large_cap,0.4319,0.5,0.3298,876.3,4,"[{""model"": ""Simulated-AI-Momentum-Quant"", ""call"": ""buy"", ""target_price"": 955.74, ""thesis"": ""Strong upward medium-term momentum (+18.0%) signals continued institutional accumulation.""}, {""model"": ""Simulated-AI-Fundamental-Value"", ""call"": ""sell"", ""target_price"": 696.41, ""thesis"": ""Elevated multi-month valuation multiples leave little safety margin against forward earnings revisions.""}, {""model"": ""Simulated-AI-Quality-Compounder"", ""call"": ""buy"", ""target_price"": 929.55, ""thesis"": ""Stable financial profile and durable competitive moat support long-term compounding potential.""}, {""model"": ""Simulated-AI-Macro-Tactical"", ""call"": ""hold"", ""target_price"": 923.5, ""thesis"": ""Positive operating execution and robust revenue traction support upside.""}]",-0.045655590332749484,0.04340131279969158,0.10858735939754505
ABBV,2024-06-28,large_cap,0.7327,1.0,0.3317,162.35,4,"[{""model"": ""Simulated-AI-Momentum-Quant"", ""call"": ""hold"", ""target_price"": 165.28, ""thesis"": ""Consolidating trading range warrants a neutral rating until breakout confirmation.""}, {""model"": ""Simulated-AI-Fundamental-Value"", ""call"": ""hold"", ""target_price"": 158.39, ""thesis"": ""Fair valuation reflects balanced risk-reward relative to sector peers.""}, {""model"": ""Simulated-AI-Quality-Compounder"", ""call"": ""hold"", ""target_price"": 165.01, ""thesis"": ""Defensive operational balance sheet balanced by limited immediate re-rating catalysts.""}, {""model"": ""Simulated-AI-Macro-Tactical"", ""call"": ""hold"", ""target_price"": 160.74, ""thesis"": ""Balanced near-term catalysts recommend maintaining current position.""}]",0.09897265116974721,0.1461016495777426,0.05573579527614164
MRK,2024-06-28,large_cap,0.586,0.75,0.3401,123.31,4,"[{""model"": ""Simulated-AI-Momentum-Quant"", ""call"": ""hold"", ""target_price"": 120.75, ""thesis"": ""Consolidating trading range warrants a neutral rating until breakout confirmation.""}, {""model"": ""Simulated-AI-Fundamental-Value"", ""call"": ""buy"", ""target_price"": 135.64, ""thesis"": ""Recent price softening provides an attractive risk-adjusted entry point against fundamental book value.""}, {""model"": ""Simulated-AI-Quality-Compounder"", ""call"": ""hold"", ""target_price"": 119.82, ""thesis"": ""Defensive operational balance sheet balanced by limited immediate re-rating catalysts.""}, {""model"": ""Simulated-AI-Macro-Tactical"", ""call"": ""hold"", ""target_price"": 117.04, ""thesis"": ""Balanced near-term catalysts recommend maintaining current position.""}]",-0.06906297921357028,-0.07551991092470645,-0.1827911979157477
BAC,2024-06-28,large_cap,0.5745,0.75,0.3114,41.49,4,"[{""model"": ""Simulated-AI-Momentum-Quant"", ""call"": ""buy"", ""target_price"": 43.42, ""thesis"": ""Strong upward medium-term momentum (+6.6%) signals continued institutional accumulation.""}, {""model"": ""Simulated-AI-Fundamental-Value"", ""call"": ""hold"", ""target_price"": 38.45, ""thesis"": ""Fair valuation reflects balanced risk-reward relative to sector peers.""}, {""model"": ""Simulated-AI-Quality-Compounder"", ""call"": ""buy"", ""target_price"": 42.51, ""thesis"": ""Stable financial profile and durable competitive moat support long-term compounding potential.""}, {""model"": ""Simulated-AI-Macro-Tactical"", ""call"": ""buy"", ""target_price"": 41.58, ""thesis"": ""Positive operating execution and robust revenue traction support upside.""}]",0.0379681197378917,-0.0028446065307466987,0.12842168238907387
CVX,2024-06-28,large_cap,0.586,0.75,0.3401,150.2,4,"[{""model"": ""Simulated-AI-Momentum-Quant"", ""call"": ""hold"", ""target_price"": 143.72, ""thesis"": ""Consolidating trading range warrants a neutral rating until breakout confirmation.""}, {""model"": ""Simulated-AI-Fundamental-Value"", ""call"": ""buy"", ""target_price"": 165.86, ""thesis"": ""Recent price softening provides an attractive risk-adjusted entry point against fundamental book value.""}, {""model"": ""Simulated-AI-Quality-Compounder"", ""call"": ""hold"", ""target_price"": 147.44, ""thesis"": ""Defensive operational balance sheet balanced by limited immediate re-rating catalysts.""}, {""model"": ""Simulated-AI-Macro-Tactical"", ""call"": ""hold"", ""target_price"": 143.79, ""thesis"": ""Balanced near-term catalysts recommend maintaining current position.""}]",0.02013831250342973,-0.05946586645310871,-0.059602198286506064
CRM,2024-06-28,large_cap,0.4166,0.5,0.2916,228.47,4,"[{""model"": ""Simulated-AI-Momentum-Quant"", ""call"": ""sell"", ""target_price"": 214.19, ""thesis"": ""Persistent negative price trajectory (-14.9%) indicates structural distribution headwinds.""}, {""model"": ""Simulated-AI-Fundamental-Value"", ""call"": ""hold"", ""target_price"": 248.61, ""thesis"": ""Fair valuation reflects balanced risk-reward relative to sector peers.""}, {""model"": ""Simulated-AI-Quality-Compounder"", ""call"": ""sell"", ""target_price"": 223.33, ""thesis"": ""Heightened earnings volatility and cyclical margin pressures elevate downside risk.""}, {""model"": ""Simulated-AI-Macro-Tactical"", ""call"": ""hold"", ""target_price"": 227.75, ""thesis"": ""Macro headwinds and declining momentum justify a defensive posture.""}]",0.004789863629048324,0.079368276097105,0.32203962555889126
NFLX,2024-06-28,large_cap,0.5829,0.75,0.3323,70.98,4,"[{""model"": ""Simulated-AI-Momentum-Quant"", ""call"": ""buy"", ""target_price"": 77.91, ""thesis"": ""Strong upward medium-term momentum (+9.9%) signals continued institutional accumulation.""}, {""model"": ""Simulated-AI-Fundamental-Value"", ""call"": ""sell"", ""target_price"": 57.33, ""thesis"": ""Elevated multi-month valuation multiples leave little safety margin against forward earnings revisions.""}, {""model"": ""Simulated-AI-Quality-Compounder"", ""call"": ""buy"", ""target_price"": 74.44, ""thesis"": ""Stable financial profile and durable competitive moat support long-term compounding potential.""}, {""model"": ""Simulated-AI-Macro-Tactical"", ""call"": ""buy"", ""target_price"": 74.24, ""thesis"": ""Positive operating execution and robust revenue traction support upside.""}]",-0.07749525282487585,0.0481122821519442,0.34475756651160583
AMD,2024-06-28,large_cap,0.4255,0.5,0.3138,155.06,4,"[{""model"": ""Simulated-AI-Momentum-Quant"", ""call"": ""sell"", ""target_price"": 140.15, ""thesis"": ""Persistent negative price trajectory (-11.5%) indicates structural distribution headwinds.""}, {""model"": ""Simulated-AI-Fundamental-Value"", ""call"": ""buy"", ""target_price"": 188.33, ""thesis"": ""Recent price softening provides an attractive risk-adjusted entry point against fundamental book value.""}, {""model"": ""Simulated-AI-Quality-Compounder"", ""call"": ""sell"", ""target_price"": 145.75, ""thesis"": ""Heightened earnings volatility and cyclical margin pressures elevate downside risk.""}, {""model"": ""Simulated-AI-Macro-Tactical"", ""call"": ""hold"", ""target_price"": 145.99, ""thesis"": ""Macro headwinds and declining momentum justify a defensive posture.""}]",-0.14653845810135746,0.013192770489328208,-0.2282226912040202
PEP,2024-06-28,large_cap,0.5412,0.75,0.2281,148.11,4,"[{""model"": ""Simulated-AI-Momentum-Quant"", ""call"": ""hold"", ""target_price"": 155.92, ""thesis"": ""Consolidating trading range warrants a neutral rating until breakout confirmation.""}, {""model"": ""Simulated-AI-Fundamental-Value"", ""call"": ""hold"", ""target_price"": 150.6, ""thesis"": ""Fair valuation reflects balanced risk-reward relative to sector peers.""}, {""model"": ""Simulated-AI-Quality-Compounder"", ""call"": ""sell"", ""target_price"": 132.97, ""thesis"": ""Heightened earnings volatility and cyclical margin pressures elevate downside risk.""}, {""model"": ""Simulated-AI-Macro-Tactical"", ""call"": ""hold"", ""target_price"": 152.96, ""thesis"": ""Balanced near-term catalysts recommend maintaining current position.""}]",0.05002130321686131,0.038589198115483885,-0.05798857535026891
KO,2024-06-28,large_cap,0.4119,0.5,0.2799,61.85,4,"[{""model"": ""Simulated-AI-Momentum-Quant"", ""call"": ""buy"", ""target_price"": 68.46, ""thesis"": ""Strong upward medium-term momentum (+5.7%) signals continued institutional accumulation.""}, {""model"": ""Simulated-AI-Fundamental-Value"", ""call"": ""sell"", ""target_price"": 50.76, ""thesis"": ""Elevated multi-month valuation multiples leave little safety margin against forward earnings revisions.""}, {""model"": ""Simulated-AI-Quality-Compounder"", ""call"": ""hold"", ""target_price"": 62.02, ""thesis"": ""Defensive operational balance sheet balanced by limited immediate re-rating catalysts.""}, {""model"": ""Simulated-AI-Macro-Tactical"", ""call"": ""hold"", ""target_price"": 66.15, ""thesis"": ""Positive operating execution and robust revenue traction support upside.""}]",0.06331499934347781,0.1356194683248662,-0.0046339682674601595
TMO,2024-06-28,large_cap,0.4058,0.5,0.2646,559.77,4,"[{""model"": ""Simulated-AI-Momentum-Quant"", ""call"": ""hold"", ""target_price"": 564.3, ""thesis"": ""Consolidating trading range warrants a neutral rating until breakout confirmation.""}, {""model"": ""Simulated-AI-Fundamental-Value"", ""call"": ""buy"", ""target_price"": 634.6, ""thesis"": ""Recent price softening provides an attractive risk-adjusted entry point against fundamental book value.""}, {""model"": ""Simulated-AI-Quality-Compounder"", ""call"": ""sell"", ""target_price"": 485.49, ""thesis"": ""Heightened earnings volatility and cyclical margin pressures elevate downside risk.""}, {""model"": ""Simulated-AI-Macro-Tactical"", ""call"": ""hold"", ""target_price"": 554.69, ""thesis"": ""Balanced near-term catalysts recommend maintaining current position.""}]",0.11222425179460827,0.11177293248858866,-0.047385748756621424
WMT,2024-06-28,large_cap,0.5827,0.75,0.3316,69.27,4,"[{""model"": ""Simulated-AI-Momentum-Quant"", ""call"": ""buy"", ""target_price"": 75.38, ""thesis"": ""Strong upward medium-term momentum (+13.2%) signals continued institutional accumulation.""}, {""model"": ""Simulated-AI-Fundamental-Value"", ""call"": ""sell"", ""target_price"": 55.63, ""thesis"": ""Elevated multi-month valuation multiples leave little safety margin against forward earnings revisions.""}, {""model"": ""Simulated-AI-Quality-Compounder"", ""call"": ""buy"", ""target_price"": 73.14, ""thesis"": ""Stable financial profile and durable competitive moat support long-term compounding potential.""}, {""model"": ""Simulated-AI-Macro-Tactical"", ""call"": ""buy"", ""target_price"": 72.94, ""thesis"": ""Positive operating execution and robust revenue traction support upside.""}]",0.02185794110225613,0.1816188854047087,0.3605811233629528
MCD,2024-06-28,large_cap,0.4039,0.5,0.2598,239.09,4,"[{""model"": ""Simulated-AI-Momentum-Quant"", ""call"": ""sell"", ""target_price"": 208.55, ""thesis"": ""Persistent negative price trajectory (-8.5%) indicates structural distribution headwinds.""}, {""model"": ""Simulated-AI-Fundamental-Value"", ""call"": ""buy"", ""target_price"": 280.48, ""thesis"": ""Recent price softening provides an attractive risk-adjusted entry point against fundamental book value.""}, {""model"": ""Simulated-AI-Quality-Compounder"", ""call"": ""hold"", ""target_price"": 250.07, ""thesis"": ""Defensive operational balance sheet balanced by limited immediate re-rating catalysts.""}, {""model"": ""Simulated-AI-Macro-Tactical"", ""call"": ""sell"", ""target_price"": 217.24, ""thesis"": ""Macro headwinds and declining momentum justify a defensive posture.""}]",0.04551864562781833,0.19862317379301714,0.1658497792842653
CSCO,2024-06-28,large_cap,0.4027,0.5,0.2567,45.89,4,"[{""model"": ""Simulated-AI-Momentum-Quant"", ""call"": ""sell"", ""target_price"": 38.99, ""thesis"": ""Persistent negative price trajectory (-4.3%) indicates structural distribution headwinds.""}, {""model"": ""Simulated-AI-Fundamental-Value"", ""call"": ""buy"", ""target_price"": 52.29, ""thesis"": ""Recent price softening provides an attractive risk-adjusted entry point against fundamental book value.""}, {""model"": ""Simulated-AI-Quality-Compounder"", ""call"": ""hold"", ""target_price"": 46.9, ""thesis"": ""Defensive operational balance sheet balanced by limited immediate re-rating catalysts.""}, {""model"": ""Simulated-AI-Macro-Tactical"", ""call"": ""hold"", ""target_price"": 45.37, ""thesis"": ""Balanced near-term catalysts recommend maintaining current position.""}]",0.02194120884160323,0.1255363797255937,0.27510326753424985
KNSL,2024-06-28,small_cap,0.5729,0.75,0.3073,365.87,4,"[{""model"": ""Simulated-AI-Momentum-Quant"", ""call"": ""sell"", ""target_price"": 331.44, ""thesis"": ""Persistent negative price trajectory (-24.8%) indicates structural distribution headwinds.""}, {""model"": ""Simulated-AI-Fundamental-Value"", ""call"": ""buy"", ""target_price"": 446.91, ""thesis"": ""Recent price softening provides an attractive risk-adjusted entry point against fundamental book value.""}, {""model"": ""Simulated-AI-Quality-Compounder"", ""call"": ""sell"", ""target_price"": 339.88, ""thesis"": ""Heightened earnings volatility and cyclical margin pressures elevate downside risk.""}, {""model"": ""Simulated-AI-Macro-Tactical"", ""call"": ""sell"", ""target_price"": 345.25, ""thesis"": ""Macro headwinds and declining momentum justify a defensive posture.""}]",0.19886818534165096,0.19789111693508882,0.22239268635419995
SAIA,2024-06-28,small_cap,0.5717,0.75,0.3042,451.56,4,"[{""model"": ""Simulated-AI-Momentum-Quant"", ""call"": ""sell"", ""target_price"": 402.58, ""thesis"": ""Persistent negative price trajectory (-19.0%) indicates structural distribution headwinds.""}, {""model"": ""Simulated-AI-Fundamental-Value"", ""call"": ""buy"", ""target_price"": 552.55, ""thesis"": ""Recent price softening provides an attractive risk-adjusted entry point against fundamental book value.""}, {""model"": ""Simulated-AI-Quality-Compounder"", ""call"": ""sell"", ""target_price"": 424.25, ""thesis"": ""Heightened earnings volatility and cyclical margin pressures elevate downside risk.""}, {""model"": ""Simulated-AI-Macro-Tactical"", ""call"": ""sell"", ""target_price"": 426.86, ""thesis"": ""Macro headwinds and declining momentum justify a defensive posture.""}]",-0.138480722785748,-0.08364083727894317,0.0021505597741793203
MEDP,2024-06-28,small_cap,0.4148,0.5,0.2869,422.31,4,"[{""model"": ""Simulated-AI-Momentum-Quant"", ""call"": ""buy"", ""target_price"": 472.14, ""thesis"": ""Strong upward medium-term momentum (+3.5%) signals continued institutional accumulation.""}, {""model"": ""Simulated-AI-Fundamental-Value"", ""call"": ""sell"", ""target_price"": 343.89, ""thesis"": ""Elevated multi-month valuation multiples leave little safety margin against forward earnings revisions.""}, {""model"": ""Simulated-AI-Quality-Compounder"", ""call"": ""buy"", ""target_price"": 457.24, ""thesis"": ""Stable financial profile and durable competitive moat support long-term compounding potential.""}, {""model"": ""Simulated-AI-Macro-Tactical"", ""call"": ""hold"", ""target_price"": 415.97, ""thesis"": ""Balanced near-term catalysts recommend maintaining current position.""}]",-0.08155880985818903,-0.19524099179422832,-0.1717373071218327
SSD,2024-06-28,small_cap,0.4227,0.5,0.3067,157.31,4,"[{""model"": ""Simulated-AI-Momentum-Quant"", ""call"": ""sell"", ""target_price"": 140.25, ""thesis"": ""Persistent negative price trajectory (-16.2%) indicates structural distribution headwinds.""}, {""model"": ""Simulated-AI-Fundamental-Value"", ""call"": ""buy"", ""target_price"": 193.82, ""thesis"": ""Recent price softening provides an attractive risk-adjusted entry point against fundamental book value.""}, {""model"": ""Simulated-AI-Quality-Compounder"", ""call"": ""sell"", ""target_price"": 145.76, ""thesis"": ""Heightened earnings volatility and cyclical margin pressures elevate downside risk.""}, {""model"": ""Simulated-AI-Macro-Tactical"", ""call"": ""hold"", ""target_price"": 149.41, ""thesis"": ""Macro headwinds and declining momentum justify a defensive posture.""}]",0.13965425974629775,0.13632568738149073,-0.007251201095938862
EXPO,2024-06-28,small_cap,0.4334,0.5,0.3334,96.66,4,"[{""model"": ""Simulated-AI-Momentum-Quant"", ""call"": ""buy"", ""target_price"": 106.53, ""thesis"": ""Strong upward medium-term momentum (+17.6%) signals continued institutional accumulation.""}, {""model"": ""Simulated-AI-Fundamental-Value"", ""call"": ""sell"", ""target_price"": 77.83, ""thesis"": ""Elevated multi-month valuation multiples leave little safety margin against forward earnings revisions.""}, {""model"": ""Simulated-AI-Quality-Compounder"", ""call"": ""buy"", ""target_price"": 101.24, ""thesis"": ""Stable financial profile and durable competitive moat support long-term compounding potential.""}, {""model"": ""Simulated-AI-Macro-Tactical"", ""call"": ""hold"", ""target_price"": 101.02, ""thesis"": ""Positive operating execution and robust revenue traction support upside.""}]",0.12447424988525274,0.1937864101866486,-0.05454999345784882
FORM,2024-06-28,small_cap,0.4331,0.5,0.3329,63.61,4,"[{""model"": ""Simulated-AI-Momentum-Quant"", ""call"": ""buy"", ""target_price"": 70.02, ""thesis"": ""Strong upward medium-term momentum (+30.8%) signals continued institutional accumulation.""}, {""model"": ""Simulated-AI-Fundamental-Value"", ""call"": ""sell"", ""target_price"": 50.45, ""thesis"": ""Elevated multi-month valuation multiples leave little safety margin against forward earnings revisions.""}, {""model"": ""Simulated-AI-Quality-Compounder"", ""call"": ""buy"", ""target_price"": 67.38, ""thesis"": ""Stable financial profile and durable competitive moat support long-term compounding potential.""}, {""model"": ""Simulated-AI-Macro-Tactical"", ""call"": ""hold"", ""target_price"": 66.58, ""thesis"": ""Positive operating execution and robust revenue traction support upside.""}]",-0.1657029403861057,-0.2350900351761354,-0.24136793168660428
CRVL,2024-06-28,small_cap,0.7327,1.0,0.3317,86.1,4,"[{""model"": ""Simulated-AI-Momentum-Quant"", ""call"": ""hold"", ""target_price"": 86.07, ""thesis"": ""Consolidating trading range warrants a neutral rating until breakout confirmation.""}, {""model"": ""Simulated-AI-Fundamental-Value"", ""call"": ""hold"", ""target_price"": 84.56, ""thesis"": ""Fair valuation reflects balanced risk-reward relative to sector peers.""}, {""model"": ""Simulated-AI-Quality-Compounder"", ""call"": ""hold"", ""target_price"": 88.15, ""thesis"": ""Defensive operational balance sheet balanced by limited immediate re-rating catalysts.""}, {""model"": ""Simulated-AI-Macro-Tactical"", ""call"": ""hold"", ""target_price"": 85.61, ""thesis"": ""Balanced near-term catalysts recommend maintaining current position.""}]",0.25846535123148995,0.25995987479235727,0.34195928681260046
TKR,2024-06-28,small_cap,0.5596,0.75,0.2739,80.17,4,"[{""model"": ""Simulated-AI-Momentum-Quant"", ""call"": ""hold"", ""target_price"": 80.63, ""thesis"": ""Consolidating trading range warrants a neutral rating until breakout confirmation.""}, {""model"": ""Simulated-AI-Fundamental-Value"", ""call"": ""buy"", ""target_price"": 89.72, ""thesis"": ""Recent price softening provides an attractive risk-adjusted entry point against fundamental book value.""}, {""model"": ""Simulated-AI-Quality-Compounder"", ""call"": ""hold"", ""target_price"": 80.77, ""thesis"": ""Defensive operational balance sheet balanced by limited immediate re-rating catalysts.""}, {""model"": ""Simulated-AI-Macro-Tactical"", ""call"": ""hold"", ""target_price"": 69.58, ""thesis"": ""Macro headwinds and declining momentum justify a defensive posture.""}]",0.06776474377679934,0.06472529338837633,-0.1002221265869903
POWI,2024-06-28,small_cap,0.4079,0.5,0.2697,68.36,4,"[{""model"": ""Simulated-AI-Momentum-Quant"", ""call"": ""buy"", ""target_price"": 78.34, ""thesis"": ""Strong upward medium-term momentum (-0.4%) signals continued institutional accumulation.""}, {""model"": ""Simulated-AI-Fundamental-Value"", ""call"": ""sell"", ""target_price"": 56.24, ""thesis"": ""Elevated multi-month valuation multiples leave little safety margin against forward earnings revisions.""}, {""model"": ""Simulated-AI-Quality-Compounder"", ""call"": ""hold"", ""target_price"": 70.46, ""thesis"": ""Defensive operational balance sheet balanced by limited immediate re-rating catalysts.""}, {""model"": ""Simulated-AI-Macro-Tactical"", ""call"": ""hold"", ""target_price"": 68.4, ""thesis"": ""Balanced near-term catalysts recommend maintaining current position.""}]",0.012394958290866778,-0.09157967476936252,-0.09679659752339664
CALM,2024-06-28,small_cap,0.4118,0.5,0.2794,55.39,4,"[{""model"": ""Simulated-AI-Momentum-Quant"", ""call"": ""buy"", ""target_price"": 60.69, ""thesis"": ""Strong upward medium-term momentum (+6.2%) signals continued institutional accumulation.""}, {""model"": ""Simulated-AI-Fundamental-Value"", ""call"": ""sell"", ""target_price"": 45.6, ""thesis"": ""Elevated multi-month valuation multiples leave little safety margin against forward earnings revisions.""}, {""model"": ""Simulated-AI-Quality-Compounder"", ""call"": ""hold"", ""target_price"": 55.85, ""thesis"": ""Defensive operational balance sheet balanced by limited immediate re-rating catalysts.""}, {""model"": ""Simulated-AI-Macro-Tactical"", ""call"": ""buy"", ""target_price"": 59.43, ""thesis"": ""Positive operating execution and robust revenue traction support upside.""}]",0.17460308495156449,0.23499939318747554,0.6923649005515817
PLUS,2024-06-28,small_cap,0.3755,0.5,0.1886,67.68,4,"[{""model"": ""Simulated-AI-Momentum-Quant"", ""call"": ""sell"", ""target_price"": 61.03, ""thesis"": ""Persistent negative price trajectory (-4.1%) indicates structural distribution headwinds.""}, {""model"": ""Simulated-AI-Fundamental-Value"", ""call"": ""hold"", ""target_price"": 72.72, ""thesis"": ""Fair valuation reflects balanced risk-reward relative to sector peers.""}, {""model"": ""Simulated-AI-Quality-Compounder"", ""call"": ""sell"", ""target_price"": 63.71, ""thesis"": ""Heightened earnings volatility and cyclical margin pressures elevate downside risk.""}, {""model"": ""Simulated-AI-Macro-Tactical"", ""call"": ""hold"", ""target_price"": 73.25, ""thesis"": ""Balanced near-term catalysts recommend maintaining current position.""}]",0.2407709909723397,0.34120539505166037,-0.002443010106569649
FSS,2024-06-28,small_cap,0.3855,0.5,0.2137,83.36,4,"[{""model"": ""Simulated-AI-Momentum-Quant"", ""call"": ""buy"", ""target_price"": 95.21, ""thesis"": ""Strong upward medium-term momentum (-1.6%) signals continued institutional accumulation.""}, {""model"": ""Simulated-AI-Fundamental-Value"", ""call"": ""hold"", ""target_price"": 81.79, ""thesis"": ""Fair valuation reflects balanced risk-reward relative to sector peers.""}, {""model"": ""Simulated-AI-Quality-Compounder"", ""call"": ""sell"", ""target_price"": 72.94, ""thesis"": ""Heightened earnings volatility and cyclical margin pressures elevate downside risk.""}, {""model"": ""Simulated-AI-Macro-Tactical"", ""call"": ""hold"", ""target_price"": 83.48, ""thesis"": ""Balanced near-term catalysts recommend maintaining current position.""}]",0.18011255355792213,0.11290348783478951,0.1103037051956329
AMWD,2024-06-28,small_cap,0.5487,0.75,0.2469,104.58,4,"[{""model"": ""Simulated-AI-Momentum-Quant"", ""call"": ""buy"", ""target_price"": 114.8, ""thesis"": ""Strong upward medium-term momentum (+0.0%) signals continued institutional accumulation.""}, {""model"": ""Simulated-AI-Fundamental-Value"", ""call"": ""hold"", ""target_price"": 99.04, ""thesis"": ""Fair valuation reflects balanced risk-reward relative to sector peers.""}, {""model"": ""Simulated-AI-Quality-Compounder"", ""call"": ""hold"", ""target_price"": 103.48, ""thesis"": ""Defensive operational balance sheet balanced by limited immediate re-rating catalysts.""}, {""model"": ""Simulated-AI-Macro-Tactical"", ""call"": ""hold"", ""target_price"": 101.0, ""thesis"": ""Balanced near-term catalysts recommend maintaining current position.""}]",,,
ATKR,2024-06-28,small_cap,0.5753,0.75,0.3132,122.56,4,"[{""model"": ""Simulated-AI-Momentum-Quant"", ""call"": ""sell"", ""target_price"": 109.65, ""thesis"": ""Persistent negative price trajectory (-30.2%) indicates structural distribution headwinds.""}, {""model"": ""Simulated-AI-Fundamental-Value"", ""call"": ""buy"", ""target_price"": 149.32, ""thesis"": ""Recent price softening provides an attractive risk-adjusted entry point against fundamental book value.""}, {""model"": ""Simulated-AI-Quality-Compounder"", ""call"": ""sell"", ""target_price"": 114.56, ""thesis"": ""Heightened earnings volatility and cyclical margin pressures elevate downside risk.""}, {""model"": ""Simulated-AI-Macro-Tactical"", ""call"": ""sell"", ""target_price"": 116.7, ""thesis"": ""Macro headwinds and declining momentum justify a defensive posture.""}]",-0.006892427297071737,-0.36327363583600897,-0.3778708248271421
BRC,2024-06-28,small_cap,0.4251,0.5,0.3126,70.12,4,"[{""model"": ""Simulated-AI-Momentum-Quant"", ""call"": ""buy"", ""target_price"": 73.65, ""thesis"": ""Strong upward medium-term momentum (+10.9%) signals continued institutional accumulation.""}, {""model"": ""Simulated-AI-Fundamental-Value"", ""call"": ""hold"", ""target_price"": 65.24, ""thesis"": ""Fair valuation reflects balanced risk-reward relative to sector peers.""}, {""model"": ""Simulated-AI-Quality-Compounder"", ""call"": ""buy"", ""target_price"": 71.06, ""thesis"": ""Stable financial profile and durable competitive moat support long-term compounding potential.""}, {""model"": ""Simulated-AI-Macro-Tactical"", ""call"": ""hold"", ""target_price"": 70.52, ""thesis"": ""Positive operating execution and robust revenue traction support upside.""}]",0.09103355911718428,0.14363177913850517,0.12701966030792256
CNO,2024-06-28,small_cap,0.4229,0.5,0.3071,26.44,4,"[{""model"": ""Simulated-AI-Momentum-Quant"", ""call"": ""hold"", ""target_price"": 27.06, ""thesis"": ""Consolidating trading range warrants a neutral rating until breakout confirmation.""}, {""model"": ""Simulated-AI-Fundamental-Value"", ""call"": ""sell"", ""target_price"": 22.26, ""thesis"": ""Elevated multi-month valuation multiples leave little safety margin against forward earnings revisions.""}, {""model"": ""Simulated-AI-Quality-Compounder"", ""call"": ""buy"", ""target_price"": 29.45, ""thesis"": ""Stable financial profile and durable competitive moat support long-term compounding potential.""}, {""model"": ""Simulated-AI-Macro-Tactical"", ""call"": ""hold"", ""target_price"": 26.98, ""thesis"": ""Balanced near-term catalysts recommend maintaining current position.""}]",0.23809534012793537,0.2420245988997731,0.35750526708089064
CSGS,2024-06-28,small_cap,0.7327,1.0,0.3317,102.14,4,"[{""model"": ""Simulated-AI-Momentum-Quant"", ""call"": ""hold"", ""target_price"": 102.25, ""thesis"": ""Consolidating trading range warrants a neutral rating until breakout confirmation.""}, {""model"": ""Simulated-AI-Fundamental-Value"", ""call"": ""hold"", ""target_price"": 100.44, ""thesis"": ""Fair valuation reflects balanced risk-reward relative to sector peers.""}, {""model"": ""Simulated-AI-Quality-Compounder"", ""call"": ""hold"", ""target_price"": 104.88, ""thesis"": ""Defensive operational balance sheet balanced by limited immediate re-rating catalysts.""}, {""model"": ""Simulated-AI-Macro-Tactical"", ""call"": ""hold"", ""target_price"": 101.0, ""thesis"": ""Balanced near-term catalysts recommend maintaining current position.""}]",,,
ENSG,2024-06-28,small_cap,0.5412,0.75,0.2281,120.67,4,"[{""model"": ""Simulated-AI-Momentum-Quant"", ""call"": ""hold"", ""target_price"": 127.24, ""thesis"": ""Consolidating trading range warrants a neutral rating until breakout confirmation.""}, {""model"": ""Simulated-AI-Fundamental-Value"", ""call"": ""hold"", ""target_price"": 122.6, ""thesis"": ""Fair valuation reflects balanced risk-reward relative to sector peers.""}, {""model"": ""Simulated-AI-Quality-Compounder"", ""call"": ""sell"", ""target_price"": 108.31, ""thesis"": ""Heightened earnings volatility and cyclical margin pressures elevate downside risk.""}, {""model"": ""Simulated-AI-Macro-Tactical"", ""call"": ""hold"", ""target_price"": 124.52, ""thesis"": ""Balanced near-term catalysts recommend maintaining current position.""}]",0.1757617500541477,0.1650900089730499,0.08364293449673567
FIX,2024-06-28,small_cap,0.4041,0.5,0.2602,307.68,4,"[{""model"": ""Simulated-AI-Momentum-Quant"", ""call"": ""sell"", ""target_price"": 260.76, ""thesis"": ""Persistent negative price trajectory (-4.7%) indicates structural distribution headwinds.""}, {""model"": ""Simulated-AI-Fundamental-Value"", ""call"": ""buy"", ""target_price"": 351.78, ""thesis"": ""Recent price softening provides an attractive risk-adjusted entry point against fundamental book value.""}, {""model"": ""Simulated-AI-Quality-Compounder"", ""call"": ""hold"", ""target_price"": 313.09, ""thesis"": ""Defensive operational balance sheet balanced by limited immediate re-rating catalysts.""}, {""model"": ""Simulated-AI-Macro-Tactical"", ""call"": ""hold"", ""target_price"": 305.11, ""thesis"": ""Balanced near-term catalysts recommend maintaining current position.""}]",0.005162443932597702,0.2838471329858165,0.42306724047359273
GBCI,2024-06-28,small_cap,0.5994,0.75,0.3736,34.24,4,"[{""model"": ""Simulated-AI-Momentum-Quant"", ""call"": ""hold"", ""target_price"": 36.4, ""thesis"": ""Consolidating trading range warrants a neutral rating until breakout confirmation.""}, {""model"": ""Simulated-AI-Fundamental-Value"", ""call"": ""sell"", ""target_price"": 28.96, ""thesis"": ""Elevated multi-month valuation multiples leave little safety margin against forward earnings revisions.""}, {""model"": ""Simulated-AI-Quality-Compounder"", ""call"": ""hold"", ""target_price"": 36.31, ""thesis"": ""Defensive operational balance sheet balanced by limited immediate re-rating catalysts.""}, {""model"": ""Simulated-AI-Macro-Tactical"", ""call"": ""hold"", ""target_price"": 35.28, ""thesis"": ""Balanced near-term catalysts recommend maintaining current position.""}]",0.2092816160924355,0.22226130290005322,0.3779787793739341
GPI,2024-06-28,small_cap,0.4153,0.5,0.2882,315.92,4,"[{""model"": ""Simulated-AI-Momentum-Quant"", ""call"": ""hold"", ""target_price"": 295.81, ""thesis"": ""Consolidating trading range warrants a neutral rating until breakout confirmation.""}, {""model"": ""Simulated-AI-Fundamental-Value"", ""call"": ""buy"", ""target_price"": 344.84, ""thesis"": ""Recent price softening provides an attractive risk-adjusted entry point against fundamental book value.""}, {""model"": ""Simulated-AI-Quality-Compounder"", ""call"": ""buy"", ""target_price"": 326.49, ""thesis"": ""Stable financial profile and durable competitive moat support long-term compounding potential.""}, {""model"": ""Simulated-AI-Macro-Tactical"", ""call"": ""hold"", ""target_price"": 296.55, ""thesis"": ""Balanced near-term catalysts recommend maintaining current position.""}]",0.17552454784659033,0.29987864966965166,0.42674654827170627
HLNE,2024-06-28,small_cap,0.413,0.5,0.2826,123.13,4,"[{""model"": ""Simulated-AI-Momentum-Quant"", ""call"": ""buy"", ""target_price"": 138.28, ""thesis"": ""Strong upward medium-term momentum (+11.5%) signals continued institutional accumulation.""}, {""model"": ""Simulated-AI-Fundamental-Value"", ""call"": ""sell"", ""target_price"": 99.32, ""thesis"": ""Elevated multi-month valuation multiples leave little safety margin against forward earnings revisions.""}, {""model"": ""Simulated-AI-Quality-Compounder"", ""call"": ""hold"", ""target_price"": 123.51, ""thesis"": ""Defensive operational balance sheet balanced by limited immediate re-rating catalysts.""}, {""model"": ""Simulated-AI-Macro-Tactical"", ""call"": ""buy"", ""target_price"": 131.4, ""thesis"": ""Positive operating execution and robust revenue traction support upside.""}]",0.16038184749017068,0.353017700640019,0.23384677839971865
HWKN,2024-06-28,small_cap,0.5823,0.75,0.3308,93.73,4,"[{""model"": ""Simulated-AI-Momentum-Quant"", ""call"": ""buy"", ""target_price"": 101.29, ""thesis"": ""Strong upward medium-term momentum (+22.2%) signals continued institutional accumulation.""}, {""model"": ""Simulated-AI-Fundamental-Value"", ""call"": ""sell"", ""target_price"": 75.44, ""thesis"": ""Elevated multi-month valuation multiples leave little safety margin against forward earnings revisions.""}, {""model"": ""Simulated-AI-Quality-Compounder"", ""call"": ""buy"", ""target_price"": 99.33, ""thesis"": ""Stable financial profile and durable competitive moat support long-term compounding potential.""}, {""model"": ""Simulated-AI-Macro-Tactical"", ""call"": ""buy"", ""target_price"": 98.85, ""thesis"": ""Positive operating execution and robust revenue traction support upside.""}]",0.133846313587983,0.38052985998955224,0.38142826736678276
IBP,2024-06-28,small_cap,0.5738,0.75,0.3096,191.18,4,"[{""model"": ""Simulated-AI-Momentum-Quant"", ""call"": ""sell"", ""target_price"": 173.95, ""thesis"": ""Persistent negative price trajectory (-19.9%) indicates structural distribution headwinds.""}, {""model"": ""Simulated-AI-Fundamental-Value"", ""call"": ""buy"", ""target_price"": 234.09, ""thesis"": ""Recent price softening provides an attractive risk-adjusted entry point against fundamental book value.""}, {""model"": ""Simulated-AI-Quality-Compounder"", ""call"": ""sell"", ""target_price"": 177.14, ""thesis"": ""Heightened earnings volatility and cyclical margin pressures elevate downside risk.""}, {""model"": ""Simulated-AI-Macro-Tactical"", ""call"": ""sell"", ""target_price"": 179.53, ""thesis"": ""Macro headwinds and declining momentum justify a defensive posture.""}]",0.31072541306250806,0.219449850703616,-0.14961374781195663
KAR,2024-06-28,small_cap,0.3998,0.5,0.2496,109.16,4,"[{""model"": ""Simulated-AI-Momentum-Quant"", ""call"": ""buy"", ""target_price"": 114.4, ""thesis"": ""Strong upward medium-term momentum (+0.0%) signals continued institutional accumulation.""}, {""model"": ""Simulated-AI-Fundamental-Value"", ""call"": ""buy"", ""target_price"": 116.3, ""thesis"": ""Recent price softening provides an attractive risk-adjusted entry point against fundamental book value.""}, {""model"": ""Simulated-AI-Quality-Compounder"", ""call"": ""hold"", ""target_price"": 104.92, ""thesis"": ""Defensive operational balance sheet balanced by limited immediate re-rating catalysts.""}, {""model"": ""Simulated-AI-Macro-Tactical"", ""call"": ""hold"", ""target_price"": 101.0, ""thesis"": ""Balanced near-term catalysts recommend maintaining current position.""}]",,,
MC,2024-06-28,small_cap,0.411,0.5,0.2776,50.17,4,"[{""model"": ""Simulated-AI-Momentum-Quant"", ""call"": ""buy"", ""target_price"": 58.94, ""thesis"": ""Strong upward medium-term momentum (+2.4%) signals continued institutional accumulation.""}, {""model"": ""Simulated-AI-Fundamental-Value"", ""call"": ""sell"", ""target_price"": 43.55, ""thesis"": ""Elevated multi-month valuation multiples leave little safety margin against forward earnings revisions.""}, {""model"": ""Simulated-AI-Quality-Compounder"", ""call"": ""sell"", ""target_price"": 45.66, ""thesis"": ""Heightened earnings volatility and cyclical margin pressures elevate downside risk.""}, {""model"": ""Simulated-AI-Macro-Tactical"", ""call"": ""hold"", ""target_price"": 52.55, ""thesis"": ""Balanced near-term catalysts recommend maintaining current position.""}]",0.21579329136213057,0.2240798595557555,0.3342442228990804
OII,2024-06-28,small_cap,0.409,0.5,0.2726,23.82,4,"[{""model"": ""Simulated-AI-Momentum-Quant"", ""call"": ""buy"", ""target_price"": 27.12, ""thesis"": ""Strong upward medium-term momentum (+0.9%) signals continued institutional accumulation.""}, {""model"": ""Simulated-AI-Fundamental-Value"", ""call"": ""sell"", ""target_price"": 19.64, ""thesis"": ""Elevated multi-month valuation multiples leave little safety margin against forward earnings revisions.""}, {""model"": ""Simulated-AI-Quality-Compounder"", ""call"": ""hold"", ""target_price"": 24.63, ""thesis"": ""Defensive operational balance sheet balanced by limited immediate re-rating catalysts.""}, {""model"": ""Simulated-AI-Macro-Tactical"", ""call"": ""hold"", ""target_price"": 23.9, ""thesis"": ""Balanced near-term catalysts recommend maintaining current position.""}]",0.23161452145299674,0.047337313882354154,0.06508879651137388
PRDO,2024-06-28,small_cap,0.4127,0.5,0.2817,21.14,4,"[{""model"": ""Simulated-AI-Momentum-Quant"", ""call"": ""buy"", ""target_price"": 23.71, ""thesis"": ""Strong upward medium-term momentum (+21.5%) signals continued institutional accumulation.""}, {""model"": ""Simulated-AI-Fundamental-Value"", ""call"": ""sell"", ""target_price"": 17.17, ""thesis"": ""Elevated multi-month valuation multiples leave little safety margin against forward earnings revisions.""}, {""model"": ""Simulated-AI-Quality-Compounder"", ""call"": ""hold"", ""target_price"": 21.12, ""thesis"": ""Defensive operational balance sheet balanced by limited immediate re-rating catalysts.""}, {""model"": ""Simulated-AI-Macro-Tactical"", ""call"": ""hold"", ""target_price"": 22.55, ""thesis"": ""Positive operating execution and robust revenue traction support upside.""}]",0.17880482117740798,0.04103144159970509,0.24131120037149803
SHOO,2024-06-28,small_cap,0.3866,0.5,0.2165,40.86,4,"[{""model"": ""Simulated-AI-Momentum-Quant"", ""call"": ""buy"", ""target_price"": 46.3, ""thesis"": ""Strong upward medium-term momentum (+0.2%) signals continued institutional accumulation.""}, {""model"": ""Simulated-AI-Fundamental-Value"", ""call"": ""hold"", ""target_price"": 40.73, ""thesis"": ""Fair valuation reflects balanced risk-reward relative to sector peers.""}, {""model"": ""Simulated-AI-Quality-Compounder"", ""call"": ""sell"", ""target_price"": 35.67, ""thesis"": ""Heightened earnings volatility and cyclical margin pressures elevate downside risk.""}, {""model"": ""Simulated-AI-Macro-Tactical"", ""call"": ""hold"", ""target_price"": 40.73, ""thesis"": ""Balanced near-term catalysts recommend maintaining current position.""}]",0.05106374124032049,0.15656986604039314,0.010348079325879467
SLVM,2024-06-28,small_cap,0.4332,0.5,0.333,66.06,4,"[{""model"": ""Simulated-AI-Momentum-Quant"", ""call"": ""buy"", ""target_price"": 71.79, ""thesis"": ""Strong upward medium-term momentum (+11.9%) signals continued institutional accumulation.""}, {""model"": ""Simulated-AI-Fundamental-Value"", ""call"": ""sell"", ""target_price"": 52.43, ""thesis"": ""Elevated multi-month valuation multiples leave little safety margin against forward earnings revisions.""}, {""model"": ""Simulated-AI-Quality-Compounder"", ""call"": ""buy"", ""target_price"": 70.1, ""thesis"": ""Stable financial profile and durable competitive moat support long-term compounding potential.""}, {""model"": ""Simulated-AI-Macro-Tactical"", ""call"": ""hold"", ""target_price"": 69.91, ""thesis"": ""Positive operating execution and robust revenue traction support upside.""}]",0.09196856661017189,0.24372870378234932,0.17268609739092539
AAPL,2024-09-30,large_cap,0.5831,0.75,0.3327,241.74,4,"[{""model"": ""Simulated-AI-Momentum-Quant"", ""call"": ""buy"", ""target_price"": 266.01, ""thesis"": ""Strong upward medium-term momentum (+5.9%) signals continued institutional accumulation.""}, {""model"": ""Simulated-AI-Fundamental-Value"", ""call"": ""sell"", ""target_price"": 191.21, ""thesis"": ""Elevated multi-month valuation multiples leave little safety margin against forward earnings revisions.""}, {""model"": ""Simulated-AI-Quality-Compounder"", ""call"": ""buy"", ""target_price"": 255.56, ""thesis"": ""Stable financial profile and durable competitive moat support long-term compounding potential.""}, {""model"": ""Simulated-AI-Macro-Tactical"", ""call"": ""buy"", ""target_price"": 254.18, ""thesis"": ""Positive operating execution and robust revenue traction support upside.""}]",0.002875479785926526,0.08359428633766745,-0.036983897471685664
MSFT,2024-09-30,large_cap,0.4071,0.5,0.2678,402.43,4,"[{""model"": ""Simulated-AI-Momentum-Quant"", ""call"": ""sell"", ""target_price"": 363.29, ""thesis"": ""Persistent negative price trajectory (-6.1%) indicates structural distribution headwinds.""}, {""model"": ""Simulated-AI-Fundamental-Value"", ""call"": ""hold"", ""target_price"": 417.34, ""thesis"": ""Fair valuation reflects balanced risk-reward relative to sector peers.""}, {""model"": ""Simulated-AI-Quality-Compounder"", ""call"": ""hold"", ""target_price"": 447.84, ""thesis"": ""Defensive operational balance sheet balanced by limited immediate re-rating catalysts.""}, {""model"": ""Simulated-AI-Macro-Tactical"", ""call"": ""sell"", ""target_price"": 381.25, ""thesis"": ""Macro headwinds and declining momentum justify a defensive posture.""}]",0.0038347229992749788,-0.010735769149805252,-0.1083598675983522
NVDA,2024-09-30,large_cap,0.586,0.75,0.3401,128.24,4,"[{""model"": ""Simulated-AI-Momentum-Quant"", ""call"": ""hold"", ""target_price"": 124.51, ""thesis"": ""Consolidating trading range warrants a neutral rating until breakout confirmation.""}, {""model"": ""Simulated-AI-Fundamental-Value"", ""call"": ""buy"", ""target_price"": 140.68, ""thesis"": ""Recent price softening provides an attractive risk-adjusted entry point against fundamental book value.""}, {""model"": ""Simulated-AI-Quality-Compounder"", ""call"": ""hold"", ""target_price"": 125.43, ""thesis"": ""Defensive operational balance sheet balanced by limited immediate re-rating catalysts.""}, {""model"": ""Simulated-AI-Macro-Tactical"", ""call"": ""hold"", ""target_price"": 122.33, ""thesis"": ""Balanced near-term catalysts recommend maintaining current position.""}]",0.16312583197961447,0.13224214395807996,-0.0905981862560935
AMZN,2024-09-30,large_cap,0.4096,0.5,0.2739,192.02,4,"[{""model"": ""Simulated-AI-Momentum-Quant"", ""call"": ""hold"", ""target_price"": 191.83, ""thesis"": ""Consolidating trading range warrants a neutral rating until breakout confirmation.""}, {""model"": ""Simulated-AI-Fundamental-Value"", ""call"": ""buy"", ""target_price"": 216.33, ""thesis"": ""Recent price softening provides an attractive risk-adjusted entry point against fundamental book value.""}, {""model"": ""Simulated-AI-Quality-Compounder"", ""call"": ""hold"", ""target_price"": 192.22, ""thesis"": ""Defensive operational balance sheet balanced by limited immediate re-rating catalysts.""}, {""model"": ""Simulated-AI-Macro-Tactical"", ""call"": ""sell"", ""target_price"": 167.7, ""thesis"": ""Macro headwinds and declining momentum justify a defensive posture.""}]",0.024150700132983132,0.18767778069583452,0.051950800089392596
GOOGL,2024-09-30,large_cap,0.4114,0.5,0.2784,164.53,4,"[{""model"": ""Simulated-AI-Momentum-Quant"", ""call"": ""hold"", ""target_price"": 171.94, ""thesis"": ""Consolidating trading range warrants a neutral rating until breakout confirmation.""}, {""model"": ""Simulated-AI-Fundamental-Value"", ""call"": ""buy"", ""target_price"": 190.13, ""thesis"": ""Recent price softening provides an attractive risk-adjusted entry point against fundamental book value.""}, {""model"": ""Simulated-AI-Quality-Compounder"", ""call"": ""sell"", ""target_price"": 147.81, ""thesis"": ""Heightened earnings volatility and cyclical margin pressures elevate downside risk.""}, {""model"": ""Simulated-AI-Macro-Tactical"", ""call"": ""hold"", ""target_price"": 148.22, ""thesis"": ""Macro headwinds and declining momentum justify a defensive posture.""}]",0.02309309969820317,0.15441168704371244,-0.050943478737007976
META,2024-09-30,large_cap,0.4248,0.5,0.312,622.67,4,"[{""model"": ""Simulated-AI-Momentum-Quant"", ""call"": ""buy"", ""target_price"": 651.13, ""thesis"": ""Strong upward medium-term momentum (+12.5%) signals continued institutional accumulation.""}, {""model"": ""Simulated-AI-Fundamental-Value"", ""call"": ""hold"", ""target_price"": 579.87, ""thesis"": ""Fair valuation reflects balanced risk-reward relative to sector peers.""}, {""model"": ""Simulated-AI-Quality-Compounder"", ""call"": ""buy"", ""target_price"": 633.6, ""thesis"": ""Stable financial profile and durable competitive moat support long-term compounding potential.""}, {""model"": ""Simulated-AI-Macro-Tactical"", ""call"": ""hold"", ""target_price"": 626.09, ""thesis"": ""Positive operating execution and robust revenue traction support upside.""}]",0.03640541560154274,0.03367485930069534,0.021802949983088845
BRK-B,2024-09-30,large_cap,0.5831,0.75,0.3328,478.81,4,"[{""model"": ""Simulated-AI-Momentum-Quant"", ""call"": ""buy"", ""target_price"": 521.75, ""thesis"": ""Strong upward medium-term momentum (+13.1%) signals continued institutional accumulation.""}, {""model"": ""Simulated-AI-Fundamental-Value"", ""call"": ""sell"", ""target_price"": 380.64, ""thesis"": ""Elevated multi-month valuation multiples leave little safety margin against forward earnings revisions.""}, {""model"": ""Simulated-AI-Quality-Compounder"", ""call"": ""buy"", ""target_price"": 506.56, ""thesis"": ""Stable financial profile and durable competitive moat support long-term compounding potential.""}, {""model"": ""Simulated-AI-Macro-Tactical"", ""call"": ""buy"", ""target_price"": 506.29, ""thesis"": ""Positive operating execution and robust revenue traction support upside.""}]",-0.012253974989722713,-0.01759876142105054,0.16829609197841106
JPM,2024-09-30,large_cap,0.5994,0.75,0.3736,197.74,4,"[{""model"": ""Simulated-AI-Momentum-Quant"", ""call"": ""hold"", ""target_price"": 205.9, ""thesis"": ""Consolidating trading range warrants a neutral rating until breakout confirmation.""}, {""model"": ""Simulated-AI-Fundamental-Value"", ""call"": ""sell"", ""target_price"": 168.36, ""thesis"": ""Elevated multi-month valuation multiples leave little safety margin against forward earnings revisions.""}, {""model"": ""Simulated-AI-Quality-Compounder"", ""call"": ""hold"", ""target_price"": 212.32, ""thesis"": ""Defensive operational balance sheet balanced by limited immediate re-rating catalysts.""}, {""model"": ""Simulated-AI-Macro-Tactical"", ""call"": ""hold"", ""target_price"": 204.38, ""thesis"": ""Balanced near-term catalysts recommend maintaining current position.""}]",0.06357737291142194,0.1419262893223086,0.17899917167575974
V,2024-09-30,large_cap,0.4146,0.5,0.2865,277.8,4,"[{""model"": ""Simulated-AI-Momentum-Quant"", ""call"": ""buy"", ""target_price"": 312.04, ""thesis"": ""Strong upward medium-term momentum (+2.7%) signals continued institutional accumulation.""}, {""model"": ""Simulated-AI-Fundamental-Value"", ""call"": ""sell"", ""target_price"": 225.5, ""thesis"": ""Elevated multi-month valuation multiples leave little safety margin against forward earnings revisions.""}, {""model"": ""Simulated-AI-Quality-Compounder"", ""call"": ""buy"", ""target_price"": 300.07, ""thesis"": ""Stable financial profile and durable competitive moat support long-term compounding potential.""}, {""model"": ""Simulated-AI-Macro-Tactical"", ""call"": ""hold"", ""target_price"": 273.58, ""thesis"": ""Balanced near-term catalysts recommend maintaining current position.""}]",0.02520452360747511,0.14897054310239544,0.2641290626998423
LLY,2024-09-30,large_cap,0.5463,0.75,0.2408,850.03,4,"[{""model"": ""Simulated-AI-Momentum-Quant"", ""call"": ""sell"", ""target_price"": 733.92, ""thesis"": ""Persistent negative price trajectory (-2.2%) indicates structural distribution headwinds.""}, {""model"": ""Simulated-AI-Fundamental-Value"", ""call"": ""hold"", ""target_price"": 870.22, ""thesis"": ""Fair valuation reflects balanced risk-reward relative to sector peers.""}, {""model"": ""Simulated-AI-Quality-Compounder"", ""call"": ""hold"", ""target_price"": 913.55, ""thesis"": ""Defensive operational balance sheet balanced by limited immediate re-rating catalysts.""}, {""model"": ""Simulated-AI-Macro-Tactical"", ""call"": ""hold"", ""target_price"": 882.45, ""thesis"": ""Balanced near-term catalysts recommend maintaining current position.""}]",0.01991114648088593,-0.12508561072054397,-0.07331463193747224
UNH,2024-09-30,large_cap,0.4122,0.5,0.2804,575.52,4,"[{""model"": ""Simulated-AI-Momentum-Quant"", ""call"": ""buy"", ""target_price"": 644.32, ""thesis"": ""Strong upward medium-term momentum (+17.8%) signals continued institutional accumulation.""}, {""model"": ""Simulated-AI-Fundamental-Value"", ""call"": ""sell"", ""target_price"": 463.55, ""thesis"": ""Elevated multi-month valuation multiples leave little safety margin against forward earnings revisions.""}, {""model"": ""Simulated-AI-Quality-Compounder"", ""call"": ""hold"", ""target_price"": 577.24, ""thesis"": ""Defensive operational balance sheet balanced by limited immediate re-rating catalysts.""}, {""model"": ""Simulated-AI-Macro-Tactical"", ""call"": ""hold"", ""target_price"": 616.95, ""thesis"": ""Positive operating execution and robust revenue traction support upside.""}]",-0.038568274370948126,-0.1281595698036816,-0.09788045780727105
XOM,2024-09-30,large_cap,0.4021,0.5,0.2553,117.37,4,"[{""model"": ""Simulated-AI-Momentum-Quant"", ""call"": ""buy"", ""target_price"": 125.51, ""thesis"": ""Strong upward medium-term momentum (+3.5%) signals continued institutional accumulation.""}, {""model"": ""Simulated-AI-Fundamental-Value"", ""call"": ""hold"", ""target_price"": 111.35, ""thesis"": ""Fair valuation reflects balanced risk-reward relative to sector peers.""}, {""model"": ""Simulated-AI-Quality-Compounder"", ""call"": ""buy"", ""target_price"": 121.59, ""thesis"": ""Stable financial profile and durable competitive moat support long-term compounding potential.""}, {""model"": ""Simulated-AI-Macro-Tactical"", ""call"": ""hold"", ""target_price"": 111.04, ""thesis"": ""Balanced near-term catalysts recommend maintaining current position.""}]",0.000511780883668849,-0.09035115038627486,0.02981833201207123
JNJ,2024-09-30,large_cap,0.583,0.75,0.3325,161.03,4,"[{""model"": ""Simulated-AI-Momentum-Quant"", ""call"": ""buy"", ""target_price"": 175.15, ""thesis"": ""Strong upward medium-term momentum (+11.8%) signals continued institutional accumulation.""}, {""model"": ""Simulated-AI-Fundamental-Value"", ""call"": ""sell"", ""target_price"": 130.19, ""thesis"": ""Elevated multi-month valuation multiples leave little safety margin against forward earnings revisions.""}, {""model"": ""Simulated-AI-Quality-Compounder"", ""call"": ""buy"", ""target_price"": 169.9, ""thesis"": ""Stable financial profile and durable competitive moat support long-term compounding potential.""}, {""model"": ""Simulated-AI-Macro-Tactical"", ""call"": ""buy"", ""target_price"": 168.88, ""thesis"": ""Positive operating execution and robust revenue traction support upside.""}]",-0.012156001371571691,-0.10841588439042087,-0.025915449562438814
PG,2024-09-30,large_cap,0.4242,0.5,0.3106,178.91,4,"[{""model"": ""Simulated-AI-Momentum-Quant"", ""call"": ""buy"", ""target_price"": 183.92, ""thesis"": ""Strong upward medium-term momentum (+6.3%) signals continued institutional accumulation.""}, {""model"": ""Simulated-AI-Fundamental-Value"", ""call"": ""hold"", ""target_price"": 165.87, ""thesis"": ""Fair valuation reflects balanced risk-reward relative to sector peers.""}, {""model"": ""Simulated-AI-Quality-Compounder"", ""call"": ""buy"", ""target_price"": 185.33, ""thesis"": ""Stable financial profile and durable competitive moat support long-term compounding potential.""}, {""model"": ""Simulated-AI-Macro-Tactical"", ""call"": ""hold"", ""target_price"": 180.51, ""thesis"": ""Positive operating execution and robust revenue traction support upside.""}]",-0.029140519442432653,-0.02960506281610173,-0.009606266016913433
HD,2024-09-30,large_cap,0.5831,0.75,0.3329,406.04,4,"[{""model"": ""Simulated-AI-Momentum-Quant"", ""call"": ""buy"", ""target_price"": 441.27, ""thesis"": ""Strong upward medium-term momentum (+21.7%) signals continued institutional accumulation.""}, {""model"": ""Simulated-AI-Fundamental-Value"", ""call"": ""sell"", ""target_price"": 326.6, ""thesis"": ""Elevated multi-month valuation multiples leave little safety margin against forward earnings revisions.""}, {""model"": ""Simulated-AI-Quality-Compounder"", ""call"": ""buy"", ""target_price"": 432.88, ""thesis"": ""Stable financial profile and durable competitive moat support long-term compounding potential.""}, {""model"": ""Simulated-AI-Macro-Tactical"", ""call"": ""buy"", ""target_price"": 423.41, ""thesis"": ""Positive operating execution and robust revenue traction support upside.""}]",-0.024999914769954595,-0.03385797249376691,-0.07401464355248978
MA,2024-09-30,large_cap,0.5746,0.75,0.3115,534.7,4,"[{""model"": ""Simulated-AI-Momentum-Quant"", ""call"": ""buy"", ""target_price"": 563.66, ""thesis"": ""Strong upward medium-term momentum (+11.2%) signals continued institutional accumulation.""}, {""model"": ""Simulated-AI-Fundamental-Value"", ""call"": ""hold"", ""target_price"": 494.37, ""thesis"": ""Fair valuation reflects balanced risk-reward relative to sector peers.""}, {""model"": ""Simulated-AI-Quality-Compounder"", ""call"": ""buy"", ""target_price"": 544.04, ""thesis"": ""Stable financial profile and durable competitive moat support long-term compounding potential.""}, {""model"": ""Simulated-AI-Macro-Tactical"", ""call"": ""buy"", ""target_price"": 536.72, ""thesis"": ""Positive operating execution and robust revenue traction support upside.""}]",0.026636575258510476,0.06571231270346897,0.11161534484189596
COST,2024-09-30,large_cap,0.4229,0.5,0.3071,873.2,4,"[{""model"": ""Simulated-AI-Momentum-Quant"", ""call"": ""hold"", ""target_price"": 886.09, ""thesis"": ""Consolidating trading range warrants a neutral rating until breakout confirmation.""}, {""model"": ""Simulated-AI-Fundamental-Value"", ""call"": ""sell"", ""target_price"": 739.65, ""thesis"": ""Elevated multi-month valuation multiples leave little safety margin against forward earnings revisions.""}, {""model"": ""Simulated-AI-Quality-Compounder"", ""call"": ""buy"", ""target_price"": 981.4, ""thesis"": ""Stable financial profile and durable competitive moat support long-term compounding potential.""}, {""model"": ""Simulated-AI-Macro-Tactical"", ""call"": ""hold"", ""target_price"": 885.65, ""thesis"": ""Balanced near-term catalysts recommend maintaining current position.""}]",0.0005301820967034882,0.04164076776659904,0.09126719019915552
ABBV,2024-09-30,large_cap,0.5828,0.75,0.3319,192.71,4,"[{""model"": ""Simulated-AI-Momentum-Quant"", ""call"": ""buy"", ""target_price"": 209.18, ""thesis"": ""Strong upward medium-term momentum (+20.1%) signals continued institutional accumulation.""}, {""model"": ""Simulated-AI-Fundamental-Value"", ""call"": ""sell"", ""target_price"": 154.5, ""thesis"": ""Elevated multi-month valuation multiples leave little safety margin against forward earnings revisions.""}, {""model"": ""Simulated-AI-Quality-Compounder"", ""call"": ""buy"", ""target_price"": 203.74, ""thesis"": ""Stable financial profile and durable competitive moat support long-term compounding potential.""}, {""model"": ""Simulated-AI-Macro-Tactical"", ""call"": ""buy"", ""target_price"": 203.41, ""thesis"": ""Positive operating execution and robust revenue traction support upside.""}]",-0.03300142212298579,-0.1006326735128253,0.05721596424848015
MRK,2024-09-30,large_cap,0.4249,0.5,0.3122,101.86,4,"[{""model"": ""Simulated-AI-Momentum-Quant"", ""call"": ""sell"", ""target_price"": 92.88, ""thesis"": ""Persistent negative price trajectory (-10.5%) indicates structural distribution headwinds.""}, {""model"": ""Simulated-AI-Fundamental-Value"", ""call"": ""buy"", ""target_price"": 123.76, ""thesis"": ""Recent price softening provides an attractive risk-adjusted entry point against fundamental book value.""}, {""model"": ""Simulated-AI-Quality-Compounder"", ""call"": ""sell"", ""target_price"": 94.49, ""thesis"": ""Heightened earnings volatility and cyclical margin pressures elevate downside risk.""}, {""model"": ""Simulated-AI-Macro-Tactical"", ""call"": ""hold"", ""target_price"": 96.31, ""thesis"": ""Macro headwinds and declining momentum justify a defensive posture.""}]",-0.08656204441179369,-0.1268277001051773,-0.22466230861017505
BAC,2024-09-30,large_cap,0.407,0.5,0.2675,35.65,4,"[{""model"": ""Simulated-AI-Momentum-Quant"", ""call"": ""sell"", ""target_price"": 32.95, ""thesis"": ""Persistent negative price trajectory (-2.4%) indicates structural distribution headwinds.""}, {""model"": ""Simulated-AI-Fundamental-Value"", ""call"": ""sell"", ""target_price"": 31.37, ""thesis"": ""Elevated multi-month valuation multiples leave little safety margin against forward earnings revisions.""}, {""model"": ""Simulated-AI-Quality-Compounder"", ""call"": ""hold"", ""target_price"": 39.93, ""thesis"": ""Defensive operational balance sheet balanced by limited immediate re-rating catalysts.""}, {""model"": ""Simulated-AI-Macro-Tactical"", ""call"": ""hold"", ""target_price"": 38.34, ""thesis"": ""Balanced near-term catalysts recommend maintaining current position.""}]",0.07182467077884502,0.11275835863664987,0.06724716062519208
CVX,2024-09-30,large_cap,0.5502,0.75,0.2504,132.86,4,"[{""model"": ""Simulated-AI-Momentum-Quant"", ""call"": ""sell"", ""target_price"": 117.76, ""thesis"": ""Persistent negative price trajectory (-5.0%) indicates structural distribution headwinds.""}, {""model"": ""Simulated-AI-Fundamental-Value"", ""call"": ""hold"", ""target_price"": 134.89, ""thesis"": ""Fair valuation reflects balanced risk-reward relative to sector peers.""}, {""model"": ""Simulated-AI-Quality-Compounder"", ""call"": ""hold"", ""target_price"": 141.88, ""thesis"": ""Defensive operational balance sheet balanced by limited immediate re-rating catalysts.""}, {""model"": ""Simulated-AI-Macro-Tactical"", ""call"": ""hold"", ""target_price"": 136.9, ""thesis"": ""Balanced near-term catalysts recommend maintaining current position.""}]",0.008487837608117343,-0.018609073131960856,0.15456915738552762
CRM,2024-09-30,large_cap,0.575,0.75,0.3124,295.12,4,"[{""model"": ""Simulated-AI-Momentum-Quant"", ""call"": ""buy"", ""target_price"": 310.46, ""thesis"": ""Strong upward medium-term momentum (+7.2%) signals continued institutional accumulation.""}, {""model"": ""Simulated-AI-Fundamental-Value"", ""call"": ""hold"", ""target_price"": 273.82, ""thesis"": ""Fair valuation reflects balanced risk-reward relative to sector peers.""}, {""model"": ""Simulated-AI-Quality-Compounder"", ""call"": ""buy"", ""target_price"": 298.9, ""thesis"": ""Stable financial profile and durable competitive moat support long-term compounding potential.""}, {""model"": ""Simulated-AI-Macro-Tactical"", ""call"": ""buy"", ""target_price"": 297.28, ""thesis"": ""Positive operating execution and robust revenue traction support upside.""}]",0.0919954166539157,0.2280264363354958,-0.006795972554578552
NFLX,2024-09-30,large_cap,0.5539,0.75,0.2599,73.02,4,"[{""model"": ""Simulated-AI-Momentum-Quant"", ""call"": ""hold"", ""target_price"": 71.36, ""thesis"": ""Consolidating trading range warrants a neutral rating until breakout confirmation.""}, {""model"": ""Simulated-AI-Fundamental-Value"", ""call"": ""hold"", ""target_price"": 70.99, ""thesis"": ""Fair valuation reflects balanced risk-reward relative to sector peers.""}, {""model"": ""Simulated-AI-Quality-Compounder"", ""call"": ""buy"", ""target_price"": 78.07, ""thesis"": ""Stable financial profile and durable competitive moat support long-term compounding potential.""}, {""model"": ""Simulated-AI-Macro-Tactical"", ""call"": ""hold"", ""target_price"": 71.64, ""thesis"": ""Balanced near-term catalysts recommend maintaining current position.""}]",0.07073467301397164,0.26951649989501475,0.31898993862665526
AMD,2024-09-30,large_cap,0.3762,0.5,0.1906,152.79,4,"[{""model"": ""Simulated-AI-Momentum-Quant"", ""call"": ""sell"", ""target_price"": 138.35, ""thesis"": ""Persistent negative price trajectory (-0.1%) indicates structural distribution headwinds.""}, {""model"": ""Simulated-AI-Fundamental-Value"", ""call"": ""hold"", ""target_price"": 162.44, ""thesis"": ""Fair valuation reflects balanced risk-reward relative to sector peers.""}, {""model"": ""Simulated-AI-Quality-Compounder"", ""call"": ""sell"", ""target_price"": 144.64, ""thesis"": ""Heightened earnings volatility and cyclical margin pressures elevate downside risk.""}, {""model"": ""Simulated-AI-Macro-Tactical"", ""call"": ""hold"", ""target_price"": 165.72, ""thesis"": ""Balanced near-term catalysts recommend maintaining current position.""}]",0.013225244665584874,-0.2537786380117375,-0.3725012314999507
PEP,2024-09-30,large_cap,0.4152,0.5,0.2881,160.94,4,"[{""model"": ""Simulated-AI-Momentum-Quant"", ""call"": ""buy"", ""target_price"": 176.74, ""thesis"": ""Strong upward medium-term momentum (+4.7%) signals continued institutional accumulation.""}, {""model"": ""Simulated-AI-Fundamental-Value"", ""call"": ""sell"", ""target_price"": 131.23, ""thesis"": ""Elevated multi-month valuation multiples leave little safety margin against forward earnings revisions.""}, {""model"": ""Simulated-AI-Quality-Compounder"", ""call"": ""buy"", ""target_price"": 176.86, ""thesis"": ""Stable financial profile and durable competitive moat support long-term compounding potential.""}, {""model"": ""Simulated-AI-Macro-Tactical"", ""call"": ""hold"", ""target_price"": 158.92, ""thesis"": ""Balanced near-term catalysts recommend maintaining current position.""}]",-0.01499565206386593,-0.10019483525118678,-0.10779555322553633
KO,2024-09-30,large_cap,0.4245,0.5,0.3112,74.73,4,"[{""model"": ""Simulated-AI-Momentum-Quant"", ""call"": ""buy"", ""target_price"": 78.15, ""thesis"": ""Strong upward medium-term momentum (+14.6%) signals continued institutional accumulation.""}, {""model"": ""Simulated-AI-Fundamental-Value"", ""call"": ""hold"", ""target_price"": 69.67, ""thesis"": ""Fair valuation reflects balanced risk-reward relative to sector peers.""}, {""model"": ""Simulated-AI-Quality-Compounder"", ""call"": ""buy"", ""target_price"": 75.89, ""thesis"": ""Stable financial profile and durable competitive moat support long-term compounding potential.""}, {""model"": ""Simulated-AI-Macro-Tactical"", ""call"": ""hold"", ""target_price"": 75.2, ""thesis"": ""Positive operating execution and robust revenue traction support upside.""}]",-0.08767045546492623,-0.13024675271771732,0.0075338846240339905
TMO,2024-09-30,large_cap,0.556,0.75,0.2651,658.72,4,"[{""model"": ""Simulated-AI-Momentum-Quant"", ""call"": ""buy"", ""target_price"": 699.29, ""thesis"": ""Strong upward medium-term momentum (+15.9%) signals continued institutional accumulation.""}, {""model"": ""Simulated-AI-Fundamental-Value"", ""call"": ""hold"", ""target_price"": 626.02, ""thesis"": ""Fair valuation reflects balanced risk-reward relative to sector peers.""}, {""model"": ""Simulated-AI-Quality-Compounder"", ""call"": ""hold"", ""target_price"": 633.4, ""thesis"": ""Defensive operational balance sheet balanced by limited immediate re-rating catalysts.""}, {""model"": ""Simulated-AI-Macro-Tactical"", ""call"": ""hold"", ""target_price"": 676.18, ""thesis"": ""Positive operating execution and robust revenue traction support upside.""}]",-0.1144576698273741,-0.16060321064434704,-0.20811321275528047
WMT,2024-09-30,large_cap,0.5825,0.75,0.3312,83.0,4,"[{""model"": ""Simulated-AI-Momentum-Quant"", ""call"": ""buy"", ""target_price"": 90.15, ""thesis"": ""Strong upward medium-term momentum (+19.0%) signals continued institutional accumulation.""}, {""model"": ""Simulated-AI-Fundamental-Value"", ""call"": ""sell"", ""target_price"": 67.17, ""thesis"": ""Elevated multi-month valuation multiples leave little safety margin against forward earnings revisions.""}, {""model"": ""Simulated-AI-Quality-Compounder"", ""call"": ""buy"", ""target_price"": 87.47, ""thesis"": ""Stable financial profile and durable competitive moat support long-term compounding potential.""}, {""model"": ""Simulated-AI-Macro-Tactical"", ""call"": ""buy"", ""target_price"": 87.23, ""thesis"": ""Positive operating execution and robust revenue traction support upside.""}]",0.011764568930070251,0.12409486849870112,0.1171009700850828
MCD,2024-09-30,large_cap,0.5831,0.75,0.3328,304.94,4,"[{""model"": ""Simulated-AI-Momentum-Quant"", ""call"": ""buy"", ""target_price"": 336.28, ""thesis"": ""Strong upward medium-term momentum (+23.6%) signals continued institutional accumulation.""}, {""model"": ""Simulated-AI-Fundamental-Value"", ""call"": ""sell"", ""target_price"": 241.07, ""thesis"": ""Elevated multi-month valuation multiples leave little safety margin against forward earnings revisions.""}, {""model"": ""Simulated-AI-Quality-Compounder"", ""call"": ""buy"", ""target_price"": 323.29, ""thesis"": ""Stable financial profile and durable competitive moat support long-term compounding potential.""}, {""model"": ""Simulated-AI-Macro-Tactical"", ""call"": ""buy"", ""target_price"": 319.11, ""thesis"": ""Positive operating execution and robust revenue traction support upside.""}]",-0.031230561833684774,-0.04324305275399336,0.035315936442948836
CSCO,2024-09-30,large_cap,0.4451,0.5,0.3626,50.27,4,"[{""model"": ""Simulated-AI-Momentum-Quant"", ""call"": ""buy"", ""target_price"": 58.5, ""thesis"": ""Strong upward medium-term momentum (+13.5%) signals continued institutional accumulation.""}, {""model"": ""Simulated-AI-Fundamental-Value"", ""call"": ""sell"", ""target_price"": 41.97, ""thesis"": ""Elevated multi-month valuation multiples leave little safety margin against forward earnings revisions.""}, {""model"": ""Simulated-AI-Quality-Compounder"", ""call"": ""sell"", ""target_price"": 44.79, ""thesis"": ""Heightened earnings volatility and cyclical margin pressures elevate downside risk.""}, {""model"": ""Simulated-AI-Macro-Tactical"", ""call"": ""hold"", ""target_price"": 55.83, ""thesis"": ""Positive operating execution and robust revenue traction support upside.""}]",0.054218689172295595,0.12067540038653111,0.1784464744765214
KNSL,2024-09-30,small_cap,0.445,0.5,0.3625,456.55,4,"[{""model"": ""Simulated-AI-Momentum-Quant"", ""call"": ""buy"", ""target_price"": 523.42, ""thesis"": ""Strong upward medium-term momentum (+22.1%) signals continued institutional accumulation.""}, {""model"": ""Simulated-AI-Fundamental-Value"", ""call"": ""sell"", ""target_price"": 384.41, ""thesis"": ""Elevated multi-month valuation multiples leave little safety margin against forward earnings revisions.""}, {""model"": ""Simulated-AI-Quality-Compounder"", ""call"": ""sell"", ""target_price"": 408.29, ""thesis"": ""Heightened earnings volatility and cyclical margin pressures elevate downside risk.""}, {""model"": ""Simulated-AI-Macro-Tactical"", ""call"": ""buy"", ""target_price"": 510.07, ""thesis"": ""Positive operating execution and robust revenue traction support upside.""}]",-0.06811010135545355,0.00026963624116430355,0.05643327918012681
SAIA,2024-09-30,small_cap,0.5643,0.75,0.2857,433.0,4,"[{""model"": ""Simulated-AI-Momentum-Quant"", ""call"": ""hold"", ""target_price"": 452.56, ""thesis"": ""Consolidating trading range warrants a neutral rating until breakout confirmation.""}, {""model"": ""Simulated-AI-Fundamental-Value"", ""call"": ""hold"", ""target_price"": 430.96, ""thesis"": ""Fair valuation reflects balanced risk-reward relative to sector peers.""}, {""model"": ""Simulated-AI-Quality-Compounder"", ""call"": ""hold"", ""target_price"": 454.93, ""thesis"": ""Defensive operational balance sheet balanced by limited immediate re-rating catalysts.""}, {""model"": ""Simulated-AI-Macro-Tactical"", ""call"": ""sell"", ""target_price"": 393.53, ""thesis"": ""Macro headwinds and declining momentum justify a defensive posture.""}]",0.09086122577284303,0.05063345294879948,-0.15194621268251488
MEDP,2024-09-30,small_cap,0.4256,0.5,0.3139,318.71,4,"[{""model"": ""Simulated-AI-Momentum-Quant"", ""call"": ""sell"", ""target_price"": 284.13, ""thesis"": ""Persistent negative price trajectory (-17.5%) indicates structural distribution headwinds.""}, {""model"": ""Simulated-AI-Fundamental-Value"", ""call"": ""buy"", ""target_price"": 390.21, ""thesis"": ""Recent price softening provides an attractive risk-adjusted entry point against fundamental book value.""}, {""model"": ""Simulated-AI-Quality-Compounder"", ""call"": ""sell"", ""target_price"": 300.09, ""thesis"": ""Heightened earnings volatility and cyclical margin pressures elevate downside risk.""}, {""model"": ""Simulated-AI-Macro-Tactical"", ""call"": ""hold"", ""target_price"": 300.42, ""thesis"": ""Macro headwinds and declining momentum justify a defensive posture.""}]",-0.0121029903387817,-0.0013780451524864148,-0.06761527151594475
SSD,2024-09-30,small_cap,0.583,0.75,0.3324,196.82,4,"[{""model"": ""Simulated-AI-Momentum-Quant"", ""call"": ""buy"", ""target_price"": 211.98, ""thesis"": ""Strong upward medium-term momentum (+16.1%) signals continued institutional accumulation.""}, {""model"": ""Simulated-AI-Fundamental-Value"", ""call"": ""sell"", ""target_price"": 159.19, ""thesis"": ""Elevated multi-month valuation multiples leave little safety margin against forward earnings revisions.""}, {""model"": ""Simulated-AI-Quality-Compounder"", ""call"": ""buy"", ""target_price"": 208.51, ""thesis"": ""Stable financial profile and durable competitive moat support long-term compounding potential.""}, {""model"": ""Simulated-AI-Macro-Tactical"", ""call"": ""buy"", ""target_price"": 207.6, ""thesis"": ""Positive operating execution and robust revenue traction support upside.""}]",-0.05377507386359456,-0.13372667959584447,-0.16698140674057702
EXPO,2024-09-30,small_cap,0.5831,0.75,0.3328,116.16,4,"[{""model"": ""Simulated-AI-Momentum-Quant"", ""call"": ""buy"", ""target_price"": 125.8, ""thesis"": ""Strong upward medium-term momentum (+23.0%) signals continued institutional accumulation.""}, {""model"": ""Simulated-AI-Fundamental-Value"", ""call"": ""sell"", ""target_price"": 92.85, ""thesis"": ""Elevated multi-month valuation multiples leave little safety margin against forward earnings revisions.""}, {""model"": ""Simulated-AI-Quality-Compounder"", ""call"": ""buy"", ""target_price"": 123.23, ""thesis"": ""Stable financial profile and durable competitive moat support long-term compounding potential.""}, {""model"": ""Simulated-AI-Macro-Tactical"", ""call"": ""buy"", ""target_price"": 122.76, ""thesis"": ""Positive operating execution and robust revenue traction support upside.""}]",-0.1520645766642796,-0.22623312476606683,-0.28620177985756357
FORM,2024-09-30,small_cap,0.5737,0.75,0.3091,43.62,4,"[{""model"": ""Simulated-AI-Momentum-Quant"", ""call"": ""sell"", ""target_price"": 38.71, ""thesis"": ""Persistent negative price trajectory (-24.5%) indicates structural distribution headwinds.""}, {""model"": ""Simulated-AI-Fundamental-Value"", ""call"": ""buy"", ""target_price"": 54.03, ""thesis"": ""Recent price softening provides an attractive risk-adjusted entry point against fundamental book value.""}, {""model"": ""Simulated-AI-Quality-Compounder"", ""call"": ""sell"", ""target_price"": 40.34, ""thesis"": ""Heightened earnings volatility and cyclical margin pressures elevate downside risk.""}, {""model"": ""Simulated-AI-Macro-Tactical"", ""call"": ""sell"", ""target_price"": 41.4, ""thesis"": ""Macro headwinds and declining momentum justify a defensive posture.""}]",-0.01804351806640625,-0.01565220045006778,-0.37543479256007983
CRVL,2024-09-30,small_cap,0.4124,0.5,0.2809,111.45,4,"[{""model"": ""Simulated-AI-Momentum-Quant"", ""call"": ""buy"", ""target_price"": 122.21, ""thesis"": ""Strong upward medium-term momentum (+26.4%) signals continued institutional accumulation.""}, {""model"": ""Simulated-AI-Fundamental-Value"", ""call"": ""sell"", ""target_price"": 91.47, ""thesis"": ""Elevated multi-month valuation multiples leave little safety margin against forward earnings revisions.""}, {""model"": ""Simulated-AI-Quality-Compounder"", ""call"": ""hold"", ""target_price"": 112.27, ""thesis"": ""Defensive operational balance sheet balanced by limited immediate re-rating catalysts.""}, {""model"": ""Simulated-AI-Macro-Tactical"", ""call"": ""buy"", ""target_price"": 119.86, ""thesis"": ""Positive operating execution and robust revenue traction support upside.""}]",-0.05940838151855317,0.030254847311050045,0.02328000435792038
TKR,2024-09-30,small_cap,0.4446,0.5,0.3614,81.12,4,"[{""model"": ""Simulated-AI-Momentum-Quant"", ""call"": ""buy"", ""target_price"": 94.01, ""thesis"": ""Strong upward medium-term momentum (+6.4%) signals continued institutional accumulation.""}, {""model"": ""Simulated-AI-Fundamental-Value"", ""call"": ""sell"", ""target_price"": 68.55, ""thesis"": ""Elevated multi-month valuation multiples leave little safety margin against forward earnings revisions.""}, {""model"": ""Simulated-AI-Quality-Compounder"", ""call"": ""sell"", ""target_price"": 72.11, ""thesis"": ""Heightened earnings volatility and cyclical margin pressures elevate downside risk.""}, {""model"": ""Simulated-AI-Macro-Tactical"", ""call"": ""buy"", ""target_price"": 89.83, ""thesis"": ""Positive operating execution and robust revenue traction support upside.""}]",0.0015422843504434055,-0.15525347906255796,-0.1569182529497695
POWI,2024-09-30,small_cap,0.5574,0.75,0.2686,58.95,4,"[{""model"": ""Simulated-AI-Momentum-Quant"", ""call"": ""sell"", ""target_price"": 53.41, ""thesis"": ""Persistent negative price trajectory (-8.9%) indicates structural distribution headwinds.""}, {""model"": ""Simulated-AI-Fundamental-Value"", ""call"": ""hold"", ""target_price"": 61.48, ""thesis"": ""Fair valuation reflects balanced risk-reward relative to sector peers.""}, {""model"": ""Simulated-AI-Quality-Compounder"", ""call"": ""hold"", ""target_price"": 65.08, ""thesis"": ""Defensive operational balance sheet balanced by limited immediate re-rating catalysts.""}, {""model"": ""Simulated-AI-Macro-Tactical"", ""call"": ""hold"", ""target_price"": 55.84, ""thesis"": ""Macro headwinds and declining momentum justify a defensive posture.""}]",0.022769811732286364,-0.03304713027795296,-0.19423000919229239
CALM,2024-09-30,small_cap,0.4328,0.5,0.332,69.97,4,"[{""model"": ""Simulated-AI-Momentum-Quant"", ""call"": ""buy"", ""target_price"": 76.16, ""thesis"": ""Strong upward medium-term momentum (+22.4%) signals continued institutional accumulation.""}, {""model"": ""Simulated-AI-Fundamental-Value"", ""call"": ""sell"", ""target_price"": 56.36, ""thesis"": ""Elevated multi-month valuation multiples leave little safety margin against forward earnings revisions.""}, {""model"": ""Simulated-AI-Quality-Compounder"", ""call"": ""buy"", ""target_price"": 73.75, ""thesis"": ""Stable financial profile and durable competitive moat support long-term compounding potential.""}, {""model"": ""Simulated-AI-Macro-Tactical"", ""call"": ""hold"", ""target_price"": 73.59, ""thesis"": ""Positive operating execution and robust revenue traction support upside.""}]",0.2052378968035386,0.37888603857795866,0.27500212689912706
PLUS,2024-09-30,small_cap,0.4457,0.5,0.3641,96.19,4,"[{""model"": ""Simulated-AI-Momentum-Quant"", ""call"": ""buy"", ""target_price"": 111.67, ""thesis"": ""Strong upward medium-term momentum (+33.5%) signals continued institutional accumulation.""}, {""model"": ""Simulated-AI-Fundamental-Value"", ""call"": ""sell"", ""target_price"": 81.36, ""thesis"": ""Elevated multi-month valuation multiples leave little safety margin against forward earnings revisions.""}, {""model"": ""Simulated-AI-Quality-Compounder"", ""call"": ""sell"", ""target_price"": 85.23, ""thesis"": ""Heightened earnings volatility and cyclical margin pressures elevate downside risk.""}, {""model"": ""Simulated-AI-Macro-Tactical"", ""call"": ""hold"", ""target_price"": 106.48, ""thesis"": ""Positive operating execution and robust revenue traction support upside.""}]",-0.004067490101029762,-0.25594882052954615,-0.3686190687460685
FSS,2024-09-30,small_cap,0.5833,0.75,0.3331,96.17,4,"[{""model"": ""Simulated-AI-Momentum-Quant"", ""call"": ""buy"", ""target_price"": 103.61, ""thesis"": ""Strong upward medium-term momentum (+12.5%) signals continued institutional accumulation.""}, {""model"": ""Simulated-AI-Fundamental-Value"", ""call"": ""sell"", ""target_price"": 77.05, ""thesis"": ""Elevated multi-month valuation multiples leave little safety margin against forward earnings revisions.""}, {""model"": ""Simulated-AI-Quality-Compounder"", ""call"": ""buy"", ""target_price"": 102.35, ""thesis"": ""Stable financial profile and durable competitive moat support long-term compounding potential.""}, {""model"": ""Simulated-AI-Macro-Tactical"", ""call"": ""buy"", ""target_price"": 101.68, ""thesis"": ""Positive operating execution and robust revenue traction support upside.""}]",-0.09554879611369219,-0.012282046171362016,-0.1727418697903705
AMWD,2024-09-30,small_cap,0.7327,1.0,0.3317,101.7,4,"[{""model"": ""Simulated-AI-Momentum-Quant"", ""call"": ""hold"", ""target_price"": 101.0, ""thesis"": ""Consolidating trading range warrants a neutral rating until breakout confirmation.""}, {""model"": ""Simulated-AI-Fundamental-Value"", ""call"": ""hold"", ""target_price"": 100.8, ""thesis"": ""Fair valuation reflects balanced risk-reward relative to sector peers.""}, {""model"": ""Simulated-AI-Quality-Compounder"", ""call"": ""hold"", ""target_price"": 104.0, ""thesis"": ""Defensive operational balance sheet balanced by limited immediate re-rating catalysts.""}, {""model"": ""Simulated-AI-Macro-Tactical"", ""call"": ""hold"", ""target_price"": 101.0, ""thesis"": ""Balanced near-term catalysts recommend maintaining current position.""}]",,,
ATKR,2024-09-30,small_cap,0.5754,0.75,0.3134,77.96,4,"[{""model"": ""Simulated-AI-Momentum-Quant"", ""call"": ""sell"", ""target_price"": 71.31, ""thesis"": ""Persistent negative price trajectory (-35.1%) indicates structural distribution headwinds.""}, {""model"": ""Simulated-AI-Fundamental-Value"", ""call"": ""buy"", ""target_price"": 95.18, ""thesis"": ""Recent price softening provides an attractive risk-adjusted entry point against fundamental book value.""}, {""model"": ""Simulated-AI-Quality-Compounder"", ""call"": ""sell"", ""target_price"": 71.81, ""thesis"": ""Heightened earnings volatility and cyclical margin pressures elevate downside risk.""}, {""model"": ""Simulated-AI-Macro-Tactical"", ""call"": ""sell"", ""target_price"": 73.53, ""thesis"": ""Macro headwinds and declining momentum justify a defensive posture.""}]",0.0226574163683814,-0.02059839828002422,-0.2686756675794202
BRC,2024-09-30,small_cap,0.5823,0.75,0.3309,78.26,4,"[{""model"": ""Simulated-AI-Momentum-Quant"", ""call"": ""buy"", ""target_price"": 85.55, ""thesis"": ""Strong upward medium-term momentum (+18.6%) signals continued institutional accumulation.""}, {""model"": ""Simulated-AI-Fundamental-Value"", ""call"": ""sell"", ""target_price"": 62.51, ""thesis"": ""Elevated multi-month valuation multiples leave little safety margin against forward earnings revisions.""}, {""model"": ""Simulated-AI-Quality-Compounder"", ""call"": ""buy"", ""target_price"": 82.82, ""thesis"": ""Stable financial profile and durable competitive moat support long-term compounding potential.""}, {""model"": ""Simulated-AI-Macro-Tactical"", ""call"": ""buy"", ""target_price"": 82.15, ""thesis"": ""Positive operating execution and robust revenue traction support upside.""}]",-0.046537880026152334,-0.041563112945406995,-0.047622793396534815
CNO,2024-09-30,small_cap,0.4447,0.5,0.3619,33.52,4,"[{""model"": ""Simulated-AI-Momentum-Quant"", ""call"": ""buy"", ""target_price"": 38.74, ""thesis"": ""Strong upward medium-term momentum (+25.4%) signals continued institutional accumulation.""}, {""model"": ""Simulated-AI-Fundamental-Value"", ""call"": ""sell"", ""target_price"": 28.19, ""thesis"": ""Elevated multi-month valuation multiples leave little safety margin against forward earnings revisions.""}, {""model"": ""Simulated-AI-Quality-Compounder"", ""call"": ""sell"", ""target_price"": 29.75, ""thesis"": ""Heightened earnings volatility and cyclical margin pressures elevate downside risk.""}, {""model"": ""Simulated-AI-Macro-Tactical"", ""call"": ""hold"", ""target_price"": 37.38, ""thesis"": ""Positive operating execution and robust revenue traction support upside.""}]",-0.011966030725018383,0.06338772234102862,0.2170681574530902
CSGS,2024-09-30,small_cap,0.5994,0.75,0.3736,97.78,4,"[{""model"": ""Simulated-AI-Momentum-Quant"", ""call"": ""hold"", ""target_price"": 102.05, ""thesis"": ""Consolidating trading range warrants a neutral rating until breakout confirmation.""}, {""model"": ""Simulated-AI-Fundamental-Value"", ""call"": ""sell"", ""target_price"": 82.9, ""thesis"": ""Elevated multi-month valuation multiples leave little safety margin against forward earnings revisions.""}, {""model"": ""Simulated-AI-Quality-Compounder"", ""call"": ""hold"", ""target_price"": 105.16, ""thesis"": ""Defensive operational balance sheet balanced by limited immediate re-rating catalysts.""}, {""model"": ""Simulated-AI-Macro-Tactical"", ""call"": ""hold"", ""target_price"": 101.0, ""thesis"": ""Balanced near-term catalysts recommend maintaining current position.""}]",,,
ENSG,2024-09-30,small_cap,0.4121,0.5,0.2802,147.52,4,"[{""model"": ""Simulated-AI-Momentum-Quant"", ""call"": ""buy"", ""target_price"": 163.26, ""thesis"": ""Strong upward medium-term momentum (+14.3%) signals continued institutional accumulation.""}, {""model"": ""Simulated-AI-Fundamental-Value"", ""call"": ""sell"", ""target_price"": 120.89, ""thesis"": ""Elevated multi-month valuation multiples leave little safety margin against forward earnings revisions.""}, {""model"": ""Simulated-AI-Quality-Compounder"", ""call"": ""hold"", ""target_price"": 148.17, ""thesis"": ""Defensive operational balance sheet balanced by limited immediate re-rating catalysts.""}, {""model"": ""Simulated-AI-Macro-Tactical"", ""call"": ""buy"", ""target_price"": 157.75, ""thesis"": ""Positive operating execution and robust revenue traction support upside.""}]",0.09101657298789065,-0.07676275856624284,-0.07956093919024383
FIX,2024-09-30,small_cap,0.5831,0.75,0.3327,403.93,4,"[{""model"": ""Simulated-AI-Momentum-Quant"", ""call"": ""buy"", ""target_price"": 434.99, ""thesis"": ""Strong upward medium-term momentum (+33.0%) signals continued institutional accumulation.""}, {""model"": ""Simulated-AI-Fundamental-Value"", ""call"": ""sell"", ""target_price"": 326.4, ""thesis"": ""Elevated multi-month valuation multiples leave little safety margin against forward earnings revisions.""}, {""model"": ""Simulated-AI-Quality-Compounder"", ""call"": ""buy"", ""target_price"": 427.39, ""thesis"": ""Stable financial profile and durable competitive moat support long-term compounding potential.""}, {""model"": ""Simulated-AI-Macro-Tactical"", ""call"": ""buy"", ""target_price"": 426.92, ""thesis"": ""Positive operating execution and robust revenue traction support upside.""}]",0.01485830344709354,0.10061968898390977,-0.12137372647662674
GBCI,2024-09-30,small_cap,0.4327,0.5,0.3318,45.33,4,"[{""model"": ""Simulated-AI-Momentum-Quant"", ""call"": ""buy"", ""target_price"": 49.59, ""thesis"": ""Strong upward medium-term momentum (+22.6%) signals continued institutional accumulation.""}, {""model"": ""Simulated-AI-Fundamental-Value"", ""call"": ""sell"", ""target_price"": 36.52, ""thesis"": ""Elevated multi-month valuation multiples leave little safety margin against forward earnings revisions.""}, {""model"": ""Simulated-AI-Quality-Compounder"", ""call"": ""buy"", ""target_price"": 47.72, ""thesis"": ""Stable financial profile and durable competitive moat support long-term compounding potential.""}, {""model"": ""Simulated-AI-Macro-Tactical"", ""call"": ""hold"", ""target_price"": 47.49, ""thesis"": ""Positive operating execution and robust revenue traction support upside.""}]",0.15962683463237723,0.11129687044514701,-0.013091997791270463
GPI,2024-09-30,small_cap,0.5834,0.75,0.3336,395.63,4,"[{""model"": ""Simulated-AI-Momentum-Quant"", ""call"": ""buy"", ""target_price"": 428.79, ""thesis"": ""Strong upward medium-term momentum (+30.9%) signals continued institutional accumulation.""}, {""model"": ""Simulated-AI-Fundamental-Value"", ""call"": ""sell"", ""target_price"": 312.88, ""thesis"": ""Elevated multi-month valuation multiples leave little safety margin against forward earnings revisions.""}, {""model"": ""Simulated-AI-Quality-Compounder"", ""call"": ""buy"", ""target_price"": 424.17, ""thesis"": ""Stable financial profile and durable competitive moat support long-term compounding potential.""}, {""model"": ""Simulated-AI-Macro-Tactical"", ""call"": ""buy"", ""target_price"": 416.67, ""thesis"": ""Positive operating execution and robust revenue traction support upside.""}]",-0.07315155874067106,0.09537683534510324,0.043953535756695576
HLNE,2024-09-30,small_cap,0.5836,0.75,0.3339,171.38,4,"[{""model"": ""Simulated-AI-Momentum-Quant"", ""call"": ""buy"", ""target_price"": 187.33, ""thesis"": ""Strong upward medium-term momentum (+32.7%) signals continued institutional accumulation.""}, {""model"": ""Simulated-AI-Fundamental-Value"", ""call"": ""sell"", ""target_price"": 138.06, ""thesis"": ""Elevated multi-month valuation multiples leave little safety margin against forward earnings revisions.""}, {""model"": ""Simulated-AI-Quality-Compounder"", ""call"": ""buy"", ""target_price"": 180.5, ""thesis"": ""Stable financial profile and durable competitive moat support long-term compounding potential.""}, {""model"": ""Simulated-AI-Macro-Tactical"", ""call"": ""buy"", ""target_price"": 179.62, ""thesis"": ""Positive operating execution and robust revenue traction support upside.""}]",0.08569417852193821,-0.11984608853366864,-0.07071046218388058
HWKN,2024-09-30,small_cap,0.5827,0.75,0.3316,132.6,4,"[{""model"": ""Simulated-AI-Momentum-Quant"", ""call"": ""buy"", ""target_price"": 145.23, ""thesis"": ""Strong upward medium-term momentum (+43.7%) signals continued institutional accumulation.""}, {""model"": ""Simulated-AI-Fundamental-Value"", ""call"": ""sell"", ""target_price"": 105.84, ""thesis"": ""Elevated multi-month valuation multiples leave little safety margin against forward earnings revisions.""}, {""model"": ""Simulated-AI-Quality-Compounder"", ""call"": ""buy"", ""target_price"": 140.64, ""thesis"": ""Stable financial profile and durable competitive moat support long-term compounding potential.""}, {""model"": ""Simulated-AI-Macro-Tactical"", ""call"": ""buy"", ""target_price"": 138.68, ""thesis"": ""Positive operating execution and robust revenue traction support upside.""}]",-0.08088176600115529,-0.02864060116613012,-0.12922511866912664
IBP,2024-09-30,small_cap,0.5832,0.75,0.3331,252.06,4,"[{""model"": ""Simulated-AI-Momentum-Quant"", ""call"": ""buy"", ""target_price"": 272.36, ""thesis"": ""Strong upward medium-term momentum (+24.1%) signals continued institutional accumulation.""}, {""model"": ""Simulated-AI-Fundamental-Value"", ""call"": ""sell"", ""target_price"": 202.64, ""thesis"": ""Elevated multi-month valuation multiples leave little safety margin against forward earnings revisions.""}, {""model"": ""Simulated-AI-Quality-Compounder"", ""call"": ""buy"", ""target_price"": 270.07, ""thesis"": ""Stable financial profile and durable competitive moat support long-term compounding potential.""}, {""model"": ""Simulated-AI-Macro-Tactical"", ""call"": ""buy"", ""target_price"": 263.18, ""thesis"": ""Positive operating execution and robust revenue traction support upside.""}]",-0.12518771543507176,-0.2903021674794783,-0.2750166812102413
KAR,2024-09-30,small_cap,0.3998,0.5,0.2496,109.1,4,"[{""model"": ""Simulated-AI-Momentum-Quant"", ""call"": ""buy"", ""target_price"": 115.6, ""thesis"": ""Strong upward medium-term momentum (+0.0%) signals continued institutional accumulation.""}, {""model"": ""Simulated-AI-Fundamental-Value"", ""call"": ""buy"", ""target_price"": 116.95, ""thesis"": ""Recent price softening provides an attractive risk-adjusted entry point against fundamental book value.""}, {""model"": ""Simulated-AI-Quality-Compounder"", ""call"": ""hold"", ""target_price"": 102.84, ""thesis"": ""Defensive operational balance sheet balanced by limited immediate re-rating catalysts.""}, {""model"": ""Simulated-AI-Macro-Tactical"", ""call"": ""hold"", ""target_price"": 101.0, ""thesis"": ""Balanced near-term catalysts recommend maintaining current position.""}]",,,
MC,2024-09-30,small_cap,0.5827,0.75,0.3318,66.41,4,"[{""model"": ""Simulated-AI-Momentum-Quant"", ""call"": ""buy"", ""target_price"": 72.36, ""thesis"": ""Strong upward medium-term momentum (+20.9%) signals continued institutional accumulation.""}, {""model"": ""Simulated-AI-Fundamental-Value"", ""call"": ""sell"", ""target_price"": 53.01, ""thesis"": ""Elevated multi-month valuation multiples leave little safety margin against forward earnings revisions.""}, {""model"": ""Simulated-AI-Quality-Compounder"", ""call"": ""buy"", ""target_price"": 70.62, ""thesis"": ""Stable financial profile and durable competitive moat support long-term compounding potential.""}, {""model"": ""Simulated-AI-Macro-Tactical"", ""call"": ""buy"", ""target_price"": 69.63, ""thesis"": ""Positive operating execution and robust revenue traction support upside.""}]",-0.015034205406953148,0.09240862142450951,-0.10673381343691862
OII,2024-09-30,small_cap,0.5539,0.75,0.2599,25.64,4,"[{""model"": ""Simulated-AI-Momentum-Quant"", ""call"": ""hold"", ""target_price"": 24.8, ""thesis"": ""Consolidating trading range warrants a neutral rating until breakout confirmation.""}, {""model"": ""Simulated-AI-Fundamental-Value"", ""call"": ""hold"", ""target_price"": 25.14, ""thesis"": ""Fair valuation reflects balanced risk-reward relative to sector peers.""}, {""model"": ""Simulated-AI-Quality-Compounder"", ""call"": ""buy"", ""target_price"": 27.49, ""thesis"": ""Stable financial profile and durable competitive moat support long-term compounding potential.""}, {""model"": ""Simulated-AI-Macro-Tactical"", ""call"": ""hold"", ""target_price"": 25.12, ""thesis"": ""Balanced near-term catalysts recommend maintaining current position.""}]",-0.004825124052432375,0.032971438164595364,-0.0932851437026475
PRDO,2024-09-30,small_cap,0.5831,0.75,0.3329,22.39,4,"[{""model"": ""Simulated-AI-Momentum-Quant"", ""call"": ""buy"", ""target_price"": 24.32, ""thesis"": ""Strong upward medium-term momentum (+6.0%) signals continued institutional accumulation.""}, {""model"": ""Simulated-AI-Fundamental-Value"", ""call"": ""sell"", ""target_price"": 17.77, ""thesis"": ""Elevated multi-month valuation multiples leave little safety margin against forward earnings revisions.""}, {""model"": ""Simulated-AI-Quality-Compounder"", ""call"": ""buy"", ""target_price"": 23.92, ""thesis"": ""Stable financial profile and durable competitive moat support long-term compounding potential.""}, {""model"": ""Simulated-AI-Macro-Tactical"", ""call"": ""buy"", ""target_price"": 23.55, ""thesis"": ""Positive operating execution and robust revenue traction support upside.""}]",-0.01079136530407328,0.18501858357494755,0.2056778596953229
SHOO,2024-09-30,small_cap,0.5836,0.75,0.3341,49.39,4,"[{""model"": ""Simulated-AI-Momentum-Quant"", ""call"": ""buy"", ""target_price"": 53.84, ""thesis"": ""Strong upward medium-term momentum (+17.1%) signals continued institutional accumulation.""}, {""model"": ""Simulated-AI-Fundamental-Value"", ""call"": ""sell"", ""target_price"": 39.44, ""thesis"": ""Elevated multi-month valuation multiples leave little safety margin against forward earnings revisions.""}, {""model"": ""Simulated-AI-Quality-Compounder"", ""call"": ""buy"", ""target_price"": 52.66, ""thesis"": ""Stable financial profile and durable competitive moat support long-term compounding potential.""}, {""model"": ""Simulated-AI-Macro-Tactical"", ""call"": ""buy"", ""target_price"": 51.62, ""thesis"": ""Positive operating execution and robust revenue traction support upside.""}]",-0.07899583858972253,-0.13382787892107803,-0.4157066720657684
SLVM,2024-09-30,small_cap,0.5827,0.75,0.3317,84.19,4,"[{""model"": ""Simulated-AI-Momentum-Quant"", ""call"": ""buy"", ""target_price"": 91.47, ""thesis"": ""Strong upward medium-term momentum (+27.1%) signals continued institutional accumulation.""}, {""model"": ""Simulated-AI-Fundamental-Value"", ""call"": ""sell"", ""target_price"": 66.78, ""thesis"": ""Elevated multi-month valuation multiples leave little safety margin against forward earnings revisions.""}, {""model"": ""Simulated-AI-Quality-Compounder"", ""call"": ""buy"", ""target_price"": 90.43, ""thesis"": ""Stable financial profile and durable competitive moat support long-term compounding potential.""}, {""model"": ""Simulated-AI-Macro-Tactical"", ""call"": ""buy"", ""target_price"": 88.08, ""thesis"": ""Positive operating execution and robust revenue traction support upside.""}]",-0.003018037528624003,-0.07985308457041176,-0.1947602234163354
AAPL,2024-12-31,large_cap,0.5834,0.75,0.3335,260.21,4,"[{""model"": ""Simulated-AI-Momentum-Quant"", ""call"": ""buy"", ""target_price"": 285.02, ""thesis"": ""Strong upward medium-term momentum (+10.5%) signals continued institutional accumulation.""}, {""model"": ""Simulated-AI-Fundamental-Value"", ""call"": ""sell"", ""target_price"": 208.09, ""thesis"": ""Elevated multi-month valuation multiples leave little safety margin against forward earnings revisions.""}, {""model"": ""Simulated-AI-Quality-Compounder"", ""call"": ""buy"", ""target_price"": 274.23, ""thesis"": ""Stable financial profile and durable competitive moat support long-term compounding potential.""}, {""model"": ""Simulated-AI-Macro-Tactical"", ""call"": ""buy"", ""target_price"": 273.48, ""thesis"": ""Positive operating execution and robust revenue traction support upside.""}]",-0.08948975541087995,-0.18771096115430136,-0.1595859987464774
MSFT,2024-12-31,large_cap,0.4095,0.5,0.2737,420.62,4,"[{""model"": ""Simulated-AI-Momentum-Quant"", ""call"": ""buy"", ""target_price"": 477.32, ""thesis"": ""Strong upward medium-term momentum (+1.2%) signals continued institutional accumulation.""}, {""model"": ""Simulated-AI-Fundamental-Value"", ""call"": ""sell"", ""target_price"": 348.84, ""thesis"": ""Elevated multi-month valuation multiples leave little safety margin against forward earnings revisions.""}, {""model"": ""Simulated-AI-Quality-Compounder"", ""call"": ""hold"", ""target_price"": 436.4, ""thesis"": ""Defensive operational balance sheet balanced by limited immediate re-rating catalysts.""}, {""model"": ""Simulated-AI-Macro-Tactical"", ""call"": ""hold"", ""target_price"": 419.94, ""thesis"": ""Balanced near-term catalysts recommend maintaining current position.""}]",-0.02510081738749283,-0.1130294628548244,0.18537018635601002
NVDA,2024-12-31,large_cap,0.5747,0.75,0.3119,146.83,4,"[{""model"": ""Simulated-AI-Momentum-Quant"", ""call"": ""buy"", ""target_price"": 154.08, ""thesis"": ""Strong upward medium-term momentum (+13.0%) signals continued institutional accumulation.""}, {""model"": ""Simulated-AI-Fundamental-Value"", ""call"": ""hold"", ""target_price"": 136.24, ""thesis"": ""Fair valuation reflects balanced risk-reward relative to sector peers.""}, {""model"": ""Simulated-AI-Quality-Compounder"", ""call"": ""buy"", ""target_price"": 149.66, ""thesis"": ""Stable financial profile and durable competitive moat support long-term compounding potential.""}, {""model"": ""Simulated-AI-Macro-Tactical"", ""call"": ""buy"", ""target_price"": 147.33, ""thesis"": ""Positive operating execution and robust revenue traction support upside.""}]",-0.13128302120226482,-0.24186925252933994,0.17853553071965075
AMZN,2024-12-31,large_cap,0.4325,0.5,0.3313,231.16,4,"[{""model"": ""Simulated-AI-Momentum-Quant"", ""call"": ""buy"", ""target_price"": 253.44, ""thesis"": ""Strong upward medium-term momentum (+18.7%) signals continued institutional accumulation.""}, {""model"": ""Simulated-AI-Fundamental-Value"", ""call"": ""sell"", ""target_price"": 184.73, ""thesis"": ""Elevated multi-month valuation multiples leave little safety margin against forward earnings revisions.""}, {""model"": ""Simulated-AI-Quality-Compounder"", ""call"": ""buy"", ""target_price"": 245.15, ""thesis"": ""Stable financial profile and durable competitive moat support long-term compounding potential.""}, {""model"": ""Simulated-AI-Macro-Tactical"", ""call"": ""hold"", ""target_price"": 241.33, ""thesis"": ""Positive operating execution and robust revenue traction support upside.""}]",0.08218240954217164,-0.18679062783876665,0.018597027405102384
GOOGL,2024-12-31,large_cap,0.4329,0.5,0.3321,196.75,4,"[{""model"": ""Simulated-AI-Momentum-Quant"", ""call"": ""buy"", ""target_price"": 213.95, ""thesis"": ""Strong upward medium-term momentum (+14.3%) signals continued institutional accumulation.""}, {""model"": ""Simulated-AI-Fundamental-Value"", ""call"": ""sell"", ""target_price"": 158.46, ""thesis"": ""Elevated multi-month valuation multiples leave little safety margin against forward earnings revisions.""}, {""model"": ""Simulated-AI-Quality-Compounder"", ""call"": ""buy"", ""target_price"": 207.58, ""thesis"": ""Stable financial profile and durable competitive moat support long-term compounding potential.""}, {""model"": ""Simulated-AI-Macro-Tactical"", ""call"": ""hold"", ""target_price"": 207.02, ""thesis"": ""Positive operating execution and robust revenue traction support upside.""}]",0.0630217161708358,-0.2028864463779924,-0.06387799675909041
META,2024-12-31,large_cap,0.5491,0.75,0.2476,611.59,4,"[{""model"": ""Simulated-AI-Momentum-Quant"", ""call"": ""buy"", ""target_price"": 670.26, ""thesis"": ""Strong upward medium-term momentum (+2.3%) signals continued institutional accumulation.""}, {""model"": ""Simulated-AI-Fundamental-Value"", ""call"": ""hold"", ""target_price"": 586.82, ""thesis"": ""Fair valuation reflects balanced risk-reward relative to sector peers.""}, {""model"": ""Simulated-AI-Quality-Compounder"", ""call"": ""hold"", ""target_price"": 600.81, ""thesis"": ""Defensive operational balance sheet balanced by limited immediate re-rating catalysts.""}, {""model"": ""Simulated-AI-Macro-Tactical"", ""call"": ""hold"", ""target_price"": 588.46, ""thesis"": ""Balanced near-term catalysts recommend maintaining current position.""}]",0.19120077135381017,-0.09123161209719778,0.22891531303668813
BRK-B,2024-12-31,large_cap,0.5488,0.75,0.2469,441.45,4,"[{""model"": ""Simulated-AI-Momentum-Quant"", ""call"": ""sell"", ""target_price"": 384.38, ""thesis"": ""Persistent negative price trajectory (-0.7%) indicates structural distribution headwinds.""}, {""model"": ""Simulated-AI-Fundamental-Value"", ""call"": ""hold"", ""target_price"": 454.37, ""thesis"": ""Fair valuation reflects balanced risk-reward relative to sector peers.""}, {""model"": ""Simulated-AI-Quality-Compounder"", ""call"": ""hold"", ""target_price"": 469.24, ""thesis"": ""Defensive operational balance sheet balanced by limited immediate re-rating catalysts.""}, {""model"": ""Simulated-AI-Macro-Tactical"", ""call"": ""hold"", ""target_price"": 457.81, ""thesis"": ""Balanced near-term catalysts recommend maintaining current position.""}]",0.024995558160028637,0.16960813310156098,0.05460201214845757
JPM,2024-12-31,large_cap,0.4238,0.5,0.3096,240.27,4,"[{""model"": ""Simulated-AI-Momentum-Quant"", ""call"": ""buy"", ""target_price"": 266.45, ""thesis"": ""Strong upward medium-term momentum (+16.3%) signals continued institutional accumulation.""}, {""model"": ""Simulated-AI-Fundamental-Value"", ""call"": ""hold"", ""target_price"": 235.43, ""thesis"": ""Fair valuation reflects balanced risk-reward relative to sector peers.""}, {""model"": ""Simulated-AI-Quality-Compounder"", ""call"": ""sell"", ""target_price"": 204.6, ""thesis"": ""Heightened earnings volatility and cyclical margin pressures elevate downside risk.""}, {""model"": ""Simulated-AI-Macro-Tactical"", ""call"": ""hold"", ""target_price"": 254.59, ""thesis"": ""Positive operating execution and robust revenue traction support upside.""}]",0.11880177561799163,-0.041044915350667566,0.23777983671244626
V,2024-12-31,large_cap,0.4329,0.5,0.3321,326.98,4,"[{""model"": ""Simulated-AI-Momentum-Quant"", ""call"": ""buy"", ""target_price"": 361.1, ""thesis"": ""Strong upward medium-term momentum (+14.3%) signals continued institutional accumulation.""}, {""model"": ""Simulated-AI-Fundamental-Value"", ""call"": ""sell"", ""target_price"": 260.16, ""thesis"": ""Elevated multi-month valuation multiples leave little safety margin against forward earnings revisions.""}, {""model"": ""Simulated-AI-Quality-Compounder"", ""call"": ""buy"", ""target_price"": 343.51, ""thesis"": ""Stable financial profile and durable competitive moat support long-term compounding potential.""}, {""model"": ""Simulated-AI-Macro-Tactical"", ""call"": ""hold"", ""target_price"": 343.13, ""thesis"": ""Positive operating execution and robust revenue traction support upside.""}]",0.0942284483500796,0.07569003003839718,0.13224085425507437
LLY,2024-12-31,large_cap,0.4236,0.5,0.3089,721.17,4,"[{""model"": ""Simulated-AI-Momentum-Quant"", ""call"": ""sell"", ""target_price"": 652.18, ""thesis"": ""Persistent negative price trajectory (-13.2%) indicates structural distribution headwinds.""}, {""model"": ""Simulated-AI-Fundamental-Value"", ""call"": ""buy"", ""target_price"": 878.13, ""thesis"": ""Recent price softening provides an attractive risk-adjusted entry point against fundamental book value.""}, {""model"": ""Simulated-AI-Quality-Compounder"", ""call"": ""sell"", ""target_price"": 668.04, ""thesis"": ""Heightened earnings volatility and cyclical margin pressures elevate downside risk.""}, {""model"": ""Simulated-AI-Macro-Tactical"", ""call"": ""hold"", ""target_price"": 686.34, ""thesis"": ""Macro headwinds and declining momentum justify a defensive posture.""}]",0.04977982206485445,0.0238990302886724,0.004908023088669841
UNH,2024-12-31,large_cap,0.424,0.5,0.3099,465.4,4,"[{""model"": ""Simulated-AI-Momentum-Quant"", ""call"": ""sell"", ""target_price"": 424.37, ""thesis"": ""Persistent negative price trajectory (-14.3%) indicates structural distribution headwinds.""}, {""model"": ""Simulated-AI-Fundamental-Value"", ""call"": ""buy"", ""target_price"": 570.89, ""thesis"": ""Recent price softening provides an attractive risk-adjusted entry point against fundamental book value.""}, {""model"": ""Simulated-AI-Quality-Compounder"", ""call"": ""sell"", ""target_price"": 427.93, ""thesis"": ""Heightened earnings volatility and cyclical margin pressures elevate downside risk.""}, {""model"": ""Simulated-AI-Macro-Tactical"", ""call"": ""hold"", ""target_price"": 438.4, ""thesis"": ""Macro headwinds and declining momentum justify a defensive posture.""}]",0.08365950045026649,0.07292477333489361,-0.39277044847607906
XOM,2024-12-31,large_cap,0.5672,0.75,0.2931,92.56,4,"[{""model"": ""Simulated-AI-Momentum-Quant"", ""call"": ""sell"", ""target_price"": 89.35, ""thesis"": ""Persistent negative price trajectory (-10.8%) indicates structural distribution headwinds.""}, {""model"": ""Simulated-AI-Fundamental-Value"", ""call"": ""hold"", ""target_price"": 100.13, ""thesis"": ""Fair valuation reflects balanced risk-reward relative to sector peers.""}, {""model"": ""Simulated-AI-Quality-Compounder"", ""call"": ""sell"", ""target_price"": 89.21, ""thesis"": ""Heightened earnings volatility and cyclical margin pressures elevate downside risk.""}, {""model"": ""Simulated-AI-Macro-Tactical"", ""call"": ""sell"", ""target_price"": 91.55, ""thesis"": ""Macro headwinds and declining momentum justify a defensive posture.""}]",-0.004462302488081464,0.05452866887780448,0.05174620820543137
JNJ,2024-12-31,large_cap,0.4182,0.5,0.2954,124.74,4,"[{""model"": ""Simulated-AI-Momentum-Quant"", ""call"": ""sell"", ""target_price"": 118.32, ""thesis"": ""Persistent negative price trajectory (-9.5%) indicates structural distribution headwinds.""}, {""model"": ""Simulated-AI-Fundamental-Value"", ""call"": ""hold"", ""target_price"": 135.45, ""thesis"": ""Fair valuation reflects balanced risk-reward relative to sector peers.""}, {""model"": ""Simulated-AI-Quality-Compounder"", ""call"": ""sell"", ""target_price"": 120.91, ""thesis"": ""Heightened earnings volatility and cyclical margin pressures elevate downside risk.""}, {""model"": ""Simulated-AI-Macro-Tactical"", ""call"": ""hold"", ""target_price"": 124.29, ""thesis"": ""Macro headwinds and declining momentum justify a defensive posture.""}]",0.050131287679950856,0.11394897762446918,0.09151323069341882
PG,2024-12-31,large_cap,0.5994,0.75,0.3736,157.04,4,"[{""model"": ""Simulated-AI-Momentum-Quant"", ""call"": ""hold"", ""target_price"": 165.05, ""thesis"": ""Consolidating trading range warrants a neutral rating until breakout confirmation.""}, {""model"": ""Simulated-AI-Fundamental-Value"", ""call"": ""sell"", ""target_price"": 132.62, ""thesis"": ""Elevated multi-month valuation multiples leave little safety margin against forward earnings revisions.""}, {""model"": ""Simulated-AI-Quality-Compounder"", ""call"": ""hold"", ""target_price"": 169.11, ""thesis"": ""Defensive operational balance sheet balanced by limited immediate re-rating catalysts.""}, {""model"": ""Simulated-AI-Macro-Tactical"", ""call"": ""hold"", ""target_price"": 161.38, ""thesis"": ""Balanced near-term catalysts recommend maintaining current position.""}]",0.012759150548693898,0.03454341085049226,-0.030806696061494207
HD,2024-12-31,large_cap,0.3921,0.5,0.2302,362.75,4,"[{""model"": ""Simulated-AI-Momentum-Quant"", ""call"": ""sell"", ""target_price"": 316.19, ""thesis"": ""Persistent negative price trajectory (-4.9%) indicates structural distribution headwinds.""}, {""model"": ""Simulated-AI-Fundamental-Value"", ""call"": ""buy"", ""target_price"": 434.05, ""thesis"": ""Recent price softening provides an attractive risk-adjusted entry point against fundamental book value.""}, {""model"": ""Simulated-AI-Quality-Compounder"", ""call"": ""sell"", ""target_price"": 325.58, ""thesis"": ""Heightened earnings volatility and cyclical margin pressures elevate downside risk.""}, {""model"": ""Simulated-AI-Macro-Tactical"", ""call"": ""hold"", ""target_price"": 375.17, ""thesis"": ""Balanced near-term catalysts recommend maintaining current position.""}]",0.05082381786293713,-0.07923442677307825,-0.04297735445659864
MA,2024-12-31,large_cap,0.4244,0.5,0.3111,539.6,4,"[{""model"": ""Simulated-AI-Momentum-Quant"", ""call"": ""buy"", ""target_price"": 597.7, ""thesis"": ""Strong upward medium-term momentum (+6.4%) signals continued institutional accumulation.""}, {""model"": ""Simulated-AI-Fundamental-Value"", ""call"": ""hold"", ""target_price"": 530.39, ""thesis"": ""Fair valuation reflects balanced risk-reward relative to sector peers.""}, {""model"": ""Simulated-AI-Quality-Compounder"", ""call"": ""sell"", ""target_price"": 457.19, ""thesis"": ""Heightened earnings volatility and cyclical margin pressures elevate downside risk.""}, {""model"": ""Simulated-AI-Macro-Tactical"", ""call"": ""hold"", ""target_price"": 573.11, ""thesis"": ""Positive operating execution and robust revenue traction support upside.""}]",0.07256628501219752,0.009043402144850008,0.07649615143469529
COST,2024-12-31,large_cap,0.5994,0.75,0.3736,883.12,4,"[{""model"": ""Simulated-AI-Momentum-Quant"", ""call"": ""hold"", ""target_price"": 922.03, ""thesis"": ""Consolidating trading range warrants a neutral rating until breakout confirmation.""}, {""model"": ""Simulated-AI-Fundamental-Value"", ""call"": ""sell"", ""target_price"": 755.5, ""thesis"": ""Elevated multi-month valuation multiples leave little safety margin against forward earnings revisions.""}, {""model"": ""Simulated-AI-Quality-Compounder"", ""call"": ""hold"", ""target_price"": 938.37, ""thesis"": ""Defensive operational balance sheet balanced by limited immediate re-rating catalysts.""}, {""model"": ""Simulated-AI-Macro-Tactical"", ""call"": ""hold"", ""target_price"": 916.59, ""thesis"": ""Balanced near-term catalysts recommend maintaining current position.""}]",0.09774406052694747,0.05661918657263135,0.08545542601574847
ABBV,2024-12-31,large_cap,0.5568,0.75,0.267,158.76,4,"[{""model"": ""Simulated-AI-Momentum-Quant"", ""call"": ""sell"", ""target_price"": 142.64, ""thesis"": ""Persistent negative price trajectory (-9.0%) indicates structural distribution headwinds.""}, {""model"": ""Simulated-AI-Fundamental-Value"", ""call"": ""hold"", ""target_price"": 165.31, ""thesis"": ""Fair valuation reflects balanced risk-reward relative to sector peers.""}, {""model"": ""Simulated-AI-Quality-Compounder"", ""call"": ""hold"", ""target_price"": 176.12, ""thesis"": ""Defensive operational balance sheet balanced by limited immediate re-rating catalysts.""}, {""model"": ""Simulated-AI-Macro-Tactical"", ""call"": ""hold"", ""target_price"": 150.96, ""thesis"": ""Macro headwinds and declining momentum justify a defensive posture.""}]",0.08009583342392616,0.1454218352722928,0.07568779067223402
MRK,2024-12-31,large_cap,0.5749,0.75,0.3122,90.2,4,"[{""model"": ""Simulated-AI-Momentum-Quant"", ""call"": ""sell"", ""target_price"": 81.71, ""thesis"": ""Persistent negative price trajectory (-10.5%) indicates structural distribution headwinds.""}, {""model"": ""Simulated-AI-Fundamental-Value"", ""call"": ""buy"", ""target_price"": 109.28, ""thesis"": ""Recent price softening provides an attractive risk-adjusted entry point against fundamental book value.""}, {""model"": ""Simulated-AI-Quality-Compounder"", ""call"": ""sell"", ""target_price"": 84.76, ""thesis"": ""Heightened earnings volatility and cyclical margin pressures elevate downside risk.""}, {""model"": ""Simulated-AI-Macro-Tactical"", ""call"": ""sell"", ""target_price"": 85.04, ""thesis"": ""Macro headwinds and declining momentum justify a defensive posture.""}]",0.0031160694489547726,-0.12408202594816342,-0.17153311133636287
BAC,2024-12-31,large_cap,0.5829,0.75,0.3322,44.4,4,"[{""model"": ""Simulated-AI-Momentum-Quant"", ""call"": ""buy"", ""target_price"": 47.83, ""thesis"": ""Strong upward medium-term momentum (+12.7%) signals continued institutional accumulation.""}, {""model"": ""Simulated-AI-Fundamental-Value"", ""call"": ""sell"", ""target_price"": 35.6, ""thesis"": ""Elevated multi-month valuation multiples leave little safety margin against forward earnings revisions.""}, {""model"": ""Simulated-AI-Quality-Compounder"", ""call"": ""buy"", ""target_price"": 47.65, ""thesis"": ""Stable financial profile and durable competitive moat support long-term compounding potential.""}, {""model"": ""Simulated-AI-Macro-Tactical"", ""call"": ""buy"", ""target_price"": 46.51, ""thesis"": ""Positive operating execution and robust revenue traction support upside.""}]",0.05142208925832928,-0.1477842779941509,0.12071986377336658
CVX,2024-12-31,large_cap,0.4019,0.5,0.2548,137.11,4,"[{""model"": ""Simulated-AI-Momentum-Quant"", ""call"": ""sell"", ""target_price"": 115.27, ""thesis"": ""Persistent negative price trajectory (-3.1%) indicates structural distribution headwinds.""}, {""model"": ""Simulated-AI-Fundamental-Value"", ""call"": ""buy"", ""target_price"": 156.21, ""thesis"": ""Recent price softening provides an attractive risk-adjusted entry point against fundamental book value.""}, {""model"": ""Simulated-AI-Quality-Compounder"", ""call"": ""hold"", ""target_price"": 140.96, ""thesis"": ""Defensive operational balance sheet balanced by limited immediate re-rating catalysts.""}, {""model"": ""Simulated-AI-Macro-Tactical"", ""call"": ""hold"", ""target_price"": 136.01, ""thesis"": ""Balanced near-term catalysts recommend maintaining current position.""}]",0.03106889691710961,0.08983477761610795,0.04149567542338994
CRM,2024-12-31,large_cap,0.5825,0.75,0.3313,346.4,4,"[{""model"": ""Simulated-AI-Momentum-Quant"", ""call"": ""buy"", ""target_price"": 375.43, ""thesis"": ""Strong upward medium-term momentum (+19.8%) signals continued institutional accumulation.""}, {""model"": ""Simulated-AI-Fundamental-Value"", ""call"": ""sell"", ""target_price"": 280.74, ""thesis"": ""Elevated multi-month valuation multiples leave little safety margin against forward earnings revisions.""}, {""model"": ""Simulated-AI-Quality-Compounder"", ""call"": ""buy"", ""target_price"": 365.91, ""thesis"": ""Stable financial profile and durable competitive moat support long-term compounding potential.""}, {""model"": ""Simulated-AI-Macro-Tactical"", ""call"": ""buy"", ""target_price"": 363.53, ""thesis"": ""Positive operating execution and robust revenue traction support upside.""}]",0.014686267564144378,-0.23659245533634915,-0.1904630865318874
NFLX,2024-12-31,large_cap,0.4445,0.5,0.3612,87.9,4,"[{""model"": ""Simulated-AI-Momentum-Quant"", ""call"": ""buy"", ""target_price"": 100.4, ""thesis"": ""Strong upward medium-term momentum (+25.3%) signals continued institutional accumulation.""}, {""model"": ""Simulated-AI-Fundamental-Value"", ""call"": ""sell"", ""target_price"": 74.47, ""thesis"": ""Elevated multi-month valuation multiples leave little safety margin against forward earnings revisions.""}, {""model"": ""Simulated-AI-Quality-Compounder"", ""call"": ""sell"", ""target_price"": 78.7, ""thesis"": ""Heightened earnings volatility and cyclical margin pressures elevate downside risk.""}, {""model"": ""Simulated-AI-Macro-Tactical"", ""call"": ""buy"", ""target_price"": 98.04, ""thesis"": ""Positive operating execution and robust revenue traction support upside.""}]",0.09830356141682864,0.028867274801822364,0.44686532491177133
AMD,2024-12-31,large_cap,0.4232,0.5,0.308,114.63,4,"[{""model"": ""Simulated-AI-Momentum-Quant"", ""call"": ""sell"", ""target_price"": 101.66, ""thesis"": ""Persistent negative price trajectory (-24.4%) indicates structural distribution headwinds.""}, {""model"": ""Simulated-AI-Fundamental-Value"", ""call"": ""buy"", ""target_price"": 141.81, ""thesis"": ""Recent price softening provides an attractive risk-adjusted entry point against fundamental book value.""}, {""model"": ""Simulated-AI-Quality-Compounder"", ""call"": ""sell"", ""target_price"": 106.36, ""thesis"": ""Heightened earnings volatility and cyclical margin pressures elevate downside risk.""}, {""model"": ""Simulated-AI-Macro-Tactical"", ""call"": ""hold"", ""target_price"": 108.71, ""thesis"": ""Macro headwinds and declining momentum justify a defensive posture.""}]",-0.05397801327131874,-0.22344563009519797,0.11598643952348466
PEP,2024-12-31,large_cap,0.5643,0.75,0.2857,141.02,4,"[{""model"": ""Simulated-AI-Momentum-Quant"", ""call"": ""hold"", ""target_price"": 147.79, ""thesis"": ""Consolidating trading range warrants a neutral rating until breakout confirmation.""}, {""model"": ""Simulated-AI-Fundamental-Value"", ""call"": ""hold"", ""target_price"": 140.54, ""thesis"": ""Fair valuation reflects balanced risk-reward relative to sector peers.""}, {""model"": ""Simulated-AI-Quality-Compounder"", ""call"": ""hold"", ""target_price"": 148.03, ""thesis"": ""Defensive operational balance sheet balanced by limited immediate re-rating catalysts.""}, {""model"": ""Simulated-AI-Macro-Tactical"", ""call"": ""sell"", ""target_price"": 127.71, ""thesis"": ""Macro headwinds and declining momentum justify a defensive posture.""}]",-0.011771736069225163,0.004263504080320081,-0.09820447420600463
KO,2024-12-31,large_cap,0.4267,0.5,0.3168,56.84,4,"[{""model"": ""Simulated-AI-Momentum-Quant"", ""call"": ""sell"", ""target_price"": 52.33, ""thesis"": ""Persistent negative price trajectory (-11.7%) indicates structural distribution headwinds.""}, {""model"": ""Simulated-AI-Fundamental-Value"", ""call"": ""buy"", ""target_price"": 68.72, ""thesis"": ""Recent price softening provides an attractive risk-adjusted entry point against fundamental book value.""}, {""model"": ""Simulated-AI-Quality-Compounder"", ""call"": ""sell"", ""target_price"": 52.58, ""thesis"": ""Heightened earnings volatility and cyclical margin pressures elevate downside risk.""}, {""model"": ""Simulated-AI-Macro-Tactical"", ""call"": ""hold"", ""target_price"": 53.71, ""thesis"": ""Macro headwinds and declining momentum justify a defensive posture.""}]",0.017507248103629153,0.1840675700449729,0.15712551421968116
TMO,2024-12-31,large_cap,0.5735,0.75,0.3087,493.39,4,"[{""model"": ""Simulated-AI-Momentum-Quant"", ""call"": ""sell"", ""target_price"": 443.7, ""thesis"": ""Persistent negative price trajectory (-15.0%) indicates structural distribution headwinds.""}, {""model"": ""Simulated-AI-Fundamental-Value"", ""call"": ""buy"", ""target_price"": 606.62, ""thesis"": ""Recent price softening provides an attractive risk-adjusted entry point against fundamental book value.""}, {""model"": ""Simulated-AI-Quality-Compounder"", ""call"": ""sell"", ""target_price"": 457.61, ""thesis"": ""Heightened earnings volatility and cyclical margin pressures elevate downside risk.""}, {""model"": ""Simulated-AI-Macro-Tactical"", ""call"": ""sell"", ""target_price"": 465.63, ""thesis"": ""Macro headwinds and declining momentum justify a defensive posture.""}]",0.1413221476201279,-0.09573171889855361,-0.19364817690075192
WMT,2024-12-31,large_cap,0.5828,0.75,0.332,93.41,4,"[{""model"": ""Simulated-AI-Momentum-Quant"", ""call"": ""buy"", ""target_price"": 101.31, ""thesis"": ""Strong upward medium-term momentum (+12.6%) signals continued institutional accumulation.""}, {""model"": ""Simulated-AI-Fundamental-Value"", ""call"": ""sell"", ""target_price"": 74.48, ""thesis"": ""Elevated multi-month valuation multiples leave little safety margin against forward earnings revisions.""}, {""model"": ""Simulated-AI-Quality-Compounder"", ""call"": ""buy"", ""target_price"": 100.01, ""thesis"": ""Stable financial profile and durable competitive moat support long-term compounding potential.""}, {""model"": ""Simulated-AI-Macro-Tactical"", ""call"": ""buy"", ""target_price"": 97.82, ""thesis"": ""Positive operating execution and robust revenue traction support upside.""}]",0.10171563664865894,-0.031548112157948525,0.10529838755618623
MCD,2024-12-31,large_cap,0.586,0.75,0.3401,296.03,4,"[{""model"": ""Simulated-AI-Momentum-Quant"", ""call"": ""hold"", ""target_price"": 290.06, ""thesis"": ""Consolidating trading range warrants a neutral rating until breakout confirmation.""}, {""model"": ""Simulated-AI-Fundamental-Value"", ""call"": ""buy"", ""target_price"": 326.05, ""thesis"": ""Recent price softening provides an attractive risk-adjusted entry point against fundamental book value.""}, {""model"": ""Simulated-AI-Quality-Compounder"", ""call"": ""hold"", ""target_price"": 287.4, ""thesis"": ""Defensive operational balance sheet balanced by limited immediate re-rating catalysts.""}, {""model"": ""Simulated-AI-Macro-Tactical"", ""call"": ""hold"", ""target_price"": 280.62, ""thesis"": ""Balanced near-term catalysts recommend maintaining current position.""}]",0.00055194669677751,0.10423818175028064,0.024178560523014803
CSCO,2024-12-31,large_cap,0.5833,0.75,0.3331,59.62,4,"[{""model"": ""Simulated-AI-Momentum-Quant"", ""call"": ""buy"", ""target_price"": 65.03, ""thesis"": ""Strong upward medium-term momentum (+12.5%) signals continued institutional accumulation.""}, {""model"": ""Simulated-AI-Fundamental-Value"", ""call"": ""sell"", ""target_price"": 48.01, ""thesis"": ""Elevated multi-month valuation multiples leave little safety margin against forward earnings revisions.""}, {""model"": ""Simulated-AI-Quality-Compounder"", ""call"": ""buy"", ""target_price"": 62.88, ""thesis"": ""Stable financial profile and durable competitive moat support long-term compounding potential.""}, {""model"": ""Simulated-AI-Macro-Tactical"", ""call"": ""buy"", ""target_price"": 62.57, ""thesis"": ""Positive operating execution and robust revenue traction support upside.""}]",0.03810714974306541,-0.018821604312144254,0.18721593414423568
KNSL,2024-12-31,small_cap,0.7327,1.0,0.3317,474.55,4,"[{""model"": ""Simulated-AI-Momentum-Quant"", ""call"": ""hold"", ""target_price"": 480.55, ""thesis"": ""Consolidating trading range warrants a neutral rating until breakout confirmation.""}, {""model"": ""Simulated-AI-Fundamental-Value"", ""call"": ""hold"", ""target_price"": 459.32, ""thesis"": ""Fair valuation reflects balanced risk-reward relative to sector peers.""}, {""model"": ""Simulated-AI-Quality-Compounder"", ""call"": ""hold"", ""target_price"": 490.28, ""thesis"": ""Defensive operational balance sheet balanced by limited immediate re-rating catalysts.""}, {""model"": ""Simulated-AI-Macro-Tactical"", ""call"": ""hold"", ""target_price"": 468.03, ""thesis"": ""Balanced near-term catalysts recommend maintaining current position.""}]",-0.03181920318764981,0.07239569764216439,0.021060213358214674
SAIA,2024-12-31,small_cap,0.4122,0.5,0.2804,470.45,4,"[{""model"": ""Simulated-AI-Momentum-Quant"", ""call"": ""buy"", ""target_price"": 522.45, ""thesis"": ""Strong upward medium-term momentum (+5.9%) signals continued institutional accumulation.""}, {""model"": ""Simulated-AI-Fundamental-Value"", ""call"": ""sell"", ""target_price"": 386.46, ""thesis"": ""Elevated multi-month valuation multiples leave little safety margin against forward earnings revisions.""}, {""model"": ""Simulated-AI-Quality-Compounder"", ""call"": ""hold"", ""target_price"": 471.59, ""thesis"": ""Defensive operational balance sheet balanced by limited immediate re-rating catalysts.""}, {""model"": ""Simulated-AI-Macro-Tactical"", ""call"": ""hold"", ""target_price"": 501.3, ""thesis"": ""Positive operating execution and robust revenue traction support upside.""}]",0.03221203853573218,-0.29789569809502364,-0.3726767872282737
MEDP,2024-12-31,small_cap,0.5994,0.75,0.3736,326.16,4,"[{""model"": ""Simulated-AI-Momentum-Quant"", ""call"": ""hold"", ""target_price"": 343.53, ""thesis"": ""Consolidating trading range warrants a neutral rating until breakout confirmation.""}, {""model"": ""Simulated-AI-Fundamental-Value"", ""call"": ""sell"", ""target_price"": 275.92, ""thesis"": ""Elevated multi-month valuation multiples leave little safety margin against forward earnings revisions.""}, {""model"": ""Simulated-AI-Quality-Compounder"", ""call"": ""hold"", ""target_price"": 349.64, ""thesis"": ""Defensive operational balance sheet balanced by limited immediate re-rating catalysts.""}, {""model"": ""Simulated-AI-Macro-Tactical"", ""call"": ""hold"", ""target_price"": 335.55, ""thesis"": ""Balanced near-term catalysts recommend maintaining current position.""}]",0.03356106771745921,-0.08464023328682012,-0.040122856602476845
SSD,2024-12-31,small_cap,0.5738,0.75,0.3096,155.03,4,"[{""model"": ""Simulated-AI-Momentum-Quant"", ""call"": ""sell"", ""target_price"": 139.22, ""thesis"": ""Persistent negative price trajectory (-13.3%) indicates structural distribution headwinds.""}, {""model"": ""Simulated-AI-Fundamental-Value"", ""call"": ""buy"", ""target_price"": 189.09, ""thesis"": ""Recent price softening provides an attractive risk-adjusted entry point against fundamental book value.""}, {""model"": ""Simulated-AI-Quality-Compounder"", ""call"": ""sell"", ""target_price"": 144.36, ""thesis"": ""Heightened earnings volatility and cyclical margin pressures elevate downside risk.""}, {""model"": ""Simulated-AI-Macro-Tactical"", ""call"": ""sell"", ""target_price"": 147.47, ""thesis"": ""Macro headwinds and declining momentum justify a defensive posture.""}]",0.0017517410790360024,-0.12179833746623299,-0.03338215835135948
EXPO,2024-12-31,small_cap,0.5748,0.75,0.3119,82.51,4,"[{""model"": ""Simulated-AI-Momentum-Quant"", ""call"": ""sell"", ""target_price"": 73.71, ""thesis"": ""Persistent negative price trajectory (-21.8%) indicates structural distribution headwinds.""}, {""model"": ""Simulated-AI-Fundamental-Value"", ""call"": ""buy"", ""target_price"": 101.43, ""thesis"": ""Recent price softening provides an attractive risk-adjusted entry point against fundamental book value.""}, {""model"": ""Simulated-AI-Quality-Compounder"", ""call"": ""sell"", ""target_price"": 77.04, ""thesis"": ""Heightened earnings volatility and cyclical margin pressures elevate downside risk.""}, {""model"": ""Simulated-AI-Macro-Tactical"", ""call"": ""sell"", ""target_price"": 77.86, ""thesis"": ""Macro headwinds and declining momentum justify a defensive posture.""}]",0.030190690391680028,-0.11554178990984323,-0.14544858517215475
FORM,2024-12-31,small_cap,0.4004,0.5,0.2509,44.7,4,"[{""model"": ""Simulated-AI-Momentum-Quant"", ""call"": ""sell"", ""target_price"": 37.35, ""thesis"": ""Persistent negative price trajectory (-2.2%) indicates structural distribution headwinds.""}, {""model"": ""Simulated-AI-Fundamental-Value"", ""call"": ""buy"", ""target_price"": 51.11, ""thesis"": ""Recent price softening provides an attractive risk-adjusted entry point against fundamental book value.""}, {""model"": ""Simulated-AI-Quality-Compounder"", ""call"": ""hold"", ""target_price"": 45.92, ""thesis"": ""Defensive operational balance sheet balanced by limited immediate re-rating catalysts.""}, {""model"": ""Simulated-AI-Macro-Tactical"", ""call"": ""hold"", ""target_price"": 44.44, ""thesis"": ""Balanced near-term catalysts recommend maintaining current position.""}]",-0.1004545038396662,-0.42613636363636365,-0.21045450730757279
CRVL,2024-12-31,small_cap,0.4101,0.5,0.2751,111.11,4,"[{""model"": ""Simulated-AI-Momentum-Quant"", ""call"": ""buy"", ""target_price"": 124.61, ""thesis"": ""Strong upward medium-term momentum (+4.9%) signals continued institutional accumulation.""}, {""model"": ""Simulated-AI-Fundamental-Value"", ""call"": ""sell"", ""target_price"": 92.29, ""thesis"": ""Elevated multi-month valuation multiples leave little safety margin against forward earnings revisions.""}, {""model"": ""Simulated-AI-Quality-Compounder"", ""call"": ""hold"", ""target_price"": 115.18, ""thesis"": ""Defensive operational balance sheet balanced by limited immediate re-rating catalysts.""}, {""model"": ""Simulated-AI-Macro-Tactical"", ""call"": ""hold"", ""target_price"": 112.37, ""thesis"": ""Balanced near-term catalysts recommend maintaining current position.""}]",0.042333264372092685,-0.0012583083494553374,-0.10120440337978205
TKR,2024-12-31,small_cap,0.5743,0.75,0.3108,66.19,4,"[{""model"": ""Simulated-AI-Momentum-Quant"", ""call"": ""sell"", ""target_price"": 61.01, ""thesis"": ""Persistent negative price trajectory (-13.4%) indicates structural distribution headwinds.""}, {""model"": ""Simulated-AI-Fundamental-Value"", ""call"": ""buy"", ""target_price"": 80.09, ""thesis"": ""Recent price softening provides an attractive risk-adjusted entry point against fundamental book value.""}, {""model"": ""Simulated-AI-Quality-Compounder"", ""call"": ""sell"", ""target_price"": 61.16, ""thesis"": ""Heightened earnings volatility and cyclical margin pressures elevate downside risk.""}, {""model"": ""Simulated-AI-Macro-Tactical"", ""call"": ""sell"", ""target_price"": 62.51, ""thesis"": ""Macro headwinds and declining momentum justify a defensive posture.""}]",0.08224730189235514,-0.10774366670225624,0.06779189058444683
POWI,2024-12-31,small_cap,0.7327,1.0,0.3317,61.19,4,"[{""model"": ""Simulated-AI-Momentum-Quant"", ""call"": ""hold"", ""target_price"": 61.11, ""thesis"": ""Consolidating trading range warrants a neutral rating until breakout confirmation.""}, {""model"": ""Simulated-AI-Fundamental-Value"", ""call"": ""hold"", ""target_price"": 59.98, ""thesis"": ""Fair valuation reflects balanced risk-reward relative to sector peers.""}, {""model"": ""Simulated-AI-Quality-Compounder"", ""call"": ""hold"", ""target_price"": 63.15, ""thesis"": ""Defensive operational balance sheet balanced by limited immediate re-rating catalysts.""}, {""model"": ""Simulated-AI-Macro-Tactical"", ""call"": ""hold"", ""target_price"": 60.51, ""thesis"": ""Balanced near-term catalysts recommend maintaining current position.""}]",-0.021555968645678658,-0.26975462854237664,-0.0780845402125236
CALM,2024-12-31,small_cap,0.4114,0.5,0.2785,95.12,4,"[{""model"": ""Simulated-AI-Momentum-Quant"", ""call"": ""buy"", ""target_price"": 104.66, ""thesis"": ""Strong upward medium-term momentum (+38.0%) signals continued institutional accumulation.""}, {""model"": ""Simulated-AI-Fundamental-Value"", ""call"": ""sell"", ""target_price"": 77.46, ""thesis"": ""Elevated multi-month valuation multiples leave little safety margin against forward earnings revisions.""}, {""model"": ""Simulated-AI-Quality-Compounder"", ""call"": ""hold"", ""target_price"": 95.99, ""thesis"": ""Defensive operational balance sheet balanced by limited immediate re-rating catalysts.""}, {""model"": ""Simulated-AI-Macro-Tactical"", ""call"": ""buy"", ""target_price"": 102.36, ""thesis"": ""Positive operating execution and robust revenue traction support upside.""}]",0.05079681617891963,-0.08441801008066797,0.03310751832464839
PLUS,2024-12-31,small_cap,0.5743,0.75,0.3106,69.22,4,"[{""model"": ""Simulated-AI-Momentum-Quant"", ""call"": ""sell"", ""target_price"": 61.9, ""thesis"": ""Persistent negative price trajectory (-22.5%) indicates structural distribution headwinds.""}, {""model"": ""Simulated-AI-Fundamental-Value"", ""call"": ""buy"", ""target_price"": 84.43, ""thesis"": ""Recent price softening provides an attractive risk-adjusted entry point against fundamental book value.""}, {""model"": ""Simulated-AI-Quality-Compounder"", ""call"": ""sell"", ""target_price"": 65.08, ""thesis"": ""Heightened earnings volatility and cyclical margin pressures elevate downside risk.""}, {""model"": ""Simulated-AI-Macro-Tactical"", ""call"": ""sell"", ""target_price"": 65.45, ""thesis"": ""Macro headwinds and declining momentum justify a defensive posture.""}]",0.07539254019666379,-0.20939357191199595,-0.045343752462179095
FSS,2024-12-31,small_cap,0.5476,0.75,0.2441,89.03,4,"[{""model"": ""Simulated-AI-Momentum-Quant"", ""call"": ""sell"", ""target_price"": 77.88, ""thesis"": ""Persistent negative price trajectory (-0.4%) indicates structural distribution headwinds.""}, {""model"": ""Simulated-AI-Fundamental-Value"", ""call"": ""hold"", ""target_price"": 90.77, ""thesis"": ""Fair valuation reflects balanced risk-reward relative to sector peers.""}, {""model"": ""Simulated-AI-Quality-Compounder"", ""call"": ""hold"", ""target_price"": 95.05, ""thesis"": ""Defensive operational balance sheet balanced by limited immediate re-rating catalysts.""}, {""model"": ""Simulated-AI-Macro-Tactical"", ""call"": ""hold"", ""target_price"": 92.42, ""thesis"": ""Balanced near-term catalysts recommend maintaining current position.""}]",0.04805731956191053,-0.20905292952901613,0.19481142002205856
AMWD,2024-12-31,small_cap,0.5994,0.75,0.3736,97.69,4,"[{""model"": ""Simulated-AI-Momentum-Quant"", ""call"": ""hold"", ""target_price"": 101.65, ""thesis"": ""Consolidating trading range warrants a neutral rating until breakout confirmation.""}, {""model"": ""Simulated-AI-Fundamental-Value"", ""call"": ""sell"", ""target_price"": 82.55, ""thesis"": ""Elevated multi-month valuation multiples leave little safety margin against forward earnings revisions.""}, {""model"": ""Simulated-AI-Quality-Compounder"", ""call"": ""hold"", ""target_price"": 105.56, ""thesis"": ""Defensive operational balance sheet balanced by limited immediate re-rating catalysts.""}, {""model"": ""Simulated-AI-Macro-Tactical"", ""call"": ""hold"", ""target_price"": 101.0, ""thesis"": ""Balanced near-term catalysts recommend maintaining current position.""}]",,,
ATKR,2024-12-31,small_cap,0.586,0.75,0.3401,85.24,4,"[{""model"": ""Simulated-AI-Momentum-Quant"", ""call"": ""hold"", ""target_price"": 81.36, ""thesis"": ""Consolidating trading range warrants a neutral rating until breakout confirmation.""}, {""model"": ""Simulated-AI-Fundamental-Value"", ""call"": ""buy"", ""target_price"": 94.03, ""thesis"": ""Recent price softening provides an attractive risk-adjusted entry point against fundamental book value.""}, {""model"": ""Simulated-AI-Quality-Compounder"", ""call"": ""hold"", ""target_price"": 84.01, ""thesis"": ""Defensive operational balance sheet balanced by limited immediate re-rating catalysts.""}, {""model"": ""Simulated-AI-Macro-Tactical"", ""call"": ""hold"", ""target_price"": 81.56, ""thesis"": ""Balanced near-term catalysts recommend maintaining current position.""}]",-0.0446974248071388,-0.3381214545106835,-0.10941087831097372
BRC,2024-12-31,small_cap,0.385,0.5,0.2126,73.21,4,"[{""model"": ""Simulated-AI-Momentum-Quant"", ""call"": ""buy"", ""target_price"": 83.58, ""thesis"": ""Strong upward medium-term momentum (-0.1%) signals continued institutional accumulation.""}, {""model"": ""Simulated-AI-Fundamental-Value"", ""call"": ""hold"", ""target_price"": 72.81, ""thesis"": ""Fair valuation reflects balanced risk-reward relative to sector peers.""}, {""model"": ""Simulated-AI-Quality-Compounder"", ""call"": ""sell"", ""target_price"": 63.54, ""thesis"": ""Heightened earnings volatility and cyclical margin pressures elevate downside risk.""}, {""model"": ""Simulated-AI-Macro-Tactical"", ""call"": ""hold"", ""target_price"": 72.92, ""thesis"": ""Balanced near-term catalysts recommend maintaining current position.""}]",0.007345758358151155,-0.05501055847100026,-0.06156626741540147
CNO,2024-12-31,small_cap,0.5751,0.75,0.3129,39.22,4,"[{""model"": ""Simulated-AI-Momentum-Quant"", ""call"": ""buy"", ""target_price"": 40.86, ""thesis"": ""Strong upward medium-term momentum (+7.9%) signals continued institutional accumulation.""}, {""model"": ""Simulated-AI-Fundamental-Value"", ""call"": ""hold"", ""target_price"": 36.24, ""thesis"": ""Fair valuation reflects balanced risk-reward relative to sector peers.""}, {""model"": ""Simulated-AI-Quality-Compounder"", ""call"": ""buy"", ""target_price"": 40.0, ""thesis"": ""Stable financial profile and durable competitive moat support long-term compounding potential.""}, {""model"": ""Simulated-AI-Macro-Tactical"", ""call"": ""buy"", ""target_price"": 39.79, ""thesis"": ""Positive operating execution and robust revenue traction support upside.""}]",0.0588551652837221,0.06746592236599203,0.016135876491868827
CSGS,2024-12-31,small_cap,0.7327,1.0,0.3317,101.65,4,"[{""model"": ""Simulated-AI-Momentum-Quant"", ""call"": ""hold"", ""target_price"": 102.3, ""thesis"": ""Consolidating trading range warrants a neutral rating until breakout confirmation.""}, {""model"": ""Simulated-AI-Fundamental-Value"", ""call"": ""hold"", ""target_price"": 99.0, ""thesis"": ""Fair valuation reflects balanced risk-reward relative to sector peers.""}, {""model"": ""Simulated-AI-Quality-Compounder"", ""call"": ""hold"", ""target_price"": 104.28, ""thesis"": ""Defensive operational balance sheet balanced by limited immediate re-rating catalysts.""}, {""model"": ""Simulated-AI-Macro-Tactical"", ""call"": ""hold"", ""target_price"": 101.0, ""thesis"": ""Balanced near-term catalysts recommend maintaining current position.""}]",,,
ENSG,2024-12-31,small_cap,0.5755,0.75,0.3137,126.51,4,"[{""model"": ""Simulated-AI-Momentum-Quant"", ""call"": ""sell"", ""target_price"": 115.27, ""thesis"": ""Persistent negative price trajectory (-8.5%) indicates structural distribution headwinds.""}, {""model"": ""Simulated-AI-Fundamental-Value"", ""call"": ""buy"", ""target_price"": 155.08, ""thesis"": ""Recent price softening provides an attractive risk-adjusted entry point against fundamental book value.""}, {""model"": ""Simulated-AI-Quality-Compounder"", ""call"": ""sell"", ""target_price"": 116.38, ""thesis"": ""Heightened earnings volatility and cyclical margin pressures elevate downside risk.""}, {""model"": ""Simulated-AI-Macro-Tactical"", ""call"": ""sell"", ""target_price"": 119.3, ""thesis"": ""Macro headwinds and declining momentum justify a defensive posture.""}]",0.0719555060943467,0.008321079634784716,0.1117187339010116
FIX,2024-12-31,small_cap,0.4326,0.5,0.3315,440.84,4,"[{""model"": ""Simulated-AI-Momentum-Quant"", ""call"": ""buy"", ""target_price"": 474.62, ""thesis"": ""Strong upward medium-term momentum (+6.8%) signals continued institutional accumulation.""}, {""model"": ""Simulated-AI-Fundamental-Value"", ""call"": ""sell"", ""target_price"": 356.35, ""thesis"": ""Elevated multi-month valuation multiples leave little safety margin against forward earnings revisions.""}, {""model"": ""Simulated-AI-Quality-Compounder"", ""call"": ""buy"", ""target_price"": 468.21, ""thesis"": ""Stable financial profile and durable competitive moat support long-term compounding potential.""}, {""model"": ""Simulated-AI-Macro-Tactical"", ""call"": ""hold"", ""target_price"": 464.16, ""thesis"": ""Positive operating execution and robust revenue traction support upside.""}]",0.0070508778285399455,-0.2648337224210191,0.27971490705470375
GBCI,2024-12-31,small_cap,0.4123,0.5,0.2808,49.63,4,"[{""model"": ""Simulated-AI-Momentum-Quant"", ""call"": ""buy"", ""target_price"": 55.22, ""thesis"": ""Strong upward medium-term momentum (+14.9%) signals continued institutional accumulation.""}, {""model"": ""Simulated-AI-Fundamental-Value"", ""call"": ""sell"", ""target_price"": 40.84, ""thesis"": ""Elevated multi-month valuation multiples leave little safety margin against forward earnings revisions.""}, {""model"": ""Simulated-AI-Quality-Compounder"", ""call"": ""hold"", ""target_price"": 49.59, ""thesis"": ""Defensive operational balance sheet balanced by limited immediate re-rating catalysts.""}, {""model"": ""Simulated-AI-Macro-Tactical"", ""call"": ""buy"", ""target_price"": 52.88, ""thesis"": ""Positive operating execution and robust revenue traction support upside.""}]",-0.031859902892859567,-0.19076065672899634,-0.08183472740842491
GPI,2024-12-31,small_cap,0.5831,0.75,0.3328,438.28,4,"[{""model"": ""Simulated-AI-Momentum-Quant"", ""call"": ""buy"", ""target_price"": 480.02, ""thesis"": ""Strong upward medium-term momentum (+13.1%) signals continued institutional accumulation.""}, {""model"": ""Simulated-AI-Fundamental-Value"", ""call"": ""sell"", ""target_price"": 351.12, ""thesis"": ""Elevated multi-month valuation multiples leave little safety margin against forward earnings revisions.""}, {""model"": ""Simulated-AI-Quality-Compounder"", ""call"": ""buy"", ""target_price"": 462.99, ""thesis"": ""Stable financial profile and durable competitive moat support long-term compounding potential.""}, {""model"": ""Simulated-AI-Macro-Tactical"", ""call"": ""buy"", ""target_price"": 458.99, ""thesis"": ""Positive operating execution and robust revenue traction support upside.""}]",0.06389391389086388,-0.11572206950149441,0.09834172253085723
HLNE,2024-12-31,small_cap,0.5751,0.75,0.3127,137.73,4,"[{""model"": ""Simulated-AI-Momentum-Quant"", ""call"": ""sell"", ""target_price"": 126.47, ""thesis"": ""Persistent negative price trajectory (-11.8%) indicates structural distribution headwinds.""}, {""model"": ""Simulated-AI-Fundamental-Value"", ""call"": ""buy"", ""target_price"": 167.88, ""thesis"": ""Recent price softening provides an attractive risk-adjusted entry point against fundamental book value.""}, {""model"": ""Simulated-AI-Quality-Compounder"", ""call"": ""sell"", ""target_price"": 126.99, ""thesis"": ""Heightened earnings volatility and cyclical margin pressures elevate downside risk.""}, {""model"": ""Simulated-AI-Macro-Tactical"", ""call"": ""sell"", ""target_price"": 129.58, ""thesis"": ""Macro headwinds and declining momentum justify a defensive posture.""}]",0.06720685736547136,-0.044995791086556734,-0.005760960210904557
HWKN,2024-12-31,small_cap,0.4082,0.5,0.2705,113.59,4,"[{""model"": ""Simulated-AI-Momentum-Quant"", ""call"": ""sell"", ""target_price"": 103.23, ""thesis"": ""Persistent negative price trajectory (-3.9%) indicates structural distribution headwinds.""}, {""model"": ""Simulated-AI-Fundamental-Value"", ""call"": ""sell"", ""target_price"": 100.6, ""thesis"": ""Elevated multi-month valuation multiples leave little safety margin against forward earnings revisions.""}, {""model"": ""Simulated-AI-Quality-Compounder"", ""call"": ""hold"", ""target_price"": 127.82, ""thesis"": ""Defensive operational balance sheet balanced by limited immediate re-rating catalysts.""}, {""model"": ""Simulated-AI-Macro-Tactical"", ""call"": ""hold"", ""target_price"": 122.72, ""thesis"": ""Balanced near-term catalysts recommend maintaining current position.""}]",-0.08282375305241095,-0.1216915325349471,0.25502930760358733
IBP,2024-12-31,small_cap,0.5756,0.75,0.3141,162.72,4,"[{""model"": ""Simulated-AI-Momentum-Quant"", ""call"": ""sell"", ""target_price"": 146.66, ""thesis"": ""Persistent negative price trajectory (-28.5%) indicates structural distribution headwinds.""}, {""model"": ""Simulated-AI-Fundamental-Value"", ""call"": ""buy"", ""target_price"": 199.62, ""thesis"": ""Recent price softening provides an attractive risk-adjusted entry point against fundamental book value.""}, {""model"": ""Simulated-AI-Quality-Compounder"", ""call"": ""sell"", ""target_price"": 151.1, ""thesis"": ""Heightened earnings volatility and cyclical margin pressures elevate downside risk.""}, {""model"": ""Simulated-AI-Macro-Tactical"", ""call"": ""sell"", ""target_price"": 153.49, ""thesis"": ""Macro headwinds and declining momentum justify a defensive posture.""}]",0.07058478693952734,-0.053777121411481006,0.10998197497898751
KAR,2024-12-31,small_cap,0.586,0.75,0.3401,105.92,4,"[{""model"": ""Simulated-AI-Momentum-Quant"", ""call"": ""hold"", ""target_price"": 103.05, ""thesis"": ""Consolidating trading range warrants a neutral rating until breakout confirmation.""}, {""model"": ""Simulated-AI-Fundamental-Value"", ""call"": ""buy"", ""target_price"": 116.6, ""thesis"": ""Recent price softening provides an attractive risk-adjusted entry point against fundamental book value.""}, {""model"": ""Simulated-AI-Quality-Compounder"", ""call"": ""hold"", ""target_price"": 103.04, ""thesis"": ""Defensive operational balance sheet balanced by limited immediate re-rating catalysts.""}, {""model"": ""Simulated-AI-Macro-Tactical"", ""call"": ""hold"", ""target_price"": 101.0, ""thesis"": ""Balanced near-term catalysts recommend maintaining current position.""}]",,,
MC,2024-12-31,small_cap,0.4244,0.5,0.3111,71.52,4,"[{""model"": ""Simulated-AI-Momentum-Quant"", ""call"": ""buy"", ""target_price"": 79.74, ""thesis"": ""Strong upward medium-term momentum (+12.2%) signals continued institutional accumulation.""}, {""model"": ""Simulated-AI-Fundamental-Value"", ""call"": ""hold"", ""target_price"": 70.09, ""thesis"": ""Fair valuation reflects balanced risk-reward relative to sector peers.""}, {""model"": ""Simulated-AI-Quality-Compounder"", ""call"": ""sell"", ""target_price"": 60.48, ""thesis"": ""Heightened earnings volatility and cyclical margin pressures elevate downside risk.""}, {""model"": ""Simulated-AI-Macro-Tactical"", ""call"": ""hold"", ""target_price"": 75.77, ""thesis"": ""Positive operating execution and robust revenue traction support upside.""}]",0.05008129577040479,-0.27724698629712163,-0.09393665353824888
OII,2024-12-31,small_cap,0.5494,0.75,0.2486,27.44,4,"[{""model"": ""Simulated-AI-Momentum-Quant"", ""call"": ""buy"", ""target_price"": 30.11, ""thesis"": ""Strong upward medium-term momentum (+1.7%) signals continued institutional accumulation.""}, {""model"": ""Simulated-AI-Fundamental-Value"", ""call"": ""hold"", ""target_price"": 26.01, ""thesis"": ""Fair valuation reflects balanced risk-reward relative to sector peers.""}, {""model"": ""Simulated-AI-Quality-Compounder"", ""call"": ""hold"", ""target_price"": 27.28, ""thesis"": ""Defensive operational balance sheet balanced by limited immediate re-rating catalysts.""}, {""model"": ""Simulated-AI-Macro-Tactical"", ""call"": ""hold"", ""target_price"": 26.34, ""thesis"": ""Balanced near-term catalysts recommend maintaining current position.""}]",-0.05176381845931707,-0.24731598089755225,-0.20015334849022168
PRDO,2024-12-31,small_cap,0.5831,0.75,0.3328,26.91,4,"[{""model"": ""Simulated-AI-Momentum-Quant"", ""call"": ""buy"", ""target_price"": 29.31, ""thesis"": ""Strong upward medium-term momentum (+25.1%) signals continued institutional accumulation.""}, {""model"": ""Simulated-AI-Fundamental-Value"", ""call"": ""sell"", ""target_price"": 21.71, ""thesis"": ""Elevated multi-month valuation multiples leave little safety margin against forward earnings revisions.""}, {""model"": ""Simulated-AI-Quality-Compounder"", ""call"": ""buy"", ""target_price"": 28.45, ""thesis"": ""Stable financial profile and durable competitive moat support long-term compounding potential.""}, {""model"": ""Simulated-AI-Macro-Tactical"", ""call"": ""buy"", ""target_price"": 28.16, ""thesis"": ""Positive operating execution and robust revenue traction support upside.""}]",0.08273510439941421,-0.015334880432812366,0.1810934847860727
SHOO,2024-12-31,small_cap,0.4153,0.5,0.2882,37.22,4,"[{""model"": ""Simulated-AI-Momentum-Quant"", ""call"": ""sell"", ""target_price"": 35.23, ""thesis"": ""Persistent negative price trajectory (-13.0%) indicates structural distribution headwinds.""}, {""model"": ""Simulated-AI-Fundamental-Value"", ""call"": ""hold"", ""target_price"": 40.34, ""thesis"": ""Fair valuation reflects balanced risk-reward relative to sector peers.""}, {""model"": ""Simulated-AI-Quality-Compounder"", ""call"": ""sell"", ""target_price"": 36.45, ""thesis"": ""Heightened earnings volatility and cyclical margin pressures elevate downside risk.""}, {""model"": ""Simulated-AI-Macro-Tactical"", ""call"": ""hold"", ""target_price"": 36.84, ""thesis"": ""Macro headwinds and declining momentum justify a defensive posture.""}]",-0.0987770575812113,-0.4397185408568417,-0.40271092823343574
SLVM,2024-12-31,small_cap,0.7327,1.0,0.3317,75.33,4,"[{""model"": ""Simulated-AI-Momentum-Quant"", ""call"": ""hold"", ""target_price"": 75.48, ""thesis"": ""Consolidating trading range warrants a neutral rating until breakout confirmation.""}, {""model"": ""Simulated-AI-Fundamental-Value"", ""call"": ""hold"", ""target_price"": 73.96, ""thesis"": ""Fair valuation reflects balanced risk-reward relative to sector peers.""}, {""model"": ""Simulated-AI-Quality-Compounder"", ""call"": ""hold"", ""target_price"": 77.02, ""thesis"": ""Defensive operational balance sheet balanced by limited immediate re-rating catalysts.""}, {""model"": ""Simulated-AI-Macro-Tactical"", ""call"": ""hold"", ""target_price"": 74.85, ""thesis"": ""Balanced near-term catalysts recommend maintaining current position.""}]",-0.009447594592015426,-0.2055726334148205,-0.3391827903768239
AAPL,2025-03-31,large_cap,0.5653,0.75,0.2882,200.25,4,"[{""model"": ""Simulated-AI-Momentum-Quant"", ""call"": ""sell"", ""target_price"": 188.45, ""thesis"": ""Persistent negative price trajectory (-13.0%) indicates structural distribution headwinds.""}, {""model"": ""Simulated-AI-Fundamental-Value"", ""call"": ""hold"", ""target_price"": 218.39, ""thesis"": ""Fair valuation reflects balanced risk-reward relative to sector peers.""}, {""model"": ""Simulated-AI-Quality-Compounder"", ""call"": ""sell"", ""target_price"": 195.49, ""thesis"": ""Heightened earnings volatility and cyclical margin pressures elevate downside risk.""}, {""model"": ""Simulated-AI-Macro-Tactical"", ""call"": ""sell"", ""target_price"": 198.69, ""thesis"": ""Macro headwinds and declining momentum justify a defensive posture.""}]",-0.04335301744753437,-0.06319492249380033,0.14911656479031718
MSFT,2025-03-31,large_cap,0.425,0.5,0.3126,353.99,4,"[{""model"": ""Simulated-AI-Momentum-Quant"", ""call"": ""sell"", ""target_price"": 320.87, ""thesis"": ""Persistent negative price trajectory (-12.6%) indicates structural distribution headwinds.""}, {""model"": ""Simulated-AI-Fundamental-Value"", ""call"": ""buy"", ""target_price"": 433.18, ""thesis"": ""Recent price softening provides an attractive risk-adjusted entry point against fundamental book value.""}, {""model"": ""Simulated-AI-Quality-Compounder"", ""call"": ""sell"", ""target_price"": 327.99, ""thesis"": ""Heightened earnings volatility and cyclical margin pressures elevate downside risk.""}, {""model"": ""Simulated-AI-Macro-Tactical"", ""call"": ""hold"", ""target_price"": 333.93, ""thesis"": ""Macro headwinds and declining momentum justify a defensive posture.""}]",0.05293165724287314,0.3131763263120624,0.3845704761164512
NVDA,2025-03-31,large_cap,0.5745,0.75,0.3113,102.9,4,"[{""model"": ""Simulated-AI-Momentum-Quant"", ""call"": ""sell"", ""target_price"": 93.49, ""thesis"": ""Persistent negative price trajectory (-20.9%) indicates structural distribution headwinds.""}, {""model"": ""Simulated-AI-Fundamental-Value"", ""call"": ""buy"", ""target_price"": 124.81, ""thesis"": ""Recent price softening provides an attractive risk-adjusted entry point against fundamental book value.""}, {""model"": ""Simulated-AI-Quality-Compounder"", ""call"": ""sell"", ""target_price"": 96.0, ""thesis"": ""Heightened earnings volatility and cyclical margin pressures elevate downside risk.""}, {""model"": ""Simulated-AI-Macro-Tactical"", ""call"": ""sell"", ""target_price"": 97.3, ""thesis"": ""Macro headwinds and declining momentum justify a defensive posture.""}]",0.0049824105382074765,0.41456591489195915,0.7217519905647539
AMZN,2025-03-31,large_cap,0.5735,0.75,0.3087,180.87,4,"[{""model"": ""Simulated-AI-Momentum-Quant"", ""call"": ""sell"", ""target_price"": 162.41, ""thesis"": ""Persistent negative price trajectory (-15.0%) indicates structural distribution headwinds.""}, {""model"": ""Simulated-AI-Fundamental-Value"", ""call"": ""buy"", ""target_price"": 220.99, ""thesis"": ""Recent price softening provides an attractive risk-adjusted entry point against fundamental book value.""}, {""model"": ""Simulated-AI-Quality-Compounder"", ""call"": ""sell"", ""target_price"": 168.86, ""thesis"": ""Heightened earnings volatility and cyclical margin pressures elevate downside risk.""}, {""model"": ""Simulated-AI-Macro-Tactical"", ""call"": ""sell"", ""target_price"": 171.23, ""thesis"": ""Macro headwinds and declining momentum justify a defensive posture.""}]",-0.03069482028015524,0.15873022747273413,0.15405242123209295
GOOGL,2025-03-31,large_cap,0.5748,0.75,0.312,146.93,4,"[{""model"": ""Simulated-AI-Momentum-Quant"", ""call"": ""sell"", ""target_price"": 131.62, ""thesis"": ""Persistent negative price trajectory (-19.7%) indicates structural distribution headwinds.""}, {""model"": ""Simulated-AI-Fundamental-Value"", ""call"": ""buy"", ""target_price"": 179.84, ""thesis"": ""Recent price softening provides an attractive risk-adjusted entry point against fundamental book value.""}, {""model"": ""Simulated-AI-Quality-Compounder"", ""call"": ""sell"", ""target_price"": 137.75, ""thesis"": ""Heightened earnings volatility and cyclical margin pressures elevate downside risk.""}, {""model"": ""Simulated-AI-Macro-Tactical"", ""call"": ""sell"", ""target_price"": 138.52, ""thesis"": ""Macro headwinds and declining momentum justify a defensive posture.""}]",0.02690127992045171,0.13846914157939635,0.5753491514535358
META,2025-03-31,large_cap,0.5476,0.75,0.244,564.22,4,"[{""model"": ""Simulated-AI-Momentum-Quant"", ""call"": ""sell"", ""target_price"": 496.43, ""thesis"": ""Persistent negative price trajectory (-3.8%) indicates structural distribution headwinds.""}, {""model"": ""Simulated-AI-Fundamental-Value"", ""call"": ""hold"", ""target_price"": 576.11, ""thesis"": ""Fair valuation reflects balanced risk-reward relative to sector peers.""}, {""model"": ""Simulated-AI-Quality-Compounder"", ""call"": ""hold"", ""target_price"": 604.58, ""thesis"": ""Defensive operational balance sheet balanced by limited immediate re-rating catalysts.""}, {""model"": ""Simulated-AI-Macro-Tactical"", ""call"": ""hold"", ""target_price"": 579.78, ""thesis"": ""Balanced near-term catalysts recommend maintaining current position.""}]",-0.04747029690705909,0.24882602301733855,0.27600997639871655
BRK-B,2025-03-31,large_cap,0.4445,0.5,0.3611,527.86,4,"[{""model"": ""Simulated-AI-Momentum-Quant"", ""call"": ""buy"", ""target_price"": 611.4, ""thesis"": ""Strong upward medium-term momentum (+16.7%) signals continued institutional accumulation.""}, {""model"": ""Simulated-AI-Fundamental-Value"", ""call"": ""sell"", ""target_price"": 443.91, ""thesis"": ""Elevated multi-month valuation multiples leave little safety margin against forward earnings revisions.""}, {""model"": ""Simulated-AI-Quality-Compounder"", ""call"": ""sell"", ""target_price"": 470.27, ""thesis"": ""Heightened earnings volatility and cyclical margin pressures elevate downside risk.""}, {""model"": ""Simulated-AI-Macro-Tactical"", ""call"": ""hold"", ""target_price"": 585.84, ""thesis"": ""Positive operating execution and robust revenue traction support upside.""}]",0.0012579948339353992,-0.08068277133843797,-0.05602918978921223
JPM,2025-03-31,large_cap,0.5994,0.75,0.3736,231.54,4,"[{""model"": ""Simulated-AI-Momentum-Quant"", ""call"": ""hold"", ""target_price"": 243.19, ""thesis"": ""Consolidating trading range warrants a neutral rating until breakout confirmation.""}, {""model"": ""Simulated-AI-Fundamental-Value"", ""call"": ""sell"", ""target_price"": 196.65, ""thesis"": ""Elevated multi-month valuation multiples leave little safety margin against forward earnings revisions.""}, {""model"": ""Simulated-AI-Quality-Compounder"", ""call"": ""hold"", ""target_price"": 245.88, ""thesis"": ""Defensive operational balance sheet balanced by limited immediate re-rating catalysts.""}, {""model"": ""Simulated-AI-Macro-Tactical"", ""call"": ""hold"", ""target_price"": 240.45, ""thesis"": ""Balanced near-term catalysts recommend maintaining current position.""}]",0.003370234314092199,0.19118939840061283,0.30004827438927
V,2025-03-31,large_cap,0.4329,0.5,0.3322,361.82,4,"[{""model"": ""Simulated-AI-Momentum-Quant"", ""call"": ""buy"", ""target_price"": 388.35, ""thesis"": ""Strong upward medium-term momentum (+10.2%) signals continued institutional accumulation.""}, {""model"": ""Simulated-AI-Fundamental-Value"", ""call"": ""sell"", ""target_price"": 293.13, ""thesis"": ""Elevated multi-month valuation multiples leave little safety margin against forward earnings revisions.""}, {""model"": ""Simulated-AI-Quality-Compounder"", ""call"": ""buy"", ""target_price"": 384.67, ""thesis"": ""Stable financial profile and durable competitive moat support long-term compounding potential.""}, {""model"": ""Simulated-AI-Macro-Tactical"", ""call"": ""hold"", ""target_price"": 381.14, ""thesis"": ""Positive operating execution and robust revenue traction support upside.""}]",-0.014152857377263883,0.015980072382234426,-0.0225741113773243
LLY,2025-03-31,large_cap,0.43,0.5,0.3251,874.04,4,"[{""model"": ""Simulated-AI-Momentum-Quant"", ""call"": ""buy"", ""target_price"": 917.29, ""thesis"": ""Strong upward medium-term momentum (+5.6%) signals continued institutional accumulation.""}, {""model"": ""Simulated-AI-Fundamental-Value"", ""call"": ""buy"", ""target_price"": 959.87, ""thesis"": ""Recent price softening provides an attractive risk-adjusted entry point against fundamental book value.""}, {""model"": ""Simulated-AI-Quality-Compounder"", ""call"": ""sell"", ""target_price"": 720.01, ""thesis"": ""Heightened earnings volatility and cyclical margin pressures elevate downside risk.""}, {""model"": ""Simulated-AI-Macro-Tactical"", ""call"": ""hold"", ""target_price"": 898.99, ""thesis"": ""Positive operating execution and robust revenue traction support upside.""}]",0.0884358786388393,-0.05862561150185094,-0.07224347691528235
UNH,2025-03-31,large_cap,0.4021,0.5,0.2553,540.37,4,"[{""model"": ""Simulated-AI-Momentum-Quant"", ""call"": ""buy"", ""target_price"": 572.13, ""thesis"": ""Strong upward medium-term momentum (+3.1%) signals continued institutional accumulation.""}, {""model"": ""Simulated-AI-Fundamental-Value"", ""call"": ""hold"", ""target_price"": 507.91, ""thesis"": ""Fair valuation reflects balanced risk-reward relative to sector peers.""}, {""model"": ""Simulated-AI-Quality-Compounder"", ""call"": ""buy"", ""target_price"": 569.9, ""thesis"": ""Stable financial profile and durable competitive moat support long-term compounding potential.""}, {""model"": ""Simulated-AI-Macro-Tactical"", ""call"": ""hold"", ""target_price"": 511.55, ""thesis"": ""Balanced near-term catalysts recommend maintaining current position.""}]",-0.21443427586796543,-0.37287778774825686,-0.3318469198801478
XOM,2025-03-31,large_cap,0.4329,0.5,0.3322,118.77,4,"[{""model"": ""Simulated-AI-Momentum-Quant"", ""call"": ""buy"", ""target_price"": 128.72, ""thesis"": ""Strong upward medium-term momentum (+12.7%) signals continued institutional accumulation.""}, {""model"": ""Simulated-AI-Fundamental-Value"", ""call"": ""sell"", ""target_price"": 94.69, ""thesis"": ""Elevated multi-month valuation multiples leave little safety margin against forward earnings revisions.""}, {""model"": ""Simulated-AI-Quality-Compounder"", ""call"": ""buy"", ""target_price"": 126.86, ""thesis"": ""Stable financial profile and durable competitive moat support long-term compounding potential.""}, {""model"": ""Simulated-AI-Macro-Tactical"", ""call"": ""hold"", ""target_price"": 124.82, ""thesis"": ""Positive operating execution and robust revenue traction support upside.""}]",-0.11183052140922867,-0.07301679085974783,-0.03432865977371253
JNJ,2025-03-31,large_cap,0.4325,0.5,0.3311,167.09,4,"[{""model"": ""Simulated-AI-Momentum-Quant"", ""call"": ""buy"", ""target_price"": 180.7, ""thesis"": ""Strong upward medium-term momentum (+15.2%) signals continued institutional accumulation.""}, {""model"": ""Simulated-AI-Fundamental-Value"", ""call"": ""sell"", ""target_price"": 134.17, ""thesis"": ""Elevated multi-month valuation multiples leave little safety margin against forward earnings revisions.""}, {""model"": ""Simulated-AI-Quality-Compounder"", ""call"": ""buy"", ""target_price"": 177.89, ""thesis"": ""Stable financial profile and durable competitive moat support long-term compounding potential.""}, {""model"": ""Simulated-AI-Macro-Tactical"", ""call"": ""hold"", ""target_price"": 175.59, ""thesis"": ""Positive operating execution and robust revenue traction support upside.""}]",-0.05746513919517453,-0.05175657278020719,0.13592777012720808
PG,2025-03-31,large_cap,0.4058,0.5,0.2646,166.41,4,"[{""model"": ""Simulated-AI-Momentum-Quant"", ""call"": ""hold"", ""target_price"": 166.27, ""thesis"": ""Consolidating trading range warrants a neutral rating until breakout confirmation.""}, {""model"": ""Simulated-AI-Fundamental-Value"", ""call"": ""buy"", ""target_price"": 191.03, ""thesis"": ""Recent price softening provides an attractive risk-adjusted entry point against fundamental book value.""}, {""model"": ""Simulated-AI-Quality-Compounder"", ""call"": ""sell"", ""target_price"": 143.31, ""thesis"": ""Heightened earnings volatility and cyclical margin pressures elevate downside risk.""}, {""model"": ""Simulated-AI-Macro-Tactical"", ""call"": ""hold"", ""target_price"": 165.04, ""thesis"": ""Balanced near-term catalysts recommend maintaining current position.""}]",-0.040116360341304495,-0.04808739668995112,-0.08657981816852453
HD,2025-03-31,large_cap,0.5571,0.75,0.2678,331.99,4,"[{""model"": ""Simulated-AI-Momentum-Quant"", ""call"": ""sell"", ""target_price"": 300.36, ""thesis"": ""Persistent negative price trajectory (-6.1%) indicates structural distribution headwinds.""}, {""model"": ""Simulated-AI-Fundamental-Value"", ""call"": ""hold"", ""target_price"": 347.13, ""thesis"": ""Fair valuation reflects balanced risk-reward relative to sector peers.""}, {""model"": ""Simulated-AI-Quality-Compounder"", ""call"": ""hold"", ""target_price"": 363.47, ""thesis"": ""Defensive operational balance sheet balanced by limited immediate re-rating catalysts.""}, {""model"": ""Simulated-AI-Macro-Tactical"", ""call"": ""hold"", ""target_price"": 316.98, ""thesis"": ""Macro headwinds and declining momentum justify a defensive posture.""}]",-0.016371621298444546,0.024527278121562204,0.1187783471960061
MA,2025-03-31,large_cap,0.4145,0.5,0.2863,555.98,4,"[{""model"": ""Simulated-AI-Momentum-Quant"", ""call"": ""buy"", ""target_price"": 628.29, ""thesis"": ""Strong upward medium-term momentum (+3.1%) signals continued institutional accumulation.""}, {""model"": ""Simulated-AI-Fundamental-Value"", ""call"": ""sell"", ""target_price"": 448.63, ""thesis"": ""Elevated multi-month valuation multiples leave little safety margin against forward earnings revisions.""}, {""model"": ""Simulated-AI-Quality-Compounder"", ""call"": ""buy"", ""target_price"": 598.42, ""thesis"": ""Stable financial profile and durable competitive moat support long-term compounding potential.""}, {""model"": ""Simulated-AI-Macro-Tactical"", ""call"": ""hold"", ""target_price"": 548.56, ""thesis"": ""Balanced near-term catalysts recommend maintaining current position.""}]",0.00147641019480456,0.03171843335999292,0.04079928878787937
COST,2025-03-31,large_cap,0.4104,0.5,0.2759,907.74,4,"[{""model"": ""Simulated-AI-Momentum-Quant"", ""call"": ""buy"", ""target_price"": 1086.31, ""thesis"": ""Strong upward medium-term momentum (+0.8%) signals continued institutional accumulation.""}, {""model"": ""Simulated-AI-Fundamental-Value"", ""call"": ""sell"", ""target_price"": 776.0, ""thesis"": ""Elevated multi-month valuation multiples leave little safety margin against forward earnings revisions.""}, {""model"": ""Simulated-AI-Quality-Compounder"", ""call"": ""sell"", ""target_price"": 821.49, ""thesis"": ""Heightened earnings volatility and cyclical margin pressures elevate downside risk.""}, {""model"": ""Simulated-AI-Macro-Tactical"", ""call"": ""hold"", ""target_price"": 947.15, ""thesis"": ""Balanced near-term catalysts recommend maintaining current position.""}]",0.05151303249411869,0.04384168328403999,-0.01867239955736747
ABBV,2025-03-31,large_cap,0.4444,0.5,0.3611,197.81,4,"[{""model"": ""Simulated-AI-Momentum-Quant"", ""call"": ""buy"", ""target_price"": 228.06, ""thesis"": ""Strong upward medium-term momentum (+18.8%) signals continued institutional accumulation.""}, {""model"": ""Simulated-AI-Fundamental-Value"", ""call"": ""sell"", ""target_price"": 168.69, ""thesis"": ""Elevated multi-month valuation multiples leave little safety margin against forward earnings revisions.""}, {""model"": ""Simulated-AI-Quality-Compounder"", ""call"": ""sell"", ""target_price"": 174.88, ""thesis"": ""Heightened earnings volatility and cyclical margin pressures elevate downside risk.""}, {""model"": ""Simulated-AI-Macro-Tactical"", ""call"": ""buy"", ""target_price"": 219.59, ""thesis"": ""Positive operating execution and robust revenue traction support upside.""}]",-0.06021833537771788,-0.08483296481416483,0.12494313227432977
MRK,2025-03-31,large_cap,0.574,0.75,0.31,81.58,4,"[{""model"": ""Simulated-AI-Momentum-Quant"", ""call"": ""sell"", ""target_price"": 72.52, ""thesis"": ""Persistent negative price trajectory (-9.2%) indicates structural distribution headwinds.""}, {""model"": ""Simulated-AI-Fundamental-Value"", ""call"": ""buy"", ""target_price"": 100.66, ""thesis"": ""Recent price softening provides an attractive risk-adjusted entry point against fundamental book value.""}, {""model"": ""Simulated-AI-Quality-Compounder"", ""call"": ""sell"", ""target_price"": 75.72, ""thesis"": ""Heightened earnings volatility and cyclical margin pressures elevate downside risk.""}, {""model"": ""Simulated-AI-Macro-Tactical"", ""call"": ""sell"", ""target_price"": 77.4, ""thesis"": ""Macro headwinds and declining momentum justify a defensive posture.""}]",-0.05080225764547713,-0.07944415177092518,-0.046260120377239505
BAC,2025-03-31,large_cap,0.4085,0.5,0.2714,38.37,4,"[{""model"": ""Simulated-AI-Momentum-Quant"", ""call"": ""sell"", ""target_price"": 34.77, ""thesis"": ""Persistent negative price trajectory (-5.3%) indicates structural distribution headwinds.""}, {""model"": ""Simulated-AI-Fundamental-Value"", ""call"": ""hold"", ""target_price"": 40.1, ""thesis"": ""Fair valuation reflects balanced risk-reward relative to sector peers.""}, {""model"": ""Simulated-AI-Quality-Compounder"", ""call"": ""hold"", ""target_price"": 42.26, ""thesis"": ""Defensive operational balance sheet balanced by limited immediate re-rating catalysts.""}, {""model"": ""Simulated-AI-Macro-Tactical"", ""call"": ""sell"", ""target_price"": 36.35, ""thesis"": ""Macro headwinds and declining momentum justify a defensive posture.""}]",-0.044332650317216254,0.1606457495892556,0.250483176140155
CVX,2025-03-31,large_cap,0.4455,0.5,0.3638,155.67,4,"[{""model"": ""Simulated-AI-Momentum-Quant"", ""call"": ""buy"", ""target_price"": 179.28, ""thesis"": ""Strong upward medium-term momentum (+17.5%) signals continued institutional accumulation.""}, {""model"": ""Simulated-AI-Fundamental-Value"", ""call"": ""sell"", ""target_price"": 132.57, ""thesis"": ""Elevated multi-month valuation multiples leave little safety margin against forward earnings revisions.""}, {""model"": ""Simulated-AI-Quality-Compounder"", ""call"": ""sell"", ""target_price"": 137.84, ""thesis"": ""Heightened earnings volatility and cyclical margin pressures elevate downside risk.""}, {""model"": ""Simulated-AI-Macro-Tactical"", ""call"": ""buy"", ""target_price"": 172.99, ""thesis"": ""Positive operating execution and robust revenue traction support upside.""}]",-0.18668171388911609,-0.11923545982567228,-0.04996574399093518
CRM,2025-03-31,large_cap,0.5758,0.75,0.3144,251.26,4,"[{""model"": ""Simulated-AI-Momentum-Quant"", ""call"": ""sell"", ""target_price"": 223.68, ""thesis"": ""Persistent negative price trajectory (-20.7%) indicates structural distribution headwinds.""}, {""model"": ""Simulated-AI-Fundamental-Value"", ""call"": ""buy"", ""target_price"": 305.72, ""thesis"": ""Recent price softening provides an attractive risk-adjusted entry point against fundamental book value.""}, {""model"": ""Simulated-AI-Quality-Compounder"", ""call"": ""sell"", ""target_price"": 236.89, ""thesis"": ""Heightened earnings volatility and cyclical margin pressures elevate downside risk.""}, {""model"": ""Simulated-AI-Macro-Tactical"", ""call"": ""sell"", ""target_price"": 238.74, ""thesis"": ""Macro headwinds and declining momentum justify a defensive posture.""}]",0.002877586770808779,0.016430073652093972,-0.11252488250304607
NFLX,2025-03-31,large_cap,0.5539,0.75,0.2599,96.13,4,"[{""model"": ""Simulated-AI-Momentum-Quant"", ""call"": ""hold"", ""target_price"": 93.3, ""thesis"": ""Consolidating trading range warrants a neutral rating until breakout confirmation.""}, {""model"": ""Simulated-AI-Fundamental-Value"", ""call"": ""hold"", ""target_price"": 94.18, ""thesis"": ""Fair valuation reflects balanced risk-reward relative to sector peers.""}, {""model"": ""Simulated-AI-Quality-Compounder"", ""call"": ""buy"", ""target_price"": 102.85, ""thesis"": ""Stable financial profile and durable competitive moat support long-term compounding potential.""}, {""model"": ""Simulated-AI-Macro-Tactical"", ""call"": ""hold"", ""target_price"": 94.18, ""thesis"": ""Balanced near-term catalysts recommend maintaining current position.""}]",0.2136016972136711,0.3871940087329828,0.28566373639158177
AMD,2025-03-31,large_cap,0.4254,0.5,0.3134,98.21,4,"[{""model"": ""Simulated-AI-Momentum-Quant"", ""call"": ""sell"", ""target_price"": 90.0, ""thesis"": ""Persistent negative price trajectory (-17.9%) indicates structural distribution headwinds.""}, {""model"": ""Simulated-AI-Fundamental-Value"", ""call"": ""buy"", ""target_price"": 119.85, ""thesis"": ""Recent price softening provides an attractive risk-adjusted entry point against fundamental book value.""}, {""model"": ""Simulated-AI-Quality-Compounder"", ""call"": ""sell"", ""target_price"": 90.51, ""thesis"": ""Heightened earnings volatility and cyclical margin pressures elevate downside risk.""}, {""model"": ""Simulated-AI-Macro-Tactical"", ""call"": ""hold"", ""target_price"": 92.47, ""thesis"": ""Macro headwinds and declining momentum justify a defensive posture.""}]",-0.052462521916687384,0.3248005006855244,0.5747517680568964
PEP,2025-03-31,large_cap,0.4033,0.5,0.2582,144.15,4,"[{""model"": ""Simulated-AI-Momentum-Quant"", ""call"": ""sell"", ""target_price"": 120.95, ""thesis"": ""Persistent negative price trajectory (-1.1%) indicates structural distribution headwinds.""}, {""model"": ""Simulated-AI-Fundamental-Value"", ""call"": ""buy"", ""target_price"": 165.37, ""thesis"": ""Recent price softening provides an attractive risk-adjusted entry point against fundamental book value.""}, {""model"": ""Simulated-AI-Quality-Compounder"", ""call"": ""hold"", ""target_price"": 147.71, ""thesis"": ""Defensive operational balance sheet balanced by limited immediate re-rating catalysts.""}, {""model"": ""Simulated-AI-Macro-Tactical"", ""call"": ""hold"", ""target_price"": 142.57, ""thesis"": ""Balanced near-term catalysts recommend maintaining current position.""}]",-0.09577171354397276,-0.08800758765497012,-0.0438182966778282
KO,2025-03-31,large_cap,0.4451,0.5,0.3628,68.66,4,"[{""model"": ""Simulated-AI-Momentum-Quant"", ""call"": ""buy"", ""target_price"": 79.84, ""thesis"": ""Strong upward medium-term momentum (+15.5%) signals continued institutional accumulation.""}, {""model"": ""Simulated-AI-Fundamental-Value"", ""call"": ""sell"", ""target_price"": 57.89, ""thesis"": ""Elevated multi-month valuation multiples leave little safety margin against forward earnings revisions.""}, {""model"": ""Simulated-AI-Quality-Compounder"", ""call"": ""sell"", ""target_price"": 60.83, ""thesis"": ""Heightened earnings volatility and cyclical margin pressures elevate downside risk.""}, {""model"": ""Simulated-AI-Macro-Tactical"", ""call"": ""buy"", ""target_price"": 76.08, ""thesis"": ""Positive operating execution and robust revenue traction support upside.""}]",0.012985538686493114,0.007813321380333218,-0.060265604164692364
TMO,2025-03-31,large_cap,0.7143,1.0,0.2857,492.0,4,"[{""model"": ""Simulated-AI-Momentum-Quant"", ""call"": ""hold"", ""target_price"": 509.89, ""thesis"": ""Consolidating trading range warrants a neutral rating until breakout confirmation.""}, {""model"": ""Simulated-AI-Fundamental-Value"", ""call"": ""hold"", ""target_price"": 487.75, ""thesis"": ""Fair valuation reflects balanced risk-reward relative to sector peers.""}, {""model"": ""Simulated-AI-Quality-Compounder"", ""call"": ""hold"", ""target_price"": 524.6, ""thesis"": ""Defensive operational balance sheet balanced by limited immediate re-rating catalysts.""}, {""model"": ""Simulated-AI-Macro-Tactical"", ""call"": ""hold"", ""target_price"": 445.75, ""thesis"": ""Macro headwinds and declining momentum justify a defensive posture.""}]",-0.13786169207820248,-0.15211645794654596,-0.023395265935228667
WMT,2025-03-31,large_cap,0.586,0.75,0.3401,92.13,4,"[{""model"": ""Simulated-AI-Momentum-Quant"", ""call"": ""hold"", ""target_price"": 88.42, ""thesis"": ""Consolidating trading range warrants a neutral rating until breakout confirmation.""}, {""model"": ""Simulated-AI-Fundamental-Value"", ""call"": ""buy"", ""target_price"": 101.28, ""thesis"": ""Recent price softening provides an attractive risk-adjusted entry point against fundamental book value.""}, {""model"": ""Simulated-AI-Quality-Compounder"", ""call"": ""hold"", ""target_price"": 91.32, ""thesis"": ""Defensive operational balance sheet balanced by limited immediate re-rating catalysts.""}, {""model"": ""Simulated-AI-Macro-Tactical"", ""call"": ""hold"", ""target_price"": 87.51, ""thesis"": ""Balanced near-term catalysts recommend maintaining current position.""}]",0.1077571898149901,0.12173969704200784,0.17952466783895643
MCD,2025-03-31,large_cap,0.4338,0.5,0.3346,316.97,4,"[{""model"": ""Simulated-AI-Momentum-Quant"", ""call"": ""buy"", ""target_price"": 348.08, ""thesis"": ""Strong upward medium-term momentum (+7.0%) signals continued institutional accumulation.""}, {""model"": ""Simulated-AI-Fundamental-Value"", ""call"": ""sell"", ""target_price"": 253.38, ""thesis"": ""Elevated multi-month valuation multiples leave little safety margin against forward earnings revisions.""}, {""model"": ""Simulated-AI-Quality-Compounder"", ""call"": ""buy"", ""target_price"": 335.2, ""thesis"": ""Stable financial profile and durable competitive moat support long-term compounding potential.""}, {""model"": ""Simulated-AI-Macro-Tactical"", ""call"": ""hold"", ""target_price"": 331.22, ""thesis"": ""Positive operating execution and robust revenue traction support upside.""}]",0.023305685331694432,-0.04223456149865351,-0.016075259428686792
CSCO,2025-03-31,large_cap,0.4024,0.5,0.256,63.65,4,"[{""model"": ""Simulated-AI-Momentum-Quant"", ""call"": ""buy"", ""target_price"": 68.73, ""thesis"": ""Strong upward medium-term momentum (+4.2%) signals continued institutional accumulation.""}, {""model"": ""Simulated-AI-Fundamental-Value"", ""call"": ""hold"", ""target_price"": 59.6, ""thesis"": ""Fair valuation reflects balanced risk-reward relative to sector peers.""}, {""model"": ""Simulated-AI-Quality-Compounder"", ""call"": ""buy"", ""target_price"": 65.96, ""thesis"": ""Stable financial profile and durable competitive moat support long-term compounding potential.""}, {""model"": ""Simulated-AI-Macro-Tactical"", ""call"": ""hold"", ""target_price"": 60.3, ""thesis"": ""Balanced near-term catalysts recommend maintaining current position.""}]",-0.05824940900724399,0.1272296936997728,0.12284872726087677
KNSL,2025-03-31,small_cap,0.4153,0.5,0.2882,520.71,4,"[{""model"": ""Simulated-AI-Momentum-Quant"", ""call"": ""hold"", ""target_price"": 488.73, ""thesis"": ""Consolidating trading range warrants a neutral rating until breakout confirmation.""}, {""model"": ""Simulated-AI-Fundamental-Value"", ""call"": ""buy"", ""target_price"": 568.53, ""thesis"": ""Recent price softening provides an attractive risk-adjusted entry point against fundamental book value.""}, {""model"": ""Simulated-AI-Quality-Compounder"", ""call"": ""buy"", ""target_price"": 535.64, ""thesis"": ""Stable financial profile and durable competitive moat support long-term compounding potential.""}, {""model"": ""Simulated-AI-Macro-Tactical"", ""call"": ""hold"", ""target_price"": 489.94, ""thesis"": ""Balanced near-term catalysts recommend maintaining current position.""}]",-0.10570979300227076,-0.014682504607411311,-0.12561267798574247
SAIA,2025-03-31,small_cap,0.5747,0.75,0.3116,332.72,4,"[{""model"": ""Simulated-AI-Momentum-Quant"", ""call"": ""sell"", ""target_price"": 300.23, ""thesis"": ""Persistent negative price trajectory (-26.5%) indicates structural distribution headwinds.""}, {""model"": ""Simulated-AI-Fundamental-Value"", ""call"": ""buy"", ""target_price"": 404.81, ""thesis"": ""Recent price softening provides an attractive risk-adjusted entry point against fundamental book value.""}, {""model"": ""Simulated-AI-Quality-Compounder"", ""call"": ""sell"", ""target_price"": 311.34, ""thesis"": ""Heightened earnings volatility and cyclical margin pressures elevate downside risk.""}, {""model"": ""Simulated-AI-Macro-Tactical"", ""call"": ""sell"", ""target_price"": 314.49, ""thesis"": ""Macro headwinds and declining momentum justify a defensive posture.""}]",-0.30171992927236935,-0.18161003000666717,-0.14329052563806743
MEDP,2025-03-31,small_cap,0.5756,0.75,0.3139,290.8,4,"[{""model"": ""Simulated-AI-Momentum-Quant"", ""call"": ""sell"", ""target_price"": 266.18, ""thesis"": ""Persistent negative price trajectory (-10.7%) indicates structural distribution headwinds.""}, {""model"": ""Simulated-AI-Fundamental-Value"", ""call"": ""buy"", ""target_price"": 354.96, ""thesis"": ""Recent price softening provides an attractive risk-adjusted entry point against fundamental book value.""}, {""model"": ""Simulated-AI-Quality-Compounder"", ""call"": ""sell"", ""target_price"": 267.82, ""thesis"": ""Heightened earnings volatility and cyclical margin pressures elevate downside risk.""}, {""model"": ""Simulated-AI-Macro-Tactical"", ""call"": ""sell"", ""target_price"": 274.22, ""thesis"": ""Macro headwinds and declining momentum justify a defensive posture.""}]",0.012143530071167283,0.053743148343533234,0.6874855394817471
SSD,2025-03-31,small_cap,0.4091,0.5,0.2727,147.57,4,"[{""model"": ""Simulated-AI-Momentum-Quant"", ""call"": ""sell"", ""target_price"": 132.97, ""thesis"": ""Persistent negative price trajectory (-5.7%) indicates structural distribution headwinds.""}, {""model"": ""Simulated-AI-Fundamental-Value"", ""call"": ""hold"", ""target_price"": 154.92, ""thesis"": ""Fair valuation reflects balanced risk-reward relative to sector peers.""}, {""model"": ""Simulated-AI-Quality-Compounder"", ""call"": ""hold"", ""target_price"": 162.45, ""thesis"": ""Defensive operational balance sheet balanced by limited immediate re-rating catalysts.""}, {""model"": ""Simulated-AI-Macro-Tactical"", ""call"": ""sell"", ""target_price"": 139.93, ""thesis"": ""Macro headwinds and declining momentum justify a defensive posture.""}]",-0.019853397452360942,0.02140851384515826,0.0698488290648761
EXPO,2025-03-31,small_cap,0.5662,0.75,0.2905,71.74,4,"[{""model"": ""Simulated-AI-Momentum-Quant"", ""call"": ""sell"", ""target_price"": 67.81, ""thesis"": ""Persistent negative price trajectory (-9.0%) indicates structural distribution headwinds.""}, {""model"": ""Simulated-AI-Fundamental-Value"", ""call"": ""hold"", ""target_price"": 78.17, ""thesis"": ""Fair valuation reflects balanced risk-reward relative to sector peers.""}, {""model"": ""Simulated-AI-Quality-Compounder"", ""call"": ""sell"", ""target_price"": 69.87, ""thesis"": ""Heightened earnings volatility and cyclical margin pressures elevate downside risk.""}, {""model"": ""Simulated-AI-Macro-Tactical"", ""call"": ""sell"", ""target_price"": 71.09, ""thesis"": ""Macro headwinds and declining momentum justify a defensive posture.""}]",-0.029360932652526428,-0.051827830923357646,-0.13595970021855483
FORM,2025-03-31,small_cap,0.4249,0.5,0.3123,26.81,4,"[{""model"": ""Simulated-AI-Momentum-Quant"", ""call"": ""sell"", ""target_price"": 24.04, ""thesis"": ""Persistent negative price trajectory (-38.4%) indicates structural distribution headwinds.""}, {""model"": ""Simulated-AI-Fundamental-Value"", ""call"": ""buy"", ""target_price"": 32.56, ""thesis"": ""Recent price softening provides an attractive risk-adjusted entry point against fundamental book value.""}, {""model"": ""Simulated-AI-Quality-Compounder"", ""call"": ""sell"", ""target_price"": 25.18, ""thesis"": ""Heightened earnings volatility and cyclical margin pressures elevate downside risk.""}, {""model"": ""Simulated-AI-Macro-Tactical"", ""call"": ""hold"", ""target_price"": 25.46, ""thesis"": ""Macro headwinds and declining momentum justify a defensive posture.""}]",-0.005302280700760683,0.23471188316589928,0.28738059350700523
CRVL,2025-03-31,small_cap,0.7327,1.0,0.3317,113.88,4,"[{""model"": ""Simulated-AI-Momentum-Quant"", ""call"": ""hold"", ""target_price"": 115.11, ""thesis"": ""Consolidating trading range warrants a neutral rating until breakout confirmation.""}, {""model"": ""Simulated-AI-Fundamental-Value"", ""call"": ""hold"", ""target_price"": 111.75, ""thesis"": ""Fair valuation reflects balanced risk-reward relative to sector peers.""}, {""model"": ""Simulated-AI-Quality-Compounder"", ""call"": ""hold"", ""target_price"": 115.55, ""thesis"": ""Defensive operational balance sheet balanced by limited immediate re-rating catalysts.""}, {""model"": ""Simulated-AI-Macro-Tactical"", ""call"": ""hold"", ""target_price"": 113.09, ""thesis"": ""Balanced near-term catalysts recommend maintaining current position.""}]",-0.02866838483055332,-0.06814329552228067,-0.30856481803243524
TKR,2025-03-31,small_cap,0.5497,0.75,0.2492,73.6,4,"[{""model"": ""Simulated-AI-Momentum-Quant"", ""call"": ""buy"", ""target_price"": 80.02, ""thesis"": ""Strong upward medium-term momentum (+1.0%) signals continued institutional accumulation.""}, {""model"": ""Simulated-AI-Fundamental-Value"", ""call"": ""hold"", ""target_price"": 70.24, ""thesis"": ""Fair valuation reflects balanced risk-reward relative to sector peers.""}, {""model"": ""Simulated-AI-Quality-Compounder"", ""call"": ""hold"", ""target_price"": 73.22, ""thesis"": ""Defensive operational balance sheet balanced by limited immediate re-rating catalysts.""}, {""model"": ""Simulated-AI-Macro-Tactical"", ""call"": ""hold"", ""target_price"": 70.94, ""thesis"": ""Balanced near-term catalysts recommend maintaining current position.""}]",-0.10602476405372595,0.054743250287210846,0.05592717699411002
POWI,2025-03-31,small_cap,0.5743,0.75,0.3106,46.85,4,"[{""model"": ""Simulated-AI-Momentum-Quant"", ""call"": ""sell"", ""target_price"": 42.27, ""thesis"": ""Persistent negative price trajectory (-19.6%) indicates structural distribution headwinds.""}, {""model"": ""Simulated-AI-Fundamental-Value"", ""call"": ""buy"", ""target_price"": 57.24, ""thesis"": ""Recent price softening provides an attractive risk-adjusted entry point against fundamental book value.""}, {""model"": ""Simulated-AI-Quality-Compounder"", ""call"": ""sell"", ""target_price"": 43.59, ""thesis"": ""Heightened earnings volatility and cyclical margin pressures elevate downside risk.""}, {""model"": ""Simulated-AI-Macro-Tactical"", ""call"": ""sell"", ""target_price"": 44.28, ""thesis"": ""Macro headwinds and declining momentum justify a defensive posture.""}]",-0.02732677114745008,0.14494619217428398,-0.19680680741371218
CALM,2025-03-31,small_cap,0.5574,0.75,0.2686,78.84,4,"[{""model"": ""Simulated-AI-Momentum-Quant"", ""call"": ""sell"", ""target_price"": 70.11, ""thesis"": ""Persistent negative price trajectory (-8.9%) indicates structural distribution headwinds.""}, {""model"": ""Simulated-AI-Fundamental-Value"", ""call"": ""hold"", ""target_price"": 82.5, ""thesis"": ""Fair valuation reflects balanced risk-reward relative to sector peers.""}, {""model"": ""Simulated-AI-Quality-Compounder"", ""call"": ""hold"", ""target_price"": 87.8, ""thesis"": ""Defensive operational balance sheet balanced by limited immediate re-rating catalysts.""}, {""model"": ""Simulated-AI-Macro-Tactical"", ""call"": ""hold"", ""target_price"": 74.97, ""thesis"": ""Macro headwinds and declining momentum justify a defensive posture.""}]",0.06518704304434567,0.1622709714859122,0.09746219654517574
PLUS,2025-03-31,small_cap,0.5739,0.75,0.3098,57.33,4,"[{""model"": ""Simulated-AI-Momentum-Quant"", ""call"": ""sell"", ""target_price"": 51.71, ""thesis"": ""Persistent negative price trajectory (-17.0%) indicates structural distribution headwinds.""}, {""model"": ""Simulated-AI-Fundamental-Value"", ""call"": ""buy"", ""target_price"": 70.13, ""thesis"": ""Recent price softening provides an attractive risk-adjusted entry point against fundamental book value.""}, {""model"": ""Simulated-AI-Quality-Compounder"", ""call"": ""sell"", ""target_price"": 53.43, ""thesis"": ""Heightened earnings volatility and cyclical margin pressures elevate downside risk.""}, {""model"": ""Simulated-AI-Macro-Tactical"", ""call"": ""sell"", ""target_price"": 54.06, ""thesis"": ""Macro headwinds and declining momentum justify a defensive posture.""}]",0.021792529571003746,0.17073564440244873,0.1675605755510807
FSS,2025-03-31,small_cap,0.5747,0.75,0.3118,69.65,4,"[{""model"": ""Simulated-AI-Momentum-Quant"", ""call"": ""sell"", ""target_price"": 63.29, ""thesis"": ""Persistent negative price trajectory (-20.5%) indicates structural distribution headwinds.""}, {""model"": ""Simulated-AI-Fundamental-Value"", ""call"": ""buy"", ""target_price"": 84.51, ""thesis"": ""Recent price softening provides an attractive risk-adjusted entry point against fundamental book value.""}, {""model"": ""Simulated-AI-Quality-Compounder"", ""call"": ""sell"", ""target_price"": 65.13, ""thesis"": ""Heightened earnings volatility and cyclical margin pressures elevate downside risk.""}, {""model"": ""Simulated-AI-Macro-Tactical"", ""call"": ""sell"", ""target_price"": 65.68, ""thesis"": ""Macro headwinds and declining momentum justify a defensive posture.""}]",0.10713805943662817,0.44483990155121755,0.621996902854745
AMWD,2025-03-31,small_cap,0.3809,0.5,0.2022,94.02,4,"[{""model"": ""Simulated-AI-Momentum-Quant"", ""call"": ""sell"", ""target_price"": 85.76, ""thesis"": ""Persistent negative price trajectory (+0.0%) indicates structural distribution headwinds.""}, {""model"": ""Simulated-AI-Fundamental-Value"", ""call"": ""hold"", ""target_price"": 100.92, ""thesis"": ""Fair valuation reflects balanced risk-reward relative to sector peers.""}, {""model"": ""Simulated-AI-Quality-Compounder"", ""call"": ""sell"", ""target_price"": 88.4, ""thesis"": ""Heightened earnings volatility and cyclical margin pressures elevate downside risk.""}, {""model"": ""Simulated-AI-Macro-Tactical"", ""call"": ""hold"", ""target_price"": 101.0, ""thesis"": ""Balanced near-term catalysts recommend maintaining current position.""}]",,,
ATKR,2025-03-31,small_cap,0.5755,0.75,0.3138,55.15,4,"[{""model"": ""Simulated-AI-Momentum-Quant"", ""call"": ""sell"", ""target_price"": 48.97, ""thesis"": ""Persistent negative price trajectory (-27.7%) indicates structural distribution headwinds.""}, {""model"": ""Simulated-AI-Fundamental-Value"", ""call"": ""buy"", ""target_price"": 67.19, ""thesis"": ""Recent price softening provides an attractive risk-adjusted entry point against fundamental book value.""}, {""model"": ""Simulated-AI-Quality-Compounder"", ""call"": ""sell"", ""target_price"": 51.95, ""thesis"": ""Heightened earnings volatility and cyclical margin pressures elevate downside risk.""}, {""model"": ""Simulated-AI-Macro-Tactical"", ""call"": ""sell"", ""target_price"": 52.47, ""thesis"": ""Macro headwinds and declining momentum justify a defensive posture.""}]",0.06467738057266237,0.23423778328467093,0.056850831350033944
BRC,2025-03-31,small_cap,0.5477,0.75,0.2442,67.81,4,"[{""model"": ""Simulated-AI-Momentum-Quant"", ""call"": ""sell"", ""target_price"": 58.43, ""thesis"": ""Persistent negative price trajectory (-4.1%) indicates structural distribution headwinds.""}, {""model"": ""Simulated-AI-Fundamental-Value"", ""call"": ""hold"", ""target_price"": 69.46, ""thesis"": ""Fair valuation reflects balanced risk-reward relative to sector peers.""}, {""model"": ""Simulated-AI-Quality-Compounder"", ""call"": ""hold"", ""target_price"": 73.39, ""thesis"": ""Defensive operational balance sheet balanced by limited immediate re-rating catalysts.""}, {""model"": ""Simulated-AI-Macro-Tactical"", ""call"": ""hold"", ""target_price"": 69.98, ""thesis"": ""Balanced near-term catalysts recommend maintaining current position.""}]",-0.0012326303174868126,-0.019278360186580263,0.11260945030523428
CNO,2025-03-31,small_cap,0.425,0.5,0.3125,44.46,4,"[{""model"": ""Simulated-AI-Momentum-Quant"", ""call"": ""buy"", ""target_price"": 46.97, ""thesis"": ""Strong upward medium-term momentum (+12.1%) signals continued institutional accumulation.""}, {""model"": ""Simulated-AI-Fundamental-Value"", ""call"": ""hold"", ""target_price"": 41.33, ""thesis"": ""Fair valuation reflects balanced risk-reward relative to sector peers.""}, {""model"": ""Simulated-AI-Quality-Compounder"", ""call"": ""buy"", ""target_price"": 44.8, ""thesis"": ""Stable financial profile and durable competitive moat support long-term compounding potential.""}, {""model"": ""Simulated-AI-Macro-Tactical"", ""call"": ""hold"", ""target_price"": 44.73, ""thesis"": ""Positive operating execution and robust revenue traction support upside.""}]",-0.08907572077130486,-0.0661892426271446,-0.042034452448010184
CSGS,2025-03-31,small_cap,0.3949,0.5,0.2373,97.75,4,"[{""model"": ""Simulated-AI-Momentum-Quant"", ""call"": ""sell"", ""target_price"": 85.28, ""thesis"": ""Persistent negative price trajectory (+0.0%) indicates structural distribution headwinds.""}, {""model"": ""Simulated-AI-Fundamental-Value"", ""call"": ""buy"", ""target_price"": 117.1, ""thesis"": ""Recent price softening provides an attractive risk-adjusted entry point against fundamental book value.""}, {""model"": ""Simulated-AI-Quality-Compounder"", ""call"": ""sell"", ""target_price"": 87.6, ""thesis"": ""Heightened earnings volatility and cyclical margin pressures elevate downside risk.""}, {""model"": ""Simulated-AI-Macro-Tactical"", ""call"": ""hold"", ""target_price"": 101.0, ""thesis"": ""Balanced near-term catalysts recommend maintaining current position.""}]",,,
ENSG,2025-03-31,small_cap,0.4017,0.5,0.2543,131.13,4,"[{""model"": ""Simulated-AI-Momentum-Quant"", ""call"": ""sell"", ""target_price"": 109.53, ""thesis"": ""Persistent negative price trajectory (-3.3%) indicates structural distribution headwinds.""}, {""model"": ""Simulated-AI-Fundamental-Value"", ""call"": ""buy"", ""target_price"": 150.67, ""thesis"": ""Recent price softening provides an attractive risk-adjusted entry point against fundamental book value.""}, {""model"": ""Simulated-AI-Quality-Compounder"", ""call"": ""hold"", ""target_price"": 133.86, ""thesis"": ""Defensive operational balance sheet balanced by limited immediate re-rating catalysts.""}, {""model"": ""Simulated-AI-Macro-Tactical"", ""call"": ""hold"", ""target_price"": 130.45, ""thesis"": ""Balanced near-term catalysts recommend maintaining current position.""}]",-0.003168321791291498,0.16578032890152636,0.3362017329484437
FIX,2025-03-31,small_cap,0.5755,0.75,0.3138,303.84,4,"[{""model"": ""Simulated-AI-Momentum-Quant"", ""call"": ""sell"", ""target_price"": 272.83, ""thesis"": ""Persistent negative price trajectory (-25.3%) indicates structural distribution headwinds.""}, {""model"": ""Simulated-AI-Fundamental-Value"", ""call"": ""buy"", ""target_price"": 370.26, ""thesis"": ""Recent price softening provides an attractive risk-adjusted entry point against fundamental book value.""}, {""model"": ""Simulated-AI-Quality-Compounder"", ""call"": ""sell"", ""target_price"": 283.24, ""thesis"": ""Heightened earnings volatility and cyclical margin pressures elevate downside risk.""}, {""model"": ""Simulated-AI-Macro-Tactical"", ""call"": ""sell"", ""target_price"": 289.02, ""thesis"": ""Macro headwinds and declining momentum justify a defensive posture.""}]",0.23336332221429146,0.6199767951253228,1.5643621667221494
GBCI,2025-03-31,small_cap,0.5655,0.75,0.2887,38.45,4,"[{""model"": ""Simulated-AI-Momentum-Quant"", ""call"": ""sell"", ""target_price"": 35.93, ""thesis"": ""Persistent negative price trajectory (-12.1%) indicates structural distribution headwinds.""}, {""model"": ""Simulated-AI-Fundamental-Value"", ""call"": ""hold"", ""target_price"": 41.86, ""thesis"": ""Fair valuation reflects balanced risk-reward relative to sector peers.""}, {""model"": ""Simulated-AI-Quality-Compounder"", ""call"": ""sell"", ""target_price"": 37.93, ""thesis"": ""Heightened earnings volatility and cyclical margin pressures elevate downside risk.""}, {""model"": ""Simulated-AI-Macro-Tactical"", ""call"": ""sell"", ""target_price"": 38.1, ""thesis"": ""Macro headwinds and declining momentum justify a defensive posture.""}]",-0.07037718064276069,0.03636072621956956,0.118098324411636
GPI,2025-03-31,small_cap,0.4036,0.5,0.2591,375.09,4,"[{""model"": ""Simulated-AI-Momentum-Quant"", ""call"": ""sell"", ""target_price"": 326.15, ""thesis"": ""Persistent negative price trajectory (-9.6%) indicates structural distribution headwinds.""}, {""model"": ""Simulated-AI-Fundamental-Value"", ""call"": ""buy"", ""target_price"": 437.4, ""thesis"": ""Recent price softening provides an attractive risk-adjusted entry point against fundamental book value.""}, {""model"": ""Simulated-AI-Quality-Compounder"", ""call"": ""hold"", ""target_price"": 396.1, ""thesis"": ""Defensive operational balance sheet balanced by limited immediate re-rating catalysts.""}, {""model"": ""Simulated-AI-Macro-Tactical"", ""call"": ""sell"", ""target_price"": 340.69, ""thesis"": ""Macro headwinds and declining momentum justify a defensive posture.""}]",0.056761306332126296,0.1871051742638801,0.14805194176988024
HLNE,2025-03-31,small_cap,0.7327,1.0,0.3317,147.07,4,"[{""model"": ""Simulated-AI-Momentum-Quant"", ""call"": ""hold"", ""target_price"": 147.35, ""thesis"": ""Consolidating trading range warrants a neutral rating until breakout confirmation.""}, {""model"": ""Simulated-AI-Fundamental-Value"", ""call"": ""hold"", ""target_price"": 144.0, ""thesis"": ""Fair valuation reflects balanced risk-reward relative to sector peers.""}, {""model"": ""Simulated-AI-Quality-Compounder"", ""call"": ""hold"", ""target_price"": 150.38, ""thesis"": ""Defensive operational balance sheet balanced by limited immediate re-rating catalysts.""}, {""model"": ""Simulated-AI-Macro-Tactical"", ""call"": ""hold"", ""target_price"": 146.55, ""thesis"": ""Balanced near-term catalysts recommend maintaining current position.""}]",0.039147074007349486,-0.02224364996343975,-0.08650577071459227
HWKN,2025-03-31,small_cap,0.5668,0.75,0.292,95.32,4,"[{""model"": ""Simulated-AI-Momentum-Quant"", ""call"": ""sell"", ""target_price"": 90.7, ""thesis"": ""Persistent negative price trajectory (-15.4%) indicates structural distribution headwinds.""}, {""model"": ""Simulated-AI-Fundamental-Value"", ""call"": ""hold"", ""target_price"": 103.6, ""thesis"": ""Fair valuation reflects balanced risk-reward relative to sector peers.""}, {""model"": ""Simulated-AI-Quality-Compounder"", ""call"": ""sell"", ""target_price"": 92.41, ""thesis"": ""Heightened earnings volatility and cyclical margin pressures elevate downside risk.""}, {""model"": ""Simulated-AI-Macro-Tactical"", ""call"": ""sell"", ""target_price"": 94.56, ""thesis"": ""Macro headwinds and declining momentum justify a defensive posture.""}]",0.14973559537746267,0.3629704864044493,0.7293259648033151
IBP,2025-03-31,small_cap,0.4058,0.5,0.2646,172.25,4,"[{""model"": ""Simulated-AI-Momentum-Quant"", ""call"": ""hold"", ""target_price"": 171.46, ""thesis"": ""Consolidating trading range warrants a neutral rating until breakout confirmation.""}, {""model"": ""Simulated-AI-Fundamental-Value"", ""call"": ""buy"", ""target_price"": 198.41, ""thesis"": ""Recent price softening provides an attractive risk-adjusted entry point against fundamental book value.""}, {""model"": ""Simulated-AI-Quality-Compounder"", ""call"": ""sell"", ""target_price"": 148.49, ""thesis"": ""Heightened earnings volatility and cyclical margin pressures elevate downside risk.""}, {""model"": ""Simulated-AI-Macro-Tactical"", ""call"": ""hold"", ""target_price"": 170.62, ""thesis"": ""Balanced near-term catalysts recommend maintaining current position.""}]",-0.03283579366257919,0.13783326631063342,0.4437048161319845
KAR,2025-03-31,small_cap,0.7327,1.0,0.3317,101.26,4,"[{""model"": ""Simulated-AI-Momentum-Quant"", ""call"": ""hold"", ""target_price"": 100.85, ""thesis"": ""Consolidating trading range warrants a neutral rating until breakout confirmation.""}, {""model"": ""Simulated-AI-Fundamental-Value"", ""call"": ""hold"", ""target_price"": 99.52, ""thesis"": ""Fair valuation reflects balanced risk-reward relative to sector peers.""}, {""model"": ""Simulated-AI-Quality-Compounder"", ""call"": ""hold"", ""target_price"": 103.68, ""thesis"": ""Defensive operational balance sheet balanced by limited immediate re-rating catalysts.""}, {""model"": ""Simulated-AI-Macro-Tactical"", ""call"": ""hold"", ""target_price"": 101.0, ""thesis"": ""Balanced near-term catalysts recommend maintaining current position.""}]",,,
MC,2025-03-31,small_cap,0.5745,0.75,0.3113,52.33,4,"[{""model"": ""Simulated-AI-Momentum-Quant"", ""call"": ""sell"", ""target_price"": 47.99, ""thesis"": ""Persistent negative price trajectory (-20.9%) indicates structural distribution headwinds.""}, {""model"": ""Simulated-AI-Fundamental-Value"", ""call"": ""buy"", ""target_price"": 63.55, ""thesis"": ""Recent price softening provides an attractive risk-adjusted entry point against fundamental book value.""}, {""model"": ""Simulated-AI-Quality-Compounder"", ""call"": ""sell"", ""target_price"": 48.4, ""thesis"": ""Heightened earnings volatility and cyclical margin pressures elevate downside risk.""}, {""model"": ""Simulated-AI-Macro-Tactical"", ""call"": ""sell"", ""target_price"": 49.39, ""thesis"": ""Macro headwinds and declining momentum justify a defensive posture.""}]",-0.08190534959230009,0.10980286644431334,0.24857044079564064
OII,2025-03-31,small_cap,0.4246,0.5,0.3116,20.7,4,"[{""model"": ""Simulated-AI-Momentum-Quant"", ""call"": ""sell"", ""target_price"": 18.51, ""thesis"": ""Persistent negative price trajectory (-13.5%) indicates structural distribution headwinds.""}, {""model"": ""Simulated-AI-Fundamental-Value"", ""call"": ""buy"", ""target_price"": 25.16, ""thesis"": ""Recent price softening provides an attractive risk-adjusted entry point against fundamental book value.""}, {""model"": ""Simulated-AI-Quality-Compounder"", ""call"": ""sell"", ""target_price"": 19.52, ""thesis"": ""Heightened earnings volatility and cyclical margin pressures elevate downside risk.""}, {""model"": ""Simulated-AI-Macro-Tactical"", ""call"": ""hold"", ""target_price"": 19.63, ""thesis"": ""Macro headwinds and declining momentum justify a defensive posture.""}]",-0.186153120832594,-0.023842208305738286,0.13617612532916196
PRDO,2025-03-31,small_cap,0.4015,0.5,0.2538,24.93,4,"[{""model"": ""Simulated-AI-Momentum-Quant"", ""call"": ""sell"", ""target_price"": 20.58, ""thesis"": ""Persistent negative price trajectory (-3.8%) indicates structural distribution headwinds.""}, {""model"": ""Simulated-AI-Fundamental-Value"", ""call"": ""buy"", ""target_price"": 28.51, ""thesis"": ""Recent price softening provides an attractive risk-adjusted entry point against fundamental book value.""}, {""model"": ""Simulated-AI-Quality-Compounder"", ""call"": ""hold"", ""target_price"": 25.9, ""thesis"": ""Defensive operational balance sheet balanced by limited immediate re-rating catalysts.""}, {""model"": ""Simulated-AI-Macro-Tactical"", ""call"": ""hold"", ""target_price"": 24.72, ""thesis"": ""Balanced near-term catalysts recommend maintaining current position.""}]",-0.002382732749263446,0.2982116141878757,0.5084668784876422
SHOO,2025-03-31,small_cap,0.4236,0.5,0.309,24.6,4,"[{""model"": ""Simulated-AI-Momentum-Quant"", ""call"": ""sell"", ""target_price"": 22.42, ""thesis"": ""Persistent negative price trajectory (-36.6%) indicates structural distribution headwinds.""}, {""model"": ""Simulated-AI-Fundamental-Value"", ""call"": ""buy"", ""target_price"": 29.78, ""thesis"": ""Recent price softening provides an attractive risk-adjusted entry point against fundamental book value.""}, {""model"": ""Simulated-AI-Quality-Compounder"", ""call"": ""sell"", ""target_price"": 22.95, ""thesis"": ""Heightened earnings volatility and cyclical margin pressures elevate downside risk.""}, {""model"": ""Simulated-AI-Macro-Tactical"", ""call"": ""hold"", ""target_price"": 23.25, ""thesis"": ""Macro headwinds and declining momentum justify a defensive posture.""}]",-0.21171167745484812,-0.0460277447508908,0.2758483127073523
SLVM,2025-03-31,small_cap,0.574,0.75,0.31,60.32,4,"[{""model"": ""Simulated-AI-Momentum-Quant"", ""call"": ""sell"", ""target_price"": 55.31, ""thesis"": ""Persistent negative price trajectory (-15.1%) indicates structural distribution headwinds.""}, {""model"": ""Simulated-AI-Fundamental-Value"", ""call"": ""buy"", ""target_price"": 72.97, ""thesis"": ""Recent price softening provides an attractive risk-adjusted entry point against fundamental book value.""}, {""model"": ""Simulated-AI-Quality-Compounder"", ""call"": ""sell"", ""target_price"": 56.08, ""thesis"": ""Heightened earnings volatility and cyclical margin pressures elevate downside risk.""}, {""model"": ""Simulated-AI-Macro-Tactical"", ""call"": ""sell"", ""target_price"": 56.93, ""thesis"": ""Macro headwinds and declining momentum justify a defensive posture.""}]",-0.10414288735284914,-0.20376603428490386,-0.32969026557477343
AAPL,2025-06-30,large_cap,0.4083,0.5,0.2708,194.3,4,"[{""model"": ""Simulated-AI-Momentum-Quant"", ""call"": ""sell"", ""target_price"": 177.23, ""thesis"": ""Persistent negative price trajectory (-7.5%) indicates structural distribution headwinds.""}, {""model"": ""Simulated-AI-Fundamental-Value"", ""call"": ""hold"", ""target_price"": 201.97, ""thesis"": ""Fair valuation reflects balanced risk-reward relative to sector peers.""}, {""model"": ""Simulated-AI-Quality-Compounder"", ""call"": ""hold"", ""target_price"": 214.23, ""thesis"": ""Defensive operational balance sheet balanced by limited immediate re-rating catalysts.""}, {""model"": ""Simulated-AI-Macro-Tactical"", ""call"": ""sell"", ""target_price"": 183.76, ""thesis"": ""Macro headwinds and declining momentum justify a defensive posture.""}]",0.018911099240524944,0.24150093099738518,0.33711745632801715
MSFT,2025-06-30,large_cap,0.4457,0.5,0.3641,485.78,4,"[{""model"": ""Simulated-AI-Momentum-Quant"", ""call"": ""buy"", ""target_price"": 558.34, ""thesis"": ""Strong upward medium-term momentum (+32.7%) signals continued institutional accumulation.""}, {""model"": ""Simulated-AI-Fundamental-Value"", ""call"": ""sell"", ""target_price"": 409.3, ""thesis"": ""Elevated multi-month valuation multiples leave little safety margin against forward earnings revisions.""}, {""model"": ""Simulated-AI-Quality-Compounder"", ""call"": ""sell"", ""target_price"": 433.68, ""thesis"": ""Heightened earnings volatility and cyclical margin pressures elevate downside risk.""}, {""model"": ""Simulated-AI-Macro-Tactical"", ""call"": ""buy"", ""target_price"": 541.79, ""thesis"": ""Positive operating execution and robust revenue traction support upside.""}]",0.03182491202223303,0.03625959744080224,-0.017281666837984537
NVDA,2025-06-30,large_cap,0.4333,0.5,0.3332,164.11,4,"[{""model"": ""Simulated-AI-Momentum-Quant"", ""call"": ""buy"", ""target_price"": 177.39, ""thesis"": ""Strong upward medium-term momentum (+45.8%) signals continued institutional accumulation.""}, {""model"": ""Simulated-AI-Fundamental-Value"", ""call"": ""sell"", ""target_price"": 132.23, ""thesis"": ""Elevated multi-month valuation multiples leave little safety margin against forward earnings revisions.""}, {""model"": ""Simulated-AI-Quality-Compounder"", ""call"": ""buy"", ""target_price"": 173.45, ""thesis"": ""Stable financial profile and durable competitive moat support long-term compounding potential.""}, {""model"": ""Simulated-AI-Macro-Tactical"", ""call"": ""hold"", ""target_price"": 173.36, ""thesis"": ""Positive operating execution and robust revenue traction support upside.""}]",0.13469212930219795,0.15108721782396087,0.19147476696735302
AMZN,2025-06-30,large_cap,0.4056,0.5,0.2641,235.27,4,"[{""model"": ""Simulated-AI-Momentum-Quant"", ""call"": ""buy"", ""target_price"": 251.68, ""thesis"": ""Strong upward medium-term momentum (+15.3%) signals continued institutional accumulation.""}, {""model"": ""Simulated-AI-Fundamental-Value"", ""call"": ""hold"", ""target_price"": 222.55, ""thesis"": ""Fair valuation reflects balanced risk-reward relative to sector peers.""}, {""model"": ""Simulated-AI-Quality-Compounder"", ""call"": ""hold"", ""target_price"": 225.53, ""thesis"": ""Defensive operational balance sheet balanced by limited immediate re-rating catalysts.""}, {""model"": ""Simulated-AI-Macro-Tactical"", ""call"": ""buy"", ""target_price"": 241.33, ""thesis"": ""Positive operating execution and robust revenue traction support upside.""}]",0.049227417301626525,0.012671492716308585,0.05779665422237381
GOOGL,2025-06-30,large_cap,0.4333,0.5,0.3333,184.8,4,"[{""model"": ""Simulated-AI-Momentum-Quant"", ""call"": ""buy"", ""target_price"": 200.35, ""thesis"": ""Strong upward medium-term momentum (+14.1%) signals continued institutional accumulation.""}, {""model"": ""Simulated-AI-Fundamental-Value"", ""call"": ""sell"", ""target_price"": 149.01, ""thesis"": ""Elevated multi-month valuation multiples leave little safety margin against forward earnings revisions.""}, {""model"": ""Simulated-AI-Quality-Compounder"", ""call"": ""buy"", ""target_price"": 196.66, ""thesis"": ""Stable financial profile and durable competitive moat support long-term compounding potential.""}, {""model"": ""Simulated-AI-Macro-Tactical"", ""call"": ""hold"", ""target_price"": 193.18, ""thesis"": ""Positive operating execution and robust revenue traction support upside.""}]",0.1151905391506954,0.38607658232483927,0.7820222627947468
META,2025-06-30,large_cap,0.4442,0.5,0.3604,725.0,4,"[{""model"": ""Simulated-AI-Momentum-Quant"", ""call"": ""buy"", ""target_price"": 828.67, ""thesis"": ""Strong upward medium-term momentum (+28.2%) signals continued institutional accumulation.""}, {""model"": ""Simulated-AI-Fundamental-Value"", ""call"": ""sell"", ""target_price"": 617.97, ""thesis"": ""Elevated multi-month valuation multiples leave little safety margin against forward earnings revisions.""}, {""model"": ""Simulated-AI-Quality-Compounder"", ""call"": ""sell"", ""target_price"": 644.09, ""thesis"": ""Heightened earnings volatility and cyclical margin pressures elevate downside risk.""}, {""model"": ""Simulated-AI-Macro-Tactical"", ""call"": ""buy"", ""target_price"": 809.25, ""thesis"": ""Positive operating execution and robust revenue traction support upside.""}]",-0.05809590718340659,0.007874068662336699,-0.10624429930835895
BRK-B,2025-06-30,large_cap,0.4066,0.5,0.2666,461.34,4,"[{""model"": ""Simulated-AI-Momentum-Quant"", ""call"": ""sell"", ""target_price"": 420.48, ""thesis"": ""Persistent negative price trajectory (-8.8%) indicates structural distribution headwinds.""}, {""model"": ""Simulated-AI-Fundamental-Value"", ""call"": ""hold"", ""target_price"": 481.5, ""thesis"": ""Fair valuation reflects balanced risk-reward relative to sector peers.""}, {""model"": ""Simulated-AI-Quality-Compounder"", ""call"": ""hold"", ""target_price"": 506.17, ""thesis"": ""Defensive operational balance sheet balanced by limited immediate re-rating catalysts.""}, {""model"": ""Simulated-AI-Macro-Tactical"", ""call"": ""sell"", ""target_price"": 437.19, ""thesis"": ""Macro headwinds and declining momentum justify a defensive posture.""}]",-0.020112376710445364,0.027749781359895278,0.031455213629648246
JPM,2025-06-30,large_cap,0.4446,0.5,0.3615,280.29,4,"[{""model"": ""Simulated-AI-Momentum-Quant"", ""call"": ""buy"", ""target_price"": 324.09, ""thesis"": ""Strong upward medium-term momentum (+18.9%) signals continued institutional accumulation.""}, {""model"": ""Simulated-AI-Fundamental-Value"", ""call"": ""sell"", ""target_price"": 237.8, ""thesis"": ""Elevated multi-month valuation multiples leave little safety margin against forward earnings revisions.""}, {""model"": ""Simulated-AI-Quality-Compounder"", ""call"": ""sell"", ""target_price"": 247.85, ""thesis"": ""Heightened earnings volatility and cyclical margin pressures elevate downside risk.""}, {""model"": ""Simulated-AI-Macro-Tactical"", ""call"": ""buy"", ""target_price"": 311.41, ""thesis"": ""Positive operating execution and robust revenue traction support upside.""}]",0.038506904140587134,0.09417024406818249,0.12756134905837732
V,2025-06-30,large_cap,0.4099,0.5,0.2747,355.16,4,"[{""model"": ""Simulated-AI-Momentum-Quant"", ""call"": ""buy"", ""target_price"": 405.05, ""thesis"": ""Strong upward medium-term momentum (+1.5%) signals continued institutional accumulation.""}, {""model"": ""Simulated-AI-Fundamental-Value"", ""call"": ""sell"", ""target_price"": 295.35, ""thesis"": ""Elevated multi-month valuation multiples leave little safety margin against forward earnings revisions.""}, {""model"": ""Simulated-AI-Quality-Compounder"", ""call"": ""hold"", ""target_price"": 365.11, ""thesis"": ""Defensive operational balance sheet balanced by limited immediate re-rating catalysts.""}, {""model"": ""Simulated-AI-Macro-Tactical"", ""call"": ""hold"", ""target_price"": 355.13, ""thesis"": ""Balanced near-term catalysts recommend maintaining current position.""}]",-0.011660174712110552,-0.0402519698270142,0.0024998921599830304
LLY,2025-06-30,large_cap,0.4052,0.5,0.263,764.59,4,"[{""model"": ""Simulated-AI-Momentum-Quant"", ""call"": ""sell"", ""target_price"": 672.78, ""thesis"": ""Persistent negative price trajectory (-5.4%) indicates structural distribution headwinds.""}, {""model"": ""Simulated-AI-Fundamental-Value"", ""call"": ""buy"", ""target_price"": 893.14, ""thesis"": ""Recent price softening provides an attractive risk-adjusted entry point against fundamental book value.""}, {""model"": ""Simulated-AI-Quality-Compounder"", ""call"": ""hold"", ""target_price"": 796.76, ""thesis"": ""Defensive operational balance sheet balanced by limited immediate re-rating catalysts.""}, {""model"": ""Simulated-AI-Macro-Tactical"", ""call"": ""hold"", ""target_price"": 695.66, ""thesis"": ""Macro headwinds and declining momentum justify a defensive posture.""}]",-0.024950963205821877,-0.06596830691189802,0.3888971538128674
UNH,2025-06-30,large_cap,0.424,0.5,0.3099,290.93,4,"[{""model"": ""Simulated-AI-Momentum-Quant"", ""call"": ""sell"", ""target_price"": 265.91, ""thesis"": ""Persistent negative price trajectory (-40.0%) indicates structural distribution headwinds.""}, {""model"": ""Simulated-AI-Fundamental-Value"", ""call"": ""buy"", ""target_price"": 351.68, ""thesis"": ""Recent price softening provides an attractive risk-adjusted entry point against fundamental book value.""}, {""model"": ""Simulated-AI-Quality-Compounder"", ""call"": ""sell"", ""target_price"": 272.69, ""thesis"": ""Heightened earnings volatility and cyclical margin pressures elevate downside risk.""}, {""model"": ""Simulated-AI-Macro-Tactical"", ""call"": ""hold"", ""target_price"": 273.45, ""thesis"": ""Macro headwinds and declining momentum justify a defensive posture.""}]",-0.14722559567890414,0.11343298453504337,0.06818224962592882
XOM,2025-06-30,large_cap,0.4039,0.5,0.2598,102.9,4,"[{""model"": ""Simulated-AI-Momentum-Quant"", ""call"": ""sell"", ""target_price"": 90.6, ""thesis"": ""Persistent negative price trajectory (-8.5%) indicates structural distribution headwinds.""}, {""model"": ""Simulated-AI-Fundamental-Value"", ""call"": ""buy"", ""target_price"": 120.41, ""thesis"": ""Recent price softening provides an attractive risk-adjusted entry point against fundamental book value.""}, {""model"": ""Simulated-AI-Quality-Compounder"", ""call"": ""hold"", ""target_price"": 107.16, ""thesis"": ""Defensive operational balance sheet balanced by limited immediate re-rating catalysts.""}, {""model"": ""Simulated-AI-Macro-Tactical"", ""call"": ""sell"", ""target_price"": 93.42, ""thesis"": ""Macro headwinds and declining momentum justify a defensive posture.""}]",0.03803333851525746,0.06941426249275541,0.13836369536607354
JNJ,2025-06-30,large_cap,0.4096,0.5,0.2739,153.43,4,"[{""model"": ""Simulated-AI-Momentum-Quant"", ""call"": ""hold"", ""target_price"": 154.75, ""thesis"": ""Consolidating trading range warrants a neutral rating until breakout confirmation.""}, {""model"": ""Simulated-AI-Fundamental-Value"", ""call"": ""buy"", ""target_price"": 170.62, ""thesis"": ""Recent price softening provides an attractive risk-adjusted entry point against fundamental book value.""}, {""model"": ""Simulated-AI-Quality-Compounder"", ""call"": ""hold"", ""target_price"": 154.88, ""thesis"": ""Defensive operational balance sheet balanced by limited immediate re-rating catalysts.""}, {""model"": ""Simulated-AI-Macro-Tactical"", ""call"": ""sell"", ""target_price"": 133.47, ""thesis"": ""Macro headwinds and declining momentum justify a defensive posture.""}]",0.09499187285329268,0.1977290497674423,0.3774862859222508
PG,2025-06-30,large_cap,0.4049,0.5,0.2623,151.71,4,"[{""model"": ""Simulated-AI-Momentum-Quant"", ""call"": ""sell"", ""target_price"": 129.62, ""thesis"": ""Persistent negative price trajectory (-5.9%) indicates structural distribution headwinds.""}, {""model"": ""Simulated-AI-Fundamental-Value"", ""call"": ""buy"", ""target_price"": 179.93, ""thesis"": ""Recent price softening provides an attractive risk-adjusted entry point against fundamental book value.""}, {""model"": ""Simulated-AI-Quality-Compounder"", ""call"": ""hold"", ""target_price"": 158.95, ""thesis"": ""Defensive operational balance sheet balanced by limited immediate re-rating catalysts.""}, {""model"": ""Simulated-AI-Macro-Tactical"", ""call"": ""sell"", ""target_price"": 138.35, ""thesis"": ""Macro headwinds and declining momentum justify a defensive posture.""}]",-0.0338595277581481,-0.0297519374812451,-0.0799864364152867
HD,2025-06-30,large_cap,0.4066,0.5,0.2666,359.24,4,"[{""model"": ""Simulated-AI-Momentum-Quant"", ""call"": ""sell"", ""target_price"": 299.22, ""thesis"": ""Persistent negative price trajectory (+0.7%) indicates structural distribution headwinds.""}, {""model"": ""Simulated-AI-Fundamental-Value"", ""call"": ""buy"", ""target_price"": 413.2, ""thesis"": ""Recent price softening provides an attractive risk-adjusted entry point against fundamental book value.""}, {""model"": ""Simulated-AI-Quality-Compounder"", ""call"": ""hold"", ""target_price"": 366.44, ""thesis"": ""Defensive operational balance sheet balanced by limited immediate re-rating catalysts.""}, {""model"": ""Simulated-AI-Macro-Tactical"", ""call"": ""hold"", ""target_price"": 358.08, ""thesis"": ""Balanced near-term catalysts recommend maintaining current position.""}]",0.014837357189253473,0.1158298599209558,-0.04079984863950292
MA,2025-06-30,large_cap,0.387,0.5,0.2174,562.72,4,"[{""model"": ""Simulated-AI-Momentum-Quant"", ""call"": ""buy"", ""target_price"": 637.57, ""thesis"": ""Strong upward medium-term momentum (+2.7%) signals continued institutional accumulation.""}, {""model"": ""Simulated-AI-Fundamental-Value"", ""call"": ""hold"", ""target_price"": 558.38, ""thesis"": ""Fair valuation reflects balanced risk-reward relative to sector peers.""}, {""model"": ""Simulated-AI-Quality-Compounder"", ""call"": ""sell"", ""target_price"": 491.62, ""thesis"": ""Heightened earnings volatility and cyclical margin pressures elevate downside risk.""}, {""model"": ""Simulated-AI-Macro-Tactical"", ""call"": ""hold"", ""target_price"": 563.29, ""thesis"": ""Balanced near-term catalysts recommend maintaining current position.""}]",-0.0036899815747160804,0.012401170392945773,0.031152694342093917
COST,2025-06-30,large_cap,0.402,0.5,0.2549,1045.99,4,"[{""model"": ""Simulated-AI-Momentum-Quant"", ""call"": ""buy"", ""target_price"": 1115.72, ""thesis"": ""Strong upward medium-term momentum (+4.8%) signals continued institutional accumulation.""}, {""model"": ""Simulated-AI-Fundamental-Value"", ""call"": ""hold"", ""target_price"": 990.31, ""thesis"": ""Fair valuation reflects balanced risk-reward relative to sector peers.""}, {""model"": ""Simulated-AI-Quality-Compounder"", ""call"": ""buy"", ""target_price"": 1085.25, ""thesis"": ""Stable financial profile and durable competitive moat support long-term compounding potential.""}, {""model"": ""Simulated-AI-Macro-Tactical"", ""call"": ""hold"", ""target_price"": 992.67, ""thesis"": ""Balanced near-term catalysts recommend maintaining current position.""}]",-0.06306437054211429,-0.07252944133576894,-0.12088424455769607
ABBV,2025-06-30,large_cap,0.5752,0.75,0.313,170.98,4,"[{""model"": ""Simulated-AI-Momentum-Quant"", ""call"": ""sell"", ""target_price"": 154.07, ""thesis"": ""Persistent negative price trajectory (-10.6%) indicates structural distribution headwinds.""}, {""model"": ""Simulated-AI-Fundamental-Value"", ""call"": ""buy"", ""target_price"": 209.55, ""thesis"": ""Recent price softening provides an attractive risk-adjusted entry point against fundamental book value.""}, {""model"": ""Simulated-AI-Quality-Compounder"", ""call"": ""sell"", ""target_price"": 159.66, ""thesis"": ""Heightened earnings volatility and cyclical margin pressures elevate downside risk.""}, {""model"": ""Simulated-AI-Macro-Tactical"", ""call"": ""sell"", ""target_price"": 160.64, ""thesis"": ""Macro headwinds and declining momentum justify a defensive posture.""}]",0.028688139900011334,0.21262508627745239,0.26340008305887813
MRK,2025-06-30,large_cap,0.5676,0.75,0.2939,69.33,4,"[{""model"": ""Simulated-AI-Momentum-Quant"", ""call"": ""sell"", ""target_price"": 65.69, ""thesis"": ""Persistent negative price trajectory (-10.9%) indicates structural distribution headwinds.""}, {""model"": ""Simulated-AI-Fundamental-Value"", ""call"": ""hold"", ""target_price"": 75.47, ""thesis"": ""Fair valuation reflects balanced risk-reward relative to sector peers.""}, {""model"": ""Simulated-AI-Quality-Compounder"", ""call"": ""sell"", ""target_price"": 67.22, ""thesis"": ""Heightened earnings volatility and cyclical margin pressures elevate downside risk.""}, {""model"": ""Simulated-AI-Macro-Tactical"", ""call"": ""sell"", ""target_price"": 68.94, ""thesis"": ""Macro headwinds and declining momentum justify a defensive posture.""}]",0.03271861572152917,0.002478784119885223,0.37182269766254056
BAC,2025-06-30,large_cap,0.5833,0.75,0.3333,48.4,4,"[{""model"": ""Simulated-AI-Momentum-Quant"", ""call"": ""buy"", ""target_price"": 53.19, ""thesis"": ""Strong upward medium-term momentum (+14.1%) signals continued institutional accumulation.""}, {""model"": ""Simulated-AI-Fundamental-Value"", ""call"": ""sell"", ""target_price"": 38.8, ""thesis"": ""Elevated multi-month valuation multiples leave little safety margin against forward earnings revisions.""}, {""model"": ""Simulated-AI-Quality-Compounder"", ""call"": ""buy"", ""target_price"": 50.91, ""thesis"": ""Stable financial profile and durable competitive moat support long-term compounding potential.""}, {""model"": ""Simulated-AI-Macro-Tactical"", ""call"": ""buy"", ""target_price"": 50.69, ""thesis"": ""Positive operating execution and robust revenue traction support upside.""}]",0.013524943180369335,0.11393855167647302,0.18231418416018053
CVX,2025-06-30,large_cap,0.5663,0.75,0.2908,124.75,4,"[{""model"": ""Simulated-AI-Momentum-Quant"", ""call"": ""sell"", ""target_price"": 119.78, ""thesis"": ""Persistent negative price trajectory (-13.4%) indicates structural distribution headwinds.""}, {""model"": ""Simulated-AI-Fundamental-Value"", ""call"": ""hold"", ""target_price"": 134.66, ""thesis"": ""Fair valuation reflects balanced risk-reward relative to sector peers.""}, {""model"": ""Simulated-AI-Quality-Compounder"", ""call"": ""sell"", ""target_price"": 121.93, ""thesis"": ""Heightened earnings volatility and cyclical margin pressures elevate downside risk.""}, {""model"": ""Simulated-AI-Macro-Tactical"", ""call"": ""sell"", ""target_price"": 122.62, ""thesis"": ""Macro headwinds and declining momentum justify a defensive posture.""}]",0.07242122611825386,0.10229564686436009,0.07811943698151058
CRM,2025-06-30,large_cap,0.5495,0.75,0.2489,283.65,4,"[{""model"": ""Simulated-AI-Momentum-Quant"", ""call"": ""buy"", ""target_price"": 309.99, ""thesis"": ""Strong upward medium-term momentum (+1.9%) signals continued institutional accumulation.""}, {""model"": ""Simulated-AI-Fundamental-Value"", ""call"": ""hold"", ""target_price"": 269.43, ""thesis"": ""Fair valuation reflects balanced risk-reward relative to sector peers.""}, {""model"": ""Simulated-AI-Quality-Compounder"", ""call"": ""hold"", ""target_price"": 282.08, ""thesis"": ""Defensive operational balance sheet balanced by limited immediate re-rating catalysts.""}, {""model"": ""Simulated-AI-Macro-Tactical"", ""call"": ""hold"", ""target_price"": 273.1, ""thesis"": ""Balanced near-term catalysts recommend maintaining current position.""}]",-0.028897314286127032,-0.0996119637330214,-0.020411122968966126
NFLX,2025-06-30,large_cap,0.4117,0.5,0.2792,136.74,4,"[{""model"": ""Simulated-AI-Momentum-Quant"", ""call"": ""buy"", ""target_price"": 150.84, ""thesis"": ""Strong upward medium-term momentum (+43.6%) signals continued institutional accumulation.""}, {""model"": ""Simulated-AI-Fundamental-Value"", ""call"": ""sell"", ""target_price"": 110.74, ""thesis"": ""Elevated multi-month valuation multiples leave little safety margin against forward earnings revisions.""}, {""model"": ""Simulated-AI-Quality-Compounder"", ""call"": ""hold"", ""target_price"": 138.09, ""thesis"": ""Defensive operational balance sheet balanced by limited immediate re-rating catalysts.""}, {""model"": ""Simulated-AI-Macro-Tactical"", ""call"": ""buy"", ""target_price"": 147.3, ""thesis"": ""Positive operating execution and robust revenue traction support upside.""}]",-0.11569449467543855,-0.09910909397111835,-0.2969315490372627
AMD,2025-06-30,large_cap,0.5824,0.75,0.3311,149.39,4,"[{""model"": ""Simulated-AI-Momentum-Quant"", ""call"": ""buy"", ""target_price"": 161.99, ""thesis"": ""Strong upward medium-term momentum (+38.1%) signals continued institutional accumulation.""}, {""model"": ""Simulated-AI-Fundamental-Value"", ""call"": ""sell"", ""target_price"": 119.55, ""thesis"": ""Elevated multi-month valuation multiples leave little safety margin against forward earnings revisions.""}, {""model"": ""Simulated-AI-Quality-Compounder"", ""call"": ""buy"", ""target_price"": 159.92, ""thesis"": ""Stable financial profile and durable competitive moat support long-term compounding potential.""}, {""model"": ""Simulated-AI-Macro-Tactical"", ""call"": ""buy"", ""target_price"": 156.09, ""thesis"": ""Positive operating execution and robust revenue traction support upside.""}]",0.2650458226079132,0.13713888337488728,0.5194503867818236
PEP,2025-06-30,large_cap,0.5739,0.75,0.3098,119.52,4,"[{""model"": ""Simulated-AI-Momentum-Quant"", ""call"": ""sell"", ""target_price"": 108.78, ""thesis"": ""Persistent negative price trajectory (-11.0%) indicates structural distribution headwinds.""}, {""model"": ""Simulated-AI-Fundamental-Value"", ""call"": ""buy"", ""target_price"": 145.09, ""thesis"": ""Recent price softening provides an attractive risk-adjusted entry point against fundamental book value.""}, {""model"": ""Simulated-AI-Quality-Compounder"", ""call"": ""sell"", ""target_price"": 111.09, ""thesis"": ""Heightened earnings volatility and cyclical margin pressures elevate downside risk.""}, {""model"": ""Simulated-AI-Macro-Tactical"", ""call"": ""sell"", ""target_price"": 113.1, ""thesis"": ""Macro headwinds and declining momentum justify a defensive posture.""}]",0.08194485778059311,0.07195691606590762,0.11387156924419649
KO,2025-06-30,large_cap,0.5478,0.75,0.2444,72.38,4,"[{""model"": ""Simulated-AI-Momentum-Quant"", ""call"": ""buy"", ""target_price"": 79.42, ""thesis"": ""Strong upward medium-term momentum (-0.5%) signals continued institutional accumulation.""}, {""model"": ""Simulated-AI-Fundamental-Value"", ""call"": ""hold"", ""target_price"": 68.69, ""thesis"": ""Fair valuation reflects balanced risk-reward relative to sector peers.""}, {""model"": ""Simulated-AI-Quality-Compounder"", ""call"": ""hold"", ""target_price"": 71.91, ""thesis"": ""Defensive operational balance sheet balanced by limited immediate re-rating catalysts.""}, {""model"": ""Simulated-AI-Macro-Tactical"", ""call"": ""hold"", ""target_price"": 69.49, ""thesis"": ""Balanced near-term catalysts recommend maintaining current position.""}]",-0.028268515187712326,-0.059413738025546385,0.006284689155448667
TMO,2025-06-30,large_cap,0.5745,0.75,0.3113,383.05,4,"[{""model"": ""Simulated-AI-Momentum-Quant"", ""call"": ""sell"", ""target_price"": 343.88, ""thesis"": ""Persistent negative price trajectory (-18.4%) indicates structural distribution headwinds.""}, {""model"": ""Simulated-AI-Fundamental-Value"", ""call"": ""buy"", ""target_price"": 467.21, ""thesis"": ""Recent price softening provides an attractive risk-adjusted entry point against fundamental book value.""}, {""model"": ""Simulated-AI-Quality-Compounder"", ""call"": ""sell"", ""target_price"": 357.53, ""thesis"": ""Heightened earnings volatility and cyclical margin pressures elevate downside risk.""}, {""model"": ""Simulated-AI-Macro-Tactical"", ""call"": ""sell"", ""target_price"": 363.59, ""thesis"": ""Macro headwinds and declining momentum justify a defensive posture.""}]",0.17713212255794047,0.1405681117625343,0.4453597573564233
WMT,2025-06-30,large_cap,0.5832,0.75,0.3329,101.41,4,"[{""model"": ""Simulated-AI-Momentum-Quant"", ""call"": ""buy"", ""target_price"": 108.97, ""thesis"": ""Strong upward medium-term momentum (+11.6%) signals continued institutional accumulation.""}, {""model"": ""Simulated-AI-Fundamental-Value"", ""call"": ""sell"", ""target_price"": 81.99, ""thesis"": ""Elevated multi-month valuation multiples leave little safety margin against forward earnings revisions.""}, {""model"": ""Simulated-AI-Quality-Compounder"", ""call"": ""buy"", ""target_price"": 108.27, ""thesis"": ""Stable financial profile and durable competitive moat support long-term compounding potential.""}, {""model"": ""Simulated-AI-Macro-Tactical"", ""call"": ""buy"", ""target_price"": 106.41, ""thesis"": ""Positive operating execution and robust revenue traction support upside.""}]",-0.0019431213873558838,0.05666567215572069,0.15588828952713726
MCD,2025-06-30,large_cap,0.5588,0.75,0.2721,268.34,4,"[{""model"": ""Simulated-AI-Momentum-Quant"", ""call"": ""sell"", ""target_price"": 241.32, ""thesis"": ""Persistent negative price trajectory (-5.9%) indicates structural distribution headwinds.""}, {""model"": ""Simulated-AI-Fundamental-Value"", ""call"": ""hold"", ""target_price"": 283.24, ""thesis"": ""Fair valuation reflects balanced risk-reward relative to sector peers.""}, {""model"": ""Simulated-AI-Quality-Compounder"", ""call"": ""hold"", ""target_price"": 293.89, ""thesis"": ""Defensive operational balance sheet balanced by limited immediate re-rating catalysts.""}, {""model"": ""Simulated-AI-Macro-Tactical"", ""call"": ""hold"", ""target_price"": 254.92, ""thesis"": ""Macro headwinds and declining momentum justify a defensive posture.""}]",0.03915520892863146,0.04292072546854542,0.06836263600811286
CSCO,2025-06-30,large_cap,0.5827,0.75,0.3316,70.97,4,"[{""model"": ""Simulated-AI-Momentum-Quant"", ""call"": ""buy"", ""target_price"": 78.22, ""thesis"": ""Strong upward medium-term momentum (+13.2%) signals continued institutional accumulation.""}, {""model"": ""Simulated-AI-Fundamental-Value"", ""call"": ""sell"", ""target_price"": 56.22, ""thesis"": ""Elevated multi-month valuation multiples leave little safety margin against forward earnings revisions.""}, {""model"": ""Simulated-AI-Quality-Compounder"", ""call"": ""buy"", ""target_price"": 75.1, ""thesis"": ""Stable financial profile and durable competitive moat support long-term compounding potential.""}, {""model"": ""Simulated-AI-Macro-Tactical"", ""call"": ""buy"", ""target_price"": 74.33, ""thesis"": ""Positive operating execution and robust revenue traction support upside.""}]",-0.00993660823573516,-0.018056490259754924,0.1347699423218504
KNSL,2025-06-30,small_cap,0.3923,0.5,0.2307,469.48,4,"[{""model"": ""Simulated-AI-Momentum-Quant"", ""call"": ""sell"", ""target_price"": 405.66, ""thesis"": ""Persistent negative price trajectory (-0.5%) indicates structural distribution headwinds.""}, {""model"": ""Simulated-AI-Fundamental-Value"", ""call"": ""buy"", ""target_price"": 562.8, ""thesis"": ""Recent price softening provides an attractive risk-adjusted entry point against fundamental book value.""}, {""model"": ""Simulated-AI-Quality-Compounder"", ""call"": ""sell"", ""target_price"": 422.16, ""thesis"": ""Heightened earnings volatility and cyclical margin pressures elevate downside risk.""}, {""model"": ""Simulated-AI-Macro-Tactical"", ""call"": ""hold"", ""target_price"": 487.29, ""thesis"": ""Balanced near-term catalysts recommend maintaining current position.""}]",-0.0812151243081473,-0.13846750661926155,-0.18250875436437347
SAIA,2025-06-30,small_cap,0.5757,0.75,0.3142,260.41,4,"[{""model"": ""Simulated-AI-Momentum-Quant"", ""call"": ""sell"", ""target_price"": 233.22, ""thesis"": ""Persistent negative price trajectory (-21.6%) indicates structural distribution headwinds.""}, {""model"": ""Simulated-AI-Fundamental-Value"", ""call"": ""buy"", ""target_price"": 321.39, ""thesis"": ""Recent price softening provides an attractive risk-adjusted entry point against fundamental book value.""}, {""model"": ""Simulated-AI-Quality-Compounder"", ""call"": ""sell"", ""target_price"": 240.43, ""thesis"": ""Heightened earnings volatility and cyclical margin pressures elevate downside risk.""}, {""model"": ""Simulated-AI-Macro-Tactical"", ""call"": ""sell"", ""target_price"": 246.59, ""thesis"": ""Macro headwinds and declining momentum justify a defensive posture.""}]",0.10471186344020965,0.07540422788597681,0.20931423828460888
MEDP,2025-06-30,small_cap,0.4014,0.5,0.2536,334.84,4,"[{""model"": ""Simulated-AI-Momentum-Quant"", ""call"": ""buy"", ""target_price"": 359.81, ""thesis"": ""Strong upward medium-term momentum (+3.0%) signals continued institutional accumulation.""}, {""model"": ""Simulated-AI-Fundamental-Value"", ""call"": ""hold"", ""target_price"": 314.49, ""thesis"": ""Fair valuation reflects balanced risk-reward relative to sector peers.""}, {""model"": ""Simulated-AI-Quality-Compounder"", ""call"": ""buy"", ""target_price"": 348.07, ""thesis"": ""Stable financial profile and durable competitive moat support long-term compounding potential.""}, {""model"": ""Simulated-AI-Macro-Tactical"", ""call"": ""hold"", ""target_price"": 317.0, ""thesis"": ""Balanced near-term catalysts recommend maintaining current position.""}]",0.3948257796830279,0.5954885399128247,0.816032648540084
SSD,2025-06-30,small_cap,0.5412,0.75,0.2281,150.64,4,"[{""model"": ""Simulated-AI-Momentum-Quant"", ""call"": ""hold"", ""target_price"": 157.39, ""thesis"": ""Consolidating trading range warrants a neutral rating until breakout confirmation.""}, {""model"": ""Simulated-AI-Fundamental-Value"", ""call"": ""hold"", ""target_price"": 153.51, ""thesis"": ""Fair valuation reflects balanced risk-reward relative to sector peers.""}, {""model"": ""Simulated-AI-Quality-Compounder"", ""call"": ""sell"", ""target_price"": 136.14, ""thesis"": ""Heightened earnings volatility and cyclical margin pressures elevate downside risk.""}, {""model"": ""Simulated-AI-Macro-Tactical"", ""call"": ""hold"", ""target_price"": 155.54, ""thesis"": ""Balanced near-term catalysts recommend maintaining current position.""}]",0.18372247292932967,0.08077887038626949,0.07412625036351017
EXPO,2025-06-30,small_cap,0.4048,0.5,0.2621,69.5,4,"[{""model"": ""Simulated-AI-Momentum-Quant"", ""call"": ""hold"", ""target_price"": 75.56, ""thesis"": ""Consolidating trading range warrants a neutral rating until breakout confirmation.""}, {""model"": ""Simulated-AI-Fundamental-Value"", ""call"": ""hold"", ""target_price"": 72.03, ""thesis"": ""Fair valuation reflects balanced risk-reward relative to sector peers.""}, {""model"": ""Simulated-AI-Quality-Compounder"", ""call"": ""sell"", ""target_price"": 64.64, ""thesis"": ""Heightened earnings volatility and cyclical margin pressures elevate downside risk.""}, {""model"": ""Simulated-AI-Macro-Tactical"", ""call"": ""sell"", ""target_price"": 65.77, ""thesis"": ""Macro headwinds and declining momentum justify a defensive posture.""}]",-0.0787044470171402,-0.06750949710989297,-0.0388959237851059
FORM,2025-06-30,small_cap,0.5832,0.75,0.333,36.09,4,"[{""model"": ""Simulated-AI-Momentum-Quant"", ""call"": ""buy"", ""target_price"": 39.39, ""thesis"": ""Strong upward medium-term momentum (+21.6%) signals continued institutional accumulation.""}, {""model"": ""Simulated-AI-Fundamental-Value"", ""call"": ""sell"", ""target_price"": 29.16, ""thesis"": ""Elevated multi-month valuation multiples leave little safety margin against forward earnings revisions.""}, {""model"": ""Simulated-AI-Quality-Compounder"", ""call"": ""buy"", ""target_price"": 37.97, ""thesis"": ""Stable financial profile and durable competitive moat support long-term compounding potential.""}, {""model"": ""Simulated-AI-Macro-Tactical"", ""call"": ""buy"", ""target_price"": 37.85, ""thesis"": ""Positive operating execution and robust revenue traction support upside.""}]",0.00029056441666782144,0.0534728323379017,0.668700913210371
CRVL,2025-06-30,small_cap,0.4067,0.5,0.2667,97.84,4,"[{""model"": ""Simulated-AI-Momentum-Quant"", ""call"": ""sell"", ""target_price"": 89.13, ""thesis"": ""Persistent negative price trajectory (-8.2%) indicates structural distribution headwinds.""}, {""model"": ""Simulated-AI-Fundamental-Value"", ""call"": ""hold"", ""target_price"": 101.63, ""thesis"": ""Fair valuation reflects balanced risk-reward relative to sector peers.""}, {""model"": ""Simulated-AI-Quality-Compounder"", ""call"": ""hold"", ""target_price"": 108.12, ""thesis"": ""Defensive operational balance sheet balanced by limited immediate re-rating catalysts.""}, {""model"": ""Simulated-AI-Macro-Tactical"", ""call"": ""sell"", ""target_price"": 92.5, ""thesis"": ""Macro headwinds and declining momentum justify a defensive posture.""}]",-0.1371862097838561,-0.2486864940860686,-0.3325549787033147
TKR,2025-06-30,small_cap,0.5497,0.75,0.2492,74.87,4,"[{""model"": ""Simulated-AI-Momentum-Quant"", ""call"": ""buy"", ""target_price"": 81.11, ""thesis"": ""Strong upward medium-term momentum (+1.4%) signals continued institutional accumulation.""}, {""model"": ""Simulated-AI-Fundamental-Value"", ""call"": ""hold"", ""target_price"": 70.99, ""thesis"": ""Fair valuation reflects balanced risk-reward relative to sector peers.""}, {""model"": ""Simulated-AI-Quality-Compounder"", ""call"": ""hold"", ""target_price"": 75.41, ""thesis"": ""Defensive operational balance sheet balanced by limited immediate re-rating catalysts.""}, {""model"": ""Simulated-AI-Macro-Tactical"", ""call"": ""hold"", ""target_price"": 71.96, ""thesis"": ""Balanced near-term catalysts recommend maintaining current position.""}]",0.030599601591279082,0.04169413762223259,0.20065296368822436
POWI,2025-06-30,small_cap,0.4063,0.5,0.2657,58.65,4,"[{""model"": ""Simulated-AI-Momentum-Quant"", ""call"": ""buy"", ""target_price"": 62.17, ""thesis"": ""Strong upward medium-term momentum (+11.2%) signals continued institutional accumulation.""}, {""model"": ""Simulated-AI-Fundamental-Value"", ""call"": ""hold"", ""target_price"": 55.65, ""thesis"": ""Fair valuation reflects balanced risk-reward relative to sector peers.""}, {""model"": ""Simulated-AI-Quality-Compounder"", ""call"": ""hold"", ""target_price"": 56.62, ""thesis"": ""Defensive operational balance sheet balanced by limited immediate re-rating catalysts.""}, {""model"": ""Simulated-AI-Macro-Tactical"", ""call"": ""buy"", ""target_price"": 60.16, ""thesis"": ""Positive operating execution and robust revenue traction support upside.""}]",-0.11162803285414401,-0.2925004837277069,-0.3508164221615507
CALM,2025-06-30,small_cap,0.4328,0.5,0.3321,98.94,4,"[{""model"": ""Simulated-AI-Momentum-Quant"", ""call"": ""buy"", ""target_price"": 109.07, ""thesis"": ""Strong upward medium-term momentum (+13.7%) signals continued institutional accumulation.""}, {""model"": ""Simulated-AI-Fundamental-Value"", ""call"": ""sell"", ""target_price"": 78.35, ""thesis"": ""Elevated multi-month valuation multiples leave little safety margin against forward earnings revisions.""}, {""model"": ""Simulated-AI-Quality-Compounder"", ""call"": ""buy"", ""target_price"": 104.2, ""thesis"": ""Stable financial profile and durable competitive moat support long-term compounding potential.""}, {""model"": ""Simulated-AI-Macro-Tactical"", ""call"": ""hold"", ""target_price"": 104.15, ""thesis"": ""Positive operating execution and robust revenue traction support upside.""}]",0.11572824111720323,-0.013708946912450998,-0.1444754248574473
PLUS,2025-06-30,small_cap,0.4325,0.5,0.3311,74.83,4,"[{""model"": ""Simulated-AI-Momentum-Quant"", ""call"": ""buy"", ""target_price"": 81.7, ""thesis"": ""Strong upward medium-term momentum (+18.1%) signals continued institutional accumulation.""}, {""model"": ""Simulated-AI-Fundamental-Value"", ""call"": ""sell"", ""target_price"": 59.61, ""thesis"": ""Elevated multi-month valuation multiples leave little safety margin against forward earnings revisions.""}, {""model"": ""Simulated-AI-Quality-Compounder"", ""call"": ""buy"", ""target_price"": 79.94, ""thesis"": ""Stable financial profile and durable competitive moat support long-term compounding potential.""}, {""model"": ""Simulated-AI-Macro-Tactical"", ""call"": ""hold"", ""target_price"": 78.07, ""thesis"": ""Positive operating execution and robust revenue traction support upside.""}]",-0.06907067386851848,-0.010728600528141532,0.24976876069925216
FSS,2025-06-30,small_cap,0.5828,0.75,0.3321,110.08,4,"[{""model"": ""Simulated-AI-Momentum-Quant"", ""call"": ""buy"", ""target_price"": 118.61, ""thesis"": ""Strong upward medium-term momentum (+44.9%) signals continued institutional accumulation.""}, {""model"": ""Simulated-AI-Fundamental-Value"", ""call"": ""sell"", ""target_price"": 87.61, ""thesis"": ""Elevated multi-month valuation multiples leave little safety margin against forward earnings revisions.""}, {""model"": ""Simulated-AI-Quality-Compounder"", ""call"": ""buy"", ""target_price"": 117.78, ""thesis"": ""Stable financial profile and durable competitive moat support long-term compounding potential.""}, {""model"": ""Simulated-AI-Macro-Tactical"", ""call"": ""buy"", ""target_price"": 116.33, ""thesis"": ""Positive operating execution and robust revenue traction support upside.""}]",0.1647245787549672,0.11971975122055495,0.050596730580004516
AMWD,2025-06-30,small_cap,0.7327,1.0,0.3317,102.16,4,"[{""model"": ""Simulated-AI-Momentum-Quant"", ""call"": ""hold"", ""target_price"": 102.9, ""thesis"": ""Consolidating trading range warrants a neutral rating until breakout confirmation.""}, {""model"": ""Simulated-AI-Fundamental-Value"", ""call"": ""hold"", ""target_price"": 99.96, ""thesis"": ""Fair valuation reflects balanced risk-reward relative to sector peers.""}, {""model"": ""Simulated-AI-Quality-Compounder"", ""call"": ""hold"", ""target_price"": 104.76, ""thesis"": ""Defensive operational balance sheet balanced by limited immediate re-rating catalysts.""}, {""model"": ""Simulated-AI-Macro-Tactical"", ""call"": ""hold"", ""target_price"": 101.0, ""thesis"": ""Balanced near-term catalysts recommend maintaining current position.""}]",,,
ATKR,2025-06-30,small_cap,0.5819,0.75,0.3298,71.95,4,"[{""model"": ""Simulated-AI-Momentum-Quant"", ""call"": ""buy"", ""target_price"": 79.03, ""thesis"": ""Strong upward medium-term momentum (+18.2%) signals continued institutional accumulation.""}, {""model"": ""Simulated-AI-Fundamental-Value"", ""call"": ""sell"", ""target_price"": 57.21, ""thesis"": ""Elevated multi-month valuation multiples leave little safety margin against forward earnings revisions.""}, {""model"": ""Simulated-AI-Quality-Compounder"", ""call"": ""buy"", ""target_price"": 75.78, ""thesis"": ""Stable financial profile and durable competitive moat support long-term compounding potential.""}, {""model"": ""Simulated-AI-Macro-Tactical"", ""call"": ""buy"", ""target_price"": 75.78, ""thesis"": ""Positive operating execution and robust revenue traction support upside.""}]",0.10120460953594676,-0.13483493968978955,-0.08096305640392543
BRC,2025-06-30,small_cap,0.4022,0.5,0.2555,68.4,4,"[{""model"": ""Simulated-AI-Momentum-Quant"", ""call"": ""sell"", ""target_price"": 57.82, ""thesis"": ""Persistent negative price trajectory (-3.4%) indicates structural distribution headwinds.""}, {""model"": ""Simulated-AI-Fundamental-Value"", ""call"": ""buy"", ""target_price"": 78.36, ""thesis"": ""Recent price softening provides an attractive risk-adjusted entry point against fundamental book value.""}, {""model"": ""Simulated-AI-Quality-Compounder"", ""call"": ""hold"", ""target_price"": 69.84, ""thesis"": ""Defensive operational balance sheet balanced by limited immediate re-rating catalysts.""}, {""model"": ""Simulated-AI-Macro-Tactical"", ""call"": ""hold"", ""target_price"": 67.59, ""thesis"": ""Balanced near-term catalysts recommend maintaining current position.""}]",0.04009742795222314,0.13237022621844793,0.18894661299350973
CNO,2025-06-30,small_cap,0.4096,0.5,0.2739,39.11,4,"[{""model"": ""Simulated-AI-Momentum-Quant"", ""call"": ""hold"", ""target_price"": 39.29, ""thesis"": ""Consolidating trading range warrants a neutral rating until breakout confirmation.""}, {""model"": ""Simulated-AI-Fundamental-Value"", ""call"": ""buy"", ""target_price"": 43.98, ""thesis"": ""Recent price softening provides an attractive risk-adjusted entry point against fundamental book value.""}, {""model"": ""Simulated-AI-Quality-Compounder"", ""call"": ""hold"", ""target_price"": 39.13, ""thesis"": ""Defensive operational balance sheet balanced by limited immediate re-rating catalysts.""}, {""model"": ""Simulated-AI-Macro-Tactical"", ""call"": ""sell"", ""target_price"": 34.05, ""thesis"": ""Macro headwinds and declining momentum justify a defensive posture.""}]",-0.06531886242536004,0.028808463506593492,0.1199930940445309
CSGS,2025-06-30,small_cap,0.586,0.75,0.3401,106.59,4,"[{""model"": ""Simulated-AI-Momentum-Quant"", ""call"": ""hold"", ""target_price"": 102.55, ""thesis"": ""Consolidating trading range warrants a neutral rating until breakout confirmation.""}, {""model"": ""Simulated-AI-Fundamental-Value"", ""call"": ""buy"", ""target_price"": 117.45, ""thesis"": ""Recent price softening provides an attractive risk-adjusted entry point against fundamental book value.""}, {""model"": ""Simulated-AI-Quality-Compounder"", ""call"": ""hold"", ""target_price"": 105.36, ""thesis"": ""Defensive operational balance sheet balanced by limited immediate re-rating catalysts.""}, {""model"": ""Simulated-AI-Macro-Tactical"", ""call"": ""hold"", ""target_price"": 101.0, ""thesis"": ""Balanced near-term catalysts recommend maintaining current position.""}]",,,
ENSG,2025-06-30,small_cap,0.4444,0.5,0.361,151.79,4,"[{""model"": ""Simulated-AI-Momentum-Quant"", ""call"": ""buy"", ""target_price"": 174.49, ""thesis"": ""Strong upward medium-term momentum (+19.3%) signals continued institutional accumulation.""}, {""model"": ""Simulated-AI-Fundamental-Value"", ""call"": ""sell"", ""target_price"": 128.31, ""thesis"": ""Elevated multi-month valuation multiples leave little safety margin against forward earnings revisions.""}, {""model"": ""Simulated-AI-Quality-Compounder"", ""call"": ""sell"", ""target_price"": 134.93, ""thesis"": ""Heightened earnings volatility and cyclical margin pressures elevate downside risk.""}, {""model"": ""Simulated-AI-Macro-Tactical"", ""call"": ""buy"", ""target_price"": 169.43, ""thesis"": ""Positive operating execution and robust revenue traction support upside.""}]",-0.025152240372622262,0.11208356600431096,0.14349016075422347
FIX,2025-06-30,small_cap,0.4341,0.5,0.3352,560.56,4,"[{""model"": ""Simulated-AI-Momentum-Quant"", ""call"": ""buy"", ""target_price"": 609.59, ""thesis"": ""Strong upward medium-term momentum (+66.5%) signals continued institutional accumulation.""}, {""model"": ""Simulated-AI-Fundamental-Value"", ""call"": ""sell"", ""target_price"": 453.99, ""thesis"": ""Elevated multi-month valuation multiples leave little safety margin against forward earnings revisions.""}, {""model"": ""Simulated-AI-Quality-Compounder"", ""call"": ""buy"", ""target_price"": 590.45, ""thesis"": ""Stable financial profile and durable competitive moat support long-term compounding potential.""}, {""model"": ""Simulated-AI-Macro-Tactical"", ""call"": ""hold"", ""target_price"": 588.2, ""thesis"": ""Positive operating execution and robust revenue traction support upside.""}]",0.3109973223587213,0.49637515695858575,0.7753012788736169
GBCI,2025-06-30,small_cap,0.586,0.75,0.3401,44.15,4,"[{""model"": ""Simulated-AI-Momentum-Quant"", ""call"": ""hold"", ""target_price"": 42.48, ""thesis"": ""Consolidating trading range warrants a neutral rating until breakout confirmation.""}, {""model"": ""Simulated-AI-Fundamental-Value"", ""call"": ""buy"", ""target_price"": 48.72, ""thesis"": ""Recent price softening provides an attractive risk-adjusted entry point against fundamental book value.""}, {""model"": ""Simulated-AI-Quality-Compounder"", ""call"": ""hold"", ""target_price"": 43.4, ""thesis"": ""Defensive operational balance sheet balanced by limited immediate re-rating catalysts.""}, {""model"": ""Simulated-AI-Macro-Tactical"", ""call"": ""hold"", ""target_price"": 42.01, ""thesis"": ""Balanced near-term catalysts recommend maintaining current position.""}]",0.05122718350424684,0.15036433013520187,0.06544247949955037
GPI,2025-06-30,small_cap,0.4335,0.5,0.3338,454.66,4,"[{""model"": ""Simulated-AI-Momentum-Quant"", ""call"": ""buy"", ""target_price"": 495.72, ""thesis"": ""Strong upward medium-term momentum (+14.5%) signals continued institutional accumulation.""}, {""model"": ""Simulated-AI-Fundamental-Value"", ""call"": ""sell"", ""target_price"": 365.72, ""thesis"": ""Elevated multi-month valuation multiples leave little safety margin against forward earnings revisions.""}, {""model"": ""Simulated-AI-Quality-Compounder"", ""call"": ""buy"", ""target_price"": 480.55, ""thesis"": ""Stable financial profile and durable competitive moat support long-term compounding potential.""}, {""model"": ""Simulated-AI-Macro-Tactical"", ""call"": ""hold"", ""target_price"": 476.65, ""thesis"": ""Positive operating execution and robust revenue traction support upside.""}]",-0.0549791720910598,0.0026816016393293686,-0.07506667557810678
HLNE,2025-06-30,small_cap,0.4027,0.5,0.2566,142.22,4,"[{""model"": ""Simulated-AI-Momentum-Quant"", ""call"": ""sell"", ""target_price"": 121.2, ""thesis"": ""Persistent negative price trajectory (-4.0%) indicates structural distribution headwinds.""}, {""model"": ""Simulated-AI-Fundamental-Value"", ""call"": ""buy"", ""target_price"": 162.23, ""thesis"": ""Recent price softening provides an attractive risk-adjusted entry point against fundamental book value.""}, {""model"": ""Simulated-AI-Quality-Compounder"", ""call"": ""hold"", ""target_price"": 144.82, ""thesis"": ""Defensive operational balance sheet balanced by limited immediate re-rating catalysts.""}, {""model"": ""Simulated-AI-Macro-Tactical"", ""call"": ""hold"", ""target_price"": 140.64, ""thesis"": ""Balanced near-term catalysts recommend maintaining current position.""}]",0.09414575808585537,-0.01844269525371362,-0.026161303125422558
HWKN,2025-06-30,small_cap,0.5836,0.75,0.3339,148.0,4,"[{""model"": ""Simulated-AI-Momentum-Quant"", ""call"": ""buy"", ""target_price"": 160.81, ""thesis"": ""Strong upward medium-term momentum (+34.3%) signals continued institutional accumulation.""}, {""model"": ""Simulated-AI-Fundamental-Value"", ""call"": ""sell"", ""target_price"": 119.0, ""thesis"": ""Elevated multi-month valuation multiples leave little safety margin against forward earnings revisions.""}, {""model"": ""Simulated-AI-Quality-Compounder"", ""call"": ""buy"", ""target_price"": 156.89, ""thesis"": ""Stable financial profile and durable competitive moat support long-term compounding potential.""}, {""model"": ""Simulated-AI-Macro-Tactical"", ""call"": ""buy"", ""target_price"": 155.28, ""thesis"": ""Positive operating execution and robust revenue traction support upside.""}]",0.12005616356660484,0.24634268228918096,0.039001551967676004
IBP,2025-06-30,small_cap,0.4056,0.5,0.2639,189.81,4,"[{""model"": ""Simulated-AI-Momentum-Quant"", ""call"": ""buy"", ""target_price"": 201.68, ""thesis"": ""Strong upward medium-term momentum (+5.4%) signals continued institutional accumulation.""}, {""model"": ""Simulated-AI-Fundamental-Value"", ""call"": ""hold"", ""target_price"": 177.97, ""thesis"": ""Fair valuation reflects balanced risk-reward relative to sector peers.""}, {""model"": ""Simulated-AI-Quality-Compounder"", ""call"": ""hold"", ""target_price"": 183.74, ""thesis"": ""Defensive operational balance sheet balanced by limited immediate re-rating catalysts.""}, {""model"": ""Simulated-AI-Macro-Tactical"", ""call"": ""buy"", ""target_price"": 195.84, ""thesis"": ""Positive operating execution and robust revenue traction support upside.""}]",0.12577643437833785,0.38528679939216215,0.481984219903545
KAR,2025-06-30,small_cap,0.5526,0.75,0.2565,97.26,4,"[{""model"": ""Simulated-AI-Momentum-Quant"", ""call"": ""sell"", ""target_price"": 84.72, ""thesis"": ""Persistent negative price trajectory (+0.0%) indicates structural distribution headwinds.""}, {""model"": ""Simulated-AI-Fundamental-Value"", ""call"": ""hold"", ""target_price"": 100.04, ""thesis"": ""Fair valuation reflects balanced risk-reward relative to sector peers.""}, {""model"": ""Simulated-AI-Quality-Compounder"", ""call"": ""hold"", ""target_price"": 103.28, ""thesis"": ""Defensive operational balance sheet balanced by limited immediate re-rating catalysts.""}, {""model"": ""Simulated-AI-Macro-Tactical"", ""call"": ""hold"", ""target_price"": 101.0, ""thesis"": ""Balanced near-term catalysts recommend maintaining current position.""}]",,,
MC,2025-06-30,small_cap,0.4248,0.5,0.312,64.21,4,"[{""model"": ""Simulated-AI-Momentum-Quant"", ""call"": ""buy"", ""target_price"": 66.52, ""thesis"": ""Strong upward medium-term momentum (+8.1%) signals continued institutional accumulation.""}, {""model"": ""Simulated-AI-Fundamental-Value"", ""call"": ""hold"", ""target_price"": 59.48, ""thesis"": ""Fair valuation reflects balanced risk-reward relative to sector peers.""}, {""model"": ""Simulated-AI-Quality-Compounder"", ""call"": ""buy"", ""target_price"": 65.6, ""thesis"": ""Stable financial profile and durable competitive moat support long-term compounding potential.""}, {""model"": ""Simulated-AI-Macro-Tactical"", ""call"": ""hold"", ""target_price"": 65.24, ""thesis"": ""Positive operating execution and robust revenue traction support upside.""}]",0.1418486302970305,0.1705943162991505,0.17100221617883227
OII,2025-06-30,small_cap,0.3928,0.5,0.2319,20.22,4,"[{""model"": ""Simulated-AI-Momentum-Quant"", ""call"": ""sell"", ""target_price"": 17.55, ""thesis"": ""Persistent negative price trajectory (-5.0%) indicates structural distribution headwinds.""}, {""model"": ""Simulated-AI-Fundamental-Value"", ""call"": ""buy"", ""target_price"": 24.24, ""thesis"": ""Recent price softening provides an attractive risk-adjusted entry point against fundamental book value.""}, {""model"": ""Simulated-AI-Quality-Compounder"", ""call"": ""sell"", ""target_price"": 18.16, ""thesis"": ""Heightened earnings volatility and cyclical margin pressures elevate downside risk.""}, {""model"": ""Simulated-AI-Macro-Tactical"", ""call"": ""hold"", ""target_price"": 20.93, ""thesis"": ""Balanced near-term catalysts recommend maintaining current position.""}]",0.08011582540652919,0.210424746855153,0.16505792420995344
PRDO,2025-06-30,small_cap,0.4452,0.5,0.363,31.72,4,"[{""model"": ""Simulated-AI-Momentum-Quant"", ""call"": ""buy"", ""target_price"": 36.99, ""thesis"": ""Strong upward medium-term momentum (+30.3%) signals continued institutional accumulation.""}, {""model"": ""Simulated-AI-Fundamental-Value"", ""call"": ""sell"", ""target_price"": 26.76, ""thesis"": ""Elevated multi-month valuation multiples leave little safety margin against forward earnings revisions.""}, {""model"": ""Simulated-AI-Quality-Compounder"", ""call"": ""sell"", ""target_price"": 28.03, ""thesis"": ""Heightened earnings volatility and cyclical margin pressures elevate downside risk.""}, {""model"": ""Simulated-AI-Macro-Tactical"", ""call"": ""buy"", ""target_price"": 35.1, ""thesis"": ""Positive operating execution and robust revenue traction support upside.""}]",-0.12358508663242412,0.1533416892227256,-0.07865122865588255
SHOO,2025-06-30,small_cap,0.574,0.75,0.31,22.43,4,"[{""model"": ""Simulated-AI-Momentum-Quant"", ""call"": ""sell"", ""target_price"": 20.6, ""thesis"": ""Persistent negative price trajectory (-9.2%) indicates structural distribution headwinds.""}, {""model"": ""Simulated-AI-Fundamental-Value"", ""call"": ""buy"", ""target_price"": 27.38, ""thesis"": ""Recent price softening provides an attractive risk-adjusted entry point against fundamental book value.""}, {""model"": ""Simulated-AI-Quality-Compounder"", ""call"": ""sell"", ""target_price"": 20.62, ""thesis"": ""Heightened earnings volatility and cyclical margin pressures elevate downside risk.""}, {""model"": ""Simulated-AI-Macro-Tactical"", ""call"": ""sell"", ""target_price"": 21.11, ""thesis"": ""Macro headwinds and declining momentum justify a defensive posture.""}]",-0.004587066046772658,0.4226590505390618,0.7969466246141556
SLVM,2025-06-30,small_cap,0.5746,0.75,0.3116,45.18,4,"[{""model"": ""Simulated-AI-Momentum-Quant"", ""call"": ""sell"", ""target_price"": 40.23, ""thesis"": ""Persistent negative price trajectory (-24.7%) indicates structural distribution headwinds.""}, {""model"": ""Simulated-AI-Fundamental-Value"", ""call"": ""buy"", ""target_price"": 55.69, ""thesis"": ""Recent price softening provides an attractive risk-adjusted entry point against fundamental book value.""}, {""model"": ""Simulated-AI-Quality-Compounder"", ""call"": ""sell"", ""target_price"": 41.95, ""thesis"": ""Heightened earnings volatility and cyclical margin pressures elevate downside risk.""}, {""model"": ""Simulated-AI-Macro-Tactical"", ""call"": ""sell"", ""target_price"": 42.86, ""thesis"": ""Macro headwinds and declining momentum justify a defensive posture.""}]",-0.05904690730877426,-0.12811318661557938,-0.016344727848859167
AAPL,2025-09-30,large_cap,0.4121,0.5,0.2801,261.41,4,"[{""model"": ""Simulated-AI-Momentum-Quant"", ""call"": ""buy"", ""target_price"": 291.03, ""thesis"": ""Strong upward medium-term momentum (+20.0%) signals continued institutional accumulation.""}, {""model"": ""Simulated-AI-Fundamental-Value"", ""call"": ""sell"", ""target_price"": 214.75, ""thesis"": ""Elevated multi-month valuation multiples leave little safety margin against forward earnings revisions.""}, {""model"": ""Simulated-AI-Quality-Compounder"", ""call"": ""hold"", ""target_price"": 260.79, ""thesis"": ""Defensive operational balance sheet balanced by limited immediate re-rating catalysts.""}, {""model"": ""Simulated-AI-Macro-Tactical"", ""call"": ""hold"", ""target_price"": 279.06, ""thesis"": ""Positive operating execution and robust revenue traction support upside.""}]",0.05918387183075007,0.07349758354617246,0.005840785910467066
MSFT,2025-09-30,large_cap,0.4331,0.5,0.3328,523.85,4,"[{""model"": ""Simulated-AI-Momentum-Quant"", ""call"": ""hold"", ""target_price"": 520.14, ""thesis"": ""Consolidating trading range warrants a neutral rating until breakout confirmation.""}, {""model"": ""Simulated-AI-Fundamental-Value"", ""call"": ""sell"", ""target_price"": 433.07, ""thesis"": ""Elevated multi-month valuation multiples leave little safety margin against forward earnings revisions.""}, {""model"": ""Simulated-AI-Quality-Compounder"", ""call"": ""buy"", ""target_price"": 577.11, ""thesis"": ""Stable financial profile and durable competitive moat support long-term compounding potential.""}, {""model"": ""Simulated-AI-Macro-Tactical"", ""call"": ""buy"", ""target_price"": 565.09, ""thesis"": ""Positive operating execution and robust revenue traction support upside.""}]",0.04556412012961631,-0.05706659338502493,-0.2838962047760906
NVDA,2025-09-30,large_cap,0.5825,0.75,0.3313,195.45,4,"[{""model"": ""Simulated-AI-Momentum-Quant"", ""call"": ""buy"", ""target_price"": 212.49, ""thesis"": ""Strong upward medium-term momentum (+18.7%) signals continued institutional accumulation.""}, {""model"": ""Simulated-AI-Fundamental-Value"", ""call"": ""sell"", ""target_price"": 157.28, ""thesis"": ""Elevated multi-month valuation multiples leave little safety margin against forward earnings revisions.""}, {""model"": ""Simulated-AI-Quality-Compounder"", ""call"": ""buy"", ""target_price"": 207.31, ""thesis"": ""Stable financial profile and durable competitive moat support long-term compounding potential.""}, {""model"": ""Simulated-AI-Macro-Tactical"", ""call"": ""buy"", ""target_price"": 204.74, ""thesis"": ""Positive operating execution and robust revenue traction support upside.""}]",0.10965790661493782,0.005201138961388802,-0.057941389756528724
AMZN,2025-09-30,large_cap,0.4068,0.5,0.2671,205.35,4,"[{""model"": ""Simulated-AI-Momentum-Quant"", ""call"": ""sell"", ""target_price"": 188.13, ""thesis"": ""Persistent negative price trajectory (-0.2%) indicates structural distribution headwinds.""}, {""model"": ""Simulated-AI-Fundamental-Value"", ""call"": ""sell"", ""target_price"": 183.67, ""thesis"": ""Elevated multi-month valuation multiples leave little safety margin against forward earnings revisions.""}, {""model"": ""Simulated-AI-Quality-Compounder"", ""call"": ""hold"", ""target_price"": 227.83, ""thesis"": ""Defensive operational balance sheet balanced by limited immediate re-rating catalysts.""}, {""model"": ""Simulated-AI-Macro-Tactical"", ""call"": ""hold"", ""target_price"": 221.77, ""thesis"": ""Balanced near-term catalysts recommend maintaining current position.""}]",0.04886822138551496,0.05902441600751647,-0.040989204808426
GOOGL,2025-09-30,large_cap,0.5825,0.75,0.3313,255.26,4,"[{""model"": ""Simulated-AI-Momentum-Quant"", ""call"": ""buy"", ""target_price"": 277.97, ""thesis"": ""Strong upward medium-term momentum (+36.2%) signals continued institutional accumulation.""}, {""model"": ""Simulated-AI-Fundamental-Value"", ""call"": ""sell"", ""target_price"": 203.8, ""thesis"": ""Elevated multi-month valuation multiples leave little safety margin against forward earnings revisions.""}, {""model"": ""Simulated-AI-Quality-Compounder"", ""call"": ""buy"", ""target_price"": 272.54, ""thesis"": ""Stable financial profile and durable competitive moat support long-term compounding potential.""}, {""model"": ""Simulated-AI-Macro-Tactical"", ""call"": ""buy"", ""target_price"": 266.72, ""thesis"": ""Positive operating execution and robust revenue traction support upside.""}]",0.1294528873773196,0.29187697083460534,0.22498570842056587
META,2025-09-30,large_cap,0.5412,0.75,0.2281,714.41,4,"[{""model"": ""Simulated-AI-Momentum-Quant"", ""call"": ""hold"", ""target_price"": 736.13, ""thesis"": ""Consolidating trading range warrants a neutral rating until breakout confirmation.""}, {""model"": ""Simulated-AI-Fundamental-Value"", ""call"": ""hold"", ""target_price"": 734.23, ""thesis"": ""Fair valuation reflects balanced risk-reward relative to sector peers.""}, {""model"": ""Simulated-AI-Quality-Compounder"", ""call"": ""sell"", ""target_price"": 647.5, ""thesis"": ""Heightened earnings volatility and cyclical margin pressures elevate downside risk.""}, {""model"": ""Simulated-AI-Macro-Tactical"", ""call"": ""hold"", ""target_price"": 739.79, ""thesis"": ""Balanced near-term catalysts recommend maintaining current position.""}]",0.023543543093125747,-0.09244104802401826,-0.2099475288041617
BRK-B,2025-09-30,large_cap,0.3871,0.5,0.2177,509.43,4,"[{""model"": ""Simulated-AI-Momentum-Quant"", ""call"": ""buy"", ""target_price"": 579.16, ""thesis"": ""Strong upward medium-term momentum (+4.6%) signals continued institutional accumulation.""}, {""model"": ""Simulated-AI-Fundamental-Value"", ""call"": ""hold"", ""target_price"": 508.37, ""thesis"": ""Fair valuation reflects balanced risk-reward relative to sector peers.""}, {""model"": ""Simulated-AI-Quality-Compounder"", ""call"": ""sell"", ""target_price"": 442.41, ""thesis"": ""Heightened earnings volatility and cyclical margin pressures elevate downside risk.""}, {""model"": ""Simulated-AI-Macro-Tactical"", ""call"": ""hold"", ""target_price"": 507.77, ""thesis"": ""Balanced near-term catalysts recommend maintaining current position.""}]",-0.05366587300161275,0.0019294292070358577,-0.0482157590508653
JPM,2025-09-30,large_cap,0.406,0.5,0.265,330.99,4,"[{""model"": ""Simulated-AI-Momentum-Quant"", ""call"": ""buy"", ""target_price"": 353.34, ""thesis"": ""Strong upward medium-term momentum (+8.5%) signals continued institutional accumulation.""}, {""model"": ""Simulated-AI-Fundamental-Value"", ""call"": ""hold"", ""target_price"": 310.87, ""thesis"": ""Fair valuation reflects balanced risk-reward relative to sector peers.""}, {""model"": ""Simulated-AI-Quality-Compounder"", ""call"": ""hold"", ""target_price"": 319.29, ""thesis"": ""Defensive operational balance sheet balanced by limited immediate re-rating catalysts.""}, {""model"": ""Simulated-AI-Macro-Tactical"", ""call"": ""buy"", ""target_price"": 340.46, ""thesis"": ""Positive operating execution and robust revenue traction support upside.""}]",-0.026740226223936812,0.03031556146892729,-0.054766689679910815
V,2025-09-30,large_cap,0.7327,1.0,0.3317,344.83,4,"[{""model"": ""Simulated-AI-Momentum-Quant"", ""call"": ""hold"", ""target_price"": 347.48, ""thesis"": ""Consolidating trading range warrants a neutral rating until breakout confirmation.""}, {""model"": ""Simulated-AI-Fundamental-Value"", ""call"": ""hold"", ""target_price"": 339.62, ""thesis"": ""Fair valuation reflects balanced risk-reward relative to sector peers.""}, {""model"": ""Simulated-AI-Quality-Compounder"", ""call"": ""hold"", ""target_price"": 350.18, ""thesis"": ""Defensive operational balance sheet balanced by limited immediate re-rating catalysts.""}, {""model"": ""Simulated-AI-Macro-Tactical"", ""call"": ""hold"", ""target_price"": 342.06, ""thesis"": ""Balanced near-term catalysts recommend maintaining current position.""}]",-0.0002930366754502578,0.03790607814113104,-0.12203986326036462
LLY,2025-09-30,large_cap,0.7327,1.0,0.3317,771.77,4,"[{""model"": ""Simulated-AI-Momentum-Quant"", ""call"": ""hold"", ""target_price"": 771.49, ""thesis"": ""Consolidating trading range warrants a neutral rating until breakout confirmation.""}, {""model"": ""Simulated-AI-Fundamental-Value"", ""call"": ""hold"", ""target_price"": 754.58, ""thesis"": ""Fair valuation reflects balanced risk-reward relative to sector peers.""}, {""model"": ""Simulated-AI-Quality-Compounder"", ""call"": ""hold"", ""target_price"": 795.22, ""thesis"": ""Defensive operational balance sheet balanced by limited immediate re-rating catalysts.""}, {""model"": ""Simulated-AI-Macro-Tactical"", ""call"": ""hold"", ""target_price"": 765.8, ""thesis"": ""Balanced near-term catalysts recommend maintaining current position.""}]",0.06622542944759349,0.4172158988685582,0.2549373341989568
UNH,2025-09-30,large_cap,0.5747,0.75,0.3119,367.95,4,"[{""model"": ""Simulated-AI-Momentum-Quant"", ""call"": ""buy"", ""target_price"": 381.47, ""thesis"": ""Strong upward medium-term momentum (+13.0%) signals continued institutional accumulation.""}, {""model"": ""Simulated-AI-Fundamental-Value"", ""call"": ""hold"", ""target_price"": 342.35, ""thesis"": ""Fair valuation reflects balanced risk-reward relative to sector peers.""}, {""model"": ""Simulated-AI-Quality-Compounder"", ""call"": ""buy"", ""target_price"": 375.71, ""thesis"": ""Stable financial profile and durable competitive moat support long-term compounding potential.""}, {""model"": ""Simulated-AI-Macro-Tactical"", ""call"": ""buy"", ""target_price"": 372.26, ""thesis"": ""Positive operating execution and robust revenue traction support upside.""}]",0.02884450029465646,-0.031586180589466224,-0.1950001735925589
XOM,2025-09-30,large_cap,0.5618,0.75,0.2795,121.02,4,"[{""model"": ""Simulated-AI-Momentum-Quant"", ""call"": ""buy"", ""target_price"": 124.12, ""thesis"": ""Strong upward medium-term momentum (+2.5%) signals continued institutional accumulation.""}, {""model"": ""Simulated-AI-Fundamental-Value"", ""call"": ""buy"", ""target_price"": 128.09, ""thesis"": ""Recent price softening provides an attractive risk-adjusted entry point against fundamental book value.""}, {""model"": ""Simulated-AI-Quality-Compounder"", ""call"": ""buy"", ""target_price"": 121.18, ""thesis"": ""Stable financial profile and durable competitive moat support long-term compounding potential.""}, {""model"": ""Simulated-AI-Macro-Tactical"", ""call"": ""hold"", ""target_price"": 110.67, ""thesis"": ""Balanced near-term catalysts recommend maintaining current position.""}]",0.03281577728518555,0.08246779235037512,0.44804707050131054
JNJ,2025-09-30,large_cap,0.4449,0.5,0.3622,179.29,4,"[{""model"": ""Simulated-AI-Momentum-Quant"", ""call"": ""buy"", ""target_price"": 206.72, ""thesis"": ""Strong upward medium-term momentum (+20.1%) signals continued institutional accumulation.""}, {""model"": ""Simulated-AI-Fundamental-Value"", ""call"": ""sell"", ""target_price"": 150.96, ""thesis"": ""Elevated multi-month valuation multiples leave little safety margin against forward earnings revisions.""}, {""model"": ""Simulated-AI-Quality-Compounder"", ""call"": ""sell"", ""target_price"": 160.02, ""thesis"": ""Heightened earnings volatility and cyclical margin pressures elevate downside risk.""}, {""model"": ""Simulated-AI-Macro-Tactical"", ""call"": ""buy"", ""target_price"": 199.46, ""thesis"": ""Positive operating execution and robust revenue traction support upside.""}]",0.00636400271191066,0.12298406420196531,0.3319813330216508
PG,2025-09-30,large_cap,0.5412,0.75,0.2281,146.34,4,"[{""model"": ""Simulated-AI-Momentum-Quant"", ""call"": ""hold"", ""target_price"": 155.53, ""thesis"": ""Consolidating trading range warrants a neutral rating until breakout confirmation.""}, {""model"": ""Simulated-AI-Fundamental-Value"", ""call"": ""hold"", ""target_price"": 147.35, ""thesis"": ""Fair valuation reflects balanced risk-reward relative to sector peers.""}, {""model"": ""Simulated-AI-Quality-Compounder"", ""call"": ""sell"", ""target_price"": 131.72, ""thesis"": ""Heightened earnings volatility and cyclical margin pressures elevate downside risk.""}, {""model"": ""Simulated-AI-Macro-Tactical"", ""call"": ""hold"", ""target_price"": 150.75, ""thesis"": ""Balanced near-term catalysts recommend maintaining current position.""}]",-0.024989697862931433,-0.05592360869523881,-0.048956593628408075
HD,2025-09-30,large_cap,0.5708,0.75,0.3021,393.95,4,"[{""model"": ""Simulated-AI-Momentum-Quant"", ""call"": ""hold"", ""target_price"": 394.42, ""thesis"": ""Consolidating trading range warrants a neutral rating until breakout confirmation.""}, {""model"": ""Simulated-AI-Fundamental-Value"", ""call"": ""hold"", ""target_price"": 401.6, ""thesis"": ""Fair valuation reflects balanced risk-reward relative to sector peers.""}, {""model"": ""Simulated-AI-Quality-Compounder"", ""call"": ""sell"", ""target_price"": 346.35, ""thesis"": ""Heightened earnings volatility and cyclical margin pressures elevate downside risk.""}, {""model"": ""Simulated-AI-Macro-Tactical"", ""call"": ""hold"", ""target_price"": 433.43, ""thesis"": ""Positive operating execution and robust revenue traction support upside.""}]",-0.06700543634170264,-0.13968715321945557,-0.1759196209555049
MA,2025-09-30,large_cap,0.5497,0.75,0.2492,596.49,4,"[{""model"": ""Simulated-AI-Momentum-Quant"", ""call"": ""buy"", ""target_price"": 648.95, ""thesis"": ""Strong upward medium-term momentum (+1.4%) signals continued institutional accumulation.""}, {""model"": ""Simulated-AI-Fundamental-Value"", ""call"": ""hold"", ""target_price"": 569.59, ""thesis"": ""Fair valuation reflects balanced risk-reward relative to sector peers.""}, {""model"": ""Simulated-AI-Quality-Compounder"", ""call"": ""hold"", ""target_price"": 596.49, ""thesis"": ""Defensive operational balance sheet balanced by limited immediate re-rating catalysts.""}, {""model"": ""Simulated-AI-Macro-Tactical"", ""call"": ""hold"", ""target_price"": 570.94, ""thesis"": ""Balanced near-term catalysts recommend maintaining current position.""}]",-0.023729958793599598,0.016477053593370008,-0.13321045409962862
COST,2025-09-30,large_cap,0.4048,0.5,0.2621,875.74,4,"[{""model"": ""Simulated-AI-Momentum-Quant"", ""call"": ""hold"", ""target_price"": 946.49, ""thesis"": ""Consolidating trading range warrants a neutral rating until breakout confirmation.""}, {""model"": ""Simulated-AI-Fundamental-Value"", ""call"": ""hold"", ""target_price"": 918.42, ""thesis"": ""Fair valuation reflects balanced risk-reward relative to sector peers.""}, {""model"": ""Simulated-AI-Quality-Compounder"", ""call"": ""sell"", ""target_price"": 809.83, ""thesis"": ""Heightened earnings volatility and cyclical margin pressures elevate downside risk.""}, {""model"": ""Simulated-AI-Macro-Tactical"", ""call"": ""sell"", ""target_price"": 828.23, ""thesis"": ""Macro headwinds and declining momentum justify a defensive posture.""}]",-0.014271349504969218,-0.06347595839669187,0.07962493378400776
ABBV,2025-09-30,large_cap,0.4447,0.5,0.3618,222.27,4,"[{""model"": ""Simulated-AI-Momentum-Quant"", ""call"": ""buy"", ""target_price"": 254.57, ""thesis"": ""Strong upward medium-term momentum (+22.4%) signals continued institutional accumulation.""}, {""model"": ""Simulated-AI-Fundamental-Value"", ""call"": ""sell"", ""target_price"": 190.77, ""thesis"": ""Elevated multi-month valuation multiples leave little safety margin against forward earnings revisions.""}, {""model"": ""Simulated-AI-Quality-Compounder"", ""call"": ""sell"", ""target_price"": 196.72, ""thesis"": ""Heightened earnings volatility and cyclical margin pressures elevate downside risk.""}, {""model"": ""Simulated-AI-Macro-Tactical"", ""call"": ""hold"", ""target_price"": 247.03, ""thesis"": ""Positive operating execution and robust revenue traction support upside.""}]",-0.02063111826081674,-0.0006208883473157647,-0.05730341491308842
MRK,2025-09-30,large_cap,0.4021,0.5,0.2552,87.98,4,"[{""model"": ""Simulated-AI-Momentum-Quant"", ""call"": ""buy"", ""target_price"": 94.95, ""thesis"": ""Strong upward medium-term momentum (+2.9%) signals continued institutional accumulation.""}, {""model"": ""Simulated-AI-Fundamental-Value"", ""call"": ""hold"", ""target_price"": 82.58, ""thesis"": ""Fair valuation reflects balanced risk-reward relative to sector peers.""}, {""model"": ""Simulated-AI-Quality-Compounder"", ""call"": ""buy"", ""target_price"": 91.55, ""thesis"": ""Stable financial profile and durable competitive moat support long-term compounding potential.""}, {""model"": ""Simulated-AI-Macro-Tactical"", ""call"": ""hold"", ""target_price"": 82.84, ""thesis"": ""Balanced near-term catalysts recommend maintaining current position.""}]",0.03157400153411927,0.2744727464995346,0.4628322118907823
BAC,2025-09-30,large_cap,0.425,0.5,0.3124,55.22,4,"[{""model"": ""Simulated-AI-Momentum-Quant"", ""call"": ""buy"", ""target_price"": 57.7, ""thesis"": ""Strong upward medium-term momentum (+6.5%) signals continued institutional accumulation.""}, {""model"": ""Simulated-AI-Fundamental-Value"", ""call"": ""hold"", ""target_price"": 50.77, ""thesis"": ""Fair valuation reflects balanced risk-reward relative to sector peers.""}, {""model"": ""Simulated-AI-Quality-Compounder"", ""call"": ""buy"", ""target_price"": 56.83, ""thesis"": ""Stable financial profile and durable competitive moat support long-term compounding potential.""}, {""model"": ""Simulated-AI-Macro-Tactical"", ""call"": ""hold"", ""target_price"": 55.56, ""thesis"": ""Positive operating execution and robust revenue traction support upside.""}]",0.01918976111086246,0.07709389446968071,-0.03457994861554906
CVX,2025-09-30,large_cap,0.4124,0.5,0.2811,152.9,4,"[{""model"": ""Simulated-AI-Momentum-Quant"", ""call"": ""buy"", ""target_price"": 169.72, ""thesis"": ""Strong upward medium-term momentum (+6.1%) signals continued institutional accumulation.""}, {""model"": ""Simulated-AI-Fundamental-Value"", ""call"": ""sell"", ""target_price"": 123.4, ""thesis"": ""Elevated multi-month valuation multiples leave little safety margin against forward earnings revisions.""}, {""model"": ""Simulated-AI-Quality-Compounder"", ""call"": ""hold"", ""target_price"": 154.12, ""thesis"": ""Defensive operational balance sheet balanced by limited immediate re-rating catalysts.""}, {""model"": ""Simulated-AI-Macro-Tactical"", ""call"": ""hold"", ""target_price"": 164.34, ""thesis"": ""Positive operating execution and robust revenue traction support upside.""}]",-0.0012235398027813163,-0.00823570973428045,0.2980068046379718
CRM,2025-09-30,large_cap,0.5674,0.75,0.2936,214.93,4,"[{""model"": ""Simulated-AI-Momentum-Quant"", ""call"": ""sell"", ""target_price"": 205.85, ""thesis"": ""Persistent negative price trajectory (-11.8%) indicates structural distribution headwinds.""}, {""model"": ""Simulated-AI-Fundamental-Value"", ""call"": ""hold"", ""target_price"": 232.12, ""thesis"": ""Fair valuation reflects balanced risk-reward relative to sector peers.""}, {""model"": ""Simulated-AI-Quality-Compounder"", ""call"": ""sell"", ""target_price"": 209.88, ""thesis"": ""Heightened earnings volatility and cyclical margin pressures elevate downside risk.""}, {""model"": ""Simulated-AI-Macro-Tactical"", ""call"": ""sell"", ""target_price"": 211.88, ""thesis"": ""Macro headwinds and declining momentum justify a defensive posture.""}]",0.061012759897369116,0.12383658443915524,-0.21290872589379095
NFLX,2025-09-30,large_cap,0.4046,0.5,0.2616,119.58,4,"[{""model"": ""Simulated-AI-Momentum-Quant"", ""call"": ""sell"", ""target_price"": 103.78, ""thesis"": ""Persistent negative price trajectory (-6.7%) indicates structural distribution headwinds.""}, {""model"": ""Simulated-AI-Fundamental-Value"", ""call"": ""buy"", ""target_price"": 140.81, ""thesis"": ""Recent price softening provides an attractive risk-adjusted entry point against fundamental book value.""}, {""model"": ""Simulated-AI-Quality-Compounder"", ""call"": ""hold"", ""target_price"": 125.84, ""thesis"": ""Defensive operational balance sheet balanced by limited immediate re-rating catalysts.""}, {""model"": ""Simulated-AI-Macro-Tactical"", ""call"": ""hold"", ""target_price"": 107.9, ""thesis"": ""Macro headwinds and declining momentum justify a defensive posture.""}]",-0.08216559958316162,-0.21779601544664146,-0.20303269264202387
AMD,2025-09-30,large_cap,0.4325,0.5,0.3312,169.45,4,"[{""model"": ""Simulated-AI-Momentum-Quant"", ""call"": ""buy"", ""target_price"": 185.09, ""thesis"": ""Strong upward medium-term momentum (+16.8%) signals continued institutional accumulation.""}, {""model"": ""Simulated-AI-Fundamental-Value"", ""call"": ""sell"", ""target_price"": 133.48, ""thesis"": ""Elevated multi-month valuation multiples leave little safety margin against forward earnings revisions.""}, {""model"": ""Simulated-AI-Quality-Compounder"", ""call"": ""buy"", ""target_price"": 181.27, ""thesis"": ""Stable financial profile and durable competitive moat support long-term compounding potential.""}, {""model"": ""Simulated-AI-Macro-Tactical"", ""call"": ""hold"", ""target_price"": 177.97, ""thesis"": ""Positive operating execution and robust revenue traction support upside.""}]",0.6337845203119965,0.3309846422766844,0.2992769357626551
PEP,2025-09-30,large_cap,0.5994,0.75,0.3736,130.63,4,"[{""model"": ""Simulated-AI-Momentum-Quant"", ""call"": ""hold"", ""target_price"": 135.17, ""thesis"": ""Consolidating trading range warrants a neutral rating until breakout confirmation.""}, {""model"": ""Simulated-AI-Fundamental-Value"", ""call"": ""sell"", ""target_price"": 112.03, ""thesis"": ""Elevated multi-month valuation multiples leave little safety margin against forward earnings revisions.""}, {""model"": ""Simulated-AI-Quality-Compounder"", ""call"": ""hold"", ""target_price"": 139.02, ""thesis"": ""Defensive operational balance sheet balanced by limited immediate re-rating catalysts.""}, {""model"": ""Simulated-AI-Macro-Tactical"", ""call"": ""hold"", ""target_price"": 136.32, ""thesis"": ""Balanced near-term catalysts recommend maintaining current position.""}]",0.04072925085532569,0.03652833922392513,0.1218869203086193
KO,2025-09-30,large_cap,0.4328,0.5,0.332,59.28,4,"[{""model"": ""Simulated-AI-Momentum-Quant"", ""call"": ""hold"", ""target_price"": 67.78, ""thesis"": ""Consolidating trading range warrants a neutral rating until breakout confirmation.""}, {""model"": ""Simulated-AI-Fundamental-Value"", ""call"": ""sell"", ""target_price"": 53.62, ""thesis"": ""Elevated multi-month valuation multiples leave little safety margin against forward earnings revisions.""}, {""model"": ""Simulated-AI-Quality-Compounder"", ""call"": ""sell"", ""target_price"": 57.22, ""thesis"": ""Heightened earnings volatility and cyclical margin pressures elevate downside risk.""}, {""model"": ""Simulated-AI-Macro-Tactical"", ""call"": ""hold"", ""target_price"": 58.49, ""thesis"": ""Macro headwinds and declining momentum justify a defensive posture.""}]",0.030609218935633686,0.06396517071842144,0.1631661681216043
TMO,2025-09-30,large_cap,0.4252,0.5,0.3131,499.68,4,"[{""model"": ""Simulated-AI-Momentum-Quant"", ""call"": ""buy"", ""target_price"": 549.86, ""thesis"": ""Strong upward medium-term momentum (+13.5%) signals continued institutional accumulation.""}, {""model"": ""Simulated-AI-Fundamental-Value"", ""call"": ""hold"", ""target_price"": 489.69, ""thesis"": ""Fair valuation reflects balanced risk-reward relative to sector peers.""}, {""model"": ""Simulated-AI-Quality-Compounder"", ""call"": ""sell"", ""target_price"": 427.1, ""thesis"": ""Heightened earnings volatility and cyclical margin pressures elevate downside risk.""}, {""model"": ""Simulated-AI-Macro-Tactical"", ""call"": ""hold"", ""target_price"": 532.06, ""thesis"": ""Positive operating execution and robust revenue traction support upside.""}]",0.15110721897433504,0.20384463476095957,0.021403604629006878
WMT,2025-09-30,large_cap,0.4437,0.5,0.3594,101.38,4,"[{""model"": ""Simulated-AI-Momentum-Quant"", ""call"": ""hold"", ""target_price"": 103.27, ""thesis"": ""Consolidating trading range warrants a neutral rating until breakout confirmation.""}, {""model"": ""Simulated-AI-Fundamental-Value"", ""call"": ""sell"", ""target_price"": 84.67, ""thesis"": ""Elevated multi-month valuation multiples leave little safety margin against forward earnings revisions.""}, {""model"": ""Simulated-AI-Quality-Compounder"", ""call"": ""hold"", ""target_price"": 105.14, ""thesis"": ""Defensive operational balance sheet balanced by limited immediate re-rating catalysts.""}, {""model"": ""Simulated-AI-Macro-Tactical"", ""call"": ""buy"", ""target_price"": 112.42, ""thesis"": ""Positive operating execution and robust revenue traction support upside.""}]",-0.005821807568752683,0.08818299822567228,0.21531923864558672
MCD,2025-09-30,large_cap,0.4146,0.5,0.2864,303.31,4,"[{""model"": ""Simulated-AI-Momentum-Quant"", ""call"": ""buy"", ""target_price"": 339.41, ""thesis"": ""Strong upward medium-term momentum (+3.7%) signals continued institutional accumulation.""}, {""model"": ""Simulated-AI-Fundamental-Value"", ""call"": ""sell"", ""target_price"": 246.94, ""thesis"": ""Elevated multi-month valuation multiples leave little safety margin against forward earnings revisions.""}, {""model"": ""Simulated-AI-Quality-Compounder"", ""call"": ""buy"", ""target_price"": 327.67, ""thesis"": ""Stable financial profile and durable competitive moat support long-term compounding potential.""}, {""model"": ""Simulated-AI-Macro-Tactical"", ""call"": ""hold"", ""target_price"": 299.23, ""thesis"": ""Balanced near-term catalysts recommend maintaining current position.""}]",-0.005067692497223471,0.019705781709954278,0.022938833143149796
CSCO,2025-09-30,large_cap,0.586,0.75,0.3401,71.01,4,"[{""model"": ""Simulated-AI-Momentum-Quant"", ""call"": ""hold"", ""target_price"": 67.93, ""thesis"": ""Consolidating trading range warrants a neutral rating until breakout confirmation.""}, {""model"": ""Simulated-AI-Fundamental-Value"", ""call"": ""buy"", ""target_price"": 78.59, ""thesis"": ""Recent price softening provides an attractive risk-adjusted entry point against fundamental book value.""}, {""model"": ""Simulated-AI-Quality-Compounder"", ""call"": ""hold"", ""target_price"": 69.82, ""thesis"": ""Defensive operational balance sheet balanced by limited immediate re-rating catalysts.""}, {""model"": ""Simulated-AI-Macro-Tactical"", ""call"": ""hold"", ""target_price"": 67.7, ""thesis"": ""Balanced near-term catalysts recommend maintaining current position.""}]",0.04882655045476228,0.13822619778081519,0.15200376871481838
KNSL,2025-09-30,small_cap,0.5737,0.75,0.3093,405.14,4,"[{""model"": ""Simulated-AI-Momentum-Quant"", ""call"": ""sell"", ""target_price"": 367.15, ""thesis"": ""Persistent negative price trajectory (-10.1%) indicates structural distribution headwinds.""}, {""model"": ""Simulated-AI-Fundamental-Value"", ""call"": ""buy"", ""target_price"": 493.3, ""thesis"": ""Recent price softening provides an attractive risk-adjusted entry point against fundamental book value.""}, {""model"": ""Simulated-AI-Quality-Compounder"", ""call"": ""sell"", ""target_price"": 378.35, ""thesis"": ""Heightened earnings volatility and cyclical margin pressures elevate downside risk.""}, {""model"": ""Simulated-AI-Macro-Tactical"", ""call"": ""sell"", ""target_price"": 381.74, ""thesis"": ""Macro headwinds and declining momentum justify a defensive posture.""}]",-0.050957061487896506,-0.06925995140046368,-0.1859422955690445
SAIA,2025-09-30,small_cap,0.7327,1.0,0.3317,304.79,4,"[{""model"": ""Simulated-AI-Momentum-Quant"", ""call"": ""hold"", ""target_price"": 302.65, ""thesis"": ""Consolidating trading range warrants a neutral rating until breakout confirmation.""}, {""model"": ""Simulated-AI-Fundamental-Value"", ""call"": ""hold"", ""target_price"": 297.32, ""thesis"": ""Fair valuation reflects balanced risk-reward relative to sector peers.""}, {""model"": ""Simulated-AI-Quality-Compounder"", ""call"": ""hold"", ""target_price"": 316.84, ""thesis"": ""Defensive operational balance sheet balanced by limited immediate re-rating catalysts.""}, {""model"": ""Simulated-AI-Macro-Tactical"", ""call"": ""hold"", ""target_price"": 302.35, ""thesis"": ""Balanced near-term catalysts recommend maintaining current position.""}]",-0.0734901158355003,0.11016840125642392,0.18546239393367278
MEDP,2025-09-30,small_cap,0.4326,0.5,0.3315,535.59,4,"[{""model"": ""Simulated-AI-Momentum-Quant"", ""call"": ""buy"", ""target_price"": 579.97, ""thesis"": ""Strong upward medium-term momentum (+57.7%) signals continued institutional accumulation.""}, {""model"": ""Simulated-AI-Fundamental-Value"", ""call"": ""sell"", ""target_price"": 424.44, ""thesis"": ""Elevated multi-month valuation multiples leave little safety margin against forward earnings revisions.""}, {""model"": ""Simulated-AI-Quality-Compounder"", ""call"": ""buy"", ""target_price"": 572.36, ""thesis"": ""Stable financial profile and durable competitive moat support long-term compounding potential.""}, {""model"": ""Simulated-AI-Macro-Tactical"", ""call"": ""hold"", ""target_price"": 565.58, ""thesis"": ""Positive operating execution and robust revenue traction support upside.""}]",0.13694188162697588,0.1063676779562006,-0.04800055128224761
SSD,2025-09-30,small_cap,0.5495,0.75,0.2489,174.07,4,"[{""model"": ""Simulated-AI-Momentum-Quant"", ""call"": ""buy"", ""target_price"": 189.36, ""thesis"": ""Strong upward medium-term momentum (+1.9%) signals continued institutional accumulation.""}, {""model"": ""Simulated-AI-Fundamental-Value"", ""call"": ""hold"", ""target_price"": 167.87, ""thesis"": ""Fair valuation reflects balanced risk-reward relative to sector peers.""}, {""model"": ""Simulated-AI-Quality-Compounder"", ""call"": ""hold"", ""target_price"": 171.06, ""thesis"": ""Defensive operational balance sheet balanced by limited immediate re-rating catalysts.""}, {""model"": ""Simulated-AI-Macro-Tactical"", ""call"": ""hold"", ""target_price"": 168.0, ""thesis"": ""Balanced near-term catalysts recommend maintaining current position.""}]",0.07369867617890748,-0.013637703757397496,0.025052190917762084
EXPO,2025-09-30,small_cap,0.5737,0.75,0.3093,65.41,4,"[{""model"": ""Simulated-AI-Momentum-Quant"", ""call"": ""sell"", ""target_price"": 60.01, ""thesis"": ""Persistent negative price trajectory (-10.1%) indicates structural distribution headwinds.""}, {""model"": ""Simulated-AI-Fundamental-Value"", ""call"": ""buy"", ""target_price"": 79.31, ""thesis"": ""Recent price softening provides an attractive risk-adjusted entry point against fundamental book value.""}, {""model"": ""Simulated-AI-Quality-Compounder"", ""call"": ""sell"", ""target_price"": 60.88, ""thesis"": ""Heightened earnings volatility and cyclical margin pressures elevate downside risk.""}, {""model"": ""Simulated-AI-Macro-Tactical"", ""call"": ""sell"", ""target_price"": 61.43, ""thesis"": ""Macro headwinds and declining momentum justify a defensive posture.""}]",-0.0585780405765321,0.015473062910314857,-0.056313976195855375
FORM,2025-09-30,small_cap,0.5488,0.75,0.2471,38.2,4,"[{""model"": ""Simulated-AI-Momentum-Quant"", ""call"": ""buy"", ""target_price"": 41.9, ""thesis"": ""Strong upward medium-term momentum (+0.2%) signals continued institutional accumulation.""}, {""model"": ""Simulated-AI-Fundamental-Value"", ""call"": ""hold"", ""target_price"": 36.17, ""thesis"": ""Fair valuation reflects balanced risk-reward relative to sector peers.""}, {""model"": ""Simulated-AI-Quality-Compounder"", ""call"": ""hold"", ""target_price"": 37.95, ""thesis"": ""Defensive operational balance sheet balanced by limited immediate re-rating catalysts.""}, {""model"": ""Simulated-AI-Macro-Tactical"", ""call"": ""hold"", ""target_price"": 36.78, ""thesis"": ""Balanced near-term catalysts recommend maintaining current position.""}]",0.3102691823140487,0.5678199161143628,1.7707306077833236
CRVL,2025-09-30,small_cap,0.5761,0.75,0.3152,74.14,4,"[{""model"": ""Simulated-AI-Momentum-Quant"", ""call"": ""sell"", ""target_price"": 67.32, ""thesis"": ""Persistent negative price trajectory (-23.6%) indicates structural distribution headwinds.""}, {""model"": ""Simulated-AI-Fundamental-Value"", ""call"": ""buy"", ""target_price"": 90.12, ""thesis"": ""Recent price softening provides an attractive risk-adjusted entry point against fundamental book value.""}, {""model"": ""Simulated-AI-Quality-Compounder"", ""call"": ""sell"", ""target_price"": 69.45, ""thesis"": ""Heightened earnings volatility and cyclical margin pressures elevate downside risk.""}, {""model"": ""Simulated-AI-Macro-Tactical"", ""call"": ""sell"", ""target_price"": 69.68, ""thesis"": ""Macro headwinds and declining momentum justify a defensive posture.""}]",-0.05127875632391284,-0.11831563225726216,-0.30767243939794997
TKR,2025-09-30,small_cap,0.4033,0.5,0.2582,75.82,4,"[{""model"": ""Simulated-AI-Momentum-Quant"", ""call"": ""sell"", ""target_price"": 63.55, ""thesis"": ""Persistent negative price trajectory (-1.6%) indicates structural distribution headwinds.""}, {""model"": ""Simulated-AI-Fundamental-Value"", ""call"": ""buy"", ""target_price"": 86.89, ""thesis"": ""Recent price softening provides an attractive risk-adjusted entry point against fundamental book value.""}, {""model"": ""Simulated-AI-Quality-Compounder"", ""call"": ""hold"", ""target_price"": 77.94, ""thesis"": ""Defensive operational balance sheet balanced by limited immediate re-rating catalysts.""}, {""model"": ""Simulated-AI-Macro-Tactical"", ""call"": ""hold"", ""target_price"": 74.91, ""thesis"": ""Balanced near-term catalysts recommend maintaining current position.""}]",0.054136720748217904,0.1464158041415811,0.3679547907623401
POWI,2025-09-30,small_cap,0.5769,0.75,0.3173,37.83,4,"[{""model"": ""Simulated-AI-Momentum-Quant"", ""call"": ""sell"", ""target_price"": 34.02, ""thesis"": ""Persistent negative price trajectory (-31.7%) indicates structural distribution headwinds.""}, {""model"": ""Simulated-AI-Fundamental-Value"", ""call"": ""buy"", ""target_price"": 46.22, ""thesis"": ""Recent price softening provides an attractive risk-adjusted entry point against fundamental book value.""}, {""model"": ""Simulated-AI-Quality-Compounder"", ""call"": ""sell"", ""target_price"": 35.49, ""thesis"": ""Heightened earnings volatility and cyclical margin pressures elevate downside risk.""}, {""model"": ""Simulated-AI-Macro-Tactical"", ""call"": ""sell"", ""target_price"": 35.57, ""thesis"": ""Macro headwinds and declining momentum justify a defensive posture.""}]",0.03183308596060673,-0.09934151490954807,0.31641233738653934
CALM,2025-09-30,small_cap,0.4034,0.5,0.2585,90.4,4,"[{""model"": ""Simulated-AI-Momentum-Quant"", ""call"": ""sell"", ""target_price"": 78.33, ""thesis"": ""Persistent negative price trajectory (-6.8%) indicates structural distribution headwinds.""}, {""model"": ""Simulated-AI-Fundamental-Value"", ""call"": ""buy"", ""target_price"": 105.64, ""thesis"": ""Recent price softening provides an attractive risk-adjusted entry point against fundamental book value.""}, {""model"": ""Simulated-AI-Quality-Compounder"", ""call"": ""hold"", ""target_price"": 95.33, ""thesis"": ""Defensive operational balance sheet balanced by limited immediate re-rating catalysts.""}, {""model"": ""Simulated-AI-Macro-Tactical"", ""call"": ""sell"", ""target_price"": 82.28, ""thesis"": ""Macro headwinds and declining momentum justify a defensive posture.""}]",-0.05955788758945284,-0.13080360585437242,-0.09232966447487675
PLUS,2025-09-30,small_cap,0.5472,0.75,0.243,73.98,4,"[{""model"": ""Simulated-AI-Momentum-Quant"", ""call"": ""buy"", ""target_price"": 81.14, ""thesis"": ""Strong upward medium-term momentum (-0.7%) signals continued institutional accumulation.""}, {""model"": ""Simulated-AI-Fundamental-Value"", ""call"": ""hold"", ""target_price"": 69.78, ""thesis"": ""Fair valuation reflects balanced risk-reward relative to sector peers.""}, {""model"": ""Simulated-AI-Quality-Compounder"", ""call"": ""hold"", ""target_price"": 74.15, ""thesis"": ""Defensive operational balance sheet balanced by limited immediate re-rating catalysts.""}, {""model"": ""Simulated-AI-Macro-Tactical"", ""call"": ""hold"", ""target_price"": 70.84, ""thesis"": ""Balanced near-term catalysts recommend maintaining current position.""}]",0.01985632627452209,0.2511525105918065,0.07862329848253996
FSS,2025-09-30,small_cap,0.5825,0.75,0.3311,123.02,4,"[{""model"": ""Simulated-AI-Momentum-Quant"", ""call"": ""buy"", ""target_price"": 132.76, ""thesis"": ""Strong upward medium-term momentum (+8.9%) signals continued institutional accumulation.""}, {""model"": ""Simulated-AI-Fundamental-Value"", ""call"": ""sell"", ""target_price"": 97.83, ""thesis"": ""Elevated multi-month valuation multiples leave little safety margin against forward earnings revisions.""}, {""model"": ""Simulated-AI-Quality-Compounder"", ""call"": ""buy"", ""target_price"": 131.27, ""thesis"": ""Stable financial profile and durable competitive moat support long-term compounding potential.""}, {""model"": ""Simulated-AI-Macro-Tactical"", ""call"": ""buy"", ""target_price"": 130.21, ""thesis"": ""Positive operating execution and robust revenue traction support upside.""}]",0.09051180682660896,-0.07824653088625932,-0.07577059512562595
AMWD,2025-09-30,small_cap,0.5994,0.75,0.3736,97.31,4,"[{""model"": ""Simulated-AI-Momentum-Quant"", ""call"": ""hold"", ""target_price"": 102.1, ""thesis"": ""Consolidating trading range warrants a neutral rating until breakout confirmation.""}, {""model"": ""Simulated-AI-Fundamental-Value"", ""call"": ""sell"", ""target_price"": 83.05, ""thesis"": ""Elevated multi-month valuation multiples leave little safety margin against forward earnings revisions.""}, {""model"": ""Simulated-AI-Quality-Compounder"", ""call"": ""hold"", ""target_price"": 103.08, ""thesis"": ""Defensive operational balance sheet balanced by limited immediate re-rating catalysts.""}, {""model"": ""Simulated-AI-Macro-Tactical"", ""call"": ""hold"", ""target_price"": 101.0, ""thesis"": ""Balanced near-term catalysts recommend maintaining current position.""}]",,,
ATKR,2025-09-30,small_cap,0.5727,0.75,0.3067,58.72,4,"[{""model"": ""Simulated-AI-Momentum-Quant"", ""call"": ""sell"", ""target_price"": 53.24, ""thesis"": ""Persistent negative price trajectory (-16.2%) indicates structural distribution headwinds.""}, {""model"": ""Simulated-AI-Fundamental-Value"", ""call"": ""buy"", ""target_price"": 71.05, ""thesis"": ""Recent price softening provides an attractive risk-adjusted entry point against fundamental book value.""}, {""model"": ""Simulated-AI-Quality-Compounder"", ""call"": ""sell"", ""target_price"": 55.12, ""thesis"": ""Heightened earnings volatility and cyclical margin pressures elevate downside risk.""}, {""model"": ""Simulated-AI-Macro-Tactical"", ""call"": ""sell"", ""target_price"": 55.46, ""thesis"": ""Macro headwinds and declining momentum justify a defensive posture.""}]",0.10726800148779381,0.021630956808910123,-0.030120209677890662
BRC,2025-09-30,small_cap,0.4124,0.5,0.2811,78.97,4,"[{""model"": ""Simulated-AI-Momentum-Quant"", ""call"": ""buy"", ""target_price"": 86.46, ""thesis"": ""Strong upward medium-term momentum (+13.1%) signals continued institutional accumulation.""}, {""model"": ""Simulated-AI-Fundamental-Value"", ""call"": ""sell"", ""target_price"": 64.87, ""thesis"": ""Elevated multi-month valuation multiples leave little safety margin against forward earnings revisions.""}, {""model"": ""Simulated-AI-Quality-Compounder"", ""call"": ""hold"", ""target_price"": 79.77, ""thesis"": ""Defensive operational balance sheet balanced by limited immediate re-rating catalysts.""}, {""model"": ""Simulated-AI-Macro-Tactical"", ""call"": ""buy"", ""target_price"": 84.8, ""thesis"": ""Positive operating execution and robust revenue traction support upside.""}]",-0.015383456774533975,0.018950126007600633,0.0654561637439725
CNO,2025-09-30,small_cap,0.4229,0.5,0.3071,38.51,4,"[{""model"": ""Simulated-AI-Momentum-Quant"", ""call"": ""hold"", ""target_price"": 38.79, ""thesis"": ""Consolidating trading range warrants a neutral rating until breakout confirmation.""}, {""model"": ""Simulated-AI-Fundamental-Value"", ""call"": ""sell"", ""target_price"": 32.74, ""thesis"": ""Elevated multi-month valuation multiples leave little safety margin against forward earnings revisions.""}, {""model"": ""Simulated-AI-Quality-Compounder"", ""call"": ""buy"", ""target_price"": 43.15, ""thesis"": ""Stable financial profile and durable competitive moat support long-term compounding potential.""}, {""model"": ""Simulated-AI-Macro-Tactical"", ""call"": ""hold"", ""target_price"": 39.34, ""thesis"": ""Balanced near-term catalysts recommend maintaining current position.""}]",0.00809080491867812,0.0865358517873222,0.047440269059446746
CSGS,2025-09-30,small_cap,0.5412,0.75,0.2281,98.06,4,"[{""model"": ""Simulated-AI-Momentum-Quant"", ""call"": ""hold"", ""target_price"": 102.6, ""thesis"": ""Consolidating trading range warrants a neutral rating until breakout confirmation.""}, {""model"": ""Simulated-AI-Fundamental-Value"", ""call"": ""hold"", ""target_price"": 100.2, ""thesis"": ""Fair valuation reflects balanced risk-reward relative to sector peers.""}, {""model"": ""Simulated-AI-Quality-Compounder"", ""call"": ""sell"", ""target_price"": 88.45, ""thesis"": ""Heightened earnings volatility and cyclical margin pressures elevate downside risk.""}, {""model"": ""Simulated-AI-Macro-Tactical"", ""call"": ""hold"", ""target_price"": 101.0, ""thesis"": ""Balanced near-term catalysts recommend maintaining current position.""}]",,,
ENSG,2025-09-30,small_cap,0.583,0.75,0.3324,180.67,4,"[{""model"": ""Simulated-AI-Momentum-Quant"", ""call"": ""buy"", ""target_price"": 195.08, ""thesis"": ""Strong upward medium-term momentum (+16.1%) signals continued institutional accumulation.""}, {""model"": ""Simulated-AI-Fundamental-Value"", ""call"": ""sell"", ""target_price"": 143.07, ""thesis"": ""Elevated multi-month valuation multiples leave little safety margin against forward earnings revisions.""}, {""model"": ""Simulated-AI-Quality-Compounder"", ""call"": ""buy"", ""target_price"": 194.7, ""thesis"": ""Stable financial profile and durable competitive moat support long-term compounding potential.""}, {""model"": ""Simulated-AI-Macro-Tactical"", ""call"": ""buy"", ""target_price"": 189.84, ""thesis"": ""Positive operating execution and robust revenue traction support upside.""}]",0.05747517499736962,0.022862697908165835,0.15898921059541987
FIX,2025-09-30,small_cap,0.5827,0.75,0.3317,862.71,4,"[{""model"": ""Simulated-AI-Momentum-Quant"", ""call"": ""buy"", ""target_price"": 955.25, ""thesis"": ""Strong upward medium-term momentum (+55.8%) signals continued institutional accumulation.""}, {""model"": ""Simulated-AI-Fundamental-Value"", ""call"": ""sell"", ""target_price"": 683.91, ""thesis"": ""Elevated multi-month valuation multiples leave little safety margin against forward earnings revisions.""}, {""model"": ""Simulated-AI-Quality-Compounder"", ""call"": ""buy"", ""target_price"": 905.84, ""thesis"": ""Stable financial profile and durable competitive moat support long-term compounding potential.""}, {""model"": ""Simulated-AI-Macro-Tactical"", ""call"": ""buy"", ""target_price"": 905.84, ""thesis"": ""Positive operating execution and robust revenue traction support upside.""}]",0.22475102320828577,0.14825156104069923,0.7331295798488614
GBCI,2025-09-30,small_cap,0.4331,0.5,0.3328,48.14,4,"[{""model"": ""Simulated-AI-Momentum-Quant"", ""call"": ""hold"", ""target_price"": 47.35, ""thesis"": ""Consolidating trading range warrants a neutral rating until breakout confirmation.""}, {""model"": ""Simulated-AI-Fundamental-Value"", ""call"": ""sell"", ""target_price"": 39.9, ""thesis"": ""Elevated multi-month valuation multiples leave little safety margin against forward earnings revisions.""}, {""model"": ""Simulated-AI-Quality-Compounder"", ""call"": ""buy"", ""target_price"": 53.26, ""thesis"": ""Stable financial profile and durable competitive moat support long-term compounding potential.""}, {""model"": ""Simulated-AI-Macro-Tactical"", ""call"": ""hold"", ""target_price"": 52.06, ""thesis"": ""Positive operating execution and robust revenue traction support upside.""}]",-0.15864408692287865,-0.07353422427134382,-0.06081723948929585
GPI,2025-09-30,small_cap,0.5643,0.75,0.2857,431.79,4,"[{""model"": ""Simulated-AI-Momentum-Quant"", ""call"": ""hold"", ""target_price"": 446.53, ""thesis"": ""Consolidating trading range warrants a neutral rating until breakout confirmation.""}, {""model"": ""Simulated-AI-Fundamental-Value"", ""call"": ""hold"", ""target_price"": 432.67, ""thesis"": ""Fair valuation reflects balanced risk-reward relative to sector peers.""}, {""model"": ""Simulated-AI-Quality-Compounder"", ""call"": ""hold"", ""target_price"": 456.83, ""thesis"": ""Defensive operational balance sheet balanced by limited immediate re-rating catalysts.""}, {""model"": ""Simulated-AI-Macro-Tactical"", ""call"": ""sell"", ""target_price"": 391.12, ""thesis"": ""Macro headwinds and declining momentum justify a defensive posture.""}]",-0.07604413106175356,-0.08505172991318319,-0.24170176070605215
HLNE,2025-09-30,small_cap,0.4071,0.5,0.2676,125.05,4,"[{""model"": ""Simulated-AI-Momentum-Quant"", ""call"": ""sell"", ""target_price"": 113.24, ""thesis"": ""Persistent negative price trajectory (-6.8%) indicates structural distribution headwinds.""}, {""model"": ""Simulated-AI-Fundamental-Value"", ""call"": ""hold"", ""target_price"": 131.21, ""thesis"": ""Fair valuation reflects balanced risk-reward relative to sector peers.""}, {""model"": ""Simulated-AI-Quality-Compounder"", ""call"": ""hold"", ""target_price"": 136.46, ""thesis"": ""Defensive operational balance sheet balanced by limited immediate re-rating catalysts.""}, {""model"": ""Simulated-AI-Macro-Tactical"", ""call"": ""sell"", ""target_price"": 119.29, ""thesis"": ""Macro headwinds and declining momentum justify a defensive posture.""}]",-0.14377915267589575,0.01180192303330927,-0.2734851257387858
HWKN,2025-09-30,small_cap,0.5836,0.75,0.3339,191.03,4,"[{""model"": ""Simulated-AI-Momentum-Quant"", ""call"": ""buy"", ""target_price"": 208.31, ""thesis"": ""Strong upward medium-term momentum (+21.5%) signals continued institutional accumulation.""}, {""model"": ""Simulated-AI-Fundamental-Value"", ""call"": ""sell"", ""target_price"": 153.0, ""thesis"": ""Elevated multi-month valuation multiples leave little safety margin against forward earnings revisions.""}, {""model"": ""Simulated-AI-Quality-Compounder"", ""call"": ""buy"", ""target_price"": 202.93, ""thesis"": ""Stable financial profile and durable competitive moat support long-term compounding potential.""}, {""model"": ""Simulated-AI-Macro-Tactical"", ""call"": ""buy"", ""target_price"": 199.88, ""thesis"": ""Positive operating execution and robust revenue traction support upside.""}]",-0.13211468307238794,-0.21276294329549494,-0.14262712449382225
IBP,2025-09-30,small_cap,0.4447,0.5,0.3618,242.31,4,"[{""model"": ""Simulated-AI-Momentum-Quant"", ""call"": ""buy"", ""target_price"": 280.17, ""thesis"": ""Strong upward medium-term momentum (+26.3%) signals continued institutional accumulation.""}, {""model"": ""Simulated-AI-Fundamental-Value"", ""call"": ""sell"", ""target_price"": 205.96, ""thesis"": ""Elevated multi-month valuation multiples leave little safety margin against forward earnings revisions.""}, {""model"": ""Simulated-AI-Quality-Compounder"", ""call"": ""sell"", ""target_price"": 214.86, ""thesis"": ""Heightened earnings volatility and cyclical margin pressures elevate downside risk.""}, {""model"": ""Simulated-AI-Macro-Tactical"", ""call"": ""hold"", ""target_price"": 268.27, ""thesis"": ""Positive operating execution and robust revenue traction support upside.""}]",0.0652720999842521,0.07366259951071999,0.1180614346036123
KAR,2025-09-30,small_cap,0.586,0.75,0.3401,106.0,4,"[{""model"": ""Simulated-AI-Momentum-Quant"", ""call"": ""hold"", ""target_price"": 101.3, ""thesis"": ""Consolidating trading range warrants a neutral rating until breakout confirmation.""}, {""model"": ""Simulated-AI-Fundamental-Value"", ""call"": ""buy"", ""target_price"": 117.2, ""thesis"": ""Recent price softening provides an attractive risk-adjusted entry point against fundamental book value.""}, {""model"": ""Simulated-AI-Quality-Compounder"", ""call"": ""hold"", ""target_price"": 104.48, ""thesis"": ""Defensive operational balance sheet balanced by limited immediate re-rating catalysts.""}, {""model"": ""Simulated-AI-Macro-Tactical"", ""call"": ""hold"", ""target_price"": 101.0, ""thesis"": ""Balanced near-term catalysts recommend maintaining current position.""}]",,,
MC,2025-09-30,small_cap,0.5746,0.75,0.3116,74.9,4,"[{""model"": ""Simulated-AI-Momentum-Quant"", ""call"": ""buy"", ""target_price"": 78.18, ""thesis"": ""Strong upward medium-term momentum (+9.9%) signals continued institutional accumulation.""}, {""model"": ""Simulated-AI-Fundamental-Value"", ""call"": ""hold"", ""target_price"": 69.71, ""thesis"": ""Fair valuation reflects balanced risk-reward relative to sector peers.""}, {""model"": ""Simulated-AI-Quality-Compounder"", ""call"": ""buy"", ""target_price"": 76.33, ""thesis"": ""Stable financial profile and durable competitive moat support long-term compounding potential.""}, {""model"": ""Simulated-AI-Macro-Tactical"", ""call"": ""buy"", ""target_price"": 75.38, ""thesis"": ""Positive operating execution and robust revenue traction support upside.""}]",-0.06281538848646928,-0.0019071943423241272,-0.18911279278717583
OII,2025-09-30,small_cap,0.5742,0.75,0.3105,27.02,4,"[{""model"": ""Simulated-AI-Momentum-Quant"", ""call"": ""buy"", ""target_price"": 28.35, ""thesis"": ""Strong upward medium-term momentum (+15.4%) signals continued institutional accumulation.""}, {""model"": ""Simulated-AI-Fundamental-Value"", ""call"": ""hold"", ""target_price"": 25.13, ""thesis"": ""Fair valuation reflects balanced risk-reward relative to sector peers.""}, {""model"": ""Simulated-AI-Quality-Compounder"", ""call"": ""buy"", ""target_price"": 27.33, ""thesis"": ""Stable financial profile and durable competitive moat support long-term compounding potential.""}, {""model"": ""Simulated-AI-Macro-Tactical"", ""call"": ""buy"", ""target_price"": 27.26, ""thesis"": ""Positive operating execution and robust revenue traction support upside.""}]",-0.050443904978326036,-0.018966957533476547,0.38700556818013004
PRDO,2025-09-30,small_cap,0.5828,0.75,0.3319,38.98,4,"[{""model"": ""Simulated-AI-Momentum-Quant"", ""call"": ""buy"", ""target_price"": 42.75, ""thesis"": ""Strong upward medium-term momentum (+19.7%) signals continued institutional accumulation.""}, {""model"": ""Simulated-AI-Fundamental-Value"", ""call"": ""sell"", ""target_price"": 31.26, ""thesis"": ""Elevated multi-month valuation multiples leave little safety margin against forward earnings revisions.""}, {""model"": ""Simulated-AI-Quality-Compounder"", ""call"": ""buy"", ""target_price"": 41.27, ""thesis"": ""Stable financial profile and durable competitive moat support long-term compounding potential.""}, {""model"": ""Simulated-AI-Macro-Tactical"", ""call"": ""buy"", ""target_price"": 40.62, ""thesis"": ""Positive operating execution and robust revenue traction support upside.""}]",-0.08019131106529227,-0.203372085828,0.012083489193505543
SHOO,2025-09-30,small_cap,0.5829,0.75,0.3322,34.41,4,"[{""model"": ""Simulated-AI-Momentum-Quant"", ""call"": ""buy"", ""target_price"": 37.07, ""thesis"": ""Strong upward medium-term momentum (+29.4%) signals continued institutional accumulation.""}, {""model"": ""Simulated-AI-Fundamental-Value"", ""call"": ""sell"", ""target_price"": 27.54, ""thesis"": ""Elevated multi-month valuation multiples leave little safety margin against forward earnings revisions.""}, {""model"": ""Simulated-AI-Quality-Compounder"", ""call"": ""buy"", ""target_price"": 36.79, ""thesis"": ""Stable financial profile and durable competitive moat support long-term compounding potential.""}, {""model"": ""Simulated-AI-Macro-Tactical"", ""call"": ""buy"", ""target_price"": 36.26, ""thesis"": ""Positive operating execution and robust revenue traction support upside.""}]",0.02807644586010852,0.2662528472749495,0.028495898072186523
SLVM,2025-09-30,small_cap,0.575,0.75,0.3125,40.41,4,"[{""model"": ""Simulated-AI-Momentum-Quant"", ""call"": ""sell"", ""target_price"": 36.85, ""thesis"": ""Persistent negative price trajectory (-15.5%) indicates structural distribution headwinds.""}, {""model"": ""Simulated-AI-Fundamental-Value"", ""call"": ""buy"", ""target_price"": 48.79, ""thesis"": ""Recent price softening provides an attractive risk-adjusted entry point against fundamental book value.""}, {""model"": ""Simulated-AI-Quality-Compounder"", ""call"": ""sell"", ""target_price"": 37.81, ""thesis"": ""Heightened earnings volatility and cyclical margin pressures elevate downside risk.""}, {""model"": ""Simulated-AI-Macro-Tactical"", ""call"": ""sell"", ""target_price"": 38.17, ""thesis"": ""Macro headwinds and declining momentum justify a defensive posture.""}]",-0.0465056865281723,0.10312025670990714,-0.014840557984757781
AAPL,2025-12-31,large_cap,0.5827,0.75,0.3317,284.65,4,"[{""model"": ""Simulated-AI-Momentum-Quant"", ""call"": ""buy"", ""target_price"": 309.29, ""thesis"": ""Strong upward medium-term momentum (+5.8%) signals continued institutional accumulation.""}, {""model"": ""Simulated-AI-Fundamental-Value"", ""call"": ""sell"", ""target_price"": 226.66, ""thesis"": ""Elevated multi-month valuation multiples leave little safety margin against forward earnings revisions.""}, {""model"": ""Simulated-AI-Quality-Compounder"", ""call"": ""buy"", ""target_price"": 304.41, ""thesis"": ""Stable financial profile and durable competitive moat support long-term compounding potential.""}, {""model"": ""Simulated-AI-Macro-Tactical"", ""call"": ""buy"", ""target_price"": 298.23, ""thesis"": ""Positive operating execution and robust revenue traction support upside.""}]",-0.006804833700017104,-0.05775222008332595,0.15221407260545405
MSFT,2025-12-31,large_cap,0.5667,0.75,0.2917,436.1,4,"[{""model"": ""Simulated-AI-Momentum-Quant"", ""call"": ""sell"", ""target_price"": 408.68, ""thesis"": ""Persistent negative price trajectory (-6.1%) indicates structural distribution headwinds.""}, {""model"": ""Simulated-AI-Fundamental-Value"", ""call"": ""hold"", ""target_price"": 478.65, ""thesis"": ""Fair valuation reflects balanced risk-reward relative to sector peers.""}, {""model"": ""Simulated-AI-Quality-Compounder"", ""call"": ""sell"", ""target_price"": 424.58, ""thesis"": ""Heightened earnings volatility and cyclical margin pressures elevate downside risk.""}, {""model"": ""Simulated-AI-Macro-Tactical"", ""call"": ""sell"", ""target_price"": 432.51, ""thesis"": ""Macro headwinds and declining momentum justify a defensive posture.""}]",-0.12458123128733484,-0.22601959338443864,-0.19676141188400134
NVDA,2025-12-31,large_cap,0.5994,0.75,0.3736,180.9,4,"[{""model"": ""Simulated-AI-Momentum-Quant"", ""call"": ""hold"", ""target_price"": 188.66, ""thesis"": ""Consolidating trading range warrants a neutral rating until breakout confirmation.""}, {""model"": ""Simulated-AI-Fundamental-Value"", ""call"": ""sell"", ""target_price"": 153.59, ""thesis"": ""Elevated multi-month valuation multiples leave little safety margin against forward earnings revisions.""}, {""model"": ""Simulated-AI-Quality-Compounder"", ""call"": ""hold"", ""target_price"": 193.43, ""thesis"": ""Defensive operational balance sheet balanced by limited immediate re-rating catalysts.""}, {""model"": ""Simulated-AI-Macro-Tactical"", ""call"": ""hold"", ""target_price"": 187.92, ""thesis"": ""Balanced near-term catalysts recommend maintaining current position.""}]",-0.004772128427832688,-0.04879575329692739,0.049804369879111826
AMZN,2025-12-31,large_cap,0.4229,0.5,0.3071,229.01,4,"[{""model"": ""Simulated-AI-Momentum-Quant"", ""call"": ""hold"", ""target_price"": 233.47, ""thesis"": ""Consolidating trading range warrants a neutral rating until breakout confirmation.""}, {""model"": ""Simulated-AI-Fundamental-Value"", ""call"": ""sell"", ""target_price"": 194.7, ""thesis"": ""Elevated multi-month valuation multiples leave little safety margin against forward earnings revisions.""}, {""model"": ""Simulated-AI-Quality-Compounder"", ""call"": ""buy"", ""target_price"": 254.73, ""thesis"": ""Stable financial profile and durable competitive moat support long-term compounding potential.""}, {""model"": ""Simulated-AI-Macro-Tactical"", ""call"": ""hold"", ""target_price"": 233.13, ""thesis"": ""Balanced near-term catalysts recommend maintaining current position.""}]",0.05259509143241696,-0.09119661374150374,0.057793934297700286
GOOGL,2025-12-31,large_cap,0.5828,0.75,0.3321,326.28,4,"[{""model"": ""Simulated-AI-Momentum-Quant"", ""call"": ""buy"", ""target_price"": 354.88, ""thesis"": ""Strong upward medium-term momentum (+27.5%) signals continued institutional accumulation.""}, {""model"": ""Simulated-AI-Fundamental-Value"", ""call"": ""sell"", ""target_price"": 262.41, ""thesis"": ""Elevated multi-month valuation multiples leave little safety margin against forward earnings revisions.""}, {""model"": ""Simulated-AI-Quality-Compounder"", ""call"": ""buy"", ""target_price"": 344.19, ""thesis"": ""Stable financial profile and durable competitive moat support long-term compounding potential.""}, {""model"": ""Simulated-AI-Macro-Tactical"", ""call"": ""buy"", ""target_price"": 343.63, ""thesis"": ""Positive operating execution and robust revenue traction support upside.""}]",0.09805107639146343,-0.05438270669647772,0.17232266862280957
META,2025-12-31,large_cap,0.4027,0.5,0.2569,655.94,4,"[{""model"": ""Simulated-AI-Momentum-Quant"", ""call"": ""sell"", ""target_price"": 567.19, ""thesis"": ""Persistent negative price trajectory (-9.1%) indicates structural distribution headwinds.""}, {""model"": ""Simulated-AI-Fundamental-Value"", ""call"": ""buy"", ""target_price"": 773.56, ""thesis"": ""Recent price softening provides an attractive risk-adjusted entry point against fundamental book value.""}, {""model"": ""Simulated-AI-Quality-Compounder"", ""call"": ""hold"", ""target_price"": 690.01, ""thesis"": ""Defensive operational balance sheet balanced by limited immediate re-rating catalysts.""}, {""model"": ""Simulated-AI-Macro-Tactical"", ""call"": ""sell"", ""target_price"": 593.02, ""thesis"": ""Macro headwinds and declining momentum justify a defensive posture.""}]",0.07017210067232585,-0.12897963236701274,-0.08897160321306954
BRK-B,2025-12-31,large_cap,0.5497,0.75,0.2492,527.28,4,"[{""model"": ""Simulated-AI-Momentum-Quant"", ""call"": ""buy"", ""target_price"": 570.61, ""thesis"": ""Strong upward medium-term momentum (+1.4%) signals continued institutional accumulation.""}, {""model"": ""Simulated-AI-Fundamental-Value"", ""call"": ""hold"", ""target_price"": 505.67, ""thesis"": ""Fair valuation reflects balanced risk-reward relative to sector peers.""}, {""model"": ""Simulated-AI-Quality-Compounder"", ""call"": ""hold"", ""target_price"": 525.17, ""thesis"": ""Defensive operational balance sheet balanced by limited immediate re-rating catalysts.""}, {""model"": ""Simulated-AI-Macro-Tactical"", ""call"": ""hold"", ""target_price"": 507.68, ""thesis"": ""Balanced near-term catalysts recommend maintaining current position.""}]",-0.030558013604046183,-0.05033321018636881,0.007818547147123992
JPM,2025-12-31,large_cap,0.4471,0.5,0.3678,303.53,4,"[{""model"": ""Simulated-AI-Momentum-Quant"", ""call"": ""hold"", ""target_price"": 317.07, ""thesis"": ""Consolidating trading range warrants a neutral rating until breakout confirmation.""}, {""model"": ""Simulated-AI-Fundamental-Value"", ""call"": ""sell"", ""target_price"": 267.51, ""thesis"": ""Elevated multi-month valuation multiples leave little safety margin against forward earnings revisions.""}, {""model"": ""Simulated-AI-Quality-Compounder"", ""call"": ""sell"", ""target_price"": 280.06, ""thesis"": ""Heightened earnings volatility and cyclical margin pressures elevate downside risk.""}, {""model"": ""Simulated-AI-Macro-Tactical"", ""call"": ""hold"", ""target_price"": 349.48, ""thesis"": ""Positive operating execution and robust revenue traction support upside.""}]",-0.039383233016421416,-0.08159375656177496,0.06298679605182143
V,2025-12-31,large_cap,0.7327,1.0,0.3317,355.81,4,"[{""model"": ""Simulated-AI-Momentum-Quant"", ""call"": ""hold"", ""target_price"": 355.07, ""thesis"": ""Consolidating trading range warrants a neutral rating until breakout confirmation.""}, {""model"": ""Simulated-AI-Fundamental-Value"", ""call"": ""hold"", ""target_price"": 346.81, ""thesis"": ""Fair valuation reflects balanced risk-reward relative to sector peers.""}, {""model"": ""Simulated-AI-Quality-Compounder"", ""call"": ""hold"", ""target_price"": 369.26, ""thesis"": ""Defensive operational balance sheet balanced by limited immediate re-rating catalysts.""}, {""model"": ""Simulated-AI-Macro-Tactical"", ""call"": ""hold"", ""target_price"": 352.11, ""thesis"": ""Balanced near-term catalysts recommend maintaining current position.""}]",-0.048102467656932206,-0.14054269684127446,0.022864597686096725
LLY,2025-12-31,large_cap,0.5831,0.75,0.3327,1120.39,4,"[{""model"": ""Simulated-AI-Momentum-Quant"", ""call"": ""buy"", ""target_price"": 1214.11, ""thesis"": ""Strong upward medium-term momentum (+31.3%) signals continued institutional accumulation.""}, {""model"": ""Simulated-AI-Fundamental-Value"", ""call"": ""sell"", ""target_price"": 907.48, ""thesis"": ""Elevated multi-month valuation multiples leave little safety margin against forward earnings revisions.""}, {""model"": ""Simulated-AI-Quality-Compounder"", ""call"": ""buy"", ""target_price"": 1183.52, ""thesis"": ""Stable financial profile and durable competitive moat support long-term compounding potential.""}, {""model"": ""Simulated-AI-Macro-Tactical"", ""call"": ""buy"", ""target_price"": 1176.46, ""thesis"": ""Positive operating execution and robust revenue traction support upside.""}]",-0.02842702652791187,-0.12798091320718452,0.12045653168636108
UNH,2025-12-31,large_cap,0.4069,0.5,0.2674,311.27,4,"[{""model"": ""Simulated-AI-Momentum-Quant"", ""call"": ""sell"", ""target_price"": 285.83, ""thesis"": ""Persistent negative price trajectory (-6.0%) indicates structural distribution headwinds.""}, {""model"": ""Simulated-AI-Fundamental-Value"", ""call"": ""hold"", ""target_price"": 324.53, ""thesis"": ""Fair valuation reflects balanced risk-reward relative to sector peers.""}, {""model"": ""Simulated-AI-Quality-Compounder"", ""call"": ""hold"", ""target_price"": 341.59, ""thesis"": ""Defensive operational balance sheet balanced by limited immediate re-rating catalysts.""}, {""model"": ""Simulated-AI-Macro-Tactical"", ""call"": ""sell"", ""target_price"": 293.13, ""thesis"": ""Macro headwinds and declining momentum justify a defensive posture.""}]",-0.13486407583052068,-0.15356844162860517,0.28334633542472426
XOM,2025-12-31,large_cap,0.4453,0.5,0.3633,116.72,4,"[{""model"": ""Simulated-AI-Momentum-Quant"", ""call"": ""buy"", ""target_price"": 134.2, ""thesis"": ""Strong upward medium-term momentum (+9.1%) signals continued institutional accumulation.""}, {""model"": ""Simulated-AI-Fundamental-Value"", ""call"": ""sell"", ""target_price"": 98.92, ""thesis"": ""Elevated multi-month valuation multiples leave little safety margin against forward earnings revisions.""}, {""model"": ""Simulated-AI-Quality-Compounder"", ""call"": ""sell"", ""target_price"": 103.99, ""thesis"": ""Heightened earnings volatility and cyclical margin pressures elevate downside risk.""}, {""model"": ""Simulated-AI-Macro-Tactical"", ""call"": ""hold"", ""target_price"": 129.77, ""thesis"": ""Positive operating execution and robust revenue traction support upside.""}]",0.1500747558350066,0.3442002580739954,0.1490915059405973
JNJ,2025-12-31,large_cap,0.583,0.75,0.3325,212.9,4,"[{""model"": ""Simulated-AI-Momentum-Quant"", ""call"": ""buy"", ""target_price"": 232.84, ""thesis"": ""Strong upward medium-term momentum (+12.0%) signals continued institutional accumulation.""}, {""model"": ""Simulated-AI-Fundamental-Value"", ""call"": ""sell"", ""target_price"": 168.74, ""thesis"": ""Elevated multi-month valuation multiples leave little safety margin against forward earnings revisions.""}, {""model"": ""Simulated-AI-Quality-Compounder"", ""call"": ""buy"", ""target_price"": 225.99, ""thesis"": ""Stable financial profile and durable competitive moat support long-term compounding potential.""}, {""model"": ""Simulated-AI-Macro-Tactical"", ""call"": ""buy"", ""target_price"": 224.04, ""thesis"": ""Positive operating execution and robust revenue traction support upside.""}]",0.11500360990924395,0.18063308600753913,0.26701109328819095
PG,2025-12-31,large_cap,0.4052,0.5,0.263,138.3,4,"[{""model"": ""Simulated-AI-Momentum-Quant"", ""call"": ""sell"", ""target_price"": 119.78, ""thesis"": ""Persistent negative price trajectory (-5.1%) indicates structural distribution headwinds.""}, {""model"": ""Simulated-AI-Fundamental-Value"", ""call"": ""buy"", ""target_price"": 162.13, ""thesis"": ""Recent price softening provides an attractive risk-adjusted entry point against fundamental book value.""}, {""model"": ""Simulated-AI-Quality-Compounder"", ""call"": ""hold"", ""target_price"": 145.12, ""thesis"": ""Defensive operational balance sheet balanced by limited immediate re-rating catalysts.""}, {""model"": ""Simulated-AI-Macro-Tactical"", ""call"": ""hold"", ""target_price"": 126.17, ""thesis"": ""Macro headwinds and declining momentum justify a defensive posture.""}]",0.07653098764534473,0.005764809194437466,0.057165586862452204
HD,2025-12-31,large_cap,0.424,0.5,0.31,318.32,4,"[{""model"": ""Simulated-AI-Momentum-Quant"", ""call"": ""sell"", ""target_price"": 284.79, ""thesis"": ""Persistent negative price trajectory (-12.3%) indicates structural distribution headwinds.""}, {""model"": ""Simulated-AI-Fundamental-Value"", ""call"": ""buy"", ""target_price"": 388.82, ""thesis"": ""Recent price softening provides an attractive risk-adjusted entry point against fundamental book value.""}, {""model"": ""Simulated-AI-Quality-Compounder"", ""call"": ""sell"", ""target_price"": 296.54, ""thesis"": ""Heightened earnings volatility and cyclical margin pressures elevate downside risk.""}, {""model"": ""Simulated-AI-Macro-Tactical"", ""call"": ""hold"", ""target_price"": 303.11, ""thesis"": ""Macro headwinds and declining momentum justify a defensive posture.""}]",0.0988665691543778,-0.0590517796778035,0.03354251779242858
MA,2025-12-31,large_cap,0.3987,0.5,0.2468,619.5,4,"[{""model"": ""Simulated-AI-Momentum-Quant"", ""call"": ""buy"", ""target_price"": 654.89, ""thesis"": ""Strong upward medium-term momentum (-1.0%) signals continued institutional accumulation.""}, {""model"": ""Simulated-AI-Fundamental-Value"", ""call"": ""buy"", ""target_price"": 660.12, ""thesis"": ""Recent price softening provides an attractive risk-adjusted entry point against fundamental book value.""}, {""model"": ""Simulated-AI-Quality-Compounder"", ""call"": ""hold"", ""target_price"": 589.22, ""thesis"": ""Defensive operational balance sheet balanced by limited immediate re-rating catalysts.""}, {""model"": ""Simulated-AI-Macro-Tactical"", ""call"": ""hold"", ""target_price"": 573.77, ""thesis"": ""Balanced near-term catalysts recommend maintaining current position.""}]",-0.025707362066344386,-0.13435192253249872,-0.06316871775835886
COST,2025-12-31,large_cap,0.4047,0.5,0.2618,853.63,4,"[{""model"": ""Simulated-AI-Momentum-Quant"", ""call"": ""sell"", ""target_price"": 745.91, ""thesis"": ""Persistent negative price trajectory (-5.8%) indicates structural distribution headwinds.""}, {""model"": ""Simulated-AI-Fundamental-Value"", ""call"": ""buy"", ""target_price"": 1005.79, ""thesis"": ""Recent price softening provides an attractive risk-adjusted entry point against fundamental book value.""}, {""model"": ""Simulated-AI-Quality-Compounder"", ""call"": ""hold"", ""target_price"": 890.14, ""thesis"": ""Defensive operational balance sheet balanced by limited immediate re-rating catalysts.""}, {""model"": ""Simulated-AI-Macro-Tactical"", ""call"": ""sell"", ""target_price"": 772.69, ""thesis"": ""Macro headwinds and declining momentum justify a defensive posture.""}]",0.12447869920687407,0.17859153968348193,0.10505012087232832
ABBV,2025-12-31,large_cap,0.4027,0.5,0.2567,227.9,4,"[{""model"": ""Simulated-AI-Momentum-Quant"", ""call"": ""sell"", ""target_price"": 194.1, ""thesis"": ""Persistent negative price trajectory (-2.7%) indicates structural distribution headwinds.""}, {""model"": ""Simulated-AI-Fundamental-Value"", ""call"": ""buy"", ""target_price"": 261.6, ""thesis"": ""Recent price softening provides an attractive risk-adjusted entry point against fundamental book value.""}, {""model"": ""Simulated-AI-Quality-Compounder"", ""call"": ""hold"", ""target_price"": 230.44, ""thesis"": ""Defensive operational balance sheet balanced by limited immediate re-rating catalysts.""}, {""model"": ""Simulated-AI-Macro-Tactical"", ""call"": ""hold"", ""target_price"": 225.44, ""thesis"": ""Balanced near-term catalysts recommend maintaining current position.""}]",-0.004527818930446248,-0.07864562056309976,0.13326731132800332
MRK,2025-12-31,large_cap,0.4323,0.5,0.3309,108.5,4,"[{""model"": ""Simulated-AI-Momentum-Quant"", ""call"": ""buy"", ""target_price"": 118.01, ""thesis"": ""Strong upward medium-term momentum (+18.6%) signals continued institutional accumulation.""}, {""model"": ""Simulated-AI-Fundamental-Value"", ""call"": ""sell"", ""target_price"": 87.4, ""thesis"": ""Elevated multi-month valuation multiples leave little safety margin against forward earnings revisions.""}, {""model"": ""Simulated-AI-Quality-Compounder"", ""call"": ""buy"", ""target_price"": 114.49, ""thesis"": ""Stable financial profile and durable competitive moat support long-term compounding potential.""}, {""model"": ""Simulated-AI-Macro-Tactical"", ""call"": ""hold"", ""target_price"": 114.11, ""thesis"": ""Positive operating execution and robust revenue traction support upside.""}]",0.07704733692126889,0.1568046732394822,0.2220927205308066
BAC,2025-12-31,large_cap,0.5833,0.75,0.3332,56.73,4,"[{""model"": ""Simulated-AI-Momentum-Quant"", ""call"": ""buy"", ""target_price"": 61.79, ""thesis"": ""Strong upward medium-term momentum (+9.5%) signals continued institutional accumulation.""}, {""model"": ""Simulated-AI-Fundamental-Value"", ""call"": ""sell"", ""target_price"": 44.74, ""thesis"": ""Elevated multi-month valuation multiples leave little safety margin against forward earnings revisions.""}, {""model"": ""Simulated-AI-Quality-Compounder"", ""call"": ""buy"", ""target_price"": 60.84, ""thesis"": ""Stable financial profile and durable competitive moat support long-term compounding potential.""}, {""model"": ""Simulated-AI-Macro-Tactical"", ""call"": ""buy"", ""target_price"": 59.54, ""thesis"": ""Positive operating execution and robust revenue traction support upside.""}]",-0.017636403291951968,-0.09710631121891508,0.10093841842686922
CVX,2025-12-31,large_cap,0.387,0.5,0.2175,150.33,4,"[{""model"": ""Simulated-AI-Momentum-Quant"", ""call"": ""buy"", ""target_price"": 171.76, ""thesis"": ""Strong upward medium-term momentum (+0.5%) signals continued institutional accumulation.""}, {""model"": ""Simulated-AI-Fundamental-Value"", ""call"": ""hold"", ""target_price"": 149.69, ""thesis"": ""Fair valuation reflects balanced risk-reward relative to sector peers.""}, {""model"": ""Simulated-AI-Quality-Compounder"", ""call"": ""sell"", ""target_price"": 130.11, ""thesis"": ""Heightened earnings volatility and cyclical margin pressures elevate downside risk.""}, {""model"": ""Simulated-AI-Macro-Tactical"", ""call"": ""hold"", ""target_price"": 149.75, ""thesis"": ""Balanced near-term catalysts recommend maintaining current position.""}]",0.14185415850013805,0.31826249683415675,0.12393628445649023
CRM,2025-12-31,large_cap,0.4459,0.5,0.3647,260.42,4,"[{""model"": ""Simulated-AI-Momentum-Quant"", ""call"": ""buy"", ""target_price"": 301.31, ""thesis"": ""Strong upward medium-term momentum (+11.1%) signals continued institutional accumulation.""}, {""model"": ""Simulated-AI-Fundamental-Value"", ""call"": ""sell"", ""target_price"": 219.29, ""thesis"": ""Elevated multi-month valuation multiples leave little safety margin against forward earnings revisions.""}, {""model"": ""Simulated-AI-Quality-Compounder"", ""call"": ""sell"", ""target_price"": 231.15, ""thesis"": ""Heightened earnings volatility and cyclical margin pressures elevate downside risk.""}, {""model"": ""Simulated-AI-Macro-Tactical"", ""call"": ""buy"", ""target_price"": 289.93, ""thesis"": ""Positive operating execution and robust revenue traction support upside.""}]",-0.20422030645307704,-0.293420438356469,-0.371511484116942
NFLX,2025-12-31,large_cap,0.5731,0.75,0.3079,89.16,4,"[{""model"": ""Simulated-AI-Momentum-Quant"", ""call"": ""sell"", ""target_price"": 80.03, ""thesis"": ""Persistent negative price trajectory (-19.3%) indicates structural distribution headwinds.""}, {""model"": ""Simulated-AI-Fundamental-Value"", ""call"": ""buy"", ""target_price"": 108.67, ""thesis"": ""Recent price softening provides an attractive risk-adjusted entry point against fundamental book value.""}, {""model"": ""Simulated-AI-Quality-Compounder"", ""call"": ""sell"", ""target_price"": 83.54, ""thesis"": ""Heightened earnings volatility and cyclical margin pressures elevate downside risk.""}, {""model"": ""Simulated-AI-Macro-Tactical"", ""call"": ""sell"", ""target_price"": 84.38, ""thesis"": ""Macro headwinds and declining momentum justify a defensive posture.""}]",-0.11732081643958735,0.052261107233757695,-0.18920653891825193
AMD,2025-12-31,large_cap,0.5829,0.75,0.3322,224.12,4,"[{""model"": ""Simulated-AI-Momentum-Quant"", ""call"": ""buy"", ""target_price"": 245.68, ""thesis"": ""Strong upward medium-term momentum (+26.2%) signals continued institutional accumulation.""}, {""model"": ""Simulated-AI-Fundamental-Value"", ""call"": ""sell"", ""target_price"": 178.72, ""thesis"": ""Elevated multi-month valuation multiples leave little safety margin against forward earnings revisions.""}, {""model"": ""Simulated-AI-Quality-Compounder"", ""call"": ""buy"", ""target_price"": 236.48, ""thesis"": ""Stable financial profile and durable competitive moat support long-term compounding potential.""}, {""model"": ""Simulated-AI-Macro-Tactical"", ""call"": ""buy"", ""target_price"": 235.58, ""thesis"": ""Positive operating execution and robust revenue traction support upside.""}]",0.1499346286013941,0.015595798845616047,1.5777455096795985
PEP,2025-12-31,large_cap,0.401,0.5,0.2525,151.98,4,"[{""model"": ""Simulated-AI-Momentum-Quant"", ""call"": ""buy"", ""target_price"": 158.11, ""thesis"": ""Strong upward medium-term momentum (+1.8%) signals continued institutional accumulation.""}, {""model"": ""Simulated-AI-Fundamental-Value"", ""call"": ""buy"", ""target_price"": 163.03, ""thesis"": ""Recent price softening provides an attractive risk-adjusted entry point against fundamental book value.""}, {""model"": ""Simulated-AI-Quality-Compounder"", ""call"": ""hold"", ""target_price"": 146.13, ""thesis"": ""Defensive operational balance sheet balanced by limited immediate re-rating catalysts.""}, {""model"": ""Simulated-AI-Macro-Tactical"", ""call"": ""hold"", ""target_price"": 140.67, ""thesis"": ""Balanced near-term catalysts recommend maintaining current position.""}]",0.08138232075467357,0.10376761624594223,0.01791513833407082
KO,2025-12-31,large_cap,0.4252,0.5,0.313,71.27,4,"[{""model"": ""Simulated-AI-Momentum-Quant"", ""call"": ""buy"", ""target_price"": 78.76, ""thesis"": ""Strong upward medium-term momentum (+6.5%) signals continued institutional accumulation.""}, {""model"": ""Simulated-AI-Fundamental-Value"", ""call"": ""hold"", ""target_price"": 69.49, ""thesis"": ""Fair valuation reflects balanced risk-reward relative to sector peers.""}, {""model"": ""Simulated-AI-Quality-Compounder"", ""call"": ""sell"", ""target_price"": 60.95, ""thesis"": ""Heightened earnings volatility and cyclical margin pressures elevate downside risk.""}, {""model"": ""Simulated-AI-Macro-Tactical"", ""call"": ""buy"", ""target_price"": 75.89, ""thesis"": ""Positive operating execution and robust revenue traction support upside.""}]",0.07752827602925277,0.10495673218990592,0.20254221055555852
TMO,2025-12-31,large_cap,0.5753,0.75,0.3132,628.61,4,"[{""model"": ""Simulated-AI-Momentum-Quant"", ""call"": ""buy"", ""target_price"": 651.86, ""thesis"": ""Strong upward medium-term momentum (+10.5%) signals continued institutional accumulation.""}, {""model"": ""Simulated-AI-Fundamental-Value"", ""call"": ""hold"", ""target_price"": 584.78, ""thesis"": ""Fair valuation reflects balanced risk-reward relative to sector peers.""}, {""model"": ""Simulated-AI-Quality-Compounder"", ""call"": ""buy"", ""target_price"": 641.68, ""thesis"": ""Stable financial profile and durable competitive moat support long-term compounding potential.""}, {""model"": ""Simulated-AI-Macro-Tactical"", ""call"": ""buy"", ""target_price"": 636.13, ""thesis"": ""Positive operating execution and robust revenue traction support upside.""}]",0.004003763653931704,-0.15101244507160283,-0.10495982251933675
WMT,2025-12-31,large_cap,0.4331,0.5,0.3328,112.33,4,"[{""model"": ""Simulated-AI-Momentum-Quant"", ""call"": ""hold"", ""target_price"": 110.71, ""thesis"": ""Consolidating trading range warrants a neutral rating until breakout confirmation.""}, {""model"": ""Simulated-AI-Fundamental-Value"", ""call"": ""sell"", ""target_price"": 92.39, ""thesis"": ""Elevated multi-month valuation multiples leave little safety margin against forward earnings revisions.""}, {""model"": ""Simulated-AI-Quality-Compounder"", ""call"": ""buy"", ""target_price"": 124.44, ""thesis"": ""Stable financial profile and durable competitive moat support long-term compounding potential.""}, {""model"": ""Simulated-AI-Macro-Tactical"", ""call"": ""buy"", ""target_price"": 121.78, ""thesis"": ""Positive operating execution and robust revenue traction support upside.""}]",0.11354450430066061,0.13139000028117875,-0.002884083667853683
MCD,2025-12-31,large_cap,0.5412,0.75,0.2281,292.14,4,"[{""model"": ""Simulated-AI-Momentum-Quant"", ""call"": ""hold"", ""target_price"": 301.25, ""thesis"": ""Consolidating trading range warrants a neutral rating until breakout confirmation.""}, {""model"": ""Simulated-AI-Fundamental-Value"", ""call"": ""hold"", ""target_price"": 299.87, ""thesis"": ""Fair valuation reflects balanced risk-reward relative to sector peers.""}, {""model"": ""Simulated-AI-Quality-Compounder"", ""call"": ""sell"", ""target_price"": 264.68, ""thesis"": ""Heightened earnings volatility and cyclical margin pressures elevate downside risk.""}, {""model"": ""Simulated-AI-Macro-Tactical"", ""call"": ""hold"", ""target_price"": 302.75, ""thesis"": ""Balanced near-term catalysts recommend maintaining current position.""}]",0.04220805995148611,0.01055450930134585,-0.07414983106880213
CSCO,2025-12-31,large_cap,0.5743,0.75,0.3108,82.92,4,"[{""model"": ""Simulated-AI-Momentum-Quant"", ""call"": ""buy"", ""target_price"": 86.73, ""thesis"": ""Strong upward medium-term momentum (+13.4%) signals continued institutional accumulation.""}, {""model"": ""Simulated-AI-Fundamental-Value"", ""call"": ""hold"", ""target_price"": 76.95, ""thesis"": ""Fair valuation reflects balanced risk-reward relative to sector peers.""}, {""model"": ""Simulated-AI-Quality-Compounder"", ""call"": ""buy"", ""target_price"": 84.47, ""thesis"": ""Stable financial profile and durable competitive moat support long-term compounding potential.""}, {""model"": ""Simulated-AI-Macro-Tactical"", ""call"": ""buy"", ""target_price"": 83.51, ""thesis"": ""Positive operating execution and robust revenue traction support upside.""}]",0.05246667197246132,0.03691175016460022,0.5012572120621615
KNSL,2025-12-31,small_cap,0.5682,0.75,0.2956,352.7,4,"[{""model"": ""Simulated-AI-Momentum-Quant"", ""call"": ""sell"", ""target_price"": 332.83, ""thesis"": ""Persistent negative price trajectory (-11.6%) indicates structural distribution headwinds.""}, {""model"": ""Simulated-AI-Fundamental-Value"", ""call"": ""hold"", ""target_price"": 384.66, ""thesis"": ""Fair valuation reflects balanced risk-reward relative to sector peers.""}, {""model"": ""Simulated-AI-Quality-Compounder"", ""call"": ""sell"", ""target_price"": 342.08, ""thesis"": ""Heightened earnings volatility and cyclical margin pressures elevate downside risk.""}, {""model"": ""Simulated-AI-Macro-Tactical"", ""call"": ""sell"", ""target_price"": 351.25, ""thesis"": ""Macro headwinds and declining momentum justify a defensive posture.""}]",0.005369232684369396,-0.11758225483689155,-0.11089475847288782
SAIA,2025-12-31,small_cap,0.5754,0.75,0.3136,357.51,4,"[{""model"": ""Simulated-AI-Momentum-Quant"", ""call"": ""buy"", ""target_price"": 370.93, ""thesis"": ""Strong upward medium-term momentum (+11.1%) signals continued institutional accumulation.""}, {""model"": ""Simulated-AI-Fundamental-Value"", ""call"": ""hold"", ""target_price"": 332.53, ""thesis"": ""Fair valuation reflects balanced risk-reward relative to sector peers.""}, {""model"": ""Simulated-AI-Quality-Compounder"", ""call"": ""buy"", ""target_price"": 367.4, ""thesis"": ""Stable financial profile and durable competitive moat support long-term compounding potential.""}, {""model"": ""Simulated-AI-Macro-Tactical"", ""call"": ""buy"", ""target_price"": 359.17, ""thesis"": ""Positive operating execution and robust revenue traction support upside.""}]",0.12627101670214058,0.08501779584606885,0.27982980739026003
MEDP,2025-12-31,small_cap,0.5539,0.75,0.2599,580.62,4,"[{""model"": ""Simulated-AI-Momentum-Quant"", ""call"": ""hold"", ""target_price"": 559.12, ""thesis"": ""Consolidating trading range warrants a neutral rating until breakout confirmation.""}, {""model"": ""Simulated-AI-Fundamental-Value"", ""call"": ""hold"", ""target_price"": 564.12, ""thesis"": ""Fair valuation reflects balanced risk-reward relative to sector peers.""}, {""model"": ""Simulated-AI-Quality-Compounder"", ""call"": ""buy"", ""target_price"": 631.97, ""thesis"": ""Stable financial profile and durable competitive moat support long-term compounding potential.""}, {""model"": ""Simulated-AI-Macro-Tactical"", ""call"": ""hold"", ""target_price"": 567.27, ""thesis"": ""Balanced near-term catalysts recommend maintaining current position.""}]",0.04721794238994383,-0.11272149082913265,0.006124814905857093
SSD,2025-12-31,small_cap,0.4031,0.5,0.2578,163.76,4,"[{""model"": ""Simulated-AI-Momentum-Quant"", ""call"": ""sell"", ""target_price"": 139.2, ""thesis"": ""Persistent negative price trajectory (-4.6%) indicates structural distribution headwinds.""}, {""model"": ""Simulated-AI-Fundamental-Value"", ""call"": ""buy"", ""target_price"": 188.22, ""thesis"": ""Recent price softening provides an attractive risk-adjusted entry point against fundamental book value.""}, {""model"": ""Simulated-AI-Quality-Compounder"", ""call"": ""hold"", ""target_price"": 165.36, ""thesis"": ""Defensive operational balance sheet balanced by limited immediate re-rating catalysts.""}, {""model"": ""Simulated-AI-Macro-Tactical"", ""call"": ""hold"", ""target_price"": 162.28, ""thesis"": ""Balanced near-term catalysts recommend maintaining current position.""}]",0.11477835932173515,0.03351788234214811,0.2299786706716179
EXPO,2025-12-31,small_cap,0.4229,0.5,0.3071,68.22,4,"[{""model"": ""Simulated-AI-Momentum-Quant"", ""call"": ""hold"", ""target_price"": 69.85, ""thesis"": ""Consolidating trading range warrants a neutral rating until breakout confirmation.""}, {""model"": ""Simulated-AI-Fundamental-Value"", ""call"": ""sell"", ""target_price"": 56.56, ""thesis"": ""Elevated multi-month valuation multiples leave little safety margin against forward earnings revisions.""}, {""model"": ""Simulated-AI-Quality-Compounder"", ""call"": ""buy"", ""target_price"": 77.29, ""thesis"": ""Stable financial profile and durable competitive moat support long-term compounding potential.""}, {""model"": ""Simulated-AI-Macro-Tactical"", ""call"": ""hold"", ""target_price"": 69.2, ""thesis"": ""Balanced near-term catalysts recommend maintaining current position.""}]",0.06046660914804467,-0.037736990068404246,-0.11088206740949365
FORM,2025-12-31,small_cap,0.4333,0.5,0.3333,58.0,4,"[{""model"": ""Simulated-AI-Momentum-Quant"", ""call"": ""buy"", ""target_price"": 62.47, ""thesis"": ""Strong upward medium-term momentum (+41.5%) signals continued institutional accumulation.""}, {""model"": ""Simulated-AI-Fundamental-Value"", ""call"": ""sell"", ""target_price"": 46.6, ""thesis"": ""Elevated multi-month valuation multiples leave little safety margin against forward earnings revisions.""}, {""model"": ""Simulated-AI-Quality-Compounder"", ""call"": ""buy"", ""target_price"": 61.56, ""thesis"": ""Stable financial profile and durable competitive moat support long-term compounding potential.""}, {""model"": ""Simulated-AI-Macro-Tactical"", ""call"": ""hold"", ""target_price"": 61.36, ""thesis"": ""Positive operating execution and robust revenue traction support upside.""}]",0.2776980674570889,0.849408496229618,1.1274650549650154
CRVL,2025-12-31,small_cap,0.5573,0.75,0.2684,64.43,4,"[{""model"": ""Simulated-AI-Momentum-Quant"", ""call"": ""sell"", ""target_price"": 58.2, ""thesis"": ""Persistent negative price trajectory (-7.8%) indicates structural distribution headwinds.""}, {""model"": ""Simulated-AI-Fundamental-Value"", ""call"": ""hold"", ""target_price"": 67.07, ""thesis"": ""Fair valuation reflects balanced risk-reward relative to sector peers.""}, {""model"": ""Simulated-AI-Quality-Compounder"", ""call"": ""hold"", ""target_price"": 71.57, ""thesis"": ""Defensive operational balance sheet balanced by limited immediate re-rating catalysts.""}, {""model"": ""Simulated-AI-Macro-Tactical"", ""call"": ""hold"", ""target_price"": 60.9, ""thesis"": ""Macro headwinds and declining momentum justify a defensive posture.""}]",0.030737429988718822,-0.19521205027215305,-0.055859300747425886
TKR,2025-12-31,small_cap,0.433,0.5,0.3325,87.78,4,"[{""model"": ""Simulated-AI-Momentum-Quant"", ""call"": ""buy"", ""target_price"": 95.23, ""thesis"": ""Strong upward medium-term momentum (+11.2%) signals continued institutional accumulation.""}, {""model"": ""Simulated-AI-Fundamental-Value"", ""call"": ""sell"", ""target_price"": 70.4, ""thesis"": ""Elevated multi-month valuation multiples leave little safety margin against forward earnings revisions.""}, {""model"": ""Simulated-AI-Quality-Compounder"", ""call"": ""buy"", ""target_price"": 93.8, ""thesis"": ""Stable financial profile and durable competitive moat support long-term compounding potential.""}, {""model"": ""Simulated-AI-Macro-Tactical"", ""call"": ""hold"", ""target_price"": 91.7, ""thesis"": ""Positive operating execution and robust revenue traction support upside.""}]",0.12908592632115054,0.17962815092692305,0.7030921834452987
POWI,2025-12-31,small_cap,0.567,0.75,0.2925,31.92,4,"[{""model"": ""Simulated-AI-Momentum-Quant"", ""call"": ""sell"", ""target_price"": 30.12, ""thesis"": ""Persistent negative price trajectory (-8.1%) indicates structural distribution headwinds.""}, {""model"": ""Simulated-AI-Fundamental-Value"", ""call"": ""hold"", ""target_price"": 34.9, ""thesis"": ""Fair valuation reflects balanced risk-reward relative to sector peers.""}, {""model"": ""Simulated-AI-Quality-Compounder"", ""call"": ""sell"", ""target_price"": 31.02, ""thesis"": ""Heightened earnings volatility and cyclical margin pressures elevate downside risk.""}, {""model"": ""Simulated-AI-Macro-Tactical"", ""call"": ""sell"", ""target_price"": 31.63, ""thesis"": ""Macro headwinds and declining momentum justify a defensive posture.""}]",0.30894769019446083,0.4801176850966399,1.069984385278466
CALM,2025-12-31,small_cap,0.5673,0.75,0.2932,70.94,4,"[{""model"": ""Simulated-AI-Momentum-Quant"", ""call"": ""sell"", ""target_price"": 65.96, ""thesis"": ""Persistent negative price trajectory (-12.7%) indicates structural distribution headwinds.""}, {""model"": ""Simulated-AI-Fundamental-Value"", ""call"": ""hold"", ""target_price"": 77.42, ""thesis"": ""Fair valuation reflects balanced risk-reward relative to sector peers.""}, {""model"": ""Simulated-AI-Quality-Compounder"", ""call"": ""sell"", ""target_price"": 69.69, ""thesis"": ""Heightened earnings volatility and cyclical margin pressures elevate downside risk.""}, {""model"": ""Simulated-AI-Macro-Tactical"", ""call"": ""sell"", ""target_price"": 70.67, ""thesis"": ""Macro headwinds and declining momentum justify a defensive posture.""}]",0.06370370399159121,-0.009948129077040358,0.08491359283239569
PLUS,2025-12-31,small_cap,0.5828,0.75,0.332,90.89,4,"[{""model"": ""Simulated-AI-Momentum-Quant"", ""call"": ""buy"", ""target_price"": 97.56, ""thesis"": ""Strong upward medium-term momentum (+20.7%) signals continued institutional accumulation.""}, {""model"": ""Simulated-AI-Fundamental-Value"", ""call"": ""sell"", ""target_price"": 72.66, ""thesis"": ""Elevated multi-month valuation multiples leave little safety margin against forward earnings revisions.""}, {""model"": ""Simulated-AI-Quality-Compounder"", ""call"": ""buy"", ""target_price"": 97.79, ""thesis"": ""Stable financial profile and durable competitive moat support long-term compounding potential.""}, {""model"": ""Simulated-AI-Macro-Tactical"", ""call"": ""buy"", ""target_price"": 95.55, ""thesis"": ""Positive operating execution and robust revenue traction support upside.""}]",-0.007411609727185517,-0.11680959726298404,-0.043670817477285954
FSS,2025-12-31,small_cap,0.5643,0.75,0.2857,106.91,4,"[{""model"": ""Simulated-AI-Momentum-Quant"", ""call"": ""hold"", ""target_price"": 112.16, ""thesis"": ""Consolidating trading range warrants a neutral rating until breakout confirmation.""}, {""model"": ""Simulated-AI-Fundamental-Value"", ""call"": ""hold"", ""target_price"": 106.65, ""thesis"": ""Fair valuation reflects balanced risk-reward relative to sector peers.""}, {""model"": ""Simulated-AI-Quality-Compounder"", ""call"": ""hold"", ""target_price"": 111.49, ""thesis"": ""Defensive operational balance sheet balanced by limited immediate re-rating catalysts.""}, {""model"": ""Simulated-AI-Macro-Tactical"", ""call"": ""sell"", ""target_price"": 97.34, ""thesis"": ""Macro headwinds and declining momentum justify a defensive posture.""}]",0.031678753364358526,0.007492685134412815,0.23605477885977394
AMWD,2025-12-31,small_cap,0.4054,0.5,0.2635,101.73,4,"[{""model"": ""Simulated-AI-Momentum-Quant"", ""call"": ""sell"", ""target_price"": 84.56, ""thesis"": ""Persistent negative price trajectory (+0.0%) indicates structural distribution headwinds.""}, {""model"": ""Simulated-AI-Fundamental-Value"", ""call"": ""buy"", ""target_price"": 116.7, ""thesis"": ""Recent price softening provides an attractive risk-adjusted entry point against fundamental book value.""}, {""model"": ""Simulated-AI-Quality-Compounder"", ""call"": ""hold"", ""target_price"": 104.68, ""thesis"": ""Defensive operational balance sheet balanced by limited immediate re-rating catalysts.""}, {""model"": ""Simulated-AI-Macro-Tactical"", ""call"": ""hold"", ""target_price"": 101.0, ""thesis"": ""Balanced near-term catalysts recommend maintaining current position.""}]",,,
ATKR,2025-12-31,small_cap,0.7327,1.0,0.3317,63.35,4,"[{""model"": ""Simulated-AI-Momentum-Quant"", ""call"": ""hold"", ""target_price"": 63.1, ""thesis"": ""Consolidating trading range warrants a neutral rating until breakout confirmation.""}, {""model"": ""Simulated-AI-Fundamental-Value"", ""call"": ""hold"", ""target_price"": 62.61, ""thesis"": ""Fair valuation reflects balanced risk-reward relative to sector peers.""}, {""model"": ""Simulated-AI-Quality-Compounder"", ""call"": ""hold"", ""target_price"": 64.64, ""thesis"": ""Defensive operational balance sheet balanced by limited immediate re-rating catalysts.""}, {""model"": ""Simulated-AI-Macro-Tactical"", ""call"": ""hold"", ""target_price"": 63.06, ""thesis"": ""Balanced near-term catalysts recommend maintaining current position.""}]",0.10766792934314857,-0.022671662630342006,0.12435502965520996
BRC,2025-12-31,small_cap,0.5533,0.75,0.2583,75.66,4,"[{""model"": ""Simulated-AI-Momentum-Quant"", ""call"": ""sell"", ""target_price"": 66.19, ""thesis"": ""Persistent negative price trajectory (+0.5%) indicates structural distribution headwinds.""}, {""model"": ""Simulated-AI-Fundamental-Value"", ""call"": ""hold"", ""target_price"": 77.81, ""thesis"": ""Fair valuation reflects balanced risk-reward relative to sector peers.""}, {""model"": ""Simulated-AI-Quality-Compounder"", ""call"": ""hold"", ""target_price"": 80.18, ""thesis"": ""Defensive operational balance sheet balanced by limited immediate re-rating catalysts.""}, {""model"": ""Simulated-AI-Macro-Tactical"", ""call"": ""hold"", ""target_price"": 78.47, ""thesis"": ""Balanced near-term catalysts recommend maintaining current position.""}]",0.11944756308533436,0.03318855834732425,0.18410334712736595
CNO,2025-12-31,small_cap,0.4445,0.5,0.3613,41.51,4,"[{""model"": ""Simulated-AI-Momentum-Quant"", ""call"": ""buy"", ""target_price"": 48.05, ""thesis"": ""Strong upward medium-term momentum (+8.7%) signals continued institutional accumulation.""}, {""model"": ""Simulated-AI-Fundamental-Value"", ""call"": ""sell"", ""target_price"": 34.69, ""thesis"": ""Elevated multi-month valuation multiples leave little safety margin against forward earnings revisions.""}, {""model"": ""Simulated-AI-Quality-Compounder"", ""call"": ""sell"", ""target_price"": 37.09, ""thesis"": ""Heightened earnings volatility and cyclical margin pressures elevate downside risk.""}, {""model"": ""Simulated-AI-Macro-Tactical"", ""call"": ""buy"", ""target_price"": 46.2, ""thesis"": ""Positive operating execution and robust revenue traction support upside.""}]",0.007770194080465424,-0.026826833481970652,0.2492195973104865
CSGS,2025-12-31,small_cap,0.5412,0.75,0.2281,97.58,4,"[{""model"": ""Simulated-AI-Momentum-Quant"", ""call"": ""hold"", ""target_price"": 101.95, ""thesis"": ""Consolidating trading range warrants a neutral rating until breakout confirmation.""}, {""model"": ""Simulated-AI-Fundamental-Value"", ""call"": ""hold"", ""target_price"": 99.72, ""thesis"": ""Fair valuation reflects balanced risk-reward relative to sector peers.""}, {""model"": ""Simulated-AI-Quality-Compounder"", ""call"": ""sell"", ""target_price"": 87.65, ""thesis"": ""Heightened earnings volatility and cyclical margin pressures elevate downside risk.""}, {""model"": ""Simulated-AI-Macro-Tactical"", ""call"": ""hold"", ""target_price"": 101.0, ""thesis"": ""Balanced near-term catalysts recommend maintaining current position.""}]",,,
ENSG,2025-12-31,small_cap,0.5412,0.75,0.2281,170.12,4,"[{""model"": ""Simulated-AI-Momentum-Quant"", ""call"": ""hold"", ""target_price"": 177.64, ""thesis"": ""Consolidating trading range warrants a neutral rating until breakout confirmation.""}, {""model"": ""Simulated-AI-Fundamental-Value"", ""call"": ""hold"", ""target_price"": 173.58, ""thesis"": ""Fair valuation reflects balanced risk-reward relative to sector peers.""}, {""model"": ""Simulated-AI-Quality-Compounder"", ""call"": ""sell"", ""target_price"": 153.44, ""thesis"": ""Heightened earnings volatility and cyclical margin pressures elevate downside risk.""}, {""model"": ""Simulated-AI-Macro-Tactical"", ""call"": ""hold"", ""target_price"": 175.81, ""thesis"": ""Balanced near-term catalysts recommend maintaining current position.""}]",-0.009414463333075912,0.12906878597865598,-0.04160316213765821
FIX,2025-12-31,small_cap,0.5831,0.75,0.3329,976.28,4,"[{""model"": ""Simulated-AI-Momentum-Quant"", ""call"": ""buy"", ""target_price"": 1057.96, ""thesis"": ""Strong upward medium-term momentum (+12.1%) signals continued institutional accumulation.""}, {""model"": ""Simulated-AI-Fundamental-Value"", ""call"": ""sell"", ""target_price"": 791.23, ""thesis"": ""Elevated multi-month valuation multiples leave little safety margin against forward earnings revisions.""}, {""model"": ""Simulated-AI-Quality-Compounder"", ""call"": ""buy"", ""target_price"": 1030.75, ""thesis"": ""Stable financial profile and durable competitive moat support long-term compounding potential.""}, {""model"": ""Simulated-AI-Macro-Tactical"", ""call"": ""buy"", ""target_price"": 1025.16, ""thesis"": ""Positive operating execution and robust revenue traction support upside.""}]",0.26033714036809685,0.5192772844713626,0.9229441720840577
GBCI,2025-12-31,small_cap,0.5787,0.75,0.3217,41.34,4,"[{""model"": ""Simulated-AI-Momentum-Quant"", ""call"": ""hold"", ""target_price"": 44.92, ""thesis"": ""Consolidating trading range warrants a neutral rating until breakout confirmation.""}, {""model"": ""Simulated-AI-Fundamental-Value"", ""call"": ""sell"", ""target_price"": 35.85, ""thesis"": ""Elevated multi-month valuation multiples leave little safety margin against forward earnings revisions.""}, {""model"": ""Simulated-AI-Quality-Compounder"", ""call"": ""hold"", ""target_price"": 45.49, ""thesis"": ""Defensive operational balance sheet balanced by limited immediate re-rating catalysts.""}, {""model"": ""Simulated-AI-Macro-Tactical"", ""call"": ""hold"", ""target_price"": 39.11, ""thesis"": ""Macro headwinds and declining momentum justify a defensive posture.""}]",0.1511917511744251,0.03291708043563399,0.2012865706084857
GPI,2025-12-31,small_cap,0.5759,0.75,0.3146,375.19,4,"[{""model"": ""Simulated-AI-Momentum-Quant"", ""call"": ""sell"", ""target_price"": 339.83, ""thesis"": ""Persistent negative price trajectory (-11.6%) indicates structural distribution headwinds.""}, {""model"": ""Simulated-AI-Fundamental-Value"", ""call"": ""buy"", ""target_price"": 457.06, ""thesis"": ""Recent price softening provides an attractive risk-adjusted entry point against fundamental book value.""}, {""model"": ""Simulated-AI-Quality-Compounder"", ""call"": ""sell"", ""target_price"": 351.84, ""thesis"": ""Heightened earnings volatility and cyclical margin pressures elevate downside risk.""}, {""model"": ""Simulated-AI-Macro-Tactical"", ""call"": ""sell"", ""target_price"": 352.03, ""thesis"": ""Macro headwinds and declining momentum justify a defensive posture.""}]",-0.10528864150830944,-0.1609275044904091,-0.24274142219144454
HLNE,2025-12-31,small_cap,0.5745,0.75,0.3114,144.46,4,"[{""model"": ""Simulated-AI-Momentum-Quant"", ""call"": ""buy"", ""target_price"": 151.28, ""thesis"": ""Strong upward medium-term momentum (+6.6%) signals continued institutional accumulation.""}, {""model"": ""Simulated-AI-Fundamental-Value"", ""call"": ""hold"", ""target_price"": 132.66, ""thesis"": ""Fair valuation reflects balanced risk-reward relative to sector peers.""}, {""model"": ""Simulated-AI-Quality-Compounder"", ""call"": ""buy"", ""target_price"": 148.02, ""thesis"": ""Stable financial profile and durable competitive moat support long-term compounding potential.""}, {""model"": ""Simulated-AI-Macro-Tactical"", ""call"": ""buy"", ""target_price"": 145.87, ""thesis"": ""Positive operating execution and robust revenue traction support upside.""}]",0.05263950649815403,-0.294942261964008,-0.37816345234965126
HWKN,2025-12-31,small_cap,0.4248,0.5,0.3119,134.83,4,"[{""model"": ""Simulated-AI-Momentum-Quant"", ""call"": ""sell"", ""target_price"": 120.54, ""thesis"": ""Persistent negative price trajectory (-21.8%) indicates structural distribution headwinds.""}, {""model"": ""Simulated-AI-Fundamental-Value"", ""call"": ""buy"", ""target_price"": 165.18, ""thesis"": ""Recent price softening provides an attractive risk-adjusted entry point against fundamental book value.""}, {""model"": ""Simulated-AI-Quality-Compounder"", ""call"": ""sell"", ""target_price"": 126.27, ""thesis"": ""Heightened earnings volatility and cyclical margin pressures elevate downside risk.""}, {""model"": ""Simulated-AI-Macro-Tactical"", ""call"": ""hold"", ""target_price"": 127.33, ""thesis"": ""Macro headwinds and declining momentum justify a defensive posture.""}]",-0.12009007108536542,0.06806980239493576,-0.01597943192103045
IBP,2025-12-31,small_cap,0.4331,0.5,0.3328,260.56,4,"[{""model"": ""Simulated-AI-Momentum-Quant"", ""call"": ""hold"", ""target_price"": 255.66, ""thesis"": ""Consolidating trading range warrants a neutral rating until breakout confirmation.""}, {""model"": ""Simulated-AI-Fundamental-Value"", ""call"": ""sell"", ""target_price"": 214.32, ""thesis"": ""Elevated multi-month valuation multiples leave little safety margin against forward earnings revisions.""}, {""model"": ""Simulated-AI-Quality-Compounder"", ""call"": ""buy"", ""target_price"": 289.74, ""thesis"": ""Stable financial profile and durable competitive moat support long-term compounding potential.""}, {""model"": ""Simulated-AI-Macro-Tactical"", ""call"": ""hold"", ""target_price"": 282.5, ""thesis"": ""Positive operating execution and robust revenue traction support upside.""}]",0.10613367911185771,0.044335472346788966,-0.12101109560251727
KAR,2025-12-31,small_cap,0.4216,0.5,0.304,93.11,4,"[{""model"": ""Simulated-AI-Momentum-Quant"", ""call"": ""hold"", ""target_price"": 100.7, ""thesis"": ""Consolidating trading range warrants a neutral rating until breakout confirmation.""}, {""model"": ""Simulated-AI-Fundamental-Value"", ""call"": ""sell"", ""target_price"": 82.75, ""thesis"": ""Elevated multi-month valuation multiples leave little safety margin against forward earnings revisions.""}, {""model"": ""Simulated-AI-Quality-Compounder"", ""call"": ""sell"", ""target_price"": 88.0, ""thesis"": ""Heightened earnings volatility and cyclical margin pressures elevate downside risk.""}, {""model"": ""Simulated-AI-Macro-Tactical"", ""call"": ""hold"", ""target_price"": 101.0, ""thesis"": ""Balanced near-term catalysts recommend maintaining current position.""}]",,,
MC,2025-12-31,small_cap,0.5529,0.75,0.2571,65.33,4,"[{""model"": ""Simulated-AI-Momentum-Quant"", ""call"": ""sell"", ""target_price"": 56.96, ""thesis"": ""Persistent negative price trajectory (+0.9%) indicates structural distribution headwinds.""}, {""model"": ""Simulated-AI-Fundamental-Value"", ""call"": ""hold"", ""target_price"": 66.6, ""thesis"": ""Fair valuation reflects balanced risk-reward relative to sector peers.""}, {""model"": ""Simulated-AI-Quality-Compounder"", ""call"": ""hold"", ""target_price"": 70.36, ""thesis"": ""Defensive operational balance sheet balanced by limited immediate re-rating catalysts.""}, {""model"": ""Simulated-AI-Macro-Tactical"", ""call"": ""hold"", ""target_price"": 67.4, ""thesis"": ""Balanced near-term catalysts recommend maintaining current position.""}]",0.04233339031296683,-0.17325869573047223,0.06763440571290383
OII,2025-12-31,small_cap,0.5994,0.75,0.3736,23.45,4,"[{""model"": ""Simulated-AI-Momentum-Quant"", ""call"": ""hold"", ""target_price"": 24.44, ""thesis"": ""Consolidating trading range warrants a neutral rating until breakout confirmation.""}, {""model"": ""Simulated-AI-Fundamental-Value"", ""call"": ""sell"", ""target_price"": 19.92, ""thesis"": ""Elevated multi-month valuation multiples leave little safety margin against forward earnings revisions.""}, {""model"": ""Simulated-AI-Quality-Compounder"", ""call"": ""hold"", ""target_price"": 25.16, ""thesis"": ""Defensive operational balance sheet balanced by limited immediate re-rating catalysts.""}, {""model"": ""Simulated-AI-Macro-Tactical"", ""call"": ""hold"", ""target_price"": 24.27, ""thesis"": ""Balanced near-term catalysts recommend maintaining current position.""}]",0.27049520658617066,0.4798169104112102,0.6179775263062103
PRDO,2025-12-31,small_cap,0.5751,0.75,0.3128,27.45,4,"[{""model"": ""Simulated-AI-Momentum-Quant"", ""call"": ""sell"", ""target_price"": 24.47, ""thesis"": ""Persistent negative price trajectory (-20.6%) indicates structural distribution headwinds.""}, {""model"": ""Simulated-AI-Fundamental-Value"", ""call"": ""buy"", ""target_price"": 33.91, ""thesis"": ""Recent price softening provides an attractive risk-adjusted entry point against fundamental book value.""}, {""model"": ""Simulated-AI-Quality-Compounder"", ""call"": ""sell"", ""target_price"": 25.41, ""thesis"": ""Heightened earnings volatility and cyclical margin pressures elevate downside risk.""}, {""model"": ""Simulated-AI-Macro-Tactical"", ""call"": ""sell"", ""target_price"": 26.02, ""thesis"": ""Macro headwinds and declining momentum justify a defensive posture.""}]",0.11285384079538978,0.28535848479091463,0.2042877799590484
SHOO,2025-12-31,small_cap,0.5823,0.75,0.3308,43.07,4,"[{""model"": ""Simulated-AI-Momentum-Quant"", ""call"": ""buy"", ""target_price"": 46.63, ""thesis"": ""Strong upward medium-term momentum (+22.2%) signals continued institutional accumulation.""}, {""model"": ""Simulated-AI-Fundamental-Value"", ""call"": ""sell"", ""target_price"": 34.99, ""thesis"": ""Elevated multi-month valuation multiples leave little safety margin against forward earnings revisions.""}, {""model"": ""Simulated-AI-Quality-Compounder"", ""call"": ""buy"", ""target_price"": 45.36, ""thesis"": ""Stable financial profile and durable competitive moat support long-term compounding potential.""}, {""model"": ""Simulated-AI-Macro-Tactical"", ""call"": ""buy"", ""target_price"": 45.31, ""thesis"": ""Positive operating execution and robust revenue traction support upside.""}]",0.09654180622697504,-0.1787271840543854,-0.03592130919439335
SLVM,2025-12-31,small_cap,0.4331,0.5,0.3328,47.27,4,"[{""model"": ""Simulated-AI-Momentum-Quant"", ""call"": ""hold"", ""target_price"": 46.59, ""thesis"": ""Consolidating trading range warrants a neutral rating until breakout confirmation.""}, {""model"": ""Simulated-AI-Fundamental-Value"", ""call"": ""sell"", ""target_price"": 39.62, ""thesis"": ""Elevated multi-month valuation multiples leave little safety margin against forward earnings revisions.""}, {""model"": ""Simulated-AI-Quality-Compounder"", ""call"": ""buy"", ""target_price"": 51.58, ""thesis"": ""Stable financial profile and durable competitive moat support long-term compounding potential.""}, {""model"": ""Simulated-AI-Macro-Tactical"", ""call"": ""buy"", ""target_price"": 51.3, ""thesis"": ""Positive operating execution and robust revenue traction support upside.""}]",0.01705534871137417,-0.10412752557181833,-0.17114765752099512
AAPL,2026-03-31,large_cap,0.5574,0.75,0.2684,240.65,4,"[{""model"": ""Simulated-AI-Momentum-Quant"", ""call"": ""sell"", ""target_price"": 220.1, ""thesis"": ""Persistent negative price trajectory (-7.0%) indicates structural distribution headwinds.""}, {""model"": ""Simulated-AI-Fundamental-Value"", ""call"": ""hold"", ""target_price"": 251.52, ""thesis"": ""Fair valuation reflects balanced risk-reward relative to sector peers.""}, {""model"": ""Simulated-AI-Quality-Compounder"", ""call"": ""hold"", ""target_price"": 262.97, ""thesis"": ""Defensive operational balance sheet balanced by limited immediate re-rating catalysts.""}, {""model"": ""Simulated-AI-Macro-Tactical"", ""call"": ""hold"", ""target_price"": 228.01, ""thesis"": ""Macro headwinds and declining momentum justify a defensive posture.""}]",0.06919111547343976,0.1610040816724794,
MSFT,2026-03-31,large_cap,0.5751,0.75,0.3128,351.75,4,"[{""model"": ""Simulated-AI-Momentum-Quant"", ""call"": ""sell"", ""target_price"": 312.94, ""thesis"": ""Persistent negative price trajectory (-23.9%) indicates structural distribution headwinds.""}, {""model"": ""Simulated-AI-Fundamental-Value"", ""call"": ""buy"", ""target_price"": 431.72, ""thesis"": ""Recent price softening provides an attractive risk-adjusted entry point against fundamental book value.""}, {""model"": ""Simulated-AI-Quality-Compounder"", ""call"": ""sell"", ""target_price"": 330.52, ""thesis"": ""Heightened earnings volatility and cyclical margin pressures elevate downside risk.""}, {""model"": ""Simulated-AI-Macro-Tactical"", ""call"": ""sell"", ""target_price"": 331.81, ""thesis"": ""Macro headwinds and declining momentum justify a defensive posture.""}]",0.10160193378338159,0.04036603946071651,
NVDA,2026-03-31,large_cap,0.4047,0.5,0.2616,173.77,4,"[{""model"": ""Simulated-AI-Momentum-Quant"", ""call"": ""sell"", ""target_price"": 151.73, ""thesis"": ""Persistent negative price trajectory (-7.0%) indicates structural distribution headwinds.""}, {""model"": ""Simulated-AI-Fundamental-Value"", ""call"": ""buy"", ""target_price"": 204.19, ""thesis"": ""Recent price softening provides an attractive risk-adjusted entry point against fundamental book value.""}, {""model"": ""Simulated-AI-Quality-Compounder"", ""call"": ""hold"", ""target_price"": 182.56, ""thesis"": ""Defensive operational balance sheet balanced by limited immediate re-rating catalysts.""}, {""model"": ""Simulated-AI-Macro-Tactical"", ""call"": ""sell"", ""target_price"": 156.6, ""thesis"": ""Macro headwinds and declining momentum justify a defensive posture.""}]",0.1443234582488595,0.13423323350649494,
AMZN,2026-03-31,large_cap,0.5746,0.75,0.3116,197.99,4,"[{""model"": ""Simulated-AI-Momentum-Quant"", ""call"": ""sell"", ""target_price"": 178.28, ""thesis"": ""Persistent negative price trajectory (-10.4%) indicates structural distribution headwinds.""}, {""model"": ""Simulated-AI-Fundamental-Value"", ""call"": ""buy"", ""target_price"": 241.38, ""thesis"": ""Recent price softening provides an attractive risk-adjusted entry point against fundamental book value.""}, {""model"": ""Simulated-AI-Quality-Compounder"", ""call"": ""sell"", ""target_price"": 184.84, ""thesis"": ""Heightened earnings volatility and cyclical margin pressures elevate downside risk.""}, {""model"": ""Simulated-AI-Macro-Tactical"", ""call"": ""sell"", ""target_price"": 187.44, ""thesis"": ""Macro headwinds and declining momentum justify a defensive posture.""}]",0.2726748553374952,0.16051275743024343,
GOOGL,2026-03-31,large_cap,0.4031,0.5,0.2577,286.94,4,"[{""model"": ""Simulated-AI-Momentum-Quant"", ""call"": ""sell"", ""target_price"": 251.59, ""thesis"": ""Persistent negative price trajectory (-8.3%) indicates structural distribution headwinds.""}, {""model"": ""Simulated-AI-Fundamental-Value"", ""call"": ""buy"", ""target_price"": 337.17, ""thesis"": ""Recent price softening provides an attractive risk-adjusted entry point against fundamental book value.""}, {""model"": ""Simulated-AI-Quality-Compounder"", ""call"": ""hold"", ""target_price"": 300.53, ""thesis"": ""Defensive operational balance sheet balanced by limited immediate re-rating catalysts.""}, {""model"": ""Simulated-AI-Macro-Tactical"", ""call"": ""hold"", ""target_price"": 258.48, ""thesis"": ""Macro headwinds and declining momentum justify a defensive posture.""}]",0.3381554446604071,0.2568707223348789,
META,2026-03-31,large_cap,0.5726,0.75,0.3064,544.75,4,"[{""model"": ""Simulated-AI-Momentum-Quant"", ""call"": ""sell"", ""target_price"": 492.49, ""thesis"": ""Persistent negative price trajectory (-14.0%) indicates structural distribution headwinds.""}, {""model"": ""Simulated-AI-Fundamental-Value"", ""call"": ""buy"", ""target_price"": 663.91, ""thesis"": ""Recent price softening provides an attractive risk-adjusted entry point against fundamental book value.""}, {""model"": ""Simulated-AI-Quality-Compounder"", ""call"": ""sell"", ""target_price"": 508.15, ""thesis"": ""Heightened earnings volatility and cyclical margin pressures elevate downside risk.""}, {""model"": ""Simulated-AI-Macro-Tactical"", ""call"": ""sell"", ""target_price"": 514.44, ""thesis"": ""Macro headwinds and declining momentum justify a defensive posture.""}]",0.06952965147828671,0.07227035958406415,
BRK-B,2026-03-31,large_cap,0.586,0.75,0.3401,509.29,4,"[{""model"": ""Simulated-AI-Momentum-Quant"", ""call"": ""hold"", ""target_price"": 491.18, ""thesis"": ""Consolidating trading range warrants a neutral rating until breakout confirmation.""}, {""model"": ""Simulated-AI-Fundamental-Value"", ""call"": ""buy"", ""target_price"": 555.39, ""thesis"": ""Recent price softening provides an attractive risk-adjusted entry point against fundamental book value.""}, {""model"": ""Simulated-AI-Quality-Compounder"", ""call"": ""hold"", ""target_price"": 506.61, ""thesis"": ""Defensive operational balance sheet balanced by limited immediate re-rating catalysts.""}, {""model"": ""Simulated-AI-Macro-Tactical"", ""call"": ""hold"", ""target_price"": 483.99, ""thesis"": ""Balanced near-term catalysts recommend maintaining current position.""}]",-0.01168615601181638,0.04286305823061978,
JPM,2026-03-31,large_cap,0.4038,0.5,0.2594,289.23,4,"[{""model"": ""Simulated-AI-Momentum-Quant"", ""call"": ""sell"", ""target_price"": 248.93, ""thesis"": ""Persistent negative price trajectory (-8.6%) indicates structural distribution headwinds.""}, {""model"": ""Simulated-AI-Fundamental-Value"", ""call"": ""buy"", ""target_price"": 341.61, ""thesis"": ""Recent price softening provides an attractive risk-adjusted entry point against fundamental book value.""}, {""model"": ""Simulated-AI-Quality-Compounder"", ""call"": ""hold"", ""target_price"": 304.17, ""thesis"": ""Defensive operational balance sheet balanced by limited immediate re-rating catalysts.""}, {""model"": ""Simulated-AI-Macro-Tactical"", ""call"": ""sell"", ""target_price"": 262.22, ""thesis"": ""Macro headwinds and declining momentum justify a defensive posture.""}]",0.07027816638364429,0.14148657770001472,
V,2026-03-31,large_cap,0.4243,0.5,0.3108,286.07,4,"[{""model"": ""Simulated-AI-Momentum-Quant"", ""call"": ""sell"", ""target_price"": 254.34, ""thesis"": ""Persistent negative price trajectory (-14.4%) indicates structural distribution headwinds.""}, {""model"": ""Simulated-AI-Fundamental-Value"", ""call"": ""buy"", ""target_price"": 348.33, ""thesis"": ""Recent price softening provides an attractive risk-adjusted entry point against fundamental book value.""}, {""model"": ""Simulated-AI-Quality-Compounder"", ""call"": ""sell"", ""target_price"": 270.65, ""thesis"": ""Heightened earnings volatility and cyclical margin pressures elevate downside risk.""}, {""model"": ""Simulated-AI-Macro-Tactical"", ""call"": ""hold"", ""target_price"": 270.95, ""thesis"": ""Macro headwinds and declining momentum justify a defensive posture.""}]",0.09131814101269703,0.16400158378361282,
LLY,2026-03-31,large_cap,0.5751,0.75,0.3129,873.81,4,"[{""model"": ""Simulated-AI-Momentum-Quant"", ""call"": ""sell"", ""target_price"": 793.65, ""thesis"": ""Persistent negative price trajectory (-14.7%) indicates structural distribution headwinds.""}, {""model"": ""Simulated-AI-Fundamental-Value"", ""call"": ""buy"", ""target_price"": 1062.66, ""thesis"": ""Recent price softening provides an attractive risk-adjusted entry point against fundamental book value.""}, {""model"": ""Simulated-AI-Quality-Compounder"", ""call"": ""sell"", ""target_price"": 813.73, ""thesis"": ""Heightened earnings volatility and cyclical margin pressures elevate downside risk.""}, {""model"": ""Simulated-AI-Macro-Tactical"", ""call"": ""sell"", ""target_price"": 825.19, ""thesis"": ""Macro headwinds and declining momentum justify a defensive posture.""}]",0.016123522093130976,0.2979237908972721,
UNH,2026-03-31,large_cap,0.5754,0.75,0.3134,256.2,4,"[{""model"": ""Simulated-AI-Momentum-Quant"", ""call"": ""sell"", ""target_price"": 230.95, ""thesis"": ""Persistent negative price trajectory (-17.9%) indicates structural distribution headwinds.""}, {""model"": ""Simulated-AI-Fundamental-Value"", ""call"": ""buy"", ""target_price"": 312.23, ""thesis"": ""Recent price softening provides an attractive risk-adjusted entry point against fundamental book value.""}, {""model"": ""Simulated-AI-Quality-Compounder"", ""call"": ""sell"", ""target_price"": 239.45, ""thesis"": ""Heightened earnings volatility and cyclical margin pressures elevate downside risk.""}, {""model"": ""Simulated-AI-Macro-Tactical"", ""call"": ""sell"", ""target_price"": 242.15, ""thesis"": ""Macro headwinds and declining momentum justify a defensive posture.""}]",0.3691562903831171,0.5853363850913628,
XOM,2026-03-31,large_cap,0.5826,0.75,0.3316,174.47,4,"[{""model"": ""Simulated-AI-Momentum-Quant"", ""call"": ""buy"", ""target_price"": 189.26, ""thesis"": ""Strong upward medium-term momentum (+41.2%) signals continued institutional accumulation.""}, {""model"": ""Simulated-AI-Fundamental-Value"", ""call"": ""sell"", ""target_price"": 139.89, ""thesis"": ""Elevated multi-month valuation multiples leave little safety margin against forward earnings revisions.""}, {""model"": ""Simulated-AI-Quality-Compounder"", ""call"": ""buy"", ""target_price"": 184.57, ""thesis"": ""Stable financial profile and durable competitive moat support long-term compounding potential.""}, {""model"": ""Simulated-AI-Macro-Tactical"", ""call"": ""buy"", ""target_price"": 184.17, ""thesis"": ""Positive operating execution and robust revenue traction support upside.""}]",-0.09035720694402637,-0.19129436744058756,
JNJ,2026-03-31,large_cap,0.5821,0.75,0.3303,253.67,4,"[{""model"": ""Simulated-AI-Momentum-Quant"", ""call"": ""buy"", ""target_price"": 274.94, ""thesis"": ""Strong upward medium-term momentum (+18.8%) signals continued institutional accumulation.""}, {""model"": ""Simulated-AI-Fundamental-Value"", ""call"": ""sell"", ""target_price"": 202.43, ""thesis"": ""Elevated multi-month valuation multiples leave little safety margin against forward earnings revisions.""}, {""model"": ""Simulated-AI-Quality-Compounder"", ""call"": ""buy"", ""target_price"": 271.26, ""thesis"": ""Stable financial profile and durable competitive moat support long-term compounding potential.""}, {""model"": ""Simulated-AI-Macro-Tactical"", ""call"": ""buy"", ""target_price"": 266.04, ""thesis"": ""Positive operating execution and robust revenue traction support upside.""}]",-0.059687453134405884,0.04500346280945184,
PG,2026-03-31,large_cap,0.4009,0.5,0.2523,154.98,4,"[{""model"": ""Simulated-AI-Momentum-Quant"", ""call"": ""buy"", ""target_price"": 162.56, ""thesis"": ""Strong upward medium-term momentum (+1.0%) signals continued institutional accumulation.""}, {""model"": ""Simulated-AI-Fundamental-Value"", ""call"": ""buy"", ""target_price"": 167.13, ""thesis"": ""Recent price softening provides an attractive risk-adjusted entry point against fundamental book value.""}, {""model"": ""Simulated-AI-Quality-Compounder"", ""call"": ""hold"", ""target_price"": 146.51, ""thesis"": ""Defensive operational balance sheet balanced by limited immediate re-rating catalysts.""}, {""model"": ""Simulated-AI-Macro-Tactical"", ""call"": ""hold"", ""target_price"": 143.72, ""thesis"": ""Balanced near-term catalysts recommend maintaining current position.""}]",0.026014896323122327,0.028386525474827135,
HD,2026-03-31,large_cap,0.586,0.75,0.3401,343.86,4,"[{""model"": ""Simulated-AI-Momentum-Quant"", ""call"": ""hold"", ""target_price"": 334.1, ""thesis"": ""Consolidating trading range warrants a neutral rating until breakout confirmation.""}, {""model"": ""Simulated-AI-Fundamental-Value"", ""call"": ""buy"", ""target_price"": 377.03, ""thesis"": ""Recent price softening provides an attractive risk-adjusted entry point against fundamental book value.""}, {""model"": ""Simulated-AI-Quality-Compounder"", ""call"": ""hold"", ""target_price"": 337.01, ""thesis"": ""Defensive operational balance sheet balanced by limited immediate re-rating catalysts.""}, {""model"": ""Simulated-AI-Macro-Tactical"", ""call"": ""hold"", ""target_price"": 327.29, ""thesis"": ""Balanced near-term catalysts recommend maintaining current position.""}]",-0.0002736711410864069,0.0747408505691531,
MA,2026-03-31,large_cap,0.5665,0.75,0.2913,450.5,4,"[{""model"": ""Simulated-AI-Momentum-Quant"", ""call"": ""sell"", ""target_price"": 421.88, ""thesis"": ""Persistent negative price trajectory (-13.3%) indicates structural distribution headwinds.""}, {""model"": ""Simulated-AI-Fundamental-Value"", ""call"": ""hold"", ""target_price"": 490.0, ""thesis"": ""Fair valuation reflects balanced risk-reward relative to sector peers.""}, {""model"": ""Simulated-AI-Quality-Compounder"", ""call"": ""sell"", ""target_price"": 441.95, ""thesis"": ""Heightened earnings volatility and cyclical margin pressures elevate downside risk.""}, {""model"": ""Simulated-AI-Macro-Tactical"", ""call"": ""sell"", ""target_price"": 448.17, ""thesis"": ""Macro headwinds and declining momentum justify a defensive posture.""}]",0.008254124518964834,0.047387766863605386,
COST,2026-03-31,large_cap,0.4324,0.5,0.3311,1041.84,4,"[{""model"": ""Simulated-AI-Momentum-Quant"", ""call"": ""buy"", ""target_price"": 1130.1, ""thesis"": ""Strong upward medium-term momentum (+15.3%) signals continued institutional accumulation.""}, {""model"": ""Simulated-AI-Fundamental-Value"", ""call"": ""sell"", ""target_price"": 825.52, ""thesis"": ""Elevated multi-month valuation multiples leave little safety margin against forward earnings revisions.""}, {""model"": ""Simulated-AI-Quality-Compounder"", ""call"": ""buy"", ""target_price"": 1118.98, ""thesis"": ""Stable financial profile and durable competitive moat support long-term compounding potential.""}, {""model"": ""Simulated-AI-Macro-Tactical"", ""call"": ""hold"", ""target_price"": 1092.75, ""thesis"": ""Positive operating execution and robust revenue traction support upside.""}]",0.01816493105145086,-0.07067059630275958,
ABBV,2026-03-31,large_cap,0.3763,0.5,0.1907,200.44,4,"[{""model"": ""Simulated-AI-Momentum-Quant"", ""call"": ""sell"", ""target_price"": 183.17, ""thesis"": ""Persistent negative price trajectory (-4.6%) indicates structural distribution headwinds.""}, {""model"": ""Simulated-AI-Fundamental-Value"", ""call"": ""hold"", ""target_price"": 214.01, ""thesis"": ""Fair valuation reflects balanced risk-reward relative to sector peers.""}, {""model"": ""Simulated-AI-Quality-Compounder"", ""call"": ""sell"", ""target_price"": 188.26, ""thesis"": ""Heightened earnings volatility and cyclical margin pressures elevate downside risk.""}, {""model"": ""Simulated-AI-Macro-Tactical"", ""call"": ""hold"", ""target_price"": 216.32, ""thesis"": ""Balanced near-term catalysts recommend maintaining current position.""}]",-0.020308286242734206,0.1639285760339964,
MRK,2026-03-31,large_cap,0.5829,0.75,0.3321,125.45,4,"[{""model"": ""Simulated-AI-Momentum-Quant"", ""call"": ""buy"", ""target_price"": 138.35, ""thesis"": ""Strong upward medium-term momentum (+14.3%) signals continued institutional accumulation.""}, {""model"": ""Simulated-AI-Fundamental-Value"", ""call"": ""sell"", ""target_price"": 98.83, ""thesis"": ""Elevated multi-month valuation multiples leave little safety margin against forward earnings revisions.""}, {""model"": ""Simulated-AI-Quality-Compounder"", ""call"": ""buy"", ""target_price"": 133.24, ""thesis"": ""Stable financial profile and durable competitive moat support long-term compounding potential.""}, {""model"": ""Simulated-AI-Macro-Tactical"", ""call"": ""buy"", ""target_price"": 131.37, ""thesis"": ""Positive operating execution and robust revenue traction support upside.""}]",-0.09236014459873365,0.04972620874086555,
BAC,2026-03-31,large_cap,0.5749,0.75,0.3123,46.19,4,"[{""model"": ""Simulated-AI-Momentum-Quant"", ""call"": ""sell"", ""target_price"": 42.42, ""thesis"": ""Persistent negative price trajectory (-11.3%) indicates structural distribution headwinds.""}, {""model"": ""Simulated-AI-Fundamental-Value"", ""call"": ""buy"", ""target_price"": 56.55, ""thesis"": ""Recent price softening provides an attractive risk-adjusted entry point against fundamental book value.""}, {""model"": ""Simulated-AI-Quality-Compounder"", ""call"": ""sell"", ""target_price"": 42.36, ""thesis"": ""Heightened earnings volatility and cyclical margin pressures elevate downside risk.""}, {""model"": ""Simulated-AI-Macro-Tactical"", ""call"": ""sell"", ""target_price"": 43.43, ""thesis"": ""Macro headwinds and declining momentum justify a defensive posture.""}]",0.09661538116115452,0.20334822049742082,
CVX,2026-03-31,large_cap,0.4436,0.5,0.359,200.31,4,"[{""model"": ""Simulated-AI-Momentum-Quant"", ""call"": ""buy"", ""target_price"": 228.78, ""thesis"": ""Strong upward medium-term momentum (+37.2%) signals continued institutional accumulation.""}, {""model"": ""Simulated-AI-Fundamental-Value"", ""call"": ""sell"", ""target_price"": 169.92, ""thesis"": ""Elevated multi-month valuation multiples leave little safety margin against forward earnings revisions.""}, {""model"": ""Simulated-AI-Quality-Compounder"", ""call"": ""sell"", ""target_price"": 178.96, ""thesis"": ""Heightened earnings volatility and cyclical margin pressures elevate downside risk.""}, {""model"": ""Simulated-AI-Macro-Tactical"", ""call"": ""buy"", ""target_price"": 223.58, ""thesis"": ""Positive operating execution and robust revenue traction support upside.""}]",-0.0656839602987547,-0.19184350611550094,
CRM,2026-03-31,large_cap,0.5741,0.75,0.3102,176.67,4,"[{""model"": ""Simulated-AI-Momentum-Quant"", ""call"": ""sell"", ""target_price"": 158.98, ""thesis"": ""Persistent negative price trajectory (-29.8%) indicates structural distribution headwinds.""}, {""model"": ""Simulated-AI-Fundamental-Value"", ""call"": ""buy"", ""target_price"": 214.32, ""thesis"": ""Recent price softening provides an attractive risk-adjusted entry point against fundamental book value.""}, {""model"": ""Simulated-AI-Quality-Compounder"", ""call"": ""sell"", ""target_price"": 166.22, ""thesis"": ""Heightened earnings volatility and cyclical margin pressures elevate downside risk.""}, {""model"": ""Simulated-AI-Macro-Tactical"", ""call"": ""sell"", ""target_price"": 167.15, ""thesis"": ""Macro headwinds and declining momentum justify a defensive posture.""}]",-0.05195531919613317,-0.12111969844729592,
NFLX,2026-03-31,large_cap,0.4112,0.5,0.2779,92.92,4,"[{""model"": ""Simulated-AI-Momentum-Quant"", ""call"": ""buy"", ""target_price"": 110.3, ""thesis"": ""Strong upward medium-term momentum (+2.5%) signals continued institutional accumulation.""}, {""model"": ""Simulated-AI-Fundamental-Value"", ""call"": ""sell"", ""target_price"": 79.42, ""thesis"": ""Elevated multi-month valuation multiples leave little safety margin against forward earnings revisions.""}, {""model"": ""Simulated-AI-Quality-Compounder"", ""call"": ""sell"", ""target_price"": 84.85, ""thesis"": ""Heightened earnings volatility and cyclical margin pressures elevate downside risk.""}, {""model"": ""Simulated-AI-Macro-Tactical"", ""call"": ""hold"", ""target_price"": 97.11, ""thesis"": ""Balanced near-term catalysts recommend maintaining current position.""}]",-0.02641706578489964,-0.2283931225790162,
AMD,2026-03-31,large_cap,0.4053,0.5,0.2633,201.98,4,"[{""model"": ""Simulated-AI-Momentum-Quant"", ""call"": ""sell"", ""target_price"": 176.09, ""thesis"": ""Persistent negative price trajectory (-5.5%) indicates structural distribution headwinds.""}, {""model"": ""Simulated-AI-Fundamental-Value"", ""call"": ""buy"", ""target_price"": 236.69, ""thesis"": ""Recent price softening provides an attractive risk-adjusted entry point against fundamental book value.""}, {""model"": ""Simulated-AI-Quality-Compounder"", ""call"": ""hold"", ""target_price"": 212.06, ""thesis"": ""Defensive operational balance sheet balanced by limited immediate re-rating catalysts.""}, {""model"": ""Simulated-AI-Macro-Tactical"", ""call"": ""sell"", ""target_price"": 183.09, ""thesis"": ""Macro headwinds and declining momentum justify a defensive posture.""}]",0.7425650248110034,1.6588016730888147,
PEP,2026-03-31,large_cap,0.5824,0.75,0.331,159.36,4,"[{""model"": ""Simulated-AI-Momentum-Quant"", ""call"": ""buy"", ""target_price"": 172.24, ""thesis"": ""Strong upward medium-term momentum (+8.7%) signals continued institutional accumulation.""}, {""model"": ""Simulated-AI-Fundamental-Value"", ""call"": ""sell"", ""target_price"": 128.94, ""thesis"": ""Elevated multi-month valuation multiples leave little safety margin against forward earnings revisions.""}, {""model"": ""Simulated-AI-Quality-Compounder"", ""call"": ""buy"", ""target_price"": 168.99, ""thesis"": ""Stable financial profile and durable competitive moat support long-term compounding potential.""}, {""model"": ""Simulated-AI-Macro-Tactical"", ""call"": ""buy"", ""target_price"": 167.26, ""thesis"": ""Positive operating execution and robust revenue traction support upside.""}]",0.02060659278902724,-0.08142724173141623,
KO,2026-03-31,large_cap,0.5741,0.75,0.3103,82.05,4,"[{""model"": ""Simulated-AI-Momentum-Quant"", ""call"": ""buy"", ""target_price"": 85.53, ""thesis"": ""Strong upward medium-term momentum (+9.3%) signals continued institutional accumulation.""}, {""model"": ""Simulated-AI-Fundamental-Value"", ""call"": ""hold"", ""target_price"": 75.98, ""thesis"": ""Fair valuation reflects balanced risk-reward relative to sector peers.""}, {""model"": ""Simulated-AI-Quality-Compounder"", ""call"": ""buy"", ""target_price"": 83.57, ""thesis"": ""Stable financial profile and durable competitive moat support long-term compounding potential.""}, {""model"": ""Simulated-AI-Macro-Tactical"", ""call"": ""buy"", ""target_price"": 83.12, ""thesis"": ""Positive operating execution and robust revenue traction support upside.""}]",0.03563449898738722,0.0758031890285238,
TMO,2026-03-31,large_cap,0.4257,0.5,0.3142,466.11,4,"[{""model"": ""Simulated-AI-Momentum-Quant"", ""call"": ""sell"", ""target_price"": 417.58, ""thesis"": ""Persistent negative price trajectory (-15.7%) indicates structural distribution headwinds.""}, {""model"": ""Simulated-AI-Fundamental-Value"", ""call"": ""buy"", ""target_price"": 571.57, ""thesis"": ""Recent price softening provides an attractive risk-adjusted entry point against fundamental book value.""}, {""model"": ""Simulated-AI-Quality-Compounder"", ""call"": ""sell"", ""target_price"": 433.34, ""thesis"": ""Heightened earnings volatility and cyclical margin pressures elevate downside risk.""}, {""model"": ""Simulated-AI-Macro-Tactical"", ""call"": ""hold"", ""target_price"": 441.94, ""thesis"": ""Macro headwinds and declining momentum justify a defensive posture.""}]",-0.02557325438900379,0.045398210079770795,
WMT,2026-03-31,large_cap,0.4125,0.5,0.2812,126.73,4,"[{""model"": ""Simulated-AI-Momentum-Quant"", ""call"": ""buy"", ""target_price"": 139.69, ""thesis"": ""Strong upward medium-term momentum (+11.3%) signals continued institutional accumulation.""}, {""model"": ""Simulated-AI-Fundamental-Value"", ""call"": ""sell"", ""target_price"": 103.39, ""thesis"": ""Elevated multi-month valuation multiples leave little safety margin against forward earnings revisions.""}, {""model"": ""Simulated-AI-Quality-Compounder"", ""call"": ""hold"", ""target_price"": 127.71, ""thesis"": ""Defensive operational balance sheet balanced by limited immediate re-rating catalysts.""}, {""model"": ""Simulated-AI-Macro-Tactical"", ""call"": ""buy"", ""target_price"": 136.12, ""thesis"": ""Positive operating execution and robust revenue traction support upside.""}]",0.061554387022750755,-0.12272553803167348,
MCD,2026-03-31,large_cap,0.55,0.75,0.2501,321.88,4,"[{""model"": ""Simulated-AI-Momentum-Quant"", ""call"": ""buy"", ""target_price"": 351.88, ""thesis"": ""Strong upward medium-term momentum (+1.5%) signals continued institutional accumulation.""}, {""model"": ""Simulated-AI-Fundamental-Value"", ""call"": ""hold"", ""target_price"": 306.4, ""thesis"": ""Fair valuation reflects balanced risk-reward relative to sector peers.""}, {""model"": ""Simulated-AI-Quality-Compounder"", ""call"": ""hold"", ""target_price"": 319.64, ""thesis"": ""Defensive operational balance sheet balanced by limited immediate re-rating catalysts.""}, {""model"": ""Simulated-AI-Macro-Tactical"", ""call"": ""hold"", ""target_price"": 309.59, ""thesis"": ""Balanced near-term catalysts recommend maintaining current position.""}]",-0.05534285194570952,-0.1272005863019716,
CSCO,2026-03-31,large_cap,0.5485,0.75,0.2463,80.93,4,"[{""model"": ""Simulated-AI-Momentum-Quant"", ""call"": ""buy"", ""target_price"": 88.01, ""thesis"": ""Strong upward medium-term momentum (+0.8%) signals continued institutional accumulation.""}, {""model"": ""Simulated-AI-Fundamental-Value"", ""call"": ""hold"", ""target_price"": 77.22, ""thesis"": ""Fair valuation reflects balanced risk-reward relative to sector peers.""}, {""model"": ""Simulated-AI-Quality-Compounder"", ""call"": ""hold"", ""target_price"": 80.85, ""thesis"": ""Defensive operational balance sheet balanced by limited immediate re-rating catalysts.""}, {""model"": ""Simulated-AI-Macro-Tactical"", ""call"": ""hold"", ""target_price"": 77.65, ""thesis"": ""Balanced near-term catalysts recommend maintaining current position.""}]",0.18566585894906892,0.5162269072863973,
KNSL,2026-03-31,small_cap,0.5748,0.75,0.312,325.58,4,"[{""model"": ""Simulated-AI-Momentum-Quant"", ""call"": ""sell"", ""target_price"": 295.04, ""thesis"": ""Persistent negative price trajectory (-13.6%) indicates structural distribution headwinds.""}, {""model"": ""Simulated-AI-Fundamental-Value"", ""call"": ""buy"", ""target_price"": 397.28, ""thesis"": ""Recent price softening provides an attractive risk-adjusted entry point against fundamental book value.""}, {""model"": ""Simulated-AI-Quality-Compounder"", ""call"": ""sell"", ""target_price"": 302.95, ""thesis"": ""Heightened earnings volatility and cyclical margin pressures elevate downside risk.""}, {""model"": ""Simulated-AI-Macro-Tactical"", ""call"": ""sell"", ""target_price"": 307.04, ""thesis"": ""Macro headwinds and declining momentum justify a defensive posture.""}]",-0.05283036252202223,0.011392207473894238,
SAIA,2026-03-31,small_cap,0.5745,0.75,0.3113,381.6,4,"[{""model"": ""Simulated-AI-Momentum-Quant"", ""call"": ""buy"", ""target_price"": 396.81, ""thesis"": ""Strong upward medium-term momentum (+5.7%) signals continued institutional accumulation.""}, {""model"": ""Simulated-AI-Fundamental-Value"", ""call"": ""hold"", ""target_price"": 353.39, ""thesis"": ""Fair valuation reflects balanced risk-reward relative to sector peers.""}, {""model"": ""Simulated-AI-Quality-Compounder"", ""call"": ""buy"", ""target_price"": 389.78, ""thesis"": ""Stable financial profile and durable competitive moat support long-term compounding potential.""}, {""model"": ""Simulated-AI-Macro-Tactical"", ""call"": ""buy"", ""target_price"": 386.41, ""thesis"": ""Positive operating execution and robust revenue traction support upside.""}]",0.2776702598607233,0.19036095237292674,
MEDP,2026-03-31,small_cap,0.4254,0.5,0.3136,455.29,4,"[{""model"": ""Simulated-AI-Momentum-Quant"", ""call"": ""sell"", ""target_price"": 404.13, ""thesis"": ""Persistent negative price trajectory (-15.6%) indicates structural distribution headwinds.""}, {""model"": ""Simulated-AI-Fundamental-Value"", ""call"": ""buy"", ""target_price"": 562.06, ""thesis"": ""Recent price softening provides an attractive risk-adjusted entry point against fundamental book value.""}, {""model"": ""Simulated-AI-Quality-Compounder"", ""call"": ""sell"", ""target_price"": 422.81, ""thesis"": ""Heightened earnings volatility and cyclical margin pressures elevate downside risk.""}, {""model"": ""Simulated-AI-Macro-Tactical"", ""call"": ""hold"", ""target_price"": 432.17, ""thesis"": ""Macro headwinds and declining momentum justify a defensive posture.""}]",-0.12813677599796539,0.13198943035167873,
SSD,2026-03-31,small_cap,0.4102,0.5,0.2755,171.44,4,"[{""model"": ""Simulated-AI-Momentum-Quant"", ""call"": ""buy"", ""target_price"": 194.76, ""thesis"": ""Strong upward medium-term momentum (+4.3%) signals continued institutional accumulation.""}, {""model"": ""Simulated-AI-Fundamental-Value"", ""call"": ""sell"", ""target_price"": 141.31, ""thesis"": ""Elevated multi-month valuation multiples leave little safety margin against forward earnings revisions.""}, {""model"": ""Simulated-AI-Quality-Compounder"", ""call"": ""hold"", ""target_price"": 176.9, ""thesis"": ""Defensive operational balance sheet balanced by limited immediate re-rating catalysts.""}, {""model"": ""Simulated-AI-Macro-Tactical"", ""call"": ""hold"", ""target_price"": 172.79, ""thesis"": ""Balanced near-term catalysts recommend maintaining current position.""}]",0.11323790471367266,0.18730596652895587,
EXPO,2026-03-31,small_cap,0.4071,0.5,0.2676,61.49,4,"[{""model"": ""Simulated-AI-Momentum-Quant"", ""call"": ""sell"", ""target_price"": 56.25, ""thesis"": ""Persistent negative price trajectory (-6.8%) indicates structural distribution headwinds.""}, {""model"": ""Simulated-AI-Fundamental-Value"", ""call"": ""hold"", ""target_price"": 64.46, ""thesis"": ""Fair valuation reflects balanced risk-reward relative to sector peers.""}, {""model"": ""Simulated-AI-Quality-Compounder"", ""call"": ""hold"", ""target_price"": 67.08, ""thesis"": ""Defensive operational balance sheet balanced by limited immediate re-rating catalysts.""}, {""model"": ""Simulated-AI-Macro-Tactical"", ""call"": ""sell"", ""target_price"": 58.16, ""thesis"": ""Macro headwinds and declining momentum justify a defensive posture.""}]",0.02513416706974539,-0.07656652014946962,
FORM,2026-03-31,small_cap,0.4453,0.5,0.3633,95.56,4,"[{""model"": ""Simulated-AI-Momentum-Quant"", ""call"": ""buy"", ""target_price"": 109.25, ""thesis"": ""Strong upward medium-term momentum (+69.9%) signals continued institutional accumulation.""}, {""model"": ""Simulated-AI-Fundamental-Value"", ""call"": ""sell"", ""target_price"": 80.7, ""thesis"": ""Elevated multi-month valuation multiples leave little safety margin against forward earnings revisions.""}, {""model"": ""Simulated-AI-Quality-Compounder"", ""call"": ""sell"", ""target_price"": 85.59, ""thesis"": ""Heightened earnings volatility and cyclical margin pressures elevate downside risk.""}, {""model"": ""Simulated-AI-Macro-Tactical"", ""call"": ""buy"", ""target_price"": 106.69, ""thesis"": ""Positive operating execution and robust revenue traction support upside.""}]",0.4014846444960869,0.51696059514785,
CRVL,2026-03-31,small_cap,0.4238,0.5,0.3096,52.24,4,"[{""model"": ""Simulated-AI-Momentum-Quant"", ""call"": ""sell"", ""target_price"": 46.91, ""thesis"": ""Persistent negative price trajectory (-19.9%) indicates structural distribution headwinds.""}, {""model"": ""Simulated-AI-Fundamental-Value"", ""call"": ""buy"", ""target_price"": 63.8, ""thesis"": ""Recent price softening provides an attractive risk-adjusted entry point against fundamental book value.""}, {""model"": ""Simulated-AI-Quality-Compounder"", ""call"": ""sell"", ""target_price"": 49.08, ""thesis"": ""Heightened earnings volatility and cyclical margin pressures elevate downside risk.""}, {""model"": ""Simulated-AI-Macro-Tactical"", ""call"": ""hold"", ""target_price"": 49.19, ""thesis"": ""Macro headwinds and declining momentum justify a defensive posture.""}]",0.05141806916991771,0.18005482274746146,
TKR,2026-03-31,small_cap,0.5834,0.75,0.3334,104.61,4,"[{""model"": ""Simulated-AI-Momentum-Quant"", ""call"": ""buy"", ""target_price"": 113.58, ""thesis"": ""Strong upward medium-term momentum (+17.6%) signals continued institutional accumulation.""}, {""model"": ""Simulated-AI-Fundamental-Value"", ""call"": ""sell"", ""target_price"": 83.88, ""thesis"": ""Elevated multi-month valuation multiples leave little safety margin against forward earnings revisions.""}, {""model"": ""Simulated-AI-Quality-Compounder"", ""call"": ""buy"", ""target_price"": 111.0, ""thesis"": ""Stable financial profile and durable competitive moat support long-term compounding potential.""}, {""model"": ""Simulated-AI-Macro-Tactical"", ""call"": ""buy"", ""target_price"": 109.98, ""thesis"": ""Positive operating execution and robust revenue traction support upside.""}]",0.10261509504944694,0.41398153839579493,
POWI,2026-03-31,small_cap,0.5831,0.75,0.3328,53.08,4,"[{""model"": ""Simulated-AI-Momentum-Quant"", ""call"": ""buy"", ""target_price"": 57.45, ""thesis"": ""Strong upward medium-term momentum (+42.9%) signals continued institutional accumulation.""}, {""model"": ""Simulated-AI-Fundamental-Value"", ""call"": ""sell"", ""target_price"": 42.72, ""thesis"": ""Elevated multi-month valuation multiples leave little safety margin against forward earnings revisions.""}, {""model"": ""Simulated-AI-Quality-Compounder"", ""call"": ""buy"", ""target_price"": 56.19, ""thesis"": ""Stable financial profile and durable competitive moat support long-term compounding potential.""}, {""model"": ""Simulated-AI-Macro-Tactical"", ""call"": ""buy"", ""target_price"": 55.95, ""thesis"": ""Positive operating execution and robust revenue traction support upside.""}]",0.4201170996494571,0.5716542134940384,
CALM,2026-03-31,small_cap,0.3849,0.5,0.2122,79.54,4,"[{""model"": ""Simulated-AI-Momentum-Quant"", ""call"": ""buy"", ""target_price"": 91.02, ""thesis"": ""Strong upward medium-term momentum (-0.8%) signals continued institutional accumulation.""}, {""model"": ""Simulated-AI-Fundamental-Value"", ""call"": ""hold"", ""target_price"": 77.94, ""thesis"": ""Fair valuation reflects balanced risk-reward relative to sector peers.""}, {""model"": ""Simulated-AI-Quality-Compounder"", ""call"": ""sell"", ""target_price"": 69.61, ""thesis"": ""Heightened earnings volatility and cyclical margin pressures elevate downside risk.""}, {""model"": ""Simulated-AI-Macro-Tactical"", ""call"": ""hold"", ""target_price"": 79.58, ""thesis"": ""Balanced near-term catalysts recommend maintaining current position.""}]",-0.019374062926049995,0.0211150849550771,
PLUS,2026-03-31,small_cap,0.5739,0.75,0.3099,70.97,4,"[{""model"": ""Simulated-AI-Momentum-Quant"", ""call"": ""sell"", ""target_price"": 63.88, ""thesis"": ""Persistent negative price trajectory (-14.8%) indicates structural distribution headwinds.""}, {""model"": ""Simulated-AI-Fundamental-Value"", ""call"": ""buy"", ""target_price"": 86.36, ""thesis"": ""Recent price softening provides an attractive risk-adjusted entry point against fundamental book value.""}, {""model"": ""Simulated-AI-Quality-Compounder"", ""call"": ""sell"", ""target_price"": 66.36, ""thesis"": ""Heightened earnings volatility and cyclical margin pressures elevate downside risk.""}, {""model"": ""Simulated-AI-Macro-Tactical"", ""call"": ""sell"", ""target_price"": 67.29, ""thesis"": ""Macro headwinds and declining momentum justify a defensive posture.""}]",0.12544854216525944,0.09794938450515006,
FSS,2026-03-31,small_cap,0.5994,0.75,0.3736,105.49,4,"[{""model"": ""Simulated-AI-Momentum-Quant"", ""call"": ""hold"", ""target_price"": 110.3, ""thesis"": ""Consolidating trading range warrants a neutral rating until breakout confirmation.""}, {""model"": ""Simulated-AI-Fundamental-Value"", ""call"": ""sell"", ""target_price"": 89.96, ""thesis"": ""Elevated multi-month valuation multiples leave little safety margin against forward earnings revisions.""}, {""model"": ""Simulated-AI-Quality-Compounder"", ""call"": ""hold"", ""target_price"": 112.75, ""thesis"": ""Defensive operational balance sheet balanced by limited immediate re-rating catalysts.""}, {""model"": ""Simulated-AI-Macro-Tactical"", ""call"": ""hold"", ""target_price"": 108.95, ""thesis"": ""Balanced near-term catalysts recommend maintaining current position.""}]",0.13861664364189544,0.18139936100247864,
AMWD,2026-03-31,small_cap,0.7327,1.0,0.3317,101.98,4,"[{""model"": ""Simulated-AI-Momentum-Quant"", ""call"": ""hold"", ""target_price"": 102.05, ""thesis"": ""Consolidating trading range warrants a neutral rating until breakout confirmation.""}, {""model"": ""Simulated-AI-Fundamental-Value"", ""call"": ""hold"", ""target_price"": 99.68, ""thesis"": ""Fair valuation reflects balanced risk-reward relative to sector peers.""}, {""model"": ""Simulated-AI-Quality-Compounder"", ""call"": ""hold"", ""target_price"": 105.2, ""thesis"": ""Defensive operational balance sheet balanced by limited immediate re-rating catalysts.""}, {""model"": ""Simulated-AI-Macro-Tactical"", ""call"": ""hold"", ""target_price"": 101.0, ""thesis"": ""Balanced near-term catalysts recommend maintaining current position.""}]",,,
ATKR,2026-03-31,small_cap,0.4071,0.5,0.2677,55.72,4,"[{""model"": ""Simulated-AI-Momentum-Quant"", ""call"": ""sell"", ""target_price"": 51.01, ""thesis"": ""Persistent negative price trajectory (-7.2%) indicates structural distribution headwinds.""}, {""model"": ""Simulated-AI-Fundamental-Value"", ""call"": ""hold"", ""target_price"": 57.67, ""thesis"": ""Fair valuation reflects balanced risk-reward relative to sector peers.""}, {""model"": ""Simulated-AI-Quality-Compounder"", ""call"": ""hold"", ""target_price"": 61.6, ""thesis"": ""Defensive operational balance sheet balanced by limited immediate re-rating catalysts.""}, {""model"": ""Simulated-AI-Macro-Tactical"", ""call"": ""sell"", ""target_price"": 52.6, ""thesis"": ""Macro headwinds and declining momentum justify a defensive posture.""}]",0.32659981317679904,0.23497211261322903,
BRC,2026-03-31,small_cap,0.4229,0.5,0.3071,80.39,4,"[{""model"": ""Simulated-AI-Momentum-Quant"", ""call"": ""hold"", ""target_price"": 82.07, ""thesis"": ""Consolidating trading range warrants a neutral rating until breakout confirmation.""}, {""model"": ""Simulated-AI-Fundamental-Value"", ""call"": ""sell"", ""target_price"": 67.69, ""thesis"": ""Elevated multi-month valuation multiples leave little safety margin against forward earnings revisions.""}, {""model"": ""Simulated-AI-Quality-Compounder"", ""call"": ""buy"", ""target_price"": 90.22, ""thesis"": ""Stable financial profile and durable competitive moat support long-term compounding potential.""}, {""model"": ""Simulated-AI-Macro-Tactical"", ""call"": ""hold"", ""target_price"": 81.59, ""thesis"": ""Balanced near-term catalysts recommend maintaining current position.""}]",0.010108777739872616,0.1257861385734638,
CNO,2026-03-31,small_cap,0.5481,0.75,0.2452,39.7,4,"[{""model"": ""Simulated-AI-Momentum-Quant"", ""call"": ""sell"", ""target_price"": 34.64, ""thesis"": ""Persistent negative price trajectory (-3.6%) indicates structural distribution headwinds.""}, {""model"": ""Simulated-AI-Fundamental-Value"", ""call"": ""hold"", ""target_price"": 40.62, ""thesis"": ""Fair valuation reflects balanced risk-reward relative to sector peers.""}, {""model"": ""Simulated-AI-Quality-Compounder"", ""call"": ""hold"", ""target_price"": 42.37, ""thesis"": ""Defensive operational balance sheet balanced by limited immediate re-rating catalysts.""}, {""model"": ""Simulated-AI-Macro-Tactical"", ""call"": ""hold"", ""target_price"": 41.18, ""thesis"": ""Balanced near-term catalysts recommend maintaining current position.""}]",0.08256216304716463,0.27284865920546375,
CSGS,2026-03-31,small_cap,0.4054,0.5,0.2635,101.98,4,"[{""model"": ""Simulated-AI-Momentum-Quant"", ""call"": ""sell"", ""target_price"": 85.04, ""thesis"": ""Persistent negative price trajectory (+0.0%) indicates structural distribution headwinds.""}, {""model"": ""Simulated-AI-Fundamental-Value"", ""call"": ""buy"", ""target_price"": 116.45, ""thesis"": ""Recent price softening provides an attractive risk-adjusted entry point against fundamental book value.""}, {""model"": ""Simulated-AI-Quality-Compounder"", ""call"": ""hold"", ""target_price"": 105.44, ""thesis"": ""Defensive operational balance sheet balanced by limited immediate re-rating catalysts.""}, {""model"": ""Simulated-AI-Macro-Tactical"", ""call"": ""hold"", ""target_price"": 101.0, ""thesis"": ""Balanced near-term catalysts recommend maintaining current position.""}]",,,
ENSG,2026-03-31,small_cap,0.5833,0.75,0.3333,209.42,4,"[{""model"": ""Simulated-AI-Momentum-Quant"", ""call"": ""buy"", ""target_price"": 226.4, ""thesis"": ""Strong upward medium-term momentum (+14.1%) signals continued institutional accumulation.""}, {""model"": ""Simulated-AI-Fundamental-Value"", ""call"": ""sell"", ""target_price"": 166.57, ""thesis"": ""Elevated multi-month valuation multiples leave little safety margin against forward earnings revisions.""}, {""model"": ""Simulated-AI-Quality-Compounder"", ""call"": ""buy"", ""target_price"": 223.13, ""thesis"": ""Stable financial profile and durable competitive moat support long-term compounding potential.""}, {""model"": ""Simulated-AI-Macro-Tactical"", ""call"": ""buy"", ""target_price"": 221.56, ""thesis"": ""Positive operating execution and robust revenue traction support upside.""}]",-0.07349880811310358,-0.18169847178175766,
FIX,2026-03-31,small_cap,0.5835,0.75,0.3338,1442.29,4,"[{""model"": ""Simulated-AI-Momentum-Quant"", ""call"": ""buy"", ""target_price"": 1544.17, ""thesis"": ""Strong upward medium-term momentum (+45.7%) signals continued institutional accumulation.""}, {""model"": ""Simulated-AI-Fundamental-Value"", ""call"": ""sell"", ""target_price"": 1168.32, ""thesis"": ""Elevated multi-month valuation multiples leave little safety margin against forward earnings revisions.""}, {""model"": ""Simulated-AI-Quality-Compounder"", ""call"": ""buy"", ""target_price"": 1541.14, ""thesis"": ""Stable financial profile and durable competitive moat support long-term compounding potential.""}, {""model"": ""Simulated-AI-Macro-Tactical"", ""call"": ""buy"", ""target_price"": 1515.51, ""thesis"": ""Positive operating execution and robust revenue traction support upside.""}]",0.3344912149259783,0.3530778947010282,
GBCI,2026-03-31,small_cap,0.4095,0.5,0.2736,44.37,4,"[{""model"": ""Simulated-AI-Momentum-Quant"", ""call"": ""buy"", ""target_price"": 51.05, ""thesis"": ""Strong upward medium-term momentum (+0.5%) signals continued institutional accumulation.""}, {""model"": ""Simulated-AI-Fundamental-Value"", ""call"": ""sell"", ""target_price"": 36.45, ""thesis"": ""Elevated multi-month valuation multiples leave little safety margin against forward earnings revisions.""}, {""model"": ""Simulated-AI-Quality-Compounder"", ""call"": ""hold"", ""target_price"": 45.46, ""thesis"": ""Defensive operational balance sheet balanced by limited immediate re-rating catalysts.""}, {""model"": ""Simulated-AI-Macro-Tactical"", ""call"": ""hold"", ""target_price"": 44.51, ""thesis"": ""Balanced near-term catalysts recommend maintaining current position.""}]",0.10592463365505705,0.1893481265393479,
GPI,2026-03-31,small_cap,0.566,0.75,0.2901,299.97,4,"[{""model"": ""Simulated-AI-Momentum-Quant"", ""call"": ""sell"", ""target_price"": 285.37, ""thesis"": ""Persistent negative price trajectory (-17.2%) indicates structural distribution headwinds.""}, {""model"": ""Simulated-AI-Fundamental-Value"", ""call"": ""hold"", ""target_price"": 323.45, ""thesis"": ""Fair valuation reflects balanced risk-reward relative to sector peers.""}, {""model"": ""Simulated-AI-Quality-Compounder"", ""call"": ""sell"", ""target_price"": 294.63, ""thesis"": ""Heightened earnings volatility and cyclical margin pressures elevate downside risk.""}, {""model"": ""Simulated-AI-Macro-Tactical"", ""call"": ""sell"", ""target_price"": 296.44, ""thesis"": ""Macro headwinds and declining momentum justify a defensive posture.""}]",0.07936364253756933,-0.1316602828508635,
HLNE,2026-03-31,small_cap,0.5745,0.75,0.3114,94.33,4,"[{""model"": ""Simulated-AI-Momentum-Quant"", ""call"": ""sell"", ""target_price"": 84.94, ""thesis"": ""Persistent negative price trajectory (-26.4%) indicates structural distribution headwinds.""}, {""model"": ""Simulated-AI-Fundamental-Value"", ""call"": ""buy"", ""target_price"": 115.25, ""thesis"": ""Recent price softening provides an attractive risk-adjusted entry point against fundamental book value.""}, {""model"": ""Simulated-AI-Quality-Compounder"", ""call"": ""sell"", ""target_price"": 88.31, ""thesis"": ""Heightened earnings volatility and cyclical margin pressures elevate downside risk.""}, {""model"": ""Simulated-AI-Macro-Tactical"", ""call"": ""sell"", ""target_price"": 88.8, ""thesis"": ""Macro headwinds and declining momentum justify a defensive posture.""}]",-0.07454732537494825,-0.20277551410502034,
HWKN,2026-03-31,small_cap,0.4331,0.5,0.3328,154.72,4,"[{""model"": ""Simulated-AI-Momentum-Quant"", ""call"": ""hold"", ""target_price"": 152.41, ""thesis"": ""Consolidating trading range warrants a neutral rating until breakout confirmation.""}, {""model"": ""Simulated-AI-Fundamental-Value"", ""call"": ""sell"", ""target_price"": 126.6, ""thesis"": ""Elevated multi-month valuation multiples leave little safety margin against forward earnings revisions.""}, {""model"": ""Simulated-AI-Quality-Compounder"", ""call"": ""buy"", ""target_price"": 171.35, ""thesis"": ""Stable financial profile and durable competitive moat support long-term compounding potential.""}, {""model"": ""Simulated-AI-Macro-Tactical"", ""call"": ""buy"", ""target_price"": 168.5, ""thesis"": ""Positive operating execution and robust revenue traction support upside.""}]",0.09016924340037602,-0.10003857081579866,
IBP,2026-03-31,small_cap,0.4077,0.5,0.2693,270.21,4,"[{""model"": ""Simulated-AI-Momentum-Quant"", ""call"": ""sell"", ""target_price"": 224.42, ""thesis"": ""Persistent negative price trajectory (+1.1%) indicates structural distribution headwinds.""}, {""model"": ""Simulated-AI-Fundamental-Value"", ""call"": ""buy"", ""target_price"": 309.77, ""thesis"": ""Recent price softening provides an attractive risk-adjusted entry point against fundamental book value.""}, {""model"": ""Simulated-AI-Quality-Compounder"", ""call"": ""hold"", ""target_price"": 279.36, ""thesis"": ""Defensive operational balance sheet balanced by limited immediate re-rating catalysts.""}, {""model"": ""Simulated-AI-Macro-Tactical"", ""call"": ""hold"", ""target_price"": 267.3, ""thesis"": ""Balanced near-term catalysts recommend maintaining current position.""}]",0.08825191949513335,-0.15352553576584707,
KAR,2026-03-31,small_cap,0.7327,1.0,0.3317,101.42,4,"[{""model"": ""Simulated-AI-Momentum-Quant"", ""call"": ""hold"", ""target_price"": 102.15, ""thesis"": ""Consolidating trading range warrants a neutral rating until breakout confirmation.""}, {""model"": ""Simulated-AI-Fundamental-Value"", ""call"": ""hold"", ""target_price"": 99.44, ""thesis"": ""Fair valuation reflects balanced risk-reward relative to sector peers.""}, {""model"": ""Simulated-AI-Quality-Compounder"", ""call"": ""hold"", ""target_price"": 103.08, ""thesis"": ""Defensive operational balance sheet balanced by limited immediate re-rating catalysts.""}, {""model"": ""Simulated-AI-Macro-Tactical"", ""call"": ""hold"", ""target_price"": 101.0, ""thesis"": ""Balanced near-term catalysts recommend maintaining current position.""}]",,,
MC,2026-03-31,small_cap,0.574,0.75,0.31,53.08,4,"[{""model"": ""Simulated-AI-Momentum-Quant"", ""call"": ""sell"", ""target_price"": 47.65, ""thesis"": ""Persistent negative price trajectory (-18.3%) indicates structural distribution headwinds.""}, {""model"": ""Simulated-AI-Fundamental-Value"", ""call"": ""buy"", ""target_price"": 64.49, ""thesis"": ""Recent price softening provides an attractive risk-adjusted entry point against fundamental book value.""}, {""model"": ""Simulated-AI-Quality-Compounder"", ""call"": ""sell"", ""target_price"": 49.9, ""thesis"": ""Heightened earnings volatility and cyclical margin pressures elevate downside risk.""}, {""model"": ""Simulated-AI-Macro-Tactical"", ""call"": ""sell"", ""target_price"": 50.29, ""thesis"": ""Macro headwinds and declining momentum justify a defensive posture.""}]",0.1424562577677764,0.17701894603587578,
OII,2026-03-31,small_cap,0.4458,0.5,0.3645,35.09,4,"[{""model"": ""Simulated-AI-Momentum-Quant"", ""call"": ""buy"", ""target_price"": 40.69, ""thesis"": ""Strong upward medium-term momentum (+45.9%) signals continued institutional accumulation.""}, {""model"": ""Simulated-AI-Fundamental-Value"", ""call"": ""sell"", ""target_price"": 29.37, ""thesis"": ""Elevated multi-month valuation multiples leave little safety margin against forward earnings revisions.""}, {""model"": ""Simulated-AI-Quality-Compounder"", ""call"": ""sell"", ""target_price"": 31.27, ""thesis"": ""Heightened earnings volatility and cyclical margin pressures elevate downside risk.""}, {""model"": ""Simulated-AI-Macro-Tactical"", ""call"": ""buy"", ""target_price"": 39.02, ""thesis"": ""Positive operating execution and robust revenue traction support upside.""}]",0.05835916615689321,0.11051587352800227,
PRDO,2026-03-31,small_cap,0.5826,0.75,0.3314,38.76,4,"[{""model"": ""Simulated-AI-Momentum-Quant"", ""call"": ""buy"", ""target_price"": 42.16, ""thesis"": ""Strong upward medium-term momentum (+25.3%) signals continued institutional accumulation.""}, {""model"": ""Simulated-AI-Fundamental-Value"", ""call"": ""sell"", ""target_price"": 30.81, ""thesis"": ""Elevated multi-month valuation multiples leave little safety margin against forward earnings revisions.""}, {""model"": ""Simulated-AI-Quality-Compounder"", ""call"": ""buy"", ""target_price"": 41.53, ""thesis"": ""Stable financial profile and durable competitive moat support long-term compounding potential.""}, {""model"": ""Simulated-AI-Macro-Tactical"", ""call"": ""buy"", ""target_price"": 40.54, ""thesis"": ""Positive operating execution and robust revenue traction support upside.""}]",-0.08787959254767422,-0.10226423942767414,
SHOO,2026-03-31,small_cap,0.5726,0.75,0.3066,32.39,4,"[{""model"": ""Simulated-AI-Momentum-Quant"", ""call"": ""sell"", ""target_price"": 29.47, ""thesis"": ""Persistent negative price trajectory (-19.1%) indicates structural distribution headwinds.""}, {""model"": ""Simulated-AI-Fundamental-Value"", ""call"": ""buy"", ""target_price"": 39.5, ""thesis"": ""Recent price softening provides an attractive risk-adjusted entry point against fundamental book value.""}, {""model"": ""Simulated-AI-Quality-Compounder"", ""call"": ""sell"", ""target_price"": 30.22, ""thesis"": ""Heightened earnings volatility and cyclical margin pressures elevate downside risk.""}, {""model"": ""Simulated-AI-Macro-Tactical"", ""call"": ""sell"", ""target_price"": 30.38, ""thesis"": ""Macro headwinds and declining momentum justify a defensive posture.""}]",0.10731142975761132,0.23170018150149235,
SLVM,2026-03-31,small_cap,0.5767,0.75,0.3168,39.3,4,"[{""model"": ""Simulated-AI-Momentum-Quant"", ""call"": ""sell"", ""target_price"": 35.63, ""thesis"": ""Persistent negative price trajectory (-11.7%) indicates structural distribution headwinds.""}, {""model"": ""Simulated-AI-Fundamental-Value"", ""call"": ""buy"", ""target_price"": 47.59, ""thesis"": ""Recent price softening provides an attractive risk-adjusted entry point against fundamental book value.""}, {""model"": ""Simulated-AI-Quality-Compounder"", ""call"": ""sell"", ""target_price"": 36.79, ""thesis"": ""Heightened earnings volatility and cyclical margin pressures elevate downside risk.""}, {""model"": ""Simulated-AI-Macro-Tactical"", ""call"": ""sell"", ""target_price"": 37.18, ""thesis"": ""Macro headwinds and declining momentum justify a defensive posture.""}]",0.02255101174797001,-0.10380206973571864,
AAPL,2026-06-30,large_cap,0.4251,0.5,0.3127,314.5,4,"[{""model"": ""Simulated-AI-Momentum-Quant"", ""call"": ""buy"", ""target_price"": 327.04, ""thesis"": ""Strong upward medium-term momentum (+14.1%) signals continued institutional accumulation.""}, {""model"": ""Simulated-AI-Fundamental-Value"", ""call"": ""hold"", ""target_price"": 294.55, ""thesis"": ""Fair valuation reflects balanced risk-reward relative to sector peers.""}, {""model"": ""Simulated-AI-Quality-Compounder"", ""call"": ""buy"", ""target_price"": 318.37, ""thesis"": ""Stable financial profile and durable competitive moat support long-term compounding potential.""}, {""model"": ""Simulated-AI-Macro-Tactical"", ""call"": ""hold"", ""target_price"": 318.02, ""thesis"": ""Positive operating execution and robust revenue traction support upside.""}]",0.15230159080339023,,
MSFT,2026-06-30,large_cap,0.4009,0.5,0.2523,406.51,4,"[{""model"": ""Simulated-AI-Momentum-Quant"", ""call"": ""buy"", ""target_price"": 426.53, ""thesis"": ""Strong upward medium-term momentum (+1.0%) signals continued institutional accumulation.""}, {""model"": ""Simulated-AI-Fundamental-Value"", ""call"": ""buy"", ""target_price"": 437.29, ""thesis"": ""Recent price softening provides an attractive risk-adjusted entry point against fundamental book value.""}, {""model"": ""Simulated-AI-Quality-Compounder"", ""call"": ""hold"", ""target_price"": 386.17, ""thesis"": ""Defensive operational balance sheet balanced by limited immediate re-rating catalysts.""}, {""model"": ""Simulated-AI-Macro-Tactical"", ""call"": ""hold"", ""target_price"": 376.04, ""thesis"": ""Balanced near-term catalysts recommend maintaining current position.""}]",0.2093186216040587,,
NVDA,2026-06-30,large_cap,0.4123,0.5,0.2808,205.46,4,"[{""model"": ""Simulated-AI-Momentum-Quant"", ""call"": ""buy"", ""target_price"": 231.05, ""thesis"": ""Strong upward medium-term momentum (+14.9%) signals continued institutional accumulation.""}, {""model"": ""Simulated-AI-Fundamental-Value"", ""call"": ""sell"", ""target_price"": 165.39, ""thesis"": ""Elevated multi-month valuation multiples leave little safety margin against forward earnings revisions.""}, {""model"": ""Simulated-AI-Quality-Compounder"", ""call"": ""hold"", ""target_price"": 205.55, ""thesis"": ""Defensive operational balance sheet balanced by limited immediate re-rating catalysts.""}, {""model"": ""Simulated-AI-Macro-Tactical"", ""call"": ""hold"", ""target_price"": 219.86, ""thesis"": ""Positive operating execution and robust revenue traction support upside.""}]",-0.025238652447264663,,
AMZN,2026-06-30,large_cap,0.4448,0.5,0.362,234.76,4,"[{""model"": ""Simulated-AI-Momentum-Quant"", ""call"": ""buy"", ""target_price"": 267.51, ""thesis"": ""Strong upward medium-term momentum (+14.4%) signals continued institutional accumulation.""}, {""model"": ""Simulated-AI-Fundamental-Value"", ""call"": ""sell"", ""target_price"": 200.8, ""thesis"": ""Elevated multi-month valuation multiples leave little safety margin against forward earnings revisions.""}, {""model"": ""Simulated-AI-Quality-Compounder"", ""call"": ""sell"", ""target_price"": 208.55, ""thesis"": ""Heightened earnings volatility and cyclical margin pressures elevate downside risk.""}, {""model"": ""Simulated-AI-Macro-Tactical"", ""call"": ""buy"", ""target_price"": 262.17, ""thesis"": ""Positive operating execution and robust revenue traction support upside.""}]",-0.011915735426396658,,
GOOGL,2026-06-30,large_cap,0.433,0.5,0.3326,375.86,4,"[{""model"": ""Simulated-AI-Momentum-Quant"", ""call"": ""buy"", ""target_price"": 412.85, ""thesis"": ""Strong upward medium-term momentum (+24.4%) signals continued institutional accumulation.""}, {""model"": ""Simulated-AI-Fundamental-Value"", ""call"": ""sell"", ""target_price"": 295.89, ""thesis"": ""Elevated multi-month valuation multiples leave little safety margin against forward earnings revisions.""}, {""model"": ""Simulated-AI-Quality-Compounder"", ""call"": ""buy"", ""target_price"": 401.85, ""thesis"": ""Stable financial profile and durable competitive moat support long-term compounding potential.""}, {""model"": ""Simulated-AI-Macro-Tactical"", ""call"": ""hold"", ""target_price"": 392.85, ""thesis"": ""Positive operating execution and robust revenue traction support upside.""}]",-0.06634578559039572,,
META,2026-06-30,large_cap,0.5491,0.75,0.2477,548.59,4,"[{""model"": ""Simulated-AI-Momentum-Quant"", ""call"": ""sell"", ""target_price"": 475.42, ""thesis"": ""Persistent negative price trajectory (-1.5%) indicates structural distribution headwinds.""}, {""model"": ""Simulated-AI-Fundamental-Value"", ""call"": ""hold"", ""target_price"": 561.94, ""thesis"": ""Fair valuation reflects balanced risk-reward relative to sector peers.""}, {""model"": ""Simulated-AI-Quality-Compounder"", ""call"": ""hold"", ""target_price"": 588.07, ""thesis"": ""Defensive operational balance sheet balanced by limited immediate re-rating catalysts.""}, {""model"": ""Simulated-AI-Macro-Tactical"", ""call"": ""hold"", ""target_price"": 568.92, ""thesis"": ""Balanced near-term catalysts recommend maintaining current position.""}]",-0.04306831237336713,,
BRK-B,2026-06-30,large_cap,0.5539,0.75,0.2599,517.46,4,"[{""model"": ""Simulated-AI-Momentum-Quant"", ""call"": ""hold"", ""target_price"": 501.14, ""thesis"": ""Consolidating trading range warrants a neutral rating until breakout confirmation.""}, {""model"": ""Simulated-AI-Fundamental-Value"", ""call"": ""hold"", ""target_price"": 505.39, ""thesis"": ""Fair valuation reflects balanced risk-reward relative to sector peers.""}, {""model"": ""Simulated-AI-Quality-Compounder"", ""call"": ""buy"", ""target_price"": 557.93, ""thesis"": ""Stable financial profile and durable competitive moat support long-term compounding potential.""}, {""model"": ""Simulated-AI-Macro-Tactical"", ""call"": ""hold"", ""target_price"": 505.39, ""thesis"": ""Balanced near-term catalysts recommend maintaining current position.""}]",0.018565474440713475,,
JPM,2026-06-30,large_cap,0.433,0.5,0.3325,342.14,4,"[{""model"": ""Simulated-AI-Momentum-Quant"", ""call"": ""buy"", ""target_price"": 376.95, ""thesis"": ""Strong upward medium-term momentum (+11.8%) signals continued institutional accumulation.""}, {""model"": ""Simulated-AI-Fundamental-Value"", ""call"": ""sell"", ""target_price"": 274.54, ""thesis"": ""Elevated multi-month valuation multiples leave little safety margin against forward earnings revisions.""}, {""model"": ""Simulated-AI-Quality-Compounder"", ""call"": ""buy"", ""target_price"": 358.64, ""thesis"": ""Stable financial profile and durable competitive moat support long-term compounding potential.""}, {""model"": ""Simulated-AI-Macro-Tactical"", ""call"": ""hold"", ""target_price"": 358.45, ""thesis"": ""Positive operating execution and robust revenue traction support upside.""}]",0.07668278789561116,,
V,2026-06-30,large_cap,0.412,0.5,0.2799,351.25,4,"[{""model"": ""Simulated-AI-Momentum-Quant"", ""call"": ""buy"", ""target_price"": 385.46, ""thesis"": ""Strong upward medium-term momentum (+13.8%) signals continued institutional accumulation.""}, {""model"": ""Simulated-AI-Fundamental-Value"", ""call"": ""sell"", ""target_price"": 290.4, ""thesis"": ""Elevated multi-month valuation multiples leave little safety margin against forward earnings revisions.""}, {""model"": ""Simulated-AI-Quality-Compounder"", ""call"": ""hold"", ""target_price"": 352.45, ""thesis"": ""Defensive operational balance sheet balanced by limited immediate re-rating catalysts.""}, {""model"": ""Simulated-AI-Macro-Tactical"", ""call"": ""hold"", ""target_price"": 376.69, ""thesis"": ""Positive operating execution and robust revenue traction support upside.""}]",0.06756246877652826,,
LLY,2026-06-30,large_cap,0.5834,0.75,0.3334,1257.53,4,"[{""model"": ""Simulated-AI-Momentum-Quant"", ""call"": ""buy"", ""target_price"": 1389.34, ""thesis"": ""Strong upward medium-term momentum (+30.6%) signals continued institutional accumulation.""}, {""model"": ""Simulated-AI-Fundamental-Value"", ""call"": ""sell"", ""target_price"": 989.31, ""thesis"": ""Elevated multi-month valuation multiples leave little safety margin against forward earnings revisions.""}, {""model"": ""Simulated-AI-Quality-Compounder"", ""call"": ""buy"", ""target_price"": 1334.01, ""thesis"": ""Stable financial profile and durable competitive moat support long-term compounding potential.""}, {""model"": ""Simulated-AI-Macro-Tactical"", ""call"": ""buy"", ""target_price"": 1317.48, ""thesis"": ""Positive operating execution and robust revenue traction support upside.""}]",-0.03706769213929004,,
UNH,2026-06-30,large_cap,0.5832,0.75,0.3329,432.54,4,"[{""model"": ""Simulated-AI-Momentum-Quant"", ""call"": ""buy"", ""target_price"": 466.84, ""thesis"": ""Strong upward medium-term momentum (+54.5%) signals continued institutional accumulation.""}, {""model"": ""Simulated-AI-Fundamental-Value"", ""call"": ""sell"", ""target_price"": 347.67, ""thesis"": ""Elevated multi-month valuation multiples leave little safety margin against forward earnings revisions.""}, {""model"": ""Simulated-AI-Quality-Compounder"", ""call"": ""buy"", ""target_price"": 458.44, ""thesis"": ""Stable financial profile and durable competitive moat support long-term compounding potential.""}, {""model"": ""Simulated-AI-Macro-Tactical"", ""call"": ""buy"", ""target_price"": 457.19, ""thesis"": ""Positive operating execution and robust revenue traction support upside.""}]",0.014050949809403728,,
XOM,2026-06-30,large_cap,0.5746,0.75,0.3115,129.51,4,"[{""model"": ""Simulated-AI-Momentum-Quant"", ""call"": ""sell"", ""target_price"": 118.67, ""thesis"": ""Persistent negative price trajectory (-18.9%) indicates structural distribution headwinds.""}, {""model"": ""Simulated-AI-Fundamental-Value"", ""call"": ""buy"", ""target_price"": 156.62, ""thesis"": ""Recent price softening provides an attractive risk-adjusted entry point against fundamental book value.""}, {""model"": ""Simulated-AI-Quality-Compounder"", ""call"": ""sell"", ""target_price"": 120.49, ""thesis"": ""Heightened earnings volatility and cyclical margin pressures elevate downside risk.""}, {""model"": ""Simulated-AI-Macro-Tactical"", ""call"": ""sell"", ""target_price"": 122.26, ""thesis"": ""Macro headwinds and declining momentum justify a defensive posture.""}]",0.14811303915995136,,
JNJ,2026-06-30,large_cap,0.4156,0.5,0.2889,259.01,4,"[{""model"": ""Simulated-AI-Momentum-Quant"", ""call"": ""buy"", ""target_price"": 283.65, ""thesis"": ""Strong upward medium-term momentum (+4.5%) signals continued institutional accumulation.""}, {""model"": ""Simulated-AI-Fundamental-Value"", ""call"": ""sell"", ""target_price"": 212.16, ""thesis"": ""Elevated multi-month valuation multiples leave little safety margin against forward earnings revisions.""}, {""model"": ""Simulated-AI-Quality-Compounder"", ""call"": ""buy"", ""target_price"": 284.97, ""thesis"": ""Stable financial profile and durable competitive moat support long-term compounding potential.""}, {""model"": ""Simulated-AI-Macro-Tactical"", ""call"": ""hold"", ""target_price"": 255.25, ""thesis"": ""Balanced near-term catalysts recommend maintaining current position.""}]",0.007284350248480105,,
PG,2026-06-30,large_cap,0.4117,0.5,0.2792,135.28,4,"[{""model"": ""Simulated-AI-Momentum-Quant"", ""call"": ""sell"", ""target_price"": 122.26, ""thesis"": ""Persistent negative price trajectory (+2.3%) indicates structural distribution headwinds.""}, {""model"": ""Simulated-AI-Fundamental-Value"", ""call"": ""sell"", ""target_price"": 121.9, ""thesis"": ""Elevated multi-month valuation multiples leave little safety margin against forward earnings revisions.""}, {""model"": ""Simulated-AI-Quality-Compounder"", ""call"": ""hold"", ""target_price"": 149.97, ""thesis"": ""Defensive operational balance sheet balanced by limited immediate re-rating catalysts.""}, {""model"": ""Simulated-AI-Macro-Tactical"", ""call"": ""hold"", ""target_price"": 147.01, ""thesis"": ""Balanced near-term catalysts recommend maintaining current position.""}]",-0.010947385415017732,,
HD,2026-06-30,large_cap,0.4062,0.5,0.2654,372.47,4,"[{""model"": ""Simulated-AI-Momentum-Quant"", ""call"": ""buy"", ""target_price"": 392.11, ""thesis"": ""Strong upward medium-term momentum (+8.0%) signals continued institutional accumulation.""}, {""model"": ""Simulated-AI-Fundamental-Value"", ""call"": ""hold"", ""target_price"": 351.5, ""thesis"": ""Fair valuation reflects balanced risk-reward relative to sector peers.""}, {""model"": ""Simulated-AI-Quality-Compounder"", ""call"": ""hold"", ""target_price"": 361.16, ""thesis"": ""Defensive operational balance sheet balanced by limited immediate re-rating catalysts.""}, {""model"": ""Simulated-AI-Macro-Tactical"", ""call"": ""buy"", ""target_price"": 385.11, ""thesis"": ""Positive operating execution and robust revenue traction support upside.""}]",-0.05480881971067663,,
MA,2026-06-30,large_cap,0.4014,0.5,0.2536,546.92,4,"[{""model"": ""Simulated-AI-Momentum-Quant"", ""call"": ""buy"", ""target_price"": 591.5, ""thesis"": ""Strong upward medium-term momentum (+3.0%) signals continued institutional accumulation.""}, {""model"": ""Simulated-AI-Fundamental-Value"", ""call"": ""hold"", ""target_price"": 513.36, ""thesis"": ""Fair valuation reflects balanced risk-reward relative to sector peers.""}, {""model"": ""Simulated-AI-Quality-Compounder"", ""call"": ""buy"", ""target_price"": 564.94, ""thesis"": ""Stable financial profile and durable competitive moat support long-term compounding potential.""}, {""model"": ""Simulated-AI-Macro-Tactical"", ""call"": ""hold"", ""target_price"": 517.87, ""thesis"": ""Balanced near-term catalysts recommend maintaining current position.""}]",0.12600818499322677,,
COST,2026-06-30,large_cap,0.4114,0.5,0.2784,927.79,4,"[{""model"": ""Simulated-AI-Momentum-Quant"", ""call"": ""hold"", ""target_price"": 967.14, ""thesis"": ""Consolidating trading range warrants a neutral rating until breakout confirmation.""}, {""model"": ""Simulated-AI-Fundamental-Value"", ""call"": ""buy"", ""target_price"": 1085.75, ""thesis"": ""Recent price softening provides an attractive risk-adjusted entry point against fundamental book value.""}, {""model"": ""Simulated-AI-Quality-Compounder"", ""call"": ""sell"", ""target_price"": 817.7, ""thesis"": ""Heightened earnings volatility and cyclical margin pressures elevate downside risk.""}, {""model"": ""Simulated-AI-Macro-Tactical"", ""call"": ""sell"", ""target_price"": 840.58, ""thesis"": ""Macro headwinds and declining momentum justify a defensive posture.""}]",0.02161169384430308,,
ABBV,2026-06-30,large_cap,0.5827,0.75,0.3318,262.79,4,"[{""model"": ""Simulated-AI-Momentum-Quant"", ""call"": ""buy"", ""target_price"": 289.44, ""thesis"": ""Strong upward medium-term momentum (+16.7%) signals continued institutional accumulation.""}, {""model"": ""Simulated-AI-Fundamental-Value"", ""call"": ""sell"", ""target_price"": 208.13, ""thesis"": ""Elevated multi-month valuation multiples leave little safety margin against forward earnings revisions.""}, {""model"": ""Simulated-AI-Quality-Compounder"", ""call"": ""buy"", ""target_price"": 278.74, ""thesis"": ""Stable financial profile and durable competitive moat support long-term compounding potential.""}, {""model"": ""Simulated-AI-Macro-Tactical"", ""call"": ""buy"", ""target_price"": 274.85, ""thesis"": ""Positive operating execution and robust revenue traction support upside.""}]",0.030210705100066418,,
MRK,2026-06-30,large_cap,0.5834,0.75,0.3334,134.18,4,"[{""model"": ""Simulated-AI-Momentum-Quant"", ""call"": ""buy"", ""target_price"": 145.15, ""thesis"": ""Strong upward medium-term momentum (+7.6%) signals continued institutional accumulation.""}, {""model"": ""Simulated-AI-Fundamental-Value"", ""call"": ""sell"", ""target_price"": 108.39, ""thesis"": ""Elevated multi-month valuation multiples leave little safety margin against forward earnings revisions.""}, {""model"": ""Simulated-AI-Quality-Compounder"", ""call"": ""buy"", ""target_price"": 141.81, ""thesis"": ""Stable financial profile and durable competitive moat support long-term compounding potential.""}, {""model"": ""Simulated-AI-Macro-Tactical"", ""call"": ""buy"", ""target_price"": 141.35, ""thesis"": ""Positive operating execution and robust revenue traction support upside.""}]",0.0100388582578429,,
BAC,2026-06-30,large_cap,0.4128,0.5,0.2819,58.5,4,"[{""model"": ""Simulated-AI-Momentum-Quant"", ""call"": ""buy"", ""target_price"": 65.44, ""thesis"": ""Strong upward medium-term momentum (+17.5%) signals continued institutional accumulation.""}, {""model"": ""Simulated-AI-Fundamental-Value"", ""call"": ""sell"", ""target_price"": 47.68, ""thesis"": ""Elevated multi-month valuation multiples leave little safety margin against forward earnings revisions.""}, {""model"": ""Simulated-AI-Quality-Compounder"", ""call"": ""hold"", ""target_price"": 58.53, ""thesis"": ""Defensive operational balance sheet balanced by limited immediate re-rating catalysts.""}, {""model"": ""Simulated-AI-Macro-Tactical"", ""call"": ""buy"", ""target_price"": 62.36, ""thesis"": ""Positive operating execution and robust revenue traction support upside.""}]",0.08336263794532062,,
CVX,2026-06-30,large_cap,0.5729,0.75,0.3072,156.28,4,"[{""model"": ""Simulated-AI-Momentum-Quant"", ""call"": ""sell"", ""target_price"": 139.61, ""thesis"": ""Persistent negative price trajectory (-19.2%) indicates structural distribution headwinds.""}, {""model"": ""Simulated-AI-Fundamental-Value"", ""call"": ""buy"", ""target_price"": 191.44, ""thesis"": ""Recent price softening provides an attractive risk-adjusted entry point against fundamental book value.""}, {""model"": ""Simulated-AI-Quality-Compounder"", ""call"": ""sell"", ""target_price"": 146.17, ""thesis"": ""Heightened earnings volatility and cyclical margin pressures elevate downside risk.""}, {""model"": ""Simulated-AI-Macro-Tactical"", ""call"": ""sell"", ""target_price"": 147.9, ""thesis"": ""Macro headwinds and declining momentum justify a defensive posture.""}]",0.1601713283602906,,
CRM,2026-06-30,large_cap,0.5754,0.75,0.3136,150.0,4,"[{""model"": ""Simulated-AI-Momentum-Quant"", ""call"": ""sell"", ""target_price"": 136.98, ""thesis"": ""Persistent negative price trajectory (-15.6%) indicates structural distribution headwinds.""}, {""model"": ""Simulated-AI-Fundamental-Value"", ""call"": ""buy"", ""target_price"": 181.1, ""thesis"": ""Recent price softening provides an attractive risk-adjusted entry point against fundamental book value.""}, {""model"": ""Simulated-AI-Quality-Compounder"", ""call"": ""sell"", ""target_price"": 140.92, ""thesis"": ""Heightened earnings volatility and cyclical margin pressures elevate downside risk.""}, {""model"": ""Simulated-AI-Macro-Tactical"", ""call"": ""sell"", ""target_price"": 140.99, ""thesis"": ""Macro headwinds and declining momentum justify a defensive posture.""}]",0.15351718683493606,,
NFLX,2026-06-30,large_cap,0.4269,0.5,0.3172,68.14,4,"[{""model"": ""Simulated-AI-Momentum-Quant"", ""call"": ""sell"", ""target_price"": 61.92, ""thesis"": ""Persistent negative price trajectory (-25.7%) indicates structural distribution headwinds.""}, {""model"": ""Simulated-AI-Fundamental-Value"", ""call"": ""buy"", ""target_price"": 82.61, ""thesis"": ""Recent price softening provides an attractive risk-adjusted entry point against fundamental book value.""}, {""model"": ""Simulated-AI-Quality-Compounder"", ""call"": ""sell"", ""target_price"": 63.76, ""thesis"": ""Heightened earnings volatility and cyclical margin pressures elevate downside risk.""}, {""model"": ""Simulated-AI-Macro-Tactical"", ""call"": ""hold"", ""target_price"": 64.26, ""thesis"": ""Macro headwinds and declining momentum justify a defensive posture.""}]",0.024789868420729257,,
AMD,2026-06-30,large_cap,0.4132,0.5,0.283,595.14,4,"[{""model"": ""Simulated-AI-Momentum-Quant"", ""call"": ""buy"", ""target_price"": 659.91, ""thesis"": ""Strong upward medium-term momentum (+185.6%) signals continued institutional accumulation.""}, {""model"": ""Simulated-AI-Fundamental-Value"", ""call"": ""sell"", ""target_price"": 483.32, ""thesis"": ""Elevated multi-month valuation multiples leave little safety margin against forward earnings revisions.""}, {""model"": ""Simulated-AI-Quality-Compounder"", ""call"": ""hold"", ""target_price"": 598.34, ""thesis"": ""Defensive operational balance sheet balanced by limited immediate re-rating catalysts.""}, {""model"": ""Simulated-AI-Macro-Tactical"", ""call"": ""hold"", ""target_price"": 639.0, ""thesis"": ""Positive operating execution and robust revenue traction support upside.""}]",-0.16443160371138651,,
PEP,2026-06-30,large_cap,0.4263,0.5,0.3158,127.94,4,"[{""model"": ""Simulated-AI-Momentum-Quant"", ""call"": ""sell"", ""target_price"": 116.61, ""thesis"": ""Persistent negative price trajectory (-11.9%) indicates structural distribution headwinds.""}, {""model"": ""Simulated-AI-Fundamental-Value"", ""call"": ""buy"", ""target_price"": 157.21, ""thesis"": ""Recent price softening provides an attractive risk-adjusted entry point against fundamental book value.""}, {""model"": ""Simulated-AI-Quality-Compounder"", ""call"": ""sell"", ""target_price"": 117.36, ""thesis"": ""Heightened earnings volatility and cyclical margin pressures elevate downside risk.""}, {""model"": ""Simulated-AI-Macro-Tactical"", ""call"": ""hold"", ""target_price"": 120.57, ""thesis"": ""Macro headwinds and declining momentum justify a defensive posture.""}]",0.035450542559091164,,
KO,2026-06-30,large_cap,0.4123,0.5,0.2806,83.55,4,"[{""model"": ""Simulated-AI-Momentum-Quant"", ""call"": ""buy"", ""target_price"": 92.52, ""thesis"": ""Strong upward medium-term momentum (+7.6%) signals continued institutional accumulation.""}, {""model"": ""Simulated-AI-Fundamental-Value"", ""call"": ""sell"", ""target_price"": 68.39, ""thesis"": ""Elevated multi-month valuation multiples leave little safety margin against forward earnings revisions.""}, {""model"": ""Simulated-AI-Quality-Compounder"", ""call"": ""hold"", ""target_price"": 83.87, ""thesis"": ""Defensive operational balance sheet balanced by limited immediate re-rating catalysts.""}, {""model"": ""Simulated-AI-Macro-Tactical"", ""call"": ""hold"", ""target_price"": 89.4, ""thesis"": ""Positive operating execution and robust revenue traction support upside.""}]",0.08883968892496691,,
TMO,2026-06-30,large_cap,0.4153,0.5,0.2882,538.86,4,"[{""model"": ""Simulated-AI-Momentum-Quant"", ""call"": ""hold"", ""target_price"": 508.38, ""thesis"": ""Consolidating trading range warrants a neutral rating until breakout confirmation.""}, {""model"": ""Simulated-AI-Fundamental-Value"", ""call"": ""buy"", ""target_price"": 587.09, ""thesis"": ""Recent price softening provides an attractive risk-adjusted entry point against fundamental book value.""}, {""model"": ""Simulated-AI-Quality-Compounder"", ""call"": ""buy"", ""target_price"": 553.6, ""thesis"": ""Stable financial profile and durable competitive moat support long-term compounding potential.""}, {""model"": ""Simulated-AI-Macro-Tactical"", ""call"": ""hold"", ""target_price"": 506.37, ""thesis"": ""Balanced near-term catalysts recommend maintaining current position.""}]",0.15041095496843182,,
WMT,2026-06-30,large_cap,0.4042,0.5,0.2606,112.01,4,"[{""model"": ""Simulated-AI-Momentum-Quant"", ""call"": ""sell"", ""target_price"": 96.18, ""thesis"": ""Persistent negative price trajectory (-8.7%) indicates structural distribution headwinds.""}, {""model"": ""Simulated-AI-Fundamental-Value"", ""call"": ""buy"", ""target_price"": 132.2, ""thesis"": ""Recent price softening provides an attractive risk-adjusted entry point against fundamental book value.""}, {""model"": ""Simulated-AI-Quality-Compounder"", ""call"": ""hold"", ""target_price"": 117.96, ""thesis"": ""Defensive operational balance sheet balanced by limited immediate re-rating catalysts.""}, {""model"": ""Simulated-AI-Macro-Tactical"", ""call"": ""hold"", ""target_price"": 101.69, ""thesis"": ""Macro headwinds and declining momentum justify a defensive posture.""}]",-0.019071207095860982,,
MCD,2026-06-30,large_cap,0.5661,0.75,0.2901,241.88,4,"[{""model"": ""Simulated-AI-Momentum-Quant"", ""call"": ""sell"", ""target_price"": 226.74, ""thesis"": ""Persistent negative price trajectory (-12.4%) indicates structural distribution headwinds.""}, {""model"": ""Simulated-AI-Fundamental-Value"", ""call"": ""hold"", ""target_price"": 263.68, ""thesis"": ""Fair valuation reflects balanced risk-reward relative to sector peers.""}, {""model"": ""Simulated-AI-Quality-Compounder"", ""call"": ""sell"", ""target_price"": 235.52, ""thesis"": ""Heightened earnings volatility and cyclical margin pressures elevate downside risk.""}, {""model"": ""Simulated-AI-Macro-Tactical"", ""call"": ""sell"", ""target_price"": 241.56, ""thesis"": ""Macro headwinds and declining momentum justify a defensive posture.""}]",-0.006917904755927342,,
CSCO,2026-06-30,large_cap,0.4432,0.5,0.3581,115.67,4,"[{""model"": ""Simulated-AI-Momentum-Quant"", ""call"": ""buy"", ""target_price"": 133.68, ""thesis"": ""Strong upward medium-term momentum (+52.2%) signals continued institutional accumulation.""}, {""model"": ""Simulated-AI-Fundamental-Value"", ""call"": ""sell"", ""target_price"": 96.89, ""thesis"": ""Elevated multi-month valuation multiples leave little safety margin against forward earnings revisions.""}, {""model"": ""Simulated-AI-Quality-Compounder"", ""call"": ""sell"", ""target_price"": 103.39, ""thesis"": ""Heightened earnings volatility and cyclical margin pressures elevate downside risk.""}, {""model"": ""Simulated-AI-Macro-Tactical"", ""call"": ""hold"", ""target_price"": 128.72, ""thesis"": ""Positive operating execution and robust revenue traction support upside.""}]",-0.029586062687238932,,
KNSL,2026-06-30,small_cap,0.4083,0.5,0.2709,308.24,4,"[{""model"": ""Simulated-AI-Momentum-Quant"", ""call"": ""sell"", ""target_price"": 279.23, ""thesis"": ""Persistent negative price trajectory (-3.4%) indicates structural distribution headwinds.""}, {""model"": ""Simulated-AI-Fundamental-Value"", ""call"": ""sell"", ""target_price"": 273.56, ""thesis"": ""Elevated multi-month valuation multiples leave little safety margin against forward earnings revisions.""}, {""model"": ""Simulated-AI-Quality-Compounder"", ""call"": ""hold"", ""target_price"": 347.26, ""thesis"": ""Defensive operational balance sheet balanced by limited immediate re-rating catalysts.""}, {""model"": ""Simulated-AI-Macro-Tactical"", ""call"": ""hold"", ""target_price"": 332.89, ""thesis"": ""Balanced near-term catalysts recommend maintaining current position.""}]",0.07901520138124174,,
SAIA,2026-06-30,small_cap,0.5828,0.75,0.332,437.7,4,"[{""model"": ""Simulated-AI-Momentum-Quant"", ""call"": ""buy"", ""target_price"": 472.04, ""thesis"": ""Strong upward medium-term momentum (+19.9%) signals continued institutional accumulation.""}, {""model"": ""Simulated-AI-Fundamental-Value"", ""call"": ""sell"", ""target_price"": 350.19, ""thesis"": ""Elevated multi-month valuation multiples leave little safety margin against forward earnings revisions.""}, {""model"": ""Simulated-AI-Quality-Compounder"", ""call"": ""buy"", ""target_price"": 465.3, ""thesis"": ""Stable financial profile and durable competitive moat support long-term compounding potential.""}, {""model"": ""Simulated-AI-Macro-Tactical"", ""call"": ""buy"", ""target_price"": 463.28, ""thesis"": ""Positive operating execution and robust revenue traction support upside.""}]",-0.16746604180363261,,
MEDP,2026-06-30,small_cap,0.425,0.5,0.3125,546.33,4,"[{""model"": ""Simulated-AI-Momentum-Quant"", ""call"": ""buy"", ""target_price"": 596.95, ""thesis"": ""Strong upward medium-term momentum (+10.3%) signals continued institutional accumulation.""}, {""model"": ""Simulated-AI-Fundamental-Value"", ""call"": ""hold"", ""target_price"": 539.76, ""thesis"": ""Fair valuation reflects balanced risk-reward relative to sector peers.""}, {""model"": ""Simulated-AI-Quality-Compounder"", ""call"": ""sell"", ""target_price"": 466.04, ""thesis"": ""Heightened earnings volatility and cyclical margin pressures elevate downside risk.""}, {""model"": ""Simulated-AI-Macro-Tactical"", ""call"": ""buy"", ""target_price"": 582.55, ""thesis"": ""Positive operating execution and robust revenue traction support upside.""}]",0.09197673382696368,,
SSD,2026-06-30,small_cap,0.4323,0.5,0.3308,218.72,4,"[{""model"": ""Simulated-AI-Momentum-Quant"", ""call"": ""buy"", ""target_price"": 236.47, ""thesis"": ""Strong upward medium-term momentum (+22.2%) signals continued institutional accumulation.""}, {""model"": ""Simulated-AI-Fundamental-Value"", ""call"": ""sell"", ""target_price"": 177.16, ""thesis"": ""Elevated multi-month valuation multiples leave little safety margin against forward earnings revisions.""}, {""model"": ""Simulated-AI-Quality-Compounder"", ""call"": ""buy"", ""target_price"": 231.32, ""thesis"": ""Stable financial profile and durable competitive moat support long-term compounding potential.""}, {""model"": ""Simulated-AI-Macro-Tactical"", ""call"": ""hold"", ""target_price"": 229.94, ""thesis"": ""Positive operating execution and robust revenue traction support upside.""}]",-0.10701840211718072,,
EXPO,2026-06-30,small_cap,0.4037,0.5,0.2592,57.94,4,"[{""model"": ""Simulated-AI-Momentum-Quant"", ""call"": ""sell"", ""target_price"": 50.45, ""thesis"": ""Persistent negative price trajectory (-9.5%) indicates structural distribution headwinds.""}, {""model"": ""Simulated-AI-Fundamental-Value"", ""call"": ""buy"", ""target_price"": 68.53, ""thesis"": ""Recent price softening provides an attractive risk-adjusted entry point against fundamental book value.""}, {""model"": ""Simulated-AI-Quality-Compounder"", ""call"": ""hold"", ""target_price"": 60.14, ""thesis"": ""Defensive operational balance sheet balanced by limited immediate re-rating catalysts.""}, {""model"": ""Simulated-AI-Macro-Tactical"", ""call"": ""sell"", ""target_price"": 52.65, ""thesis"": ""Macro headwinds and declining momentum justify a defensive posture.""}]",0.09887675676704913,,
FORM,2026-06-30,small_cap,0.5835,0.75,0.3338,167.55,4,"[{""model"": ""Simulated-AI-Momentum-Quant"", ""call"": ""buy"", ""target_price"": 179.89, ""thesis"": ""Strong upward medium-term momentum (+64.9%) signals continued institutional accumulation.""}, {""model"": ""Simulated-AI-Fundamental-Value"", ""call"": ""sell"", ""target_price"": 135.78, ""thesis"": ""Elevated multi-month valuation multiples leave little safety margin against forward earnings revisions.""}, {""model"": ""Simulated-AI-Quality-Compounder"", ""call"": ""buy"", ""target_price"": 178.61, ""thesis"": ""Stable financial profile and durable competitive moat support long-term compounding potential.""}, {""model"": ""Simulated-AI-Macro-Tactical"", ""call"": ""buy"", ""target_price"": 175.92, ""thesis"": ""Positive operating execution and robust revenue traction support upside.""}]",-0.34108671244017374,,
CRVL,2026-06-30,small_cap,0.5832,0.75,0.333,65.5,4,"[{""model"": ""Simulated-AI-Momentum-Quant"", ""call"": ""buy"", ""target_price"": 71.97, ""thesis"": ""Strong upward medium-term momentum (+14.4%) signals continued institutional accumulation.""}, {""model"": ""Simulated-AI-Fundamental-Value"", ""call"": ""sell"", ""target_price"": 52.36, ""thesis"": ""Elevated multi-month valuation multiples leave little safety margin against forward earnings revisions.""}, {""model"": ""Simulated-AI-Quality-Compounder"", ""call"": ""buy"", ""target_price"": 68.92, ""thesis"": ""Stable financial profile and durable competitive moat support long-term compounding potential.""}, {""model"": ""Simulated-AI-Macro-Tactical"", ""call"": ""buy"", ""target_price"": 68.77, ""thesis"": ""Positive operating execution and robust revenue traction support upside.""}]",-0.048464471482911074,,
TKR,2026-06-30,small_cap,0.5834,0.75,0.3336,151.23,4,"[{""model"": ""Simulated-AI-Momentum-Quant"", ""call"": ""buy"", ""target_price"": 164.64, ""thesis"": ""Strong upward medium-term momentum (+45.0%) signals continued institutional accumulation.""}, {""model"": ""Simulated-AI-Fundamental-Value"", ""call"": ""sell"", ""target_price"": 119.86, ""thesis"": ""Elevated multi-month valuation multiples leave little safety margin against forward earnings revisions.""}, {""model"": ""Simulated-AI-Quality-Compounder"", ""call"": ""buy"", ""target_price"": 160.99, ""thesis"": ""Stable financial profile and durable competitive moat support long-term compounding potential.""}, {""model"": ""Simulated-AI-Macro-Tactical"", ""call"": ""buy"", ""target_price"": 159.42, ""thesis"": ""Positive operating execution and robust revenue traction support upside.""}]",-0.06337736042144043,,
POWI,2026-06-30,small_cap,0.5831,0.75,0.3328,87.39,4,"[{""model"": ""Simulated-AI-Momentum-Quant"", ""call"": ""buy"", ""target_price"": 95.82, ""thesis"": ""Strong upward medium-term momentum (+64.0%) signals continued institutional accumulation.""}, {""model"": ""Simulated-AI-Fundamental-Value"", ""call"": ""sell"", ""target_price"": 69.19, ""thesis"": ""Elevated multi-month valuation multiples leave little safety margin against forward earnings revisions.""}, {""model"": ""Simulated-AI-Quality-Compounder"", ""call"": ""buy"", ""target_price"": 92.8, ""thesis"": ""Stable financial profile and durable competitive moat support long-term compounding potential.""}, {""model"": ""Simulated-AI-Macro-Tactical"", ""call"": ""buy"", ""target_price"": 91.75, ""thesis"": ""Positive operating execution and robust revenue traction support upside.""}]",-0.27328081719842745,,
CALM,2026-06-30,small_cap,0.4229,0.5,0.3071,80.1,4,"[{""model"": ""Simulated-AI-Momentum-Quant"", ""call"": ""hold"", ""target_price"": 82.25, ""thesis"": ""Consolidating trading range warrants a neutral rating until breakout confirmation.""}, {""model"": ""Simulated-AI-Fundamental-Value"", ""call"": ""sell"", ""target_price"": 66.62, ""thesis"": ""Elevated multi-month valuation multiples leave little safety margin against forward earnings revisions.""}, {""model"": ""Simulated-AI-Quality-Compounder"", ""call"": ""buy"", ""target_price"": 90.16, ""thesis"": ""Stable financial profile and durable competitive moat support long-term compounding potential.""}, {""model"": ""Simulated-AI-Macro-Tactical"", ""call"": ""hold"", ""target_price"": 81.37, ""thesis"": ""Balanced near-term catalysts recommend maintaining current position.""}]",0.0809335212270673,,
PLUS,2026-06-30,small_cap,0.4135,0.5,0.2838,84.75,4,"[{""model"": ""Simulated-AI-Momentum-Quant"", ""call"": ""buy"", ""target_price"": 93.79, ""thesis"": ""Strong upward medium-term momentum (+11.0%) signals continued institutional accumulation.""}, {""model"": ""Simulated-AI-Fundamental-Value"", ""call"": ""sell"", ""target_price"": 68.49, ""thesis"": ""Elevated multi-month valuation multiples leave little safety margin against forward earnings revisions.""}, {""model"": ""Simulated-AI-Quality-Compounder"", ""call"": ""hold"", ""target_price"": 85.43, ""thesis"": ""Defensive operational balance sheet balanced by limited immediate re-rating catalysts.""}, {""model"": ""Simulated-AI-Macro-Tactical"", ""call"": ""buy"", ""target_price"": 91.27, ""thesis"": ""Positive operating execution and robust revenue traction support upside.""}]",0.09323550753256749,,
FSS,2026-06-30,small_cap,0.5825,0.75,0.3312,133.38,4,"[{""model"": ""Simulated-AI-Momentum-Quant"", ""call"": ""buy"", ""target_price"": 143.93, ""thesis"": ""Strong upward medium-term momentum (+19.0%) signals continued institutional accumulation.""}, {""model"": ""Simulated-AI-Fundamental-Value"", ""call"": ""sell"", ""target_price"": 106.19, ""thesis"": ""Elevated multi-month valuation multiples leave little safety margin against forward earnings revisions.""}, {""model"": ""Simulated-AI-Quality-Compounder"", ""call"": ""buy"", ""target_price"": 142.24, ""thesis"": ""Stable financial profile and durable competitive moat support long-term compounding potential.""}, {""model"": ""Simulated-AI-Macro-Tactical"", ""call"": ""buy"", ""target_price"": 141.16, ""thesis"": ""Positive operating execution and robust revenue traction support upside.""}]",-0.03066391041533166,,
AMWD,2026-06-30,small_cap,0.5487,0.75,0.2469,105.29,4,"[{""model"": ""Simulated-AI-Momentum-Quant"", ""call"": ""buy"", ""target_price"": 115.76, ""thesis"": ""Strong upward medium-term momentum (+0.0%) signals continued institutional accumulation.""}, {""model"": ""Simulated-AI-Fundamental-Value"", ""call"": ""hold"", ""target_price"": 100.56, ""thesis"": ""Fair valuation reflects balanced risk-reward relative to sector peers.""}, {""model"": ""Simulated-AI-Quality-Compounder"", ""call"": ""hold"", ""target_price"": 103.84, ""thesis"": ""Defensive operational balance sheet balanced by limited immediate re-rating catalysts.""}, {""model"": ""Simulated-AI-Macro-Tactical"", ""call"": ""hold"", ""target_price"": 101.0, ""thesis"": ""Balanced near-term catalysts recommend maintaining current position.""}]",,,
ATKR,2026-06-30,small_cap,0.4327,0.5,0.3317,79.35,4,"[{""model"": ""Simulated-AI-Momentum-Quant"", ""call"": ""buy"", ""target_price"": 87.47, ""thesis"": ""Strong upward medium-term momentum (+29.7%) signals continued institutional accumulation.""}, {""model"": ""Simulated-AI-Fundamental-Value"", ""call"": ""sell"", ""target_price"": 62.81, ""thesis"": ""Elevated multi-month valuation multiples leave little safety margin against forward earnings revisions.""}, {""model"": ""Simulated-AI-Quality-Compounder"", ""call"": ""buy"", ""target_price"": 83.76, ""thesis"": ""Stable financial profile and durable competitive moat support long-term compounding potential.""}, {""model"": ""Simulated-AI-Macro-Tactical"", ""call"": ""hold"", ""target_price"": 83.35, ""thesis"": ""Positive operating execution and robust revenue traction support upside.""}]",-0.06628084832510155,,
BRC,2026-06-30,small_cap,0.4329,0.5,0.3322,96.12,4,"[{""model"": ""Simulated-AI-Momentum-Quant"", ""call"": ""buy"", ""target_price"": 105.2, ""thesis"": ""Strong upward medium-term momentum (+13.0%) signals continued institutional accumulation.""}, {""model"": ""Simulated-AI-Fundamental-Value"", ""call"": ""sell"", ""target_price"": 76.48, ""thesis"": ""Elevated multi-month valuation multiples leave little safety margin against forward earnings revisions.""}, {""model"": ""Simulated-AI-Quality-Compounder"", ""call"": ""buy"", ""target_price"": 102.37, ""thesis"": ""Stable financial profile and durable competitive moat support long-term compounding potential.""}, {""model"": ""Simulated-AI-Macro-Tactical"", ""call"": ""hold"", ""target_price"": 100.45, ""thesis"": ""Positive operating execution and robust revenue traction support upside.""}]",0.019946444658714823,,
CNO,2026-06-30,small_cap,0.4123,0.5,0.2809,52.49,4,"[{""model"": ""Simulated-AI-Momentum-Quant"", ""call"": ""buy"", ""target_price"": 58.49, ""thesis"": ""Strong upward medium-term momentum (+24.6%) signals continued institutional accumulation.""}, {""model"": ""Simulated-AI-Fundamental-Value"", ""call"": ""sell"", ""target_price"": 42.96, ""thesis"": ""Elevated multi-month valuation multiples leave little safety margin against forward earnings revisions.""}, {""model"": ""Simulated-AI-Quality-Compounder"", ""call"": ""hold"", ""target_price"": 52.62, ""thesis"": ""Defensive operational balance sheet balanced by limited immediate re-rating catalysts.""}, {""model"": ""Simulated-AI-Macro-Tactical"", ""call"": ""buy"", ""target_price"": 55.89, ""thesis"": ""Positive operating execution and robust revenue traction support upside.""}]",0.04923505676039196,,
CSGS,2026-06-30,small_cap,0.5487,0.75,0.2469,105.7,4,"[{""model"": ""Simulated-AI-Momentum-Quant"", ""call"": ""buy"", ""target_price"": 115.44, ""thesis"": ""Strong upward medium-term momentum (+0.0%) signals continued institutional accumulation.""}, {""model"": ""Simulated-AI-Fundamental-Value"", ""call"": ""hold"", ""target_price"": 100.88, ""thesis"": ""Fair valuation reflects balanced risk-reward relative to sector peers.""}, {""model"": ""Simulated-AI-Quality-Compounder"", ""call"": ""hold"", ""target_price"": 105.48, ""thesis"": ""Defensive operational balance sheet balanced by limited immediate re-rating catalysts.""}, {""model"": ""Simulated-AI-Macro-Tactical"", ""call"": ""hold"", ""target_price"": 101.0, ""thesis"": ""Balanced near-term catalysts recommend maintaining current position.""}]",,,
ENSG,2026-06-30,small_cap,0.5745,0.75,0.3113,152.76,4,"[{""model"": ""Simulated-AI-Momentum-Quant"", ""call"": ""sell"", ""target_price"": 136.7, ""thesis"": ""Persistent negative price trajectory (-20.4%) indicates structural distribution headwinds.""}, {""model"": ""Simulated-AI-Fundamental-Value"", ""call"": ""buy"", ""target_price"": 187.55, ""thesis"": ""Recent price softening provides an attractive risk-adjusted entry point against fundamental book value.""}, {""model"": ""Simulated-AI-Quality-Compounder"", ""call"": ""sell"", ""target_price"": 142.51, ""thesis"": ""Heightened earnings volatility and cyclical margin pressures elevate downside risk.""}, {""model"": ""Simulated-AI-Macro-Tactical"", ""call"": ""sell"", ""target_price"": 144.27, ""thesis"": ""Macro headwinds and declining momentum justify a defensive posture.""}]",0.11559574813803274,,
FIX,2026-06-30,small_cap,0.5824,0.75,0.331,2070.11,4,"[{""model"": ""Simulated-AI-Momentum-Quant"", ""call"": ""buy"", ""target_price"": 2272.51, ""thesis"": ""Strong upward medium-term momentum (+43.8%) signals continued institutional accumulation.""}, {""model"": ""Simulated-AI-Fundamental-Value"", ""call"": ""sell"", ""target_price"": 1639.21, ""thesis"": ""Elevated multi-month valuation multiples leave little safety margin against forward earnings revisions.""}, {""model"": ""Simulated-AI-Quality-Compounder"", ""call"": ""buy"", ""target_price"": 2189.71, ""thesis"": ""Stable financial profile and durable competitive moat support long-term compounding potential.""}, {""model"": ""Simulated-AI-Macro-Tactical"", ""call"": ""buy"", ""target_price"": 2179.01, ""thesis"": ""Positive operating execution and robust revenue traction support upside.""}]",-0.143348700033831,,
GBCI,2026-06-30,small_cap,0.4238,0.5,0.3096,52.92,4,"[{""model"": ""Simulated-AI-Momentum-Quant"", ""call"": ""buy"", ""target_price"": 58.03, ""thesis"": ""Strong upward medium-term momentum (+16.3%) signals continued institutional accumulation.""}, {""model"": ""Simulated-AI-Fundamental-Value"", ""call"": ""hold"", ""target_price"": 52.26, ""thesis"": ""Fair valuation reflects balanced risk-reward relative to sector peers.""}, {""model"": ""Simulated-AI-Quality-Compounder"", ""call"": ""sell"", ""target_price"": 45.01, ""thesis"": ""Heightened earnings volatility and cyclical margin pressures elevate downside risk.""}, {""model"": ""Simulated-AI-Macro-Tactical"", ""call"": ""hold"", ""target_price"": 56.39, ""thesis"": ""Positive operating execution and robust revenue traction support upside.""}]",-0.04460028242553732,,
GPI,2026-06-30,small_cap,0.4251,0.5,0.3127,277.16,4,"[{""model"": ""Simulated-AI-Momentum-Quant"", ""call"": ""sell"", ""target_price"": 250.13, ""thesis"": ""Persistent negative price trajectory (-11.8%) indicates structural distribution headwinds.""}, {""model"": ""Simulated-AI-Fundamental-Value"", ""call"": ""buy"", ""target_price"": 335.47, ""thesis"": ""Recent price softening provides an attractive risk-adjusted entry point against fundamental book value.""}, {""model"": ""Simulated-AI-Quality-Compounder"", ""call"": ""sell"", ""target_price"": 261.52, ""thesis"": ""Heightened earnings volatility and cyclical margin pressures elevate downside risk.""}, {""model"": ""Simulated-AI-Macro-Tactical"", ""call"": ""hold"", ""target_price"": 261.52, ""thesis"": ""Macro headwinds and declining momentum justify a defensive posture.""}]",0.019026654161752397,,
HLNE,2026-06-30,small_cap,0.5736,0.75,0.3089,74.81,4,"[{""model"": ""Simulated-AI-Momentum-Quant"", ""call"": ""sell"", ""target_price"": 67.29, ""thesis"": ""Persistent negative price trajectory (-20.1%) indicates structural distribution headwinds.""}, {""model"": ""Simulated-AI-Fundamental-Value"", ""call"": ""buy"", ""target_price"": 90.77, ""thesis"": ""Recent price softening provides an attractive risk-adjusted entry point against fundamental book value.""}, {""model"": ""Simulated-AI-Quality-Compounder"", ""call"": ""sell"", ""target_price"": 70.24, ""thesis"": ""Heightened earnings volatility and cyclical margin pressures elevate downside risk.""}, {""model"": ""Simulated-AI-Macro-Tactical"", ""call"": ""sell"", ""target_price"": 70.95, ""thesis"": ""Macro headwinds and declining momentum justify a defensive posture.""}]",0.1283774563252741,,
HWKN,2026-06-30,small_cap,0.4052,0.5,0.263,139.92,4,"[{""model"": ""Simulated-AI-Momentum-Quant"", ""call"": ""sell"", ""target_price"": 119.41, ""thesis"": ""Persistent negative price trajectory (-7.4%) indicates structural distribution headwinds.""}, {""model"": ""Simulated-AI-Fundamental-Value"", ""call"": ""buy"", ""target_price"": 163.3, ""thesis"": ""Recent price softening provides an attractive risk-adjusted entry point against fundamental book value.""}, {""model"": ""Simulated-AI-Quality-Compounder"", ""call"": ""hold"", ""target_price"": 149.26, ""thesis"": ""Defensive operational balance sheet balanced by limited immediate re-rating catalysts.""}, {""model"": ""Simulated-AI-Macro-Tactical"", ""call"": ""hold"", ""target_price"": 127.69, ""thesis"": ""Macro headwinds and declining momentum justify a defensive posture.""}]",-0.09064046380983856,,
IBP,2026-06-30,small_cap,0.4161,0.5,0.2904,209.14,4,"[{""model"": ""Simulated-AI-Momentum-Quant"", ""call"": ""sell"", ""target_price"": 197.48, ""thesis"": ""Persistent negative price trajectory (-13.2%) indicates structural distribution headwinds.""}, {""model"": ""Simulated-AI-Fundamental-Value"", ""call"": ""hold"", ""target_price"": 226.62, ""thesis"": ""Fair valuation reflects balanced risk-reward relative to sector peers.""}, {""model"": ""Simulated-AI-Quality-Compounder"", ""call"": ""sell"", ""target_price"": 205.59, ""thesis"": ""Heightened earnings volatility and cyclical margin pressures elevate downside risk.""}, {""model"": ""Simulated-AI-Macro-Tactical"", ""call"": ""hold"", ""target_price"": 206.86, ""thesis"": ""Macro headwinds and declining momentum justify a defensive posture.""}]",-0.020361959408062257,,
KAR,2026-06-30,small_cap,0.4089,0.5,0.2722,101.09,4,"[{""model"": ""Simulated-AI-Momentum-Quant"", ""call"": ""buy"", ""target_price"": 115.44, ""thesis"": ""Strong upward medium-term momentum (+0.0%) signals continued institutional accumulation.""}, {""model"": ""Simulated-AI-Fundamental-Value"", ""call"": ""sell"", ""target_price"": 83.5, ""thesis"": ""Elevated multi-month valuation multiples leave little safety margin against forward earnings revisions.""}, {""model"": ""Simulated-AI-Quality-Compounder"", ""call"": ""hold"", ""target_price"": 104.4, ""thesis"": ""Defensive operational balance sheet balanced by limited immediate re-rating catalysts.""}, {""model"": ""Simulated-AI-Macro-Tactical"", ""call"": ""hold"", ""target_price"": 101.0, ""thesis"": ""Balanced near-term catalysts recommend maintaining current position.""}]",,,
MC,2026-06-30,small_cap,0.5828,0.75,0.3321,67.98,4,"[{""model"": ""Simulated-AI-Momentum-Quant"", ""call"": ""buy"", ""target_price"": 74.47, ""thesis"": ""Strong upward medium-term momentum (+15.9%) signals continued institutional accumulation.""}, {""model"": ""Simulated-AI-Fundamental-Value"", ""call"": ""sell"", ""target_price"": 54.67, ""thesis"": ""Elevated multi-month valuation multiples leave little safety margin against forward earnings revisions.""}, {""model"": ""Simulated-AI-Quality-Compounder"", ""call"": ""buy"", ""target_price"": 71.53, ""thesis"": ""Stable financial profile and durable competitive moat support long-term compounding potential.""}, {""model"": ""Simulated-AI-Macro-Tactical"", ""call"": ""buy"", ""target_price"": 71.26, ""thesis"": ""Positive operating execution and robust revenue traction support upside.""}]",0.04478758885795447,,
OII,2026-06-30,small_cap,0.4329,0.5,0.3321,42.41,4,"[{""model"": ""Simulated-AI-Momentum-Quant"", ""call"": ""buy"", ""target_price"": 46.13, ""thesis"": ""Strong upward medium-term momentum (+14.2%) signals continued institutional accumulation.""}, {""model"": ""Simulated-AI-Fundamental-Value"", ""call"": ""sell"", ""target_price"": 33.67, ""thesis"": ""Elevated multi-month valuation multiples leave little safety margin against forward earnings revisions.""}, {""model"": ""Simulated-AI-Quality-Compounder"", ""call"": ""buy"", ""target_price"": 45.28, ""thesis"": ""Stable financial profile and durable competitive moat support long-term compounding potential.""}, {""model"": ""Simulated-AI-Macro-Tactical"", ""call"": ""hold"", ""target_price"": 44.57, ""thesis"": ""Positive operating execution and robust revenue traction support upside.""}]",0.17571566760731777,,
PRDO,2026-06-30,small_cap,0.5748,0.75,0.312,30.28,4,"[{""model"": ""Simulated-AI-Momentum-Quant"", ""call"": ""sell"", ""target_price"": 27.13, ""thesis"": ""Persistent negative price trajectory (-13.6%) indicates structural distribution headwinds.""}, {""model"": ""Simulated-AI-Fundamental-Value"", ""call"": ""buy"", ""target_price"": 37.19, ""thesis"": ""Recent price softening provides an attractive risk-adjusted entry point against fundamental book value.""}, {""model"": ""Simulated-AI-Quality-Compounder"", ""call"": ""sell"", ""target_price"": 28.13, ""thesis"": ""Heightened earnings volatility and cyclical margin pressures elevate downside risk.""}, {""model"": ""Simulated-AI-Macro-Tactical"", ""call"": ""sell"", ""target_price"": 28.66, ""thesis"": ""Macro headwinds and declining momentum justify a defensive posture.""}]",0.014374937243176199,,
SHOO,2026-06-30,small_cap,0.412,0.5,0.28,43.27,4,"[{""model"": ""Simulated-AI-Momentum-Quant"", ""call"": ""buy"", ""target_price"": 47.49, ""thesis"": ""Strong upward medium-term momentum (+24.7%) signals continued institutional accumulation.""}, {""model"": ""Simulated-AI-Fundamental-Value"", ""call"": ""sell"", ""target_price"": 35.72, ""thesis"": ""Elevated multi-month valuation multiples leave little safety margin against forward earnings revisions.""}, {""model"": ""Simulated-AI-Quality-Compounder"", ""call"": ""hold"", ""target_price"": 43.55, ""thesis"": ""Defensive operational balance sheet balanced by limited immediate re-rating catalysts.""}, {""model"": ""Simulated-AI-Macro-Tactical"", ""call"": ""buy"", ""target_price"": 46.31, ""thesis"": ""Positive operating execution and robust revenue traction support upside.""}]",0.13610459773426928,,
SLVM,2026-06-30,small_cap,0.4037,0.5,0.2592,37.21,4,"[{""model"": ""Simulated-AI-Momentum-Quant"", ""call"": ""sell"", ""target_price"": 32.86, ""thesis"": ""Persistent negative price trajectory (-9.5%) indicates structural distribution headwinds.""}, {""model"": ""Simulated-AI-Fundamental-Value"", ""call"": ""buy"", ""target_price"": 43.39, ""thesis"": ""Recent price softening provides an attractive risk-adjusted entry point against fundamental book value.""}, {""model"": ""Simulated-AI-Quality-Compounder"", ""call"": ""hold"", ""target_price"": 38.95, ""thesis"": ""Defensive operational balance sheet balanced by limited immediate re-rating catalysts.""}, {""model"": ""Simulated-AI-Macro-Tactical"", ""call"": ""sell"", ""target_price"": 33.63, ""thesis"": ""Macro headwinds and declining momentum justify a defensive posture.""}]",0.0044139736594962465,,
